ISO-10303-21;
HEADER;
FILE_DESCRIPTION (( 'STEP AP214' ),
    '1' );
FILE_NAME ('205338-0002.STEP',
    '2024-01-25T15:20:51',
    ( '' ),
    ( '' ),
    'SwSTEP 2.0',
    'SolidWorks 2022',
    '' );
FILE_SCHEMA (( 'AUTOMOTIVE_DESIGN' ));
ENDSEC;

DATA;
#1 = CARTESIAN_POINT ( 'NONE',  ( 2.725000000000000089, 6.599999999999999645, -0.06000000000000000472 ) ) ;
#2 = LINE ( 'NONE', #833, #277 ) ;
#3 = ORIENTED_EDGE ( 'NONE', *, *, #1226, .F. ) ;
#4 = VERTEX_POINT ( 'NONE', #3818 ) ;
#5 = EDGE_CURVE ( 'NONE', #967, #3435, #1804, .T. ) ;
#6 = EDGE_CURVE ( 'NONE', #919, #3098, #456, .T. ) ;
#7 = LINE ( 'NONE', #288, #3327 ) ;
#8 = CARTESIAN_POINT ( 'NONE',  ( 2.754999999999999893, 6.599999999999999645, 0.3699999999999999956 ) ) ;
#9 = VERTEX_POINT ( 'NONE', #2170 ) ;
#10 = DIRECTION ( 'NONE',  ( -1.000000000000000000, 0.000000000000000000, 3.011672701348629892E-16 ) ) ;
#11 = DIRECTION ( 'NONE',  ( -1.734723475976810053E-15, 0.000000000000000000, -1.000000000000000000 ) ) ;
#12 = PLANE ( 'NONE',  #3860 ) ;
#13 = ORIENTED_EDGE ( 'NONE', *, *, #2639, .T. ) ;
#14 = AXIS2_PLACEMENT_3D ( 'NONE', #4162, #1102, #2601 ) ;
#15 = DIRECTION ( 'NONE',  ( -1.000000000000000000, 0.000000000000000000, 0.000000000000000000 ) ) ;
#16 = DIRECTION ( 'NONE',  ( 0.000000000000000000, 0.000000000000000000, 1.000000000000000000 ) ) ;
#17 = FILL_AREA_STYLE ('',( #3746 ) ) ;
#18 = ORIENTED_EDGE ( 'NONE', *, *, #363, .T. ) ;
#19 = AXIS2_PLACEMENT_3D ( 'NONE', #4857, #1119, #4483 ) ;
#20 = ORIENTED_EDGE ( 'NONE', *, *, #3483, .F. ) ;
#21 = FACE_OUTER_BOUND ( 'NONE', #4828, .T. ) ;
#22 = DIRECTION ( 'NONE',  ( 0.000000000000000000, -1.000000000000000000, 0.000000000000000000 ) ) ;
#23 = VECTOR ( 'NONE', #546, 1000.000000000000000 ) ;
#24 = ORIENTED_EDGE ( 'NONE', *, *, #3161, .T. ) ;
#25 = VERTEX_POINT ( 'NONE', #4156 ) ;
#26 = ADVANCED_FACE ( 'NONE', ( #3402 ), #2644, .F. ) ;
#27 = VECTOR ( 'NONE', #2637, 1000.000000000000000 ) ;
#28 = DIRECTION ( 'NONE',  ( 0.8944271909999159664, -0.4472135954999579832, 0.000000000000000000 ) ) ;
#29 = DIRECTION ( 'NONE',  ( 0.000000000000000000, 0.000000000000000000, -1.000000000000000000 ) ) ;
#30 = VECTOR ( 'NONE', #2787, 1000.000000000000000 ) ;
#31 = AXIS2_PLACEMENT_3D ( 'NONE', #3593, #545, #226 ) ;
#32 = EDGE_CURVE ( 'NONE', #3228, #224, #83, .T. ) ;
#33 = ADVANCED_FACE ( 'NONE', ( #3763, #3081 ), #1035, .T. ) ;
#34 = VECTOR ( 'NONE', #2808, 1000.000000000000000 ) ;
#35 = VECTOR ( 'NONE', #4712, 1000.000000000000000 ) ;
#36 = ORIENTED_EDGE ( 'NONE', *, *, #969, .T. ) ;
#37 = ORIENTED_EDGE ( 'NONE', *, *, #1112, .T. ) ;
#38 = LINE ( 'NONE', #1976, #888 ) ;
#39 = LINE ( 'NONE', #2249, #2793 ) ;
#40 = CARTESIAN_POINT ( 'NONE',  ( 0.2000000000000000111, -14.66000000989979846, 1.429999999999970184 ) ) ;
#41 = ORIENTED_EDGE ( 'NONE', *, *, #1966, .T. ) ;
#42 = VECTOR ( 'NONE', #1850, 1000.000000000000000 ) ;
#43 = VECTOR ( 'NONE', #3694, 1000.000000000000000 ) ;
#44 = CARTESIAN_POINT ( 'NONE',  ( 2.314999999999999947, 6.750000000000000000, 0.2700000000000000178 ) ) ;
#45 = CARTESIAN_POINT ( 'NONE',  ( -2.194999999999999840, 9.099999999999999645, 0.1800000000000030187 ) ) ;
#46 = LINE ( 'NONE', #2667, #3873 ) ;
#47 = DIRECTION ( 'NONE',  ( 1.000000000000000000, 0.000000000000000000, 0.000000000000000000 ) ) ;
#48 = VERTEX_POINT ( 'NONE', #4136 ) ;
#49 = ORIENTED_EDGE ( 'NONE', *, *, #2730, .T. ) ;
#50 = CARTESIAN_POINT ( 'NONE',  ( 1.425000000000000044, 7.450000000000000178, 1.909999999999999920 ) ) ;
#51 = DIRECTION ( 'NONE',  ( 0.000000000000000000, -1.000000000000000000, 0.000000000000000000 ) ) ;
#52 = VERTEX_POINT ( 'NONE', #4055 ) ;
#53 = ORIENTED_EDGE ( 'NONE', *, *, #2568, .F. ) ;
#54 = EDGE_CURVE ( 'NONE', #9, #1564, #754, .T. ) ;
#55 = CARTESIAN_POINT ( 'NONE',  ( -5.375000000000000000, 4.000000000000000000, -0.06000000000000080269 ) ) ;
#56 = CARTESIAN_POINT ( 'NONE',  ( -3.200000000000000178, 6.250000000000000000, -0.02000000000000489928 ) ) ;
#57 = ORIENTED_EDGE ( 'NONE', *, *, #3807, .T. ) ;
#58 = ORIENTED_EDGE ( 'NONE', *, *, #1663, .F. ) ;
#59 = EDGE_CURVE ( 'NONE', #3602, #4727, #1886, .T. ) ;
#60 = DIRECTION ( 'NONE',  ( 0.000000000000000000, 0.000000000000000000, -1.000000000000000000 ) ) ;
#61 = DIRECTION ( 'NONE',  ( -1.000000000000000000, 0.000000000000000000, 4.015563601798300393E-16 ) ) ;
#62 = DIRECTION ( 'NONE',  ( 0.000000000000000000, -1.000000000000000000, 0.000000000000000000 ) ) ;
#63 = ORIENTED_EDGE ( 'NONE', *, *, #3458, .T. ) ;
#64 = ADVANCED_FACE ( 'NONE', ( #2295 ), #4511, .F. ) ;
#65 = LINE ( 'NONE', #3452, #3488 ) ;
#66 = DIRECTION ( 'NONE',  ( 0.000000000000000000, -1.472373320659329742E-16, 1.000000000000000000 ) ) ;
#67 = PLANE ( 'NONE',  #4180 ) ;
#68 = DIRECTION ( 'NONE',  ( 0.000000000000000000, -1.000000000000000000, 0.000000000000000000 ) ) ;
#69 = VERTEX_POINT ( 'NONE', #3429 ) ;
#70 = ORIENTED_EDGE ( 'NONE', *, *, #3629, .F. ) ;
#71 = LINE ( 'NONE', #2701, #739 ) ;
#72 = CARTESIAN_POINT ( 'NONE',  ( 1.199999999999999956, 6.250000000000000000, -0.02000000000000489928 ) ) ;
#73 = ORIENTED_EDGE ( 'NONE', *, *, #3973, .F. ) ;
#74 = ORIENTED_EDGE ( 'NONE', *, *, #4300, .F. ) ;
#75 = FACE_OUTER_BOUND ( 'NONE', #1384, .T. ) ;
#76 = DIRECTION ( 'NONE',  ( -1.000000000000000000, 0.000000000000000000, 0.000000000000000000 ) ) ;
#77 = CARTESIAN_POINT ( 'NONE',  ( 0.2500000000000000000, 6.699999999000020523, 1.429999999999970184 ) ) ;
#78 = ORIENTED_EDGE ( 'NONE', *, *, #937, .T. ) ;
#79 = VERTEX_POINT ( 'NONE', #1909 ) ;
#80 = FACE_OUTER_BOUND ( 'NONE', #3305, .T. ) ;
#81 = CARTESIAN_POINT ( 'NONE',  ( -3.425000000000000266, 8.050000000000000711, -0.3310000000000080655 ) ) ;
#82 = LINE ( 'NONE', #1218, #2150 ) ;
#83 = LINE ( 'NONE', #3449, #1037 ) ;
#84 = EDGE_CURVE ( 'NONE', #1527, #2494, #3791, .T. ) ;
#85 = CARTESIAN_POINT ( 'NONE',  ( -3.474999999999999645, 5.049999999999999822, 1.909999999999999920 ) ) ;
#86 = CARTESIAN_POINT ( 'NONE',  ( 0.9250000000000000444, 5.750000000000000000, -0.3310000000000080655 ) ) ;
#87 = CARTESIAN_POINT ( 'NONE',  ( -2.000000000000000000, 6.450000000000000178, 2.490000000000000213 ) ) ;
#88 = VECTOR ( 'NONE', #3010, 1000.000000000000000 ) ;
#89 = ORIENTED_EDGE ( 'NONE', *, *, #4476, .F. ) ;
#90 = ADVANCED_FACE ( 'NONE', ( #2369 ), #166, .F. ) ;
#91 = EDGE_CURVE ( 'NONE', #4328, #1413, #4213, .T. ) ;
#92 = ORIENTED_EDGE ( 'NONE', *, *, #225, .F. ) ;
#93 = VECTOR ( 'NONE', #4024, 1000.000000000000000 ) ;
#94 = CARTESIAN_POINT ( 'NONE',  ( 1.425000000000000044, 3.750000000000000000, 2.540000000000000036 ) ) ;
#95 = DIRECTION ( 'NONE',  ( 0.000000000000000000, 0.000000000000000000, -1.000000000000000000 ) ) ;
#96 = ORIENTED_EDGE ( 'NONE', *, *, #3906, .F. ) ;
#97 = ORIENTED_EDGE ( 'NONE', *, *, #2735, .T. ) ;
#98 = VECTOR ( 'NONE', #616, 999.9999999999998863 ) ;
#99 = VECTOR ( 'NONE', #3517, 1000.000000000000000 ) ;
#100 = CARTESIAN_POINT ( 'NONE',  ( -2.925000000000000266, 5.750000000000000000, 2.540000000000000036 ) ) ;
#101 = CARTESIAN_POINT ( 'NONE',  ( -4.315000000000000391, 6.750000000000000000, -0.02000000000000489928 ) ) ;
#102 = DIRECTION ( 'NONE',  ( 0.000000000000000000, 1.000000000000000000, 0.000000000000000000 ) ) ;
#103 = ORIENTED_EDGE ( 'NONE', *, *, #969, .F. ) ;
#104 = VECTOR ( 'NONE', #4751, 1000.000000000000000 ) ;
#105 = ORIENTED_EDGE ( 'NONE', *, *, #2246, .T. ) ;
#106 = VECTOR ( 'NONE', #4589, 1000.000000000000000 ) ;
#107 = AXIS2_PLACEMENT_3D ( 'NONE', #3641, #2957, #4471 ) ;
#108 = PLANE ( 'NONE',  #1056 ) ;
#109 = CARTESIAN_POINT ( 'NONE',  ( 2.324999999999999734, 6.599999999999999645, 0.3400000000000000244 ) ) ;
#110 = DIRECTION ( 'NONE',  ( 0.000000000000000000, 1.000000000000000000, 0.000000000000000000 ) ) ;
#111 = CARTESIAN_POINT ( 'NONE',  ( 0.2500000000000000000, 11.59999999900000134, -0.06000000000003419959 ) ) ;
#112 = VECTOR ( 'NONE', #2098, 1000.000000000000000 ) ;
#113 = VECTOR ( 'NONE', #1983, 1000.000000000000000 ) ;
#114 = CARTESIAN_POINT ( 'NONE',  ( 0.1950000000000000067, 6.599999999999999645, 0.1800000000000030187 ) ) ;
#115 = AXIS2_PLACEMENT_3D ( 'NONE', #86, #3166, #4636 ) ;
#116 = EDGE_CURVE ( 'NONE', #1495, #1720, #4609, .T. ) ;
#117 = DIRECTION ( 'NONE',  ( -1.000000000000000000, 0.000000000000000000, 0.000000000000000000 ) ) ;
#118 = VECTOR ( 'NONE', #1486, 1000.000000000000000 ) ;
#119 = CYLINDRICAL_SURFACE ( 'NONE', #738, 0.1800000000000000211 ) ;
#120 = LINE ( 'NONE', #2772, #2768 ) ;
#121 = ORIENTED_EDGE ( 'NONE', *, *, #2735, .F. ) ;
#122 = ORIENTED_EDGE ( 'NONE', *, *, #4774, .F. ) ;
#124 = DIRECTION ( 'NONE',  ( 0.000000000000000000, 0.000000000000000000, -1.000000000000000000 ) ) ;
#123 = LINE ( 'NONE', #618, #2471 ) ;
#125 = EDGE_CURVE ( 'NONE', #830, #885, #872, .T. ) ;
#126 = LINE ( 'NONE', #1630, #2474 ) ;
#127 = EDGE_CURVE ( 'NONE', #3894, #364, #539, .T. ) ;
#128 = CARTESIAN_POINT ( 'NONE',  ( 2.754999999999999893, 6.599999999999999645, 0.1900000000000000022 ) ) ;
#129 = ORIENTED_EDGE ( 'NONE', *, *, #4300, .T. ) ;
#130 = VERTEX_POINT ( 'NONE', #562 ) ;
#131 = EDGE_CURVE ( 'NONE', #2247, #1714, #1242, .T. ) ;
#132 = LINE ( 'NONE', #837, #4268 ) ;
#133 = PLANE ( 'NONE',  #3256 ) ;
#134 = FACE_OUTER_BOUND ( 'NONE', #4436, .T. ) ;
#135 = ORIENTED_EDGE ( 'NONE', *, *, #2593, .F. ) ;
#136 = ORIENTED_EDGE ( 'NONE', *, *, #2381, .F. ) ;
#137 = ORIENTED_EDGE ( 'NONE', *, *, #4113, .T. ) ;
#138 = DIRECTION ( 'NONE',  ( 0.000000000000000000, 0.000000000000000000, 1.000000000000000000 ) ) ;
#139 = CARTESIAN_POINT ( 'NONE',  ( -5.375000000000000000, 6.599999999999999645, -0.06000000000000080269 ) ) ;
#140 = DIRECTION ( 'NONE',  ( -1.275531967630009880E-15, 0.000000000000000000, 1.000000000000000000 ) ) ;
#141 = CARTESIAN_POINT ( 'NONE',  ( 2.754999999999999893, 4.000000000000000000, 0.3699999999999999956 ) ) ;
#142 = CARTESIAN_POINT ( 'NONE',  ( -5.375000000000000000, 6.599999999999999645, 0.1900000000000000022 ) ) ;
#143 = FACE_OUTER_BOUND ( 'NONE', #1553, .T. ) ;
#144 = DIRECTION ( 'NONE',  ( 1.936075308009889814E-16, 0.000000000000000000, -1.000000000000000000 ) ) ;
#145 = ORIENTED_EDGE ( 'NONE', *, *, #4324, .T. ) ;
#146 = ORIENTED_EDGE ( 'NONE', *, *, #1887, .F. ) ;
#147 = ADVANCED_FACE ( 'NONE', ( #1979 ), #3193, .F. ) ;
#149 = CARTESIAN_POINT ( 'NONE',  ( -1.804999999999999938, 6.599999999999999645, 0.3099999999999999978 ) ) ;
#148 = LINE ( 'NONE', #567, #2307 ) ;
#150 = CARTESIAN_POINT ( 'NONE',  ( -2.194999999999999840, 6.599999999999999645, 0.1800000000000030187 ) ) ;
#151 = DIRECTION ( 'NONE',  ( 0.000000000000000000, -1.000000000000000000, 0.000000000000000000 ) ) ;
#152 = ORIENTED_EDGE ( 'NONE', *, *, #727, .F. ) ;
#153 = ORIENTED_EDGE ( 'NONE', *, *, #1397, .F. ) ;
#154 = EDGE_CURVE ( 'NONE', #2712, #818, #3069, .T. ) ;
#155 = LINE ( 'NONE', #1659, #201 ) ;
#156 = LINE ( 'NONE', #1607, #4500 ) ;
#157 = CARTESIAN_POINT ( 'NONE',  ( -4.325000000000000178, 7.700000000000000178, 1.690000000000000169 ) ) ;
#158 = VERTEX_POINT ( 'NONE', #4661 ) ;
#159 = EDGE_CURVE ( 'NONE', #4231, #2919, #1669, .T. ) ;
#160 = EDGE_CURVE ( 'NONE', #4571, #3075, #2741, .T. ) ;
#161 = ORIENTED_EDGE ( 'NONE', *, *, #4276, .F. ) ;
#162 = ORIENTED_EDGE ( 'NONE', *, *, #1357, .T. ) ;
#163 = FACE_OUTER_BOUND ( 'NONE', #4548, .T. ) ;
#164 = DIRECTION ( 'NONE',  ( 0.000000000000000000, 0.000000000000000000, -1.000000000000000000 ) ) ;
#165 = CARTESIAN_POINT ( 'NONE',  ( 0.000000000000000000, 9.099999999999999645, 2.100000000000000089 ) ) ;
#166 = PLANE ( 'NONE',  #172 ) ;
#167 = CARTESIAN_POINT ( 'NONE',  ( 1.474999999999999867, 6.599999999999999645, 1.909999999999999920 ) ) ;
#168 = FACE_OUTER_BOUND ( 'NONE', #4008, .T. ) ;
#169 = LINE ( 'NONE', #1674, #964 ) ;
#170 = VERTEX_POINT ( 'NONE', #4690 ) ;
#171 = ORIENTED_EDGE ( 'NONE', *, *, #1808, .F. ) ;
#172 = AXIS2_PLACEMENT_3D ( 'NONE', #1325, #3898, #219 ) ;
#173 = DIRECTION ( 'NONE',  ( 1.000000000000000000, 0.000000000000000000, 0.000000000000000000 ) ) ;
#174 = LINE ( 'NONE', #1993, #2306 ) ;
#175 = CARTESIAN_POINT ( 'NONE',  ( 0.000000000000000000, 4.000000000000000000, 0.2400000000000030165 ) ) ;
#176 = VERTEX_POINT ( 'NONE', #2821 ) ;
#177 = ORIENTED_EDGE ( 'NONE', *, *, #4797, .T. ) ;
#178 = CIRCLE ( 'NONE', #3238, 0.1799999999999996048 ) ;
#179 = VECTOR ( 'NONE', #1297, 1000.000000000000000 ) ;
#180 = FACE_OUTER_BOUND ( 'NONE', #4705, .T. ) ;
#181 = LINE ( 'NONE', #921, #1371 ) ;
#182 = ADVANCED_FACE ( 'NONE', ( #3557 ), #2011, .F. ) ;
#183 = CARTESIAN_POINT ( 'NONE',  ( 2.145000000000000018, 6.599999999999999645, 1.909999999999999920 ) ) ;
#184 = ORIENTED_EDGE ( 'NONE', *, *, #3225, .F. ) ;
#185 = VECTOR ( 'NONE', #1796, 1000.000000000000000 ) ;
#186 = ORIENTED_EDGE ( 'NONE', *, *, #1337, .F. ) ;
#187 = ORIENTED_EDGE ( 'NONE', *, *, #1171, .T. ) ;
#188 = DIRECTION ( 'NONE',  ( 0.000000000000000000, 0.000000000000000000, -1.000000000000000000 ) ) ;
#189 = PLANE ( 'NONE',  #3020 ) ;
#190 = EDGE_CURVE ( 'NONE', #670, #830, #2918, .T. ) ;
#191 = VECTOR ( 'NONE', #1636, 1000.000000000000000 ) ;
#192 = EDGE_CURVE ( 'NONE', #4697, #3228, #952, .T. ) ;
#193 = CARTESIAN_POINT ( 'NONE',  ( 0.1950000000000000067, 6.599999999999999645, 0.1800000000000030187 ) ) ;
#194 = CARTESIAN_POINT ( 'NONE',  ( -3.200000000000000178, 4.049999999999999822, -0.01999999999999579545 ) ) ;
#195 = VECTOR ( 'NONE', #4175, 1000.000000000000000 ) ;
#196 = AXIS2_PLACEMENT_3D ( 'NONE', #3392, #4622, #2359 ) ;
#197 = DIRECTION ( 'NONE',  ( 0.000000000000000000, 1.000000000000000000, 0.000000000000000000 ) ) ;
#198 = CARTESIAN_POINT ( 'NONE',  ( 0.1950000000000000067, 9.099999999999999645, 0.1800000000000030187 ) ) ;
#199 = DIRECTION ( 'NONE',  ( -3.120006251756850204E-16, 0.000000000000000000, -1.000000000000000000 ) ) ;
#200 = AXIS2_PLACEMENT_3D ( 'NONE', #2562, #2531, #3684 ) ;
#201 = VECTOR ( 'NONE', #4724, 1000.000000000000000 ) ;
#202 = ORIENTED_EDGE ( 'NONE', *, *, #2769, .F. ) ;
#203 = VECTOR ( 'NONE', #3765, 1000.000000000000000 ) ;
#204 = FACE_OUTER_BOUND ( 'NONE', #2352, .T. ) ;
#205 = CARTESIAN_POINT ( 'NONE',  ( -4.145000000000000462, 6.150000000000000355, 1.729999999999999982 ) ) ;
#206 = CARTESIAN_POINT ( 'NONE',  ( -4.575000000000000178, 8.525999999999999801, 2.200000000000000178 ) ) ;
#207 = ORIENTED_EDGE ( 'NONE', *, *, #4621, .F. ) ;
#208 = VERTEX_POINT ( 'NONE', #194 ) ;
#209 = VECTOR ( 'NONE', #3944, 1000.000000000000000 ) ;
#210 = CARTESIAN_POINT ( 'NONE',  ( -1.800000000000000044, 6.699999999000020523, 1.429999999999970184 ) ) ;
#211 = LINE ( 'NONE', #3962, #2778 ) ;
#212 = ORIENTED_EDGE ( 'NONE', *, *, #510, .F. ) ;
#213 = ORIENTED_EDGE ( 'NONE', *, *, #4357, .F. ) ;
#214 = EDGE_CURVE ( 'NONE', #4163, #158, #2450, .T. ) ;
#215 = ORIENTED_EDGE ( 'NONE', *, *, #3422, .T. ) ;
#216 = ORIENTED_EDGE ( 'NONE', *, *, #873, .F. ) ;
#217 = DIRECTION ( 'NONE',  ( 0.000000000000000000, 1.000000000000000000, 0.000000000000000000 ) ) ;
#218 = CARTESIAN_POINT ( 'NONE',  ( -2.194999999999999840, 6.699999999000020523, 0.3099999999999999978 ) ) ;
#219 = DIRECTION ( 'NONE',  ( 0.000000000000000000, 0.000000000000000000, 1.000000000000000000 ) ) ;
#220 = EDGE_CURVE ( 'NONE', #3665, #2320, #1958, .T. ) ;
#221 = DIRECTION ( 'NONE',  ( -1.000000000000000000, 0.000000000000000000, 3.236424395479170027E-16 ) ) ;
#222 = APPLICATION_PROTOCOL_DEFINITION ( 'draft international standard', 'automotive_design', 1998, #1861 ) ;
#223 = DIRECTION ( 'NONE',  ( 2.404100469424380100E-15, 1.000000000000000000, 1.504801374248519962E-30 ) ) ;
#224 = VERTEX_POINT ( 'NONE', #4239 ) ;
#225 = EDGE_CURVE ( 'NONE', #1738, #1225, #4295, .T. ) ;
#226 = DIRECTION ( 'NONE',  ( -1.000000000000000000, 0.000000000000000000, 1.957043632645309641E-16 ) ) ;
#227 = DIRECTION ( 'NONE',  ( 0.000000000000000000, 1.000000000000000000, 0.000000000000000000 ) ) ;
#228 = CARTESIAN_POINT ( 'NONE',  ( -1.800000000000000044, -14.66000000989979846, 1.429999999999970184 ) ) ;
#229 = ORIENTED_EDGE ( 'NONE', *, *, #419, .T. ) ;
#230 = ORIENTED_EDGE ( 'NONE', *, *, #335, .F. ) ;
#231 = PRODUCT_DEFINITION ( 'UNKNOWN', '', #906, #1019 ) ;
#232 = DIRECTION ( 'NONE',  ( 0.000000000000000000, 1.000000000000000000, 0.000000000000000000 ) ) ;
#233 = CARTESIAN_POINT ( 'NONE',  ( 2.975000000000000089, 11.35000000000000142, 2.540000000000000036 ) ) ;
#234 = ORIENTED_EDGE ( 'NONE', *, *, #3725, .T. ) ;
#235 = ORIENTED_EDGE ( 'NONE', *, *, #1417, .T. ) ;
#236 = ORIENTED_EDGE ( 'NONE', *, *, #4330, .F. ) ;
#237 = ORIENTED_EDGE ( 'NONE', *, *, #2408, .F. ) ;
#238 = CARTESIAN_POINT ( 'NONE',  ( -2.250000000000000000, 11.35999999899999935, 0.8399999999999600009 ) ) ;
#239 = CARTESIAN_POINT ( 'NONE',  ( -4.584999999999999964, 9.099999999999999645, 2.200000000000000178 ) ) ;
#240 = LINE ( 'NONE', #2749, #415 ) ;
#241 = DIRECTION ( 'NONE',  ( 0.000000000000000000, 0.000000000000000000, 1.000000000000000000 ) ) ;
#242 = CARTESIAN_POINT ( 'NONE',  ( -1.800000000000000044, -14.66000000989979846, 0.3099999999999999978 ) ) ;
#243 = CARTESIAN_POINT ( 'NONE',  ( 1.925000000000000044, 6.599999999999999645, 1.909999999999999920 ) ) ;
#244 = EDGE_CURVE ( 'NONE', #4795, #695, #2428, .T. ) ;
#245 = ORIENTED_EDGE ( 'NONE', *, *, #3289, .T. ) ;
#246 = CARTESIAN_POINT ( 'NONE',  ( 0.1000000000000000056, 6.599999999999999645, 0.2700000000000000178 ) ) ;
#247 = DIRECTION ( 'NONE',  ( 0.000000000000000000, 0.000000000000000000, 1.000000000000000000 ) ) ;
#248 = FACE_OUTER_BOUND ( 'NONE', #4201, .T. ) ;
#249 = EDGE_CURVE ( 'NONE', #3801, #1805, #3945, .T. ) ;
#250 = ORIENTED_EDGE ( 'NONE', *, *, #127, .T. ) ;
#251 = ORIENTED_EDGE ( 'NONE', *, *, #2470, .F. ) ;
#252 = ADVANCED_FACE ( 'NONE', ( #3213 ), #1346, .F. ) ;
#253 = CARTESIAN_POINT ( 'NONE',  ( -1.750000000000000000, 11.69999999899999921, 0.5399999999999659517 ) ) ;
#254 = DIRECTION ( 'NONE',  ( 0.000000000000000000, 1.000000000000000000, 0.000000000000000000 ) ) ;
#255 = ORIENTED_EDGE ( 'NONE', *, *, #3306, .F. ) ;
#256 = ORIENTED_EDGE ( 'NONE', *, *, #2856, .F. ) ;
#257 = VECTOR ( 'NONE', #1941, 1000.000000000000000 ) ;
#258 = ORIENTED_EDGE ( 'NONE', *, *, #4389, .F. ) ;
#259 = ORIENTED_EDGE ( 'NONE', *, *, #2111, .T. ) ;
#260 = CARTESIAN_POINT ( 'NONE',  ( 0.2500000000000000000, 11.25999999899999970, 1.429999999999970184 ) ) ;
#261 = DIRECTION ( 'NONE',  ( 0.000000000000000000, -1.000000000000000000, 0.000000000000000000 ) ) ;
#262 = VECTOR ( 'NONE', #362, 1000.000000000000000 ) ;
#263 = VECTOR ( 'NONE', #2641, 1000.000000000000000 ) ;
#264 = CARTESIAN_POINT ( 'NONE',  ( -4.975000000000000533, 3.750000000000000000, 2.540000000000000036 ) ) ;
#265 = CARTESIAN_POINT ( 'NONE',  ( 2.314999999999999947, 4.049999999999999822, 3.939999999999999947 ) ) ;
#266 = LINE ( 'NONE', #1774, #4809 ) ;
#267 = VECTOR ( 'NONE', #2573, 999.9999999999998863 ) ;
#268 = ORIENTED_EDGE ( 'NONE', *, *, #4330, .T. ) ;
#269 = EDGE_CURVE ( 'NONE', #1734, #3638, #1638, .T. ) ;
#270 = DIRECTION ( 'NONE',  ( -1.444800452568500782E-15, -0.8661855860486004088, 0.4997224534895772785 ) ) ;
#271 = VECTOR ( 'NONE', #1737, 1000.000000000000000 ) ;
#272 = DIRECTION ( 'NONE',  ( 0.000000000000000000, 1.000000000000000000, 0.000000000000000000 ) ) ;
#273 = VECTOR ( 'NONE', #1129, 1000.000000000000000 ) ;
#274 = DIRECTION ( 'NONE',  ( 0.000000000000000000, 0.000000000000000000, -1.000000000000000000 ) ) ;
#275 = ORIENTED_EDGE ( 'NONE', *, *, #4426, .F. ) ;
#276 = ORIENTED_EDGE ( 'NONE', *, *, #285, .F. ) ;
#277 = VECTOR ( 'NONE', #2281, 1000.000000000000000 ) ;
#278 = VECTOR ( 'NONE', #2325, 1000.000000000000000 ) ;
#279 = EDGE_CURVE ( 'NONE', #4231, #1557, #3501, .T. ) ;
#280 = CARTESIAN_POINT ( 'NONE',  ( 2.145000000000000018, 4.000000000000000000, 1.909999999999999920 ) ) ;
#281 = LINE ( 'NONE', #1787, #271 ) ;
#282 = ORIENTED_EDGE ( 'NONE', *, *, #579, .F. ) ;
#283 = VECTOR ( 'NONE', #685, 1000.000000000000000 ) ;
#284 = ORIENTED_EDGE ( 'NONE', *, *, #1386, .F. ) ;
#285 = EDGE_CURVE ( 'NONE', #2195, #3673, #4205, .T. ) ;
#286 = ORIENTED_EDGE ( 'NONE', *, *, #4723, .T. ) ;
#287 = ORIENTED_EDGE ( 'NONE', *, *, #3998, .T. ) ;
#288 = CARTESIAN_POINT ( 'NONE',  ( 2.584999999999999964, 3.750000000000000000, 2.200000000000000178 ) ) ;
#289 = LINE ( 'NONE', #2842, #2094 ) ;
#290 = LINE ( 'NONE', #882, #1836 ) ;
#291 = DIRECTION ( 'NONE',  ( 0.000000000000000000, 1.000000000000000000, 0.000000000000000000 ) ) ;
#292 = PLANE ( 'NONE',  #4653 ) ;
#293 = ORIENTED_EDGE ( 'NONE', *, *, #333, .F. ) ;
#294 = LINE ( 'NONE', #3243, #4827 ) ;
#295 = CARTESIAN_POINT ( 'NONE',  ( -4.584999999999999964, 30.01500000000000057, 0.2700000000000000178 ) ) ;
#296 = CARTESIAN_POINT ( 'NONE',  ( -1.750000000000000000, 6.699999999000020523, 1.429999999999970184 ) ) ;
#297 = EDGE_LOOP ( 'NONE', ( #3255, #3677, #2473, #2242, #1509, #3099 ) ) ;
#298 = ORIENTED_EDGE ( 'NONE', *, *, #3367, .F. ) ;
#299 = EDGE_CURVE ( 'NONE', #3612, #2867, #4651, .T. ) ;
#300 = DIRECTION ( 'NONE',  ( 0.000000000000000000, 0.000000000000000000, -1.000000000000000000 ) ) ;
#301 = DIRECTION ( 'NONE',  ( -1.936075308009889814E-16, 0.000000000000000000, -1.000000000000000000 ) ) ;
#302 = ORIENTED_EDGE ( 'NONE', *, *, #4501, .T. ) ;
#303 = VERTEX_POINT ( 'NONE', #1181 ) ;
#304 = EDGE_CURVE ( 'NONE', #919, #4518, #4288, .T. ) ;
#305 = ORIENTED_EDGE ( 'NONE', *, *, #1981, .F. ) ;
#306 = ORIENTED_EDGE ( 'NONE', *, *, #4626, .F. ) ;
#307 = LINE ( 'NONE', #4439, #267 ) ;
#308 = CARTESIAN_POINT ( 'NONE',  ( 0.2500000000000000000, 11.69999999899999921, 0.5399999999999659517 ) ) ;
#309 = EDGE_CURVE ( 'NONE', #1858, #2423, #1579, .T. ) ;
#310 = ADVANCED_FACE ( 'NONE', ( #134 ), #3833, .F. ) ;
#311 = ORIENTED_EDGE ( 'NONE', *, *, #1558, .T. ) ;
#312 = CARTESIAN_POINT ( 'NONE',  ( -0.2500000000000000000, 11.35999999899999935, 0.5399999999999649525 ) ) ;
#313 = DIRECTION ( 'NONE',  ( 0.000000000000000000, 0.000000000000000000, 1.000000000000000000 ) ) ;
#314 = CARTESIAN_POINT ( 'NONE',  ( 1.425000000000000044, 9.099999999999999645, 2.250000000000000000 ) ) ;
#315 = CARTESIAN_POINT ( 'NONE',  ( -4.724999999999999645, 6.599999999999999645, -0.05999999999999930389 ) ) ;
#316 = EDGE_CURVE ( 'NONE', #2065, #3061, #531, .T. ) ;
#317 = ORIENTED_EDGE ( 'NONE', *, *, #4664, .F. ) ;
#318 = CARTESIAN_POINT ( 'NONE',  ( -3.425000000000000266, 9.099999999999999645, 2.200000000000000178 ) ) ;
#319 = LINE ( 'NONE', #3636, #902 ) ;
#320 = CARTESIAN_POINT ( 'NONE',  ( -3.924999999999999822, 5.049999999999999822, 2.160000000000000142 ) ) ;
#321 = VERTEX_POINT ( 'NONE', #4624 ) ;
#322 = FACE_OUTER_BOUND ( 'NONE', #1484, .T. ) ;
#323 = DIRECTION ( 'NONE',  ( 6.150395556951139947E-32, -1.000000000000000000, -9.856383386231858827E-17 ) ) ;
#324 = ORIENTED_EDGE ( 'NONE', *, *, #434, .F. ) ;
#325 = ORIENTED_EDGE ( 'NONE', *, *, #2497, .T. ) ;
#326 = ORIENTED_EDGE ( 'NONE', *, *, #4470, .T. ) ;
#327 = EDGE_CURVE ( 'NONE', #3374, #818, #1951, .T. ) ;
#328 = VECTOR ( 'NONE', #586, 1000.000000000000000 ) ;
#329 = DIRECTION ( 'NONE',  ( 0.000000000000000000, -1.000000000000000000, 0.000000000000000000 ) ) ;
#330 = CARTESIAN_POINT ( 'NONE',  ( 1.199999999999999956, 4.049999999999999822, -0.02000000000000489928 ) ) ;
#331 = VECTOR ( 'NONE', #2356, 1000.000000000000000 ) ;
#332 = ORIENTED_EDGE ( 'NONE', *, *, #4369, .T. ) ;
#333 = EDGE_CURVE ( 'NONE', #3624, #3502, #2733, .T. ) ;
#334 = CARTESIAN_POINT ( 'NONE',  ( -2.925000000000000266, 8.050000000000000711, -0.3310000000000080655 ) ) ;
#335 = EDGE_CURVE ( 'NONE', #398, #865, #469, .T. ) ;
#336 = CARTESIAN_POINT ( 'NONE',  ( -1.750000000000000000, 11.35999999899999935, 0.5399999999999649525 ) ) ;
#337 = AXIS2_PLACEMENT_3D ( 'NONE', #565, #3823, #3872 ) ;
#338 = CARTESIAN_POINT ( 'NONE',  ( 2.324999999999999734, 7.299999999999999822, 1.729999999999999982 ) ) ;
#339 = ORIENTED_EDGE ( 'NONE', *, *, #3635, .T. ) ;
#340 = VECTOR ( 'NONE', #1992, 1000.000000000000000 ) ;
#341 = EDGE_CURVE ( 'NONE', #4206, #4625, #448, .T. ) ;
#342 = CARTESIAN_POINT ( 'NONE',  ( -4.145000000000000462, 7.299999999999999822, 1.729999999999999982 ) ) ;
#343 = CARTESIAN_POINT ( 'NONE',  ( 2.975000000000000089, 3.750000000000000000, 0.2400000000000000189 ) ) ;
#344 = DIRECTION ( 'NONE',  ( 0.000000000000000000, -1.000000000000000000, 0.000000000000000000 ) ) ;
#345 = ORIENTED_EDGE ( 'NONE', *, *, #125, .F. ) ;
#346 = VECTOR ( 'NONE', #1208, 1000.000000000000000 ) ;
#347 = AXIS2_PLACEMENT_3D ( 'NONE', #459, #4059, #4217 ) ;
#348 = VECTOR ( 'NONE', #993, 1000.000000000000000 ) ;
#349 = PLANE ( 'NONE',  #107 ) ;
#350 = ORIENTED_EDGE ( 'NONE', *, *, #873, .T. ) ;
#351 = ORIENTED_EDGE ( 'NONE', *, *, #3096, .T. ) ;
#352 = AXIS2_PLACEMENT_3D ( 'NONE', #2702, #4492, #4099 ) ;
#353 = VECTOR ( 'NONE', #2159, 1000.000000000000000 ) ;
#354 = AXIS2_PLACEMENT_3D ( 'NONE', #2348, #564, #850 ) ;
#355 = VECTOR ( 'NONE', #380, 1000.000000000000000 ) ;
#356 = CARTESIAN_POINT ( 'NONE',  ( 0.1000000000000000056, 6.599999999999999645, 1.690000000000000169 ) ) ;
#357 = CARTESIAN_POINT ( 'NONE',  ( 2.314999999999999947, 7.450000000000000178, 2.200000000000000178 ) ) ;
#358 = EDGE_CURVE ( 'NONE', #3435, #3565, #2421, .T. ) ;
#359 = ORIENTED_EDGE ( 'NONE', *, *, #2054, .F. ) ;
#360 = DIRECTION ( 'NONE',  ( 0.000000000000000000, -1.000000000000000000, -1.472373320659329742E-16 ) ) ;
#361 = CARTESIAN_POINT ( 'NONE',  ( -5.375000000000000000, 6.599999999999999645, 0.1900000000000000022 ) ) ;
#362 = DIRECTION ( 'NONE',  ( 3.120006251756850204E-16, 0.000000000000000000, 1.000000000000000000 ) ) ;
#363 = EDGE_CURVE ( 'NONE', #4697, #1805, #1973, .T. ) ;
#364 = VERTEX_POINT ( 'NONE', #157 ) ;
#365 = FACE_OUTER_BOUND ( 'NONE', #621, .T. ) ;
#366 = DIRECTION ( 'NONE',  ( 0.000000000000000000, 0.000000000000000000, -1.000000000000000000 ) ) ;
#367 = LINE ( 'NONE', #4467, #4484 ) ;
#368 = ORIENTED_EDGE ( 'NONE', *, *, #1635, .T. ) ;
#369 = EDGE_CURVE ( 'NONE', #2837, #1892, #3153, .T. ) ;
#370 = ORIENTED_EDGE ( 'NONE', *, *, #3939, .T. ) ;
#371 = CARTESIAN_POINT ( 'NONE',  ( -4.575000000000000178, 4.000000000000000000, 1.729999999999999982 ) ) ;
#372 = DIRECTION ( 'NONE',  ( -1.000000000000000000, 0.000000000000000000, 0.000000000000000000 ) ) ;
#373 = ORIENTED_EDGE ( 'NONE', *, *, #3988, .T. ) ;
#374 = ORIENTED_EDGE ( 'NONE', *, *, #91, .T. ) ;
#375 = EDGE_CURVE ( 'NONE', #2663, #2996, #3073, .T. ) ;
#376 = LINE ( 'NONE', #1093, #4819 ) ;
#377 = PLANE ( 'NONE',  #4662 ) ;
#378 = ORIENTED_EDGE ( 'NONE', *, *, #2502, .T. ) ;
#379 = LINE ( 'NONE', #2618, #1120 ) ;
#380 = DIRECTION ( 'NONE',  ( 0.000000000000000000, 0.000000000000000000, -1.000000000000000000 ) ) ;
#381 = LINE ( 'NONE', #2967, #2373 ) ;
#382 = DIRECTION ( 'NONE',  ( 0.000000000000000000, 0.000000000000000000, 1.000000000000000000 ) ) ;
#383 = CARTESIAN_POINT ( 'NONE',  ( -4.325000000000000178, 9.099999999999999645, 0.2700000000000000178 ) ) ;
#384 = ADVANCED_FACE ( 'NONE', ( #864 ), #4545, .F. ) ;
#385 = CARTESIAN_POINT ( 'NONE',  ( -1.750000000000000000, 6.699999999000020523, 0.3099999999999660250 ) ) ;
#386 = PLANE ( 'NONE',  #2922 ) ;
#387 = ORIENTED_EDGE ( 'NONE', *, *, #4804, .F. ) ;
#388 = ORIENTED_EDGE ( 'NONE', *, *, #1540, .T. ) ;
#389 = CARTESIAN_POINT ( 'NONE',  ( 0.000000000000000000, 9.099999999999999645, 0.3099999999999660250 ) ) ;
#390 = ADVANCED_FACE ( 'NONE', ( #2789 ), #3858, .F. ) ;
#391 = FACE_OUTER_BOUND ( 'NONE', #2256, .T. ) ;
#392 = ADVANCED_FACE ( 'NONE', ( #3851 ), #4327, .T. ) ;
#393 = ORIENTED_EDGE ( 'NONE', *, *, #1948, .F. ) ;
#394 = ORIENTED_EDGE ( 'NONE', *, *, #1898, .F. ) ;
#395 = DIRECTION ( 'NONE',  ( 0.000000000000000000, -1.000000000000000000, 0.000000000000000000 ) ) ;
#396 = CARTESIAN_POINT ( 'NONE',  ( -4.975000000000000533, 11.35000000000000142, 2.540000000000000036 ) ) ;
#397 = ORIENTED_EDGE ( 'NONE', *, *, #3390, .F. ) ;
#398 = VERTEX_POINT ( 'NONE', #206 ) ;
#399 = CARTESIAN_POINT ( 'NONE',  ( 2.584999999999999964, 30.01500000000000057, 0.2700000000000000178 ) ) ;
#400 = LINE ( 'NONE', #3740, #355 ) ;
#401 = CARTESIAN_POINT ( 'NONE',  ( 0.1950000000000000067, 6.599999999999999645, 0.3099999999999999978 ) ) ;
#402 = DIRECTION ( 'NONE',  ( 1.000000000000000000, 0.000000000000000000, 0.000000000000000000 ) ) ;
#403 = AXIS2_PLACEMENT_3D ( 'NONE', #3475, #901, #3138 ) ;
#404 = VECTOR ( 'NONE', #3570, 1000.000000000000000 ) ;
#405 = CARTESIAN_POINT ( 'NONE',  ( 1.925000000000000044, 5.049999999999999822, 2.160000000000000142 ) ) ;
#406 = DIRECTION ( 'NONE',  ( 0.000000000000000000, 0.000000000000000000, -1.000000000000000000 ) ) ;
#407 = CARTESIAN_POINT ( 'NONE',  ( 3.375000000000000000, 6.599999999999999645, 0.1900000000000000022 ) ) ;
#408 = LINE ( 'NONE', #3017, #1434 ) ;
#409 = ORIENTED_EDGE ( 'NONE', *, *, #1031, .F. ) ;
#410 = STYLED_ITEM ( 'NONE', ( #1306 ), #777 ) ;
#411 = ORIENTED_EDGE ( 'NONE', *, *, #1141, .F. ) ;
#412 = EDGE_CURVE ( 'NONE', #2826, #502, #3595, .T. ) ;
#413 = CARTESIAN_POINT ( 'NONE',  ( 2.324999999999999734, 6.599999999999999645, 0.2700000000000000178 ) ) ;
#414 = DIRECTION ( 'NONE',  ( 0.000000000000000000, -1.000000000000000000, 0.000000000000000000 ) ) ;
#415 = VECTOR ( 'NONE', #4616, 1000.000000000000000 ) ;
#416 = ORIENTED_EDGE ( 'NONE', *, *, #3726, .F. ) ;
#417 = EDGE_LOOP ( 'NONE', ( #735, #4226, #820, #2933, #187, #2878, #3445, #2142 ) ) ;
#418 = VECTOR ( 'NONE', #1285, 1000.000000000000000 ) ;
#419 = EDGE_CURVE ( 'NONE', #3785, #2506, #2459, .T. ) ;
#420 = VECTOR ( 'NONE', #2218, 1000.000000000000000 ) ;
#421 = CARTESIAN_POINT ( 'NONE',  ( -4.325000000000000178, 8.630000000000000782, 2.140000000000000124 ) ) ;
#422 = DIRECTION ( 'NONE',  ( -1.000000000000000000, 0.000000000000000000, 0.000000000000000000 ) ) ;
#423 = AXIS2_PLACEMENT_3D ( 'NONE', #4562, #1200, #2332 ) ;
#424 = VECTOR ( 'NONE', #598, 1000.000000000000000 ) ;
#425 = EDGE_CURVE ( 'NONE', #4407, #1586, #1507, .T. ) ;
#426 = CIRCLE ( 'NONE', #3577, 0.1800000000000000488 ) ;
#427 = VECTOR ( 'NONE', #3139, 1000.000000000000000 ) ;
#428 = ORIENTED_EDGE ( 'NONE', *, *, #3348, .F. ) ;
#429 = CARTESIAN_POINT ( 'NONE',  ( -4.975000000000000533, 10.80999999900000041, -0.02000000000000000042 ) ) ;
#430 = CARTESIAN_POINT ( 'NONE',  ( -4.724999999999999645, 6.599999999999999645, 0.3400000000000000244 ) ) ;
#431 = CARTESIAN_POINT ( 'NONE',  ( -4.325000000000000178, 6.150000000000000355, 1.729999999999999982 ) ) ;
#432 = CARTESIAN_POINT ( 'NONE',  ( 2.314999999999999947, 7.450000000000000178, 1.909999999999999920 ) ) ;
#433 = CIRCLE ( 'NONE', #1072, 0.4299999999999998268 ) ;
#434 = EDGE_CURVE ( 'NONE', #1313, #3168, #3884, .T. ) ;
#435 = DIRECTION ( 'NONE',  ( 0.000000000000000000, 1.000000000000000000, 0.000000000000000000 ) ) ;
#436 = CARTESIAN_POINT ( 'NONE',  ( 0.2000000000000000111, 9.099999999999999645, 1.429999999999970184 ) ) ;
#437 = DIRECTION ( 'NONE',  ( 1.000000000000000000, 0.000000000000000000, 0.000000000000000000 ) ) ;
#438 = DIRECTION ( 'NONE',  ( 0.000000000000000000, 1.000000000000000000, 0.000000000000000000 ) ) ;
#439 = EDGE_LOOP ( 'NONE', ( #923, #642, #2908, #3696 ) ) ;
#440 = ORIENTED_EDGE ( 'NONE', *, *, #1146, .F. ) ;
#441 = CARTESIAN_POINT ( 'NONE',  ( 2.575000000000000178, 6.599999999999999645, 1.729999999999999982 ) ) ;
#442 = CARTESIAN_POINT ( 'NONE',  ( -4.315000000000000391, 6.750000000000000000, 0.2700000000000000178 ) ) ;
#443 = ORIENTED_EDGE ( 'NONE', *, *, #1893, .T. ) ;
#444 = ORIENTED_EDGE ( 'NONE', *, *, #3384, .F. ) ;
#445 = PLANE ( 'NONE',  #3787 ) ;
#446 = CARTESIAN_POINT ( 'NONE',  ( 1.474999999999999867, 6.599999999999999645, 2.160000000000000142 ) ) ;
#447 = EDGE_CURVE ( 'NONE', #4518, #1603, #2830, .T. ) ;
#448 = LINE ( 'NONE', #3526, #3630 ) ;
#449 = ORIENTED_EDGE ( 'NONE', *, *, #3764, .F. ) ;
#450 = VERTEX_POINT ( 'NONE', #1655 ) ;
#451 = DIRECTION ( 'NONE',  ( 0.000000000000000000, -1.000000000000000000, 0.000000000000000000 ) ) ;
#452 = CARTESIAN_POINT ( 'NONE',  ( -4.325000000000000178, 6.150000000000000355, 0.5699999999999999512 ) ) ;
#453 = ADVANCED_FACE ( 'NONE', ( #2437 ), #3147, .F. ) ;
#454 = EDGE_CURVE ( 'NONE', #3050, #2416, #3123, .T. ) ;
#455 = FACE_OUTER_BOUND ( 'NONE', #2444, .T. ) ;
#456 = LINE ( 'NONE', #1164, #3463 ) ;
#457 = CARTESIAN_POINT ( 'NONE',  ( 0.000000000000000000, 9.099999999999999645, 1.429999999999970184 ) ) ;
#458 = CARTESIAN_POINT ( 'NONE',  ( 2.975000000000000089, 11.35000000000000142, -0.02000000000000489928 ) ) ;
#459 = CARTESIAN_POINT ( 'NONE',  ( -2.250000000000000000, 6.949999999999999289, 2.490000000000000213 ) ) ;
#460 = SURFACE_STYLE_USAGE ( .BOTH. , #778 ) ;
#461 = ORIENTED_EDGE ( 'NONE', *, *, #3939, .F. ) ;
#462 = ORIENTED_EDGE ( 'NONE', *, *, #510, .T. ) ;
#463 = FACE_OUTER_BOUND ( 'NONE', #2838, .T. ) ;
#464 = DIRECTION ( 'NONE',  ( 0.000000000000000000, 0.000000000000000000, -1.000000000000000000 ) ) ;
#465 = ORIENTED_EDGE ( 'NONE', *, *, #1165, .F. ) ;
#466 = VERTEX_POINT ( 'NONE', #3492 ) ;
#467 = LINE ( 'NONE', #1900, #346 ) ;
#468 = CARTESIAN_POINT ( 'NONE',  ( -0.2500000000000000000, 11.35999999899999935, 0.8399999999999600009 ) ) ;
#469 = LINE ( 'NONE', #3914, #4337 ) ;
#470 = ORIENTED_EDGE ( 'NONE', *, *, #2742, .T. ) ;
#471 = EDGE_CURVE ( 'NONE', #3936, #1423, #1995, .T. ) ;
#472 = ORIENTED_EDGE ( 'NONE', *, *, #1496, .T. ) ;
#473 = ORIENTED_EDGE ( 'NONE', *, *, #3964, .F. ) ;
#474 = PLANE ( 'NONE',  #4739 ) ;
#475 = DIRECTION ( 'NONE',  ( 0.000000000000000000, 0.7071067811865450192, 0.7071067811865500152 ) ) ;
#476 = DIRECTION ( 'NONE',  ( 0.000000000000000000, 1.000000000000000000, 0.000000000000000000 ) ) ;
#477 = DIRECTION ( 'NONE',  ( 1.000000000000000000, 0.000000000000000000, -4.274258564606250059E-16 ) ) ;
#478 = EDGE_CURVE ( 'NONE', #2176, #1719, #1333, .T. ) ;
#479 = EDGE_CURVE ( 'NONE', #2659, #2837, #4596, .T. ) ;
#480 = CARTESIAN_POINT ( 'NONE',  ( -3.200000000000000178, 9.099999999999999645, 0.1799999999999949973 ) ) ;
#481 = DIRECTION ( 'NONE',  ( 0.000000000000000000, 0.000000000000000000, 1.000000000000000000 ) ) ;
#482 = DIRECTION ( 'NONE',  ( -0.000000000000000000, 1.000000000000000000, 0.000000000000000000 ) ) ;
#483 = VECTOR ( 'NONE', #1700, 1000.000000000000000 ) ;
#484 = LINE ( 'NONE', #2016, #1049 ) ;
#485 = ORIENTED_EDGE ( 'NONE', *, *, #2143, .T. ) ;
#486 = ORIENTED_EDGE ( 'NONE', *, *, #2914, .F. ) ;
#487 = EDGE_CURVE ( 'NONE', #2564, #1407, #4224, .T. ) ;
#488 = AXIS2_PLACEMENT_3D ( 'NONE', #2990, #68, #1518 ) ;
#490 = LINE ( 'NONE', #149, #3947 ) ;
#489 = DIRECTION ( 'NONE',  ( 1.000000000000000000, 0.000000000000000000, 0.000000000000000000 ) ) ;
#491 = DIRECTION ( 'NONE',  ( 1.000000000000000000, 0.000000000000000000, 0.000000000000000000 ) ) ;
#492 = CARTESIAN_POINT ( 'NONE',  ( -3.425000000000000266, 9.099999999999999645, 2.250000000000000000 ) ) ;
#493 = VERTEX_POINT ( 'NONE', #1631 ) ;
#494 = ORIENTED_EDGE ( 'NONE', *, *, #3811, .T. ) ;
#495 = VECTOR ( 'NONE', #1098, 1000.000000000000000 ) ;
#496 = VECTOR ( 'NONE', #124, 1000.000000000000000 ) ;
#497 = CARTESIAN_POINT ( 'NONE',  ( -0.1950000000000000067, 6.599999999999999645, 0.3099999999999999978 ) ) ;
#498 = CARTESIAN_POINT ( 'NONE',  ( -4.315000000000000391, 6.750000000000000000, 3.939999999999999947 ) ) ;
#499 = CARTESIAN_POINT ( 'NONE',  ( -4.754999999999999893, 6.599999999999999645, 0.3699999999999999956 ) ) ;
#500 = ORIENTED_EDGE ( 'NONE', *, *, #1808, .T. ) ;
#501 = AXIS2_PLACEMENT_3D ( 'NONE', #1504, #3000, #329 ) ;
#502 = VERTEX_POINT ( 'NONE', #4677 ) ;
#503 = VERTEX_POINT ( 'NONE', #3202 ) ;
#504 = AXIS2_PLACEMENT_3D ( 'NONE', #407, #3086, #1913 ) ;
#505 = VECTOR ( 'NONE', #3667, 1000.000000000000000 ) ;
#506 = CARTESIAN_POINT ( 'NONE',  ( -4.975000000000000533, 11.35000000000000142, -0.02000000000000000042 ) ) ;
#507 = CARTESIAN_POINT ( 'NONE',  ( -3.924999999999999822, 5.049999999999999822, 2.160000000000000142 ) ) ;
#508 = DIRECTION ( 'NONE',  ( 1.000000000000000000, 0.000000000000000000, 0.000000000000000000 ) ) ;
#509 = CARTESIAN_POINT ( 'NONE',  ( 1.474999999999999867, 7.299999999999999822, 1.909999999999999920 ) ) ;
#510 = EDGE_CURVE ( 'NONE', #3967, #3275, #2751, .T. ) ;
#511 = AXIS2_PLACEMENT_3D ( 'NONE', #1175, #51, #464 ) ;
#512 = VECTOR ( 'NONE', #826, 1000.000000000000000 ) ;
#513 = LINE ( 'NONE', #2481, #353 ) ;
#514 = PLANE ( 'NONE',  #3963 ) ;
#515 = CIRCLE ( 'NONE', #1614, 0.3000000000000000444 ) ;
#516 = CARTESIAN_POINT ( 'NONE',  ( 2.324999999999999734, 7.700000000000000178, 1.690000000000000169 ) ) ;
#517 = LINE ( 'NONE', #3197, #2289 ) ;
#518 = ADVANCED_FACE ( 'NONE', ( #2809 ), #4618, .F. ) ;
#519 = VERTEX_POINT ( 'NONE', #3519 ) ;
#520 = EDGE_LOOP ( 'NONE', ( #843, #535, #2124, #3302 ) ) ;
#522 = DIRECTION ( 'NONE',  ( 1.000000000000000000, 0.000000000000000000, 0.000000000000000000 ) ) ;
#521 = DIRECTION ( 'NONE',  ( 0.000000000000000000, -1.000000000000000000, 0.000000000000000000 ) ) ;
#523 = CARTESIAN_POINT ( 'NONE',  ( 2.575000000000000178, 5.049999999999999822, 2.160000000000000142 ) ) ;
#524 = CARTESIAN_POINT ( 'NONE',  ( 2.630501004020099565, 6.599999999999999645, 0.2400000000000000189 ) ) ;
#525 = EDGE_CURVE ( 'NONE', #785, #2959, #884, .T. ) ;
#526 = ORIENTED_EDGE ( 'NONE', *, *, #375, .F. ) ;
#527 = ORIENTED_EDGE ( 'NONE', *, *, #4593, .T. ) ;
#528 = EDGE_CURVE ( 'NONE', #2191, #3771, #2414, .T. ) ;
#529 = DIRECTION ( 'NONE',  ( 0.000000000000000000, -1.000000000000000000, -1.472373320659329742E-16 ) ) ;
#530 = LINE ( 'NONE', #2028, #2862 ) ;
#531 = LINE ( 'NONE', #1259, #2144 ) ;
#532 = ORIENTED_EDGE ( 'NONE', *, *, #3251, .T. ) ;
#533 = EDGE_CURVE ( 'NONE', #3168, #4771, #3541, .T. ) ;
#534 = VERTEX_POINT ( 'NONE', #2532 ) ;
#535 = ORIENTED_EDGE ( 'NONE', *, *, #931, .T. ) ;
#536 = DIRECTION ( 'NONE',  ( 1.000000000000000000, -2.252887631138710307E-15, 6.259311511256510532E-16 ) ) ;
#537 = DIRECTION ( 'NONE',  ( -6.240012503513690548E-16, 0.000000000000000000, 1.000000000000000000 ) ) ;
#538 = LINE ( 'NONE', #165, #4425 ) ;
#539 = LINE ( 'NONE', #2346, #3701 ) ;
#540 = LINE ( 'NONE', #2092, #35 ) ;
#541 = CARTESIAN_POINT ( 'NONE',  ( 3.375000000000000000, 4.000000000000000000, -0.06000000000000080269 ) ) ;
#542 = ORIENTED_EDGE ( 'NONE', *, *, #1171, .F. ) ;
#543 = EDGE_LOOP ( 'NONE', ( #948, #2670, #236, #4419 ) ) ;
#544 = ADVANCED_FACE ( 'NONE', ( #4400 ), #3245, .T. ) ;
#546 = DIRECTION ( 'NONE',  ( -1.000000000000000000, 0.000000000000000000, 0.000000000000000000 ) ) ;
#545 = DIRECTION ( 'NONE',  ( -1.957043632645309641E-16, 0.000000000000000000, -1.000000000000000000 ) ) ;
#547 = DIRECTION ( 'NONE',  ( -1.000000000000000000, 0.000000000000000000, 0.000000000000000000 ) ) ;
#548 = DIRECTION ( 'NONE',  ( 0.000000000000000000, 1.000000000000000000, 0.000000000000000000 ) ) ;
#549 = VERTEX_POINT ( 'NONE', #713 ) ;
#550 = VERTEX_POINT ( 'NONE', #1826 ) ;
#551 = EDGE_CURVE ( 'NONE', #1021, #4102, #3274, .T. ) ;
#552 = ADVANCED_FACE ( 'NONE', ( #248 ), #2582, .F. ) ;
#553 = LINE ( 'NONE', #943, #1206 ) ;
#554 = LINE ( 'NONE', #2756, #1522 ) ;
#555 = DIRECTION ( 'NONE',  ( 0.000000000000000000, -1.000000000000000000, 0.000000000000000000 ) ) ;
#556 = ORIENTED_EDGE ( 'NONE', *, *, #1959, .F. ) ;
#557 = ORIENTED_EDGE ( 'NONE', *, *, #1112, .F. ) ;
#558 = ORIENTED_EDGE ( 'NONE', *, *, #4084, .T. ) ;
#559 = CYLINDRICAL_SURFACE ( 'NONE', #4428, 0.1800000000000000488 ) ;
#560 = LINE ( 'NONE', #2763, #746 ) ;
#561 = DIRECTION ( 'NONE',  ( -3.872150616019790475E-16, 0.000000000000000000, -1.000000000000000000 ) ) ;
#562 = CARTESIAN_POINT ( 'NONE',  ( -2.194999999999999840, 9.099999999999999645, 0.3099999999999999978 ) ) ;
#563 = DIRECTION ( 'NONE',  ( 1.000000000000000000, 0.000000000000000000, 0.000000000000000000 ) ) ;
#564 = DIRECTION ( 'NONE',  ( 0.000000000000000000, 1.000000000000000000, 0.000000000000000000 ) ) ;
#565 = CARTESIAN_POINT ( 'NONE',  ( 2.975000000000000089, 11.35000000000000142, -0.02000000000000489928 ) ) ;
#566 = EDGE_LOOP ( 'NONE', ( #1177, #2496, #678, #2575 ) ) ;
#567 = CARTESIAN_POINT ( 'NONE',  ( -4.325000000000000178, 10.59999999999999964, 2.100000000000000089 ) ) ;
#568 = DIRECTION ( 'NONE',  ( 5.825563911862410695E-15, 0.000000000000000000, 1.000000000000000000 ) ) ;
#569 = CARTESIAN_POINT ( 'NONE',  ( 2.975000000000000089, 3.750000000000000000, 2.540000000000000036 ) ) ;
#570 = ORIENTED_EDGE ( 'NONE', *, *, #4364, .F. ) ;
#571 = ORIENTED_EDGE ( 'NONE', *, *, #3550, .T. ) ;
#572 = ADVANCED_FACE ( 'NONE', ( #1034 ), #1011, .F. ) ;
#573 = AXIS2_PLACEMENT_3D ( 'NONE', #4176, #2394, #2361 ) ;
#574 = VECTOR ( 'NONE', #1471, 1000.000000000000000 ) ;
#575 = CARTESIAN_POINT ( 'NONE',  ( -2.250000000000000000, 11.69999999899999921, 0.03999999999996569494 ) ) ;
#576 = FACE_OUTER_BOUND ( 'NONE', #1465, .T. ) ;
#577 = ORIENTED_EDGE ( 'NONE', *, *, #1685, .T. ) ;
#578 = ORIENTED_EDGE ( 'NONE', *, *, #3836, .T. ) ;
#579 = EDGE_CURVE ( 'NONE', #1603, #3456, #4790, .T. ) ;
#580 = CIRCLE ( 'NONE', #2293, 0.4300000000000000488 ) ;
#581 = VERTEX_POINT ( 'NONE', #4817 ) ;
#582 = ORIENTED_EDGE ( 'NONE', *, *, #1191, .T. ) ;
#583 = DIRECTION ( 'NONE',  ( 0.000000000000000000, -1.000000000000000000, 0.000000000000000000 ) ) ;
#584 = LINE ( 'NONE', #507, #4197 ) ;
#585 = CIRCLE ( 'NONE', #2385, 0.3000000000000000444 ) ;
#586 = DIRECTION ( 'NONE',  ( -1.000000000000000000, 0.000000000000000000, 0.000000000000000000 ) ) ;
#587 = EDGE_CURVE ( 'NONE', #4592, #1626, #4769, .T. ) ;
#588 = VECTOR ( 'NONE', #1361, 1000.000000000000000 ) ;
#589 = VECTOR ( 'NONE', #4076, 1000.000000000000000 ) ;
#590 = FACE_OUTER_BOUND ( 'NONE', #1230, .T. ) ;
#591 =( LENGTH_UNIT ( ) NAMED_UNIT ( * ) SI_UNIT ( .MILLI., .METRE. ) );
#592 = LINE ( 'NONE', #2095, #98 ) ;
#593 = VECTOR ( 'NONE', #763, 1000.000000000000000 ) ;
#594 = VECTOR ( 'NONE', #732, 1000.000000000000000 ) ;
#595 = EDGE_CURVE ( 'NONE', #364, #3910, #1732, .T. ) ;
#596 = ORIENTED_EDGE ( 'NONE', *, *, #84, .T. ) ;
#597 = VECTOR ( 'NONE', #1562, 1000.000000000000000 ) ;
#598 = DIRECTION ( 'NONE',  ( 0.000000000000000000, -1.000000000000000000, 0.000000000000000000 ) ) ;
#599 = LINE ( 'NONE', #2726, #2788 ) ;
#600 = DIRECTION ( 'NONE',  ( 0.000000000000000000, -1.000000000000000000, 0.000000000000000000 ) ) ;
#601 = ORIENTED_EDGE ( 'NONE', *, *, #2258, .F. ) ;
#602 = EDGE_LOOP ( 'NONE', ( #235, #3315, #1391, #1718 ) ) ;
#603 = FACE_OUTER_BOUND ( 'NONE', #1008, .T. ) ;
#604 = FACE_OUTER_BOUND ( 'NONE', #4260, .T. ) ;
#605 = ORIENTED_EDGE ( 'NONE', *, *, #3589, .T. ) ;
#606 = ORIENTED_EDGE ( 'NONE', *, *, #279, .F. ) ;
#607 = ORIENTED_EDGE ( 'NONE', *, *, #874, .T. ) ;
#608 = EDGE_LOOP ( 'NONE', ( #41, #4702, #1656, #4722 ) ) ;
#609 = ADVANCED_FACE ( 'NONE', ( #4054 ), #4745, .F. ) ;
#610 = CARTESIAN_POINT ( 'NONE',  ( 2.575000000000000178, 7.700000000000000178, 2.200000000000000178 ) ) ;
#611 = CARTESIAN_POINT ( 'NONE',  ( -1.750000000000000000, 6.949999999999999289, 2.490000000000000213 ) ) ;
#612 = EDGE_CURVE ( 'NONE', #52, #581, #694, .T. ) ;
#613 = ADVANCED_FACE ( 'NONE', ( #2190 ), #4074, .T. ) ;
#614 = FACE_OUTER_BOUND ( 'NONE', #1918, .T. ) ;
#615 = SURFACE_STYLE_USAGE ( .BOTH. , #4737 ) ;
#616 = DIRECTION ( 'NONE',  ( -0.4472135954999599816, 0.8944271909999149672, 0.000000000000000000 ) ) ;
#617 = ORIENTED_EDGE ( 'NONE', *, *, #1474, .F. ) ;
#618 = CARTESIAN_POINT ( 'NONE',  ( -1.750000000000000000, 11.59999999900000134, -0.06000000000003419959 ) ) ;
#619 = CARTESIAN_POINT ( 'NONE',  ( -1.750000000000000000, 11.35999999899999935, 0.8399999999999600009 ) ) ;
#620 = LINE ( 'NONE', #2119, #257 ) ;
#621 = EDGE_LOOP ( 'NONE', ( #3578, #3814, #2141, #1341, #105 ) ) ;
#622 = ORIENTED_EDGE ( 'NONE', *, *, #1627, .T. ) ;
#623 = DIRECTION ( 'NONE',  ( 0.000000000000000000, 0.000000000000000000, -1.000000000000000000 ) ) ;
#624 = LINE ( 'NONE', #4794, #4030 ) ;
#625 = ORIENTED_EDGE ( 'NONE', *, *, #1386, .T. ) ;
#626 = VERTEX_POINT ( 'NONE', #4354 ) ;
#627 = ORIENTED_EDGE ( 'NONE', *, *, #1704, .T. ) ;
#628 = ORIENTED_EDGE ( 'NONE', *, *, #84, .F. ) ;
#629 = CARTESIAN_POINT ( 'NONE',  ( 0.2500000000000000000, 11.35000000000000142, 0.000000000000000000 ) ) ;
#630 = DIRECTION ( 'NONE',  ( -1.000000000000000000, 0.000000000000000000, 4.015563601798300393E-16 ) ) ;
#631 = EDGE_CURVE ( 'NONE', #3965, #4726, #2509, .T. ) ;
#632 = DIRECTION ( 'NONE',  ( -1.000000000000000000, 0.000000000000000000, 4.015563601798300393E-16 ) ) ;
#633 = CARTESIAN_POINT ( 'NONE',  ( 2.575000000000000178, 4.000000000000000000, 0.3699999999999999956 ) ) ;
#634 = CARTESIAN_POINT ( 'NONE',  ( -2.250000000000000000, 6.949999999999999289, 2.490000000000000213 ) ) ;
#635 = ADVANCED_FACE ( 'NONE', ( #2881 ), #1383, .F. ) ;
#636 = EDGE_CURVE ( 'NONE', #130, #3965, #2139, .T. ) ;
#637 = ORIENTED_EDGE ( 'NONE', *, *, #666, .T. ) ;
#638 = DIRECTION ( 'NONE',  ( -3.120006251756850204E-16, 0.000000000000000000, -1.000000000000000000 ) ) ;
#639 = DIRECTION ( 'NONE',  ( 0.000000000000000000, -1.000000000000000000, 0.000000000000000000 ) ) ;
#640 = DIRECTION ( 'NONE',  ( 0.000000000000000000, 0.000000000000000000, -1.000000000000000000 ) ) ;
#641 = ORIENTED_EDGE ( 'NONE', *, *, #2761, .F. ) ;
#642 = ORIENTED_EDGE ( 'NONE', *, *, #3812, .F. ) ;
#643 = ADVANCED_FACE ( 'NONE', ( #1426, #4422 ), #2563, .F. ) ;
#644 = DIRECTION ( 'NONE',  ( 0.000000000000000000, -1.000000000000000000, 0.000000000000000000 ) ) ;
#645 = PLANE ( 'NONE',  #4181 ) ;
#646 = CARTESIAN_POINT ( 'NONE',  ( -4.145000000000000462, 7.299999999999999822, 2.160000000000000142 ) ) ;
#647 = EDGE_LOOP ( 'NONE', ( #853, #1173, #92 ) ) ;
#648 = ORIENTED_EDGE ( 'NONE', *, *, #3772, .F. ) ;
#649 = VECTOR ( 'NONE', #4633, 1000.000000000000000 ) ;
#650 = VECTOR ( 'NONE', #548, 1000.000000000000000 ) ;
#651 = ORIENTED_EDGE ( 'NONE', *, *, #2998, .F. ) ;
#652 = ORIENTED_EDGE ( 'NONE', *, *, #479, .T. ) ;
#653 = CARTESIAN_POINT ( 'NONE',  ( 2.575000000000000178, 6.599999999999999645, 0.2700000000000000178 ) ) ;
#654 = LINE ( 'NONE', #1416, #1380 ) ;
#655 = VECTOR ( 'NONE', #476, 1000.000000000000000 ) ;
#656 = DIRECTION ( 'NONE',  ( 0.000000000000000000, 1.000000000000000000, 0.000000000000000000 ) ) ;
#657 = LINE ( 'NONE', #336, #2475 ) ;
#658 = EDGE_CURVE ( 'NONE', #2319, #1313, #620, .T. ) ;
#659 = DIRECTION ( 'NONE',  ( 1.000000000000000000, 0.000000000000000000, 0.000000000000000000 ) ) ;
#660 = CARTESIAN_POINT ( 'NONE',  ( 1.474999999999999867, 6.599999999999999645, 2.160000000000000142 ) ) ;
#661 = AXIS2_PLACEMENT_3D ( 'NONE', #3688, #2275, #851 ) ;
#662 = AXIS2_PLACEMENT_3D ( 'NONE', #356, #2244, #3329 ) ;
#663 = ORIENTED_EDGE ( 'NONE', *, *, #533, .T. ) ;
#664 = DIRECTION ( 'NONE',  ( 0.000000000000000000, 1.000000000000000000, 0.000000000000000000 ) ) ;
#665 = AXIS2_PLACEMENT_3D ( 'NONE', #4384, #4311, #254 ) ;
#666 = EDGE_CURVE ( 'NONE', #4163, #3724, #1043, .T. ) ;
#667 = FACE_OUTER_BOUND ( 'NONE', #2518, .T. ) ;
#668 = DIRECTION ( 'NONE',  ( -0.000000000000000000, 1.000000000000000000, 0.000000000000000000 ) ) ;
#669 = ORIENTED_EDGE ( 'NONE', *, *, #3186, .F. ) ;
#670 = VERTEX_POINT ( 'NONE', #3769 ) ;
#671 = VECTOR ( 'NONE', #3796, 1000.000000000000000 ) ;
#672 = AXIS2_PLACEMENT_3D ( 'NONE', #3922, #563, #4240 ) ;
#673 = CYLINDRICAL_SURFACE ( 'NONE', #3179, 0.1800000000000000488 ) ;
#674 = ADVANCED_FACE ( 'NONE', ( #3410 ), #1570, .F. ) ;
#675 = EDGE_CURVE ( 'NONE', #2078, #4771, #178, .T. ) ;
#676 = DIRECTION ( 'NONE',  ( 0.000000000000000000, -1.000000000000000000, 0.000000000000000000 ) ) ;
#677 = VECTOR ( 'NONE', #406, 1000.000000000000000 ) ;
#678 = ORIENTED_EDGE ( 'NONE', *, *, #1082, .F. ) ;
#679 = VECTOR ( 'NONE', #2292, 1000.000000000000000 ) ;
#680 = ORIENTED_EDGE ( 'NONE', *, *, #425, .T. ) ;
#681 = VERTEX_POINT ( 'NONE', #2650 ) ;
#682 = ORIENTED_EDGE ( 'NONE', *, *, #2042, .T. ) ;
#683 = LINE ( 'NONE', #2912, #4663 ) ;
#684 = ADVANCED_FACE ( 'NONE', ( #734 ), #386, .F. ) ;
#685 = DIRECTION ( 'NONE',  ( 1.000000000000000000, 0.000000000000000000, 5.825563911862400440E-15 ) ) ;
#686 = ORIENTED_EDGE ( 'NONE', *, *, #369, .F. ) ;
#687 = CARTESIAN_POINT ( 'NONE',  ( -4.754999999999999893, 4.000000000000000000, 0.3699999999999999956 ) ) ;
#688 = PLANE ( 'NONE',  #3960 ) ;
#689 = CARTESIAN_POINT ( 'NONE',  ( 2.575000000000000178, 9.099999999999999645, 2.100000000000000089 ) ) ;
#690 = FACE_OUTER_BOUND ( 'NONE', #520, .T. ) ;
#691 = ORIENTED_EDGE ( 'NONE', *, *, #1109, .F. ) ;
#692 = PLANE ( 'NONE',  #1068 ) ;
#693 = DIRECTION ( 'NONE',  ( 0.000000000000000000, -1.000000000000000000, 0.000000000000000000 ) ) ;
#694 = LINE ( 'NONE', #1803, #3389 ) ;
#695 = VERTEX_POINT ( 'NONE', #3060 ) ;
#696 = EDGE_CURVE ( 'NONE', #2230, #549, #408, .T. ) ;
#697 = CARTESIAN_POINT ( 'NONE',  ( 2.575000000000000178, 8.630000000000000782, 2.140000000000000124 ) ) ;
#698 = LINE ( 'NONE', #3037, #106 ) ;
#699 = VERTEX_POINT ( 'NONE', #3707 ) ;
#700 = ORIENTED_EDGE ( 'NONE', *, *, #811, .F. ) ;
#701 = EDGE_CURVE ( 'NONE', #3228, #1355, #367, .T. ) ;
#702 = EDGE_CURVE ( 'NONE', #2187, #4825, #1914, .T. ) ;
#703 = ORIENTED_EDGE ( 'NONE', *, *, #1685, .F. ) ;
#704 = CARTESIAN_POINT ( 'NONE',  ( 2.314999999999999947, 9.099999999999999645, 0.3800000000000000044 ) ) ;
#705 = PLANE ( 'NONE',  #2091 ) ;
#706 = VERTEX_POINT ( 'NONE', #3346 ) ;
#707 = CARTESIAN_POINT ( 'NONE',  ( -4.315000000000000391, 7.450000000000000178, 1.909999999999999920 ) ) ;
#708 = CARTESIAN_POINT ( 'NONE',  ( 2.324999999999999734, 8.525999999999999801, 2.200000000000000178 ) ) ;
#709 = CARTESIAN_POINT ( 'NONE',  ( 0.2500000000000000000, 11.35999999899999935, 0.8399999999999600009 ) ) ;
#710 = ORIENTED_EDGE ( 'NONE', *, *, #4062, .T. ) ;
#711 = DIRECTION ( 'NONE',  ( 1.000000000000000000, 0.000000000000000000, -1.734723475976810053E-15 ) ) ;
#712 = FACE_OUTER_BOUND ( 'NONE', #4010, .T. ) ;
#713 = CARTESIAN_POINT ( 'NONE',  ( -2.250000000000000000, 11.69999999899999921, 0.5399999999999659517 ) ) ;
#714 = ORIENTED_EDGE ( 'NONE', *, *, #4066, .T. ) ;
#715 = CARTESIAN_POINT ( 'NONE',  ( -0.1950000000000000067, 9.099999999999999645, 0.1800000000000030187 ) ) ;
#716 = ADVANCED_FACE ( 'NONE', ( #2255 ), #4536, .T. ) ;
#717 = ORIENTED_EDGE ( 'NONE', *, *, #116, .F. ) ;
#718 = ORIENTED_EDGE ( 'NONE', *, *, #2463, .F. ) ;
#719 = ORIENTED_EDGE ( 'NONE', *, *, #3503, .T. ) ;
#720 = DIRECTION ( 'NONE',  ( 0.000000000000000000, 1.000000000000000000, 7.228014483236689653E-17 ) ) ;
#721 = DIRECTION ( 'NONE',  ( 4.872818752743839266E-16, 0.000000000000000000, 1.000000000000000000 ) ) ;
#722 = EDGE_CURVE ( 'NONE', #2506, #2495, #4516, .T. ) ;
#723 = VECTOR ( 'NONE', #1752, 1000.000000000000000 ) ;
#724 = ORIENTED_EDGE ( 'NONE', *, *, #1178, .F. ) ;
#725 = DIRECTION ( 'NONE',  ( -6.377659838150039539E-16, 0.000000000000000000, -1.000000000000000000 ) ) ;
#726 = DIRECTION ( 'NONE',  ( 1.000000000000000000, 0.000000000000000000, 4.808961248927650018E-16 ) ) ;
#727 = EDGE_CURVE ( 'NONE', #4839, #4854, #799, .T. ) ;
#728 = VECTOR ( 'NONE', #199, 1000.000000000000000 ) ;
#729 = FACE_OUTER_BOUND ( 'NONE', #2018, .T. ) ;
#730 = ORIENTED_EDGE ( 'NONE', *, *, #1172, .F. ) ;
#731 = VECTOR ( 'NONE', #2268, 1000.000000000000000 ) ;
#732 = DIRECTION ( 'NONE',  ( 1.000000000000000000, 0.000000000000000000, -4.015563601798300393E-16 ) ) ;
#733 = CARTESIAN_POINT ( 'NONE',  ( -4.975000000000000533, 6.750000000000000000, -0.02000000000000489928 ) ) ;
#734 = FACE_OUTER_BOUND ( 'NONE', #941, .T. ) ;
#735 = ORIENTED_EDGE ( 'NONE', *, *, #861, .F. ) ;
#736 = VECTOR ( 'NONE', #3862, 1000.000000000000000 ) ;
#737 = ORIENTED_EDGE ( 'NONE', *, *, #2833, .T. ) ;
#738 = AXIS2_PLACEMENT_3D ( 'NONE', #2932, #4430, #2193 ) ;
#739 = VECTOR ( 'NONE', #1573, 1000.000000000000000 ) ;
#740 = LINE ( 'NONE', #1014, #3793 ) ;
#741 = DIRECTION ( 'NONE',  ( 0.000000000000000000, -1.000000000000000000, 2.710505431213769713E-17 ) ) ;
#742 = ORIENTED_EDGE ( 'NONE', *, *, #1172, .T. ) ;
#743 = VERTEX_POINT ( 'NONE', #4842 ) ;
#744 = VECTOR ( 'NONE', #4447, 1000.000000000000000 ) ;
#745 = VECTOR ( 'NONE', #3237, 1000.000000000000000 ) ;
#746 = VECTOR ( 'NONE', #2342, 1000.000000000000000 ) ;
#747 = DIRECTION ( 'NONE',  ( -1.000000000000000000, 0.000000000000000000, 0.000000000000000000 ) ) ;
#748 = DIRECTION ( 'NONE',  ( 0.000000000000000000, 0.000000000000000000, 1.000000000000000000 ) ) ;
#749 = EDGE_CURVE ( 'NONE', #4795, #2814, #1476, .T. ) ;
#750 = VERTEX_POINT ( 'NONE', #1150 ) ;
#751 = CARTESIAN_POINT ( 'NONE',  ( -1.804999999999999938, 6.599999999999999645, 0.1800000000000030187 ) ) ;
#752 = CARTESIAN_POINT ( 'NONE',  ( -4.975000000000000533, 10.80999999900000041, -0.02000000000000000042 ) ) ;
#753 = LINE ( 'NONE', #338, #3777 ) ;
#754 = LINE ( 'NONE', #2251, #4409 ) ;
#755 = EDGE_CURVE ( 'NONE', #3134, #4706, #2276, .T. ) ;
#756 = ADVANCED_FACE ( 'NONE', ( #1123 ), #4094, .F. ) ;
#757 = LINE ( 'NONE', #85, #3184 ) ;
#758 = CARTESIAN_POINT ( 'NONE',  ( 2.324999999999999734, 7.299999999999999822, 1.690000000000000169 ) ) ;
#759 = LINE ( 'NONE', #1247, #3469 ) ;
#760 = EDGE_LOOP ( 'NONE', ( #3572, #2259, #3885, #2410 ) ) ;
#761 = ORIENTED_EDGE ( 'NONE', *, *, #1258, .T. ) ;
#762 = LINE ( 'NONE', #389, #2157 ) ;
#763 = DIRECTION ( 'NONE',  ( 0.000000000000000000, 0.000000000000000000, 1.000000000000000000 ) ) ;
#764 = ORIENTED_EDGE ( 'NONE', *, *, #3242, .T. ) ;
#765 = ORIENTED_EDGE ( 'NONE', *, *, #160, .T. ) ;
#766 = CARTESIAN_POINT ( 'NONE',  ( 2.145000000000000018, 6.150000000000000355, 2.160000000000000142 ) ) ;
#767 = CARTESIAN_POINT ( 'NONE',  ( -4.575000000000000178, 5.049999999999999822, 2.160000000000000142 ) ) ;
#768 = VERTEX_POINT ( 'NONE', #3729 ) ;
#769 = LINE ( 'NONE', #707, #2220 ) ;
#770 = CARTESIAN_POINT ( 'NONE',  ( -4.315000000000000391, 7.450000000000000178, 1.909999999999999920 ) ) ;
#771 = CARTESIAN_POINT ( 'NONE',  ( -4.315000000000000391, 9.099999999999999645, 2.200000000000000178 ) ) ;
#772 = DIRECTION ( 'NONE',  ( -4.765723835101129563E-16, 0.000000000000000000, -1.000000000000000000 ) ) ;
#773 = EDGE_CURVE ( 'NONE', #1896, #2528, #3363, .T. ) ;
#774 = CARTESIAN_POINT ( 'NONE',  ( 2.725000000000000089, 6.599999999999999645, 0.3400000000000000244 ) ) ;
#775 = CARTESIAN_POINT ( 'NONE',  ( -0.1950000000000000067, 9.099999999999999645, 0.3099999999999999978 ) ) ;
#776 = LINE ( 'NONE', #3454, #1127 ) ;
#777 = MANIFOLD_SOLID_BREP ( 'Imported1', #1581 ) ;
#778 = SURFACE_SIDE_STYLE ('',( #4141 ) ) ;
#779 = EDGE_CURVE ( 'NONE', #2937, #2598, #484, .T. ) ;
#780 = ORIENTED_EDGE ( 'NONE', *, *, #2865, .F. ) ;
#781 = ORIENTED_EDGE ( 'NONE', *, *, #2956, .F. ) ;
#782 = DIRECTION ( 'NONE',  ( 6.240012503513690548E-16, 0.000000000000000000, -1.000000000000000000 ) ) ;
#783 = DIRECTION ( 'NONE',  ( -0.000000000000000000, 1.000000000000000000, 0.000000000000000000 ) ) ;
#784 = EDGE_CURVE ( 'NONE', #3852, #1318, #759, .T. ) ;
#785 = VERTEX_POINT ( 'NONE', #2039 ) ;
#786 = ORIENTED_EDGE ( 'NONE', *, *, #1398, .F. ) ;
#787 = FACE_OUTER_BOUND ( 'NONE', #996, .T. ) ;
#788 = CARTESIAN_POINT ( 'NONE',  ( 2.584999999999999964, 6.599999999999999645, 0.3108392021690090101 ) ) ;
#789 = VERTEX_POINT ( 'NONE', #1648 ) ;
#790 = DIRECTION ( 'NONE',  ( 1.000000000000000000, 0.000000000000000000, -6.145517031148180600E-16 ) ) ;
#791 = CARTESIAN_POINT ( 'NONE',  ( 0.1950000000000000067, 6.599999999999999645, 0.1800000000000030187 ) ) ;
#792 = CARTESIAN_POINT ( 'NONE',  ( 2.145000000000000018, 5.049999999999999822, 2.160000000000000142 ) ) ;
#793 = CARTESIAN_POINT ( 'NONE',  ( 2.584999999999999964, 9.099999999999999645, 0.3800000000000000044 ) ) ;
#794 = AXIS2_PLACEMENT_3D ( 'NONE', #4700, #1253, #4249 ) ;
#795 = EDGE_CURVE ( 'NONE', #3378, #2891, #3455, .T. ) ;
#796 = DIRECTION ( 'NONE',  ( 0.000000000000000000, -1.000000000000000000, 0.000000000000000000 ) ) ;
#797 = CARTESIAN_POINT ( 'NONE',  ( -4.754999999999999893, 6.599999999999999645, 0.3699999999999999956 ) ) ;
#798 = CARTESIAN_POINT ( 'NONE',  ( -1.750000000000000000, 6.949999999999999289, 2.490000000000000213 ) ) ;
#799 = LINE ( 'NONE', #2694, #3779 ) ;
#800 = ORIENTED_EDGE ( 'NONE', *, *, #5, .F. ) ;
#801 = AXIS2_PLACEMENT_3D ( 'NONE', #2985, #2915, #360 ) ;
#802 = ORIENTED_EDGE ( 'NONE', *, *, #4572, .T. ) ;
#803 = EDGE_CURVE ( 'NONE', #3364, #940, #3141, .T. ) ;
#804 = CARTESIAN_POINT ( 'NONE',  ( 1.199999999999999956, 9.099999999999999645, 0.1800000000000000211 ) ) ;
#805 = LINE ( 'NONE', #4199, #3334 ) ;
#806 = VECTOR ( 'NONE', #536, 1000.000000000000000 ) ;
#807 = ORIENTED_EDGE ( 'NONE', *, *, #4143, .F. ) ;
#808 = ORIENTED_EDGE ( 'NONE', *, *, #412, .T. ) ;
#809 = VECTOR ( 'NONE', #3857, 1000.000000000000000 ) ;
#810 = VECTOR ( 'NONE', #3219, 1000.000000000000000 ) ;
#811 = EDGE_CURVE ( 'NONE', #3580, #1131, #1986, .T. ) ;
#812 = ADVANCED_FACE ( 'NONE', ( #3481 ), #3924, .T. ) ;
#813 = LINE ( 'NONE', #421, #3950 ) ;
#814 = CARTESIAN_POINT ( 'NONE',  ( -5.375000000000000000, 6.599999999999999645, -0.06000000000000080269 ) ) ;
#815 = AXIS2_PLACEMENT_3D ( 'NONE', #2880, #4023, #1425 ) ;
#816 = DIRECTION ( 'NONE',  ( 0.000000000000000000, -1.000000000000000000, 0.000000000000000000 ) ) ;
#817 = VECTOR ( 'NONE', #2850, 1000.000000000000000 ) ;
#818 = VERTEX_POINT ( 'NONE', #2825 ) ;
#819 = VECTOR ( 'NONE', #4554, 1000.000000000000000 ) ;
#820 = ORIENTED_EDGE ( 'NONE', *, *, #4236, .T. ) ;
#821 = CARTESIAN_POINT ( 'NONE',  ( -0.2500000000000000000, 11.69999999899999921, 0.03999999999996579902 ) ) ;
#822 = DIRECTION ( 'NONE',  ( 0.000000000000000000, 0.000000000000000000, -1.000000000000000000 ) ) ;
#823 = DIRECTION ( 'NONE',  ( -1.000000000000000000, 0.000000000000000000, 0.000000000000000000 ) ) ;
#824 = CARTESIAN_POINT ( 'NONE',  ( 2.575000000000000178, 5.049999999999999822, 0.5699999999999999512 ) ) ;
#825 = VECTOR ( 'NONE', #1818, 1000.000000000000000 ) ;
#826 = DIRECTION ( 'NONE',  ( 1.000000000000000000, 0.000000000000000000, 0.000000000000000000 ) ) ;
#827 = DIRECTION ( 'NONE',  ( 0.000000000000000000, 0.000000000000000000, 1.000000000000000000 ) ) ;
#828 = DIRECTION ( 'NONE',  ( 0.000000000000000000, 1.000000000000000000, 0.000000000000000000 ) ) ;
#829 = DIRECTION ( 'NONE',  ( 0.000000000000000000, -1.000000000000000000, 0.000000000000000000 ) ) ;
#830 = VERTEX_POINT ( 'NONE', #4243 ) ;
#831 = EDGE_LOOP ( 'NONE', ( #557, #4451, #3495, #1354 ) ) ;
#832 = FACE_OUTER_BOUND ( 'NONE', #2729, .T. ) ;
#833 = CARTESIAN_POINT ( 'NONE',  ( -4.975000000000000533, 11.35000000000000142, -0.02000000000000000042 ) ) ;
#834 = VERTEX_POINT ( 'NONE', #3563 ) ;
#835 = ORIENTED_EDGE ( 'NONE', *, *, #454, .T. ) ;
#836 = EDGE_CURVE ( 'NONE', #4149, #4614, #120, .T. ) ;
#837 = CARTESIAN_POINT ( 'NONE',  ( 2.324999999999999734, 10.59999999999999964, 2.100000000000000089 ) ) ;
#838 = PLANE ( 'NONE',  #2784 ) ;
#839 = CARTESIAN_POINT ( 'NONE',  ( -3.474999999999999645, 6.150000000000000355, 1.909999999999999920 ) ) ;
#840 = ORIENTED_EDGE ( 'NONE', *, *, #3390, .T. ) ;
#841 = EDGE_CURVE ( 'NONE', #4628, #321, #517, .T. ) ;
#842 = EDGE_CURVE ( 'NONE', #3986, #1313, #1624, .T. ) ;
#843 = ORIENTED_EDGE ( 'NONE', *, *, #3056, .T. ) ;
#844 = CARTESIAN_POINT ( 'NONE',  ( -4.724999999999999645, 4.000000000000000000, 0.3400000000000000244 ) ) ;
#845 = CARTESIAN_POINT ( 'NONE',  ( -4.325000000000000178, 6.599999999999999645, 1.729999999999999982 ) ) ;
#846 = DIRECTION ( 'NONE',  ( -1.000000000000000000, 0.000000000000000000, 0.000000000000000000 ) ) ;
#847 = CARTESIAN_POINT ( 'NONE',  ( 0.2500000000000000000, 10.74999999899999992, 0.03999999999996569494 ) ) ;
#848 = EDGE_CURVE ( 'NONE', #1809, #3665, #4694, .T. ) ;
#849 = CARTESIAN_POINT ( 'NONE',  ( 3.375000000000000000, 6.599999999999999645, -0.06000000000000080269 ) ) ;
#850 = DIRECTION ( 'NONE',  ( 1.000000000000000000, 0.000000000000000000, 0.000000000000000000 ) ) ;
#851 = DIRECTION ( 'NONE',  ( 0.000000000000000000, -1.000000000000000000, -7.228014483236689653E-17 ) ) ;
#852 =( NAMED_UNIT ( * ) SI_UNIT ( $, .STERADIAN. ) SOLID_ANGLE_UNIT ( ) );
#853 = ORIENTED_EDGE ( 'NONE', *, *, #1893, .F. ) ;
#854 = ORIENTED_EDGE ( 'NONE', *, *, #3653, .T. ) ;
#856 = PLANE ( 'NONE',  #3783 ) ;
#855 = PLANE ( 'NONE',  #4434 ) ;
#857 = FACE_OUTER_BOUND ( 'NONE', #1560, .T. ) ;
#858 = CARTESIAN_POINT ( 'NONE',  ( -2.250000000000000000, 10.84999999899999956, -0.06000000000003430367 ) ) ;
#859 = EDGE_LOOP ( 'NONE', ( #2025, #1022, #4381, #4844 ) ) ;
#860 = ORIENTED_EDGE ( 'NONE', *, *, #1728, .F. ) ;
#861 = EDGE_CURVE ( 'NONE', #1433, #3412, #3536, .T. ) ;
#862 = CARTESIAN_POINT ( 'NONE',  ( -3.474999999999999645, 7.299999999999999822, 1.909999999999999920 ) ) ;
#863 = PLANE ( 'NONE',  #1998 ) ;
#864 = FACE_OUTER_BOUND ( 'NONE', #2949, .T. ) ;
#865 = VERTEX_POINT ( 'NONE', #1272 ) ;
#866 = ORIENTED_EDGE ( 'NONE', *, *, #327, .T. ) ;
#867 = ORIENTED_EDGE ( 'NONE', *, *, #2177, .T. ) ;
#868 = EDGE_CURVE ( 'NONE', #4468, #1974, #2350, .T. ) ;
#869 = LINE ( 'NONE', #429, #736 ) ;
#870 = LINE ( 'NONE', #899, #3966 ) ;
#871 = LINE ( 'NONE', #2060, #2462 ) ;
#872 = LINE ( 'NONE', #3840, #2451 ) ;
#873 = EDGE_CURVE ( 'NONE', #2121, #2195, #4218, .T. ) ;
#874 = EDGE_CURVE ( 'NONE', #997, #3845, #169, .T. ) ;
#875 = DIRECTION ( 'NONE',  ( 0.000000000000000000, 0.000000000000000000, -1.000000000000000000 ) ) ;
#876 = LINE ( 'NONE', #541, #2556 ) ;
#877 = FACE_OUTER_BOUND ( 'NONE', #1176, .T. ) ;
#878 = VERTEX_POINT ( 'NONE', #4668 ) ;
#879 = ORIENTED_EDGE ( 'NONE', *, *, #3993, .T. ) ;
#880 = VECTOR ( 'NONE', #1194, 1000.000000000000000 ) ;
#882 = CARTESIAN_POINT ( 'NONE',  ( 2.314999999999999947, 9.099999999999999645, 0.2700000000000000178 ) ) ;
#881 = LINE ( 'NONE', #3516, #424 ) ;
#883 = CARTESIAN_POINT ( 'NONE',  ( 0.2500000000000000000, 11.69999999899999921, 0.03999999999996579902 ) ) ;
#884 = LINE ( 'NONE', #2023, #3070 ) ;
#885 = VERTEX_POINT ( 'NONE', #4396 ) ;
#886 = ORIENTED_EDGE ( 'NONE', *, *, #1398, .T. ) ;
#887 = AXIS2_PLACEMENT_3D ( 'NONE', #2236, #47, #438 ) ;
#888 = VECTOR ( 'NONE', #3135, 1000.000000000000000 ) ;
#889 = PLANE ( 'NONE',  #3257 ) ;
#890 = CARTESIAN_POINT ( 'NONE',  ( -2.200000000000000178, 6.699999999000020523, 1.429999999999970184 ) ) ;
#891 = DIRECTION ( 'NONE',  ( 4.765723835101129563E-16, 0.000000000000000000, 1.000000000000000000 ) ) ;
#892 = ORIENTED_EDGE ( 'NONE', *, *, #2527, .T. ) ;
#893 = VECTOR ( 'NONE', #1485, 1000.000000000000000 ) ;
#894 = ORIENTED_EDGE ( 'NONE', *, *, #2589, .T. ) ;
#895 = ORIENTED_EDGE ( 'NONE', *, *, #2593, .T. ) ;
#896 = VECTOR ( 'NONE', #2199, 1000.000000000000000 ) ;
#897 = VECTOR ( 'NONE', #3979, 1000.000000000000000 ) ;
#898 = CARTESIAN_POINT ( 'NONE',  ( -4.584999999999999964, 30.01500000000000057, 0.2700000000000000178 ) ) ;
#899 = CARTESIAN_POINT ( 'NONE',  ( -0.2500000000000000000, 11.59999999900000134, -0.06000000000003419959 ) ) ;
#900 = DIRECTION ( 'NONE',  ( 0.000000000000000000, 0.000000000000000000, 1.000000000000000000 ) ) ;
#901 = DIRECTION ( 'NONE',  ( -1.000000000000000000, 0.000000000000000000, 0.000000000000000000 ) ) ;
#902 = VECTOR ( 'NONE', #2168, 1000.000000000000000 ) ;
#903 = ADVANCED_FACE ( 'NONE', ( #690 ), #1446, .F. ) ;
#904 = CIRCLE ( 'NONE', #2395, 0.1800000000000000488 ) ;
#905 = CARTESIAN_POINT ( 'NONE',  ( 0.1000000000000089984, 7.700000000000000178, 2.290000000000000036 ) ) ;
#906 = PRODUCT_DEFINITION_FORMATION_WITH_SPECIFIED_SOURCE ( 'ANY', '', #1653, .NOT_KNOWN. ) ;
#907 = DIRECTION ( 'NONE',  ( -1.000000000000000000, 0.000000000000000000, 0.000000000000000000 ) ) ;
#908 = VECTOR ( 'NONE', #2367, 1000.000000000000000 ) ;
#909 = DIRECTION ( 'NONE',  ( 0.000000000000000000, 0.000000000000000000, -1.000000000000000000 ) ) ;
#910 = ORIENTED_EDGE ( 'NONE', *, *, #2584, .T. ) ;
#911 = EDGE_CURVE ( 'NONE', #4747, #2178, #2133, .T. ) ;
#912 = EDGE_CURVE ( 'NONE', #1676, #4195, #4049, .T. ) ;
#913 = ORIENTED_EDGE ( 'NONE', *, *, #4848, .F. ) ;
#915 = CARTESIAN_POINT ( 'NONE',  ( 2.324999999999999734, 9.099999999999999645, 2.100000000000000089 ) ) ;
#914 = DIRECTION ( 'NONE',  ( 0.000000000000000000, -1.000000000000000000, 0.000000000000000000 ) ) ;
#916 = DIRECTION ( 'NONE',  ( -0.000000000000000000, 1.000000000000000000, 0.000000000000000000 ) ) ;
#917 = CARTESIAN_POINT ( 'NONE',  ( 0.2500000000000000000, 11.69999999899999921, 0.5399999999999659517 ) ) ;
#918 = ORIENTED_EDGE ( 'NONE', *, *, #2042, .F. ) ;
#919 = VERTEX_POINT ( 'NONE', #1726 ) ;
#920 = CARTESIAN_POINT ( 'NONE',  ( 1.199999999999999956, 9.099999999999999645, 0.1800000000000000211 ) ) ;
#921 = CARTESIAN_POINT ( 'NONE',  ( -3.924999999999999822, 6.150000000000000355, 0.5699999999999999512 ) ) ;
#922 = DIRECTION ( 'NONE',  ( 0.000000000000000000, -1.000000000000000000, 0.000000000000000000 ) ) ;
#923 = ORIENTED_EDGE ( 'NONE', *, *, #4062, .F. ) ;
#924 = ORIENTED_EDGE ( 'NONE', *, *, #1337, .T. ) ;
#925 = ORIENTED_EDGE ( 'NONE', *, *, #4723, .F. ) ;
#926 = DIRECTION ( 'NONE',  ( 0.000000000000000000, 0.000000000000000000, -1.000000000000000000 ) ) ;
#927 = CARTESIAN_POINT ( 'NONE',  ( -4.315000000000000391, 30.01500000000000057, 0.2700000000000000178 ) ) ;
#928 = CARTESIAN_POINT ( 'NONE',  ( 0.000000000000000000, 9.099999999999999645, 0.3099999999999660250 ) ) ;
#929 = DIRECTION ( 'NONE',  ( 0.4472135954999579277, 0.8944271909999158554, 0.000000000000000000 ) ) ;
#930 = LINE ( 'NONE', #849, #1134 ) ;
#931 = EDGE_CURVE ( 'NONE', #3859, #3673, #3977, .T. ) ;
#932 = DIRECTION ( 'NONE',  ( 0.000000000000000000, 0.000000000000000000, 1.000000000000000000 ) ) ;
#933 = DIRECTION ( 'NONE',  ( 0.000000000000000000, 0.000000000000000000, 1.000000000000000000 ) ) ;
#934 = EDGE_LOOP ( 'NONE', ( #1765, #1713, #3734, #1729 ) ) ;
#935 = ORIENTED_EDGE ( 'NONE', *, *, #2415, .T. ) ;
#936 = PLANE ( 'NONE',  #31 ) ;
#937 = EDGE_CURVE ( 'NONE', #1975, #1021, #592, .T. ) ;
#938 = LINE ( 'NONE', #1252, #4669 ) ;
#939 = DIRECTION ( 'NONE',  ( -1.000000000000000000, 0.000000000000000000, 0.000000000000000000 ) ) ;
#940 = VERTEX_POINT ( 'NONE', #3270 ) ;
#941 = EDGE_LOOP ( 'NONE', ( #2048, #4050, #737, #1013, #1761, #3343, #4251, #886 ) ) ;
#942 = ADVANCED_FACE ( 'NONE', ( #1799 ), #2114, .F. ) ;
#943 = CARTESIAN_POINT ( 'NONE',  ( -2.194999999999999840, 6.599999999999999645, 0.3099999999999999978 ) ) ;
#944 = DIRECTION ( 'NONE',  ( 0.000000000000000000, -1.000000000000000000, 0.000000000000000000 ) ) ;
#945 = ORIENTED_EDGE ( 'NONE', *, *, #4418, .F. ) ;
#946 = ORIENTED_EDGE ( 'NONE', *, *, #2434, .F. ) ;
#947 = ORIENTED_EDGE ( 'NONE', *, *, #1846, .F. ) ;
#948 = ORIENTED_EDGE ( 'NONE', *, *, #1315, .T. ) ;
#949 = DIRECTION ( 'NONE',  ( 0.000000000000000000, 0.000000000000000000, 1.000000000000000000 ) ) ;
#950 = PRODUCT_RELATED_PRODUCT_CATEGORY ( 'part', '', ( #1653 ) ) ;
#951 = CARTESIAN_POINT ( 'NONE',  ( 2.575000000000000178, 6.599999999999999645, 0.3699999999999999956 ) ) ;
#952 = LINE ( 'NONE', #509, #4161 ) ;
#953 = FACE_OUTER_BOUND ( 'NONE', #3142, .T. ) ;
#954 = PLANE ( 'NONE',  #3182 ) ;
#955 = DIRECTION ( 'NONE',  ( 2.007781800899149950E-16, 0.000000000000000000, -1.000000000000000000 ) ) ;
#956 = ORIENTED_EDGE ( 'NONE', *, *, #154, .T. ) ;
#957 = CARTESIAN_POINT ( 'NONE',  ( -4.754999999999999893, 6.599999999999999645, 0.3699999999999999956 ) ) ;
#958 = LINE ( 'NONE', #2458, #3178 ) ;
#959 = DIRECTION ( 'NONE',  ( 0.000000000000000000, -1.000000000000000000, 0.000000000000000000 ) ) ;
#960 = ORIENTED_EDGE ( 'NONE', *, *, #3772, .T. ) ;
#961 = ORIENTED_EDGE ( 'NONE', *, *, #2736, .F. ) ;
#962 = VECTOR ( 'NONE', #4379, 1000.000000000000000 ) ;
#963 = EDGE_CURVE ( 'NONE', #3005, #3382, #1821, .T. ) ;
#964 = VECTOR ( 'NONE', #3167, 1000.000000000000000 ) ;
#965 = CARTESIAN_POINT ( 'NONE',  ( -3.474999999999999645, 4.000000000000000000, 2.160000000000000142 ) ) ;
#966 = DIRECTION ( 'NONE',  ( 0.000000000000000000, -1.000000000000000000, 0.000000000000000000 ) ) ;
#967 = VERTEX_POINT ( 'NONE', #3216 ) ;
#968 = VERTEX_POINT ( 'NONE', #1422 ) ;
#969 = EDGE_CURVE ( 'NONE', #4706, #1494, #2186, .T. ) ;
#970 = VECTOR ( 'NONE', #561, 1000.000000000000000 ) ;
#971 = EDGE_CURVE ( 'NONE', #224, #3989, #2946, .T. ) ;
#972 = ORIENTED_EDGE ( 'NONE', *, *, #341, .T. ) ;
#973 = ORIENTED_EDGE ( 'NONE', *, *, #696, .F. ) ;
#974 = DIRECTION ( 'NONE',  ( 0.000000000000000000, -1.000000000000000000, 9.510545372679868754E-17 ) ) ;
#975 = CARTESIAN_POINT ( 'NONE',  ( 2.575000000000000178, 4.000000000000000000, 1.729999999999999982 ) ) ;
#976 = VECTOR ( 'NONE', #3575, 1000.000000000000000 ) ;
#977 = DIRECTION ( 'NONE',  ( 1.000000000000000000, 0.000000000000000000, -3.236424395479170027E-16 ) ) ;
#978 = VECTOR ( 'NONE', #676, 1000.000000000000000 ) ;
#979 = VECTOR ( 'NONE', #3539, 1000.000000000000000 ) ;
#980 = DIRECTION ( 'NONE',  ( 0.000000000000000000, 1.000000000000000000, 0.000000000000000000 ) ) ;
#981 = DIRECTION ( 'NONE',  ( -6.259311511256510532E-16, 0.000000000000000000, 1.000000000000000000 ) ) ;
#982 = LINE ( 'NONE', #2505, #4733 ) ;
#983 = AXIS2_PLACEMENT_3D ( 'NONE', #3568, #568, #3954 ) ;
#984 = AXIS2_PLACEMENT_3D ( 'NONE', #2232, #1147, #2647 ) ;
#985 = ORIENTED_EDGE ( 'NONE', *, *, #4214, .T. ) ;
#986 = VECTOR ( 'NONE', #1798, 1000.000000000000000 ) ;
#987 = VECTOR ( 'NONE', #1369, 1000.000000000000000 ) ;
#988 = LINE ( 'NONE', #1710, #3569 ) ;
#989 = DIRECTION ( 'NONE',  ( 0.000000000000000000, -1.000000000000000000, 0.000000000000000000 ) ) ;
#990 = CARTESIAN_POINT ( 'NONE',  ( -2.200000000000000178, 9.099999999999999645, 0.3099999999999999978 ) ) ;
#991 = EDGE_LOOP ( 'NONE', ( #4027, #1964, #20, #237 ) ) ;
#992 = ORIENTED_EDGE ( 'NONE', *, *, #3666, .T. ) ;
#993 = DIRECTION ( 'NONE',  ( -1.000000000000000000, 0.000000000000000000, 4.808961248927650018E-16 ) ) ;
#994 = CARTESIAN_POINT ( 'NONE',  ( 2.725000000000000089, 6.599999999999999645, 0.3400000000000000244 ) ) ;
#995 = EDGE_CURVE ( 'NONE', #3801, #4775, #3239, .T. ) ;
#996 = EDGE_LOOP ( 'NONE', ( #4004, #3660, #4613, #2635 ) ) ;
#997 = VERTEX_POINT ( 'NONE', #315 ) ;
#998 = ORIENTED_EDGE ( 'NONE', *, *, #1790, .F. ) ;
#999 = ORIENTED_EDGE ( 'NONE', *, *, #425, .F. ) ;
#1000 = DIRECTION ( 'NONE',  ( 0.000000000000000000, -1.000000000000000000, -2.869946927167510299E-15 ) ) ;
#1001 = DIRECTION ( 'NONE',  ( 0.000000000000000000, -1.000000000000000000, 0.000000000000000000 ) ) ;
#1002 = ADVANCED_FACE ( 'NONE', ( #2525 ), #292, .F. ) ;
#1003 = ADVANCED_FACE ( 'NONE', ( #3314 ), #4018, .F. ) ;
#1004 = DIRECTION ( 'NONE',  ( 1.000000000000000000, 0.000000000000000000, 2.007781800899149950E-16 ) ) ;
#1005 = DIRECTION ( 'NONE',  ( 0.000000000000000000, 0.000000000000000000, -1.000000000000000000 ) ) ;
#1006 = ADVANCED_FACE ( 'NONE', ( #2454 ), #1348, .F. ) ;
#1007 = CARTESIAN_POINT ( 'NONE',  ( -3.474999999999999645, 6.599999999999999645, 1.909999999999999920 ) ) ;
#1008 = EDGE_LOOP ( 'NONE', ( #2734, #2636, #275, #4777 ) ) ;
#1009 = LINE ( 'NONE', #2507, #3880 ) ;
#1010 = CARTESIAN_POINT ( 'NONE',  ( -5.375000000000000000, 4.000000000000000000, -0.06000000000000080269 ) ) ;
#1011 = PLANE ( 'NONE',  #1588 ) ;
#1012 = VERTEX_POINT ( 'NONE', #2847 ) ;
#1013 = ORIENTED_EDGE ( 'NONE', *, *, #1506, .F. ) ;
#1014 = CARTESIAN_POINT ( 'NONE',  ( 2.575000000000000178, 7.700000000000000178, 2.290000000000000036 ) ) ;
#1015 = CARTESIAN_POINT ( 'NONE',  ( 1.199999999999999956, 9.099999999999999645, 0.3800000000000000044 ) ) ;
#1016 = CARTESIAN_POINT ( 'NONE',  ( 2.314999999999999947, 7.450000000000000178, 2.200000000000000178 ) ) ;
#1017 = ORIENTED_EDGE ( 'NONE', *, *, #3515, .T. ) ;
#1018 = ORIENTED_EDGE ( 'NONE', *, *, #2527, .F. ) ;
#1019 = PRODUCT_DEFINITION_CONTEXT ( 'detailed design', #1861, 'design' ) ;
#1020 = EDGE_CURVE ( 'NONE', #4684, #1811, #982, .T. ) ;
#1021 = VERTEX_POINT ( 'NONE', #634 ) ;
#1022 = ORIENTED_EDGE ( 'NONE', *, *, #4593, .F. ) ;
#1023 = DIRECTION ( 'NONE',  ( 0.000000000000000000, -1.000000000000000000, 0.000000000000000000 ) ) ;
#1024 = CARTESIAN_POINT ( 'NONE',  ( -4.145000000000000462, 4.000000000000000000, 2.160000000000000142 ) ) ;
#1025 = EDGE_CURVE ( 'NONE', #1626, #2446, #266, .T. ) ;
#1026 = DIRECTION ( 'NONE',  ( 0.000000000000000000, 0.000000000000000000, -1.000000000000000000 ) ) ;
#1027 = FACE_OUTER_BOUND ( 'NONE', #3616, .T. ) ;
#1028 = CARTESIAN_POINT ( 'NONE',  ( -4.584999999999999964, 9.099999999999999645, 0.3800000000000000044 ) ) ;
#1029 = ORIENTED_EDGE ( 'NONE', *, *, #1191, .F. ) ;
#1030 = EDGE_CURVE ( 'NONE', #4727, #4339, #2555, .T. ) ;
#1031 = EDGE_CURVE ( 'NONE', #1858, #1990, #4510, .T. ) ;
#1032 = CARTESIAN_POINT ( 'NONE',  ( 2.584999999999999964, 6.750000000000000000, 0.2400000000000000189 ) ) ;
#1033 = CARTESIAN_POINT ( 'NONE',  ( -4.975000000000000533, 6.750000000000000000, 3.939999999999999947 ) ) ;
#1034 = FACE_OUTER_BOUND ( 'NONE', #4542, .T. ) ;
#1035 = PLANE ( 'NONE',  #3937 ) ;
#1036 = VERTEX_POINT ( 'NONE', #4445 ) ;
#1037 = VECTOR ( 'NONE', #1427, 1000.000000000000000 ) ;
#1038 = EDGE_CURVE ( 'NONE', #1355, #2396, #1842, .T. ) ;
#1039 = DIRECTION ( 'NONE',  ( 0.000000000000000000, 1.000000000000000000, 0.000000000000000000 ) ) ;
#1040 = LINE ( 'NONE', #2466, #1055 ) ;
#1041 = ORIENTED_EDGE ( 'NONE', *, *, #587, .F. ) ;
#1042 = ORIENTED_EDGE ( 'NONE', *, *, #3643, .T. ) ;
#1043 = CIRCLE ( 'NONE', #488, 0.1800000000000000488 ) ;
#1044 = VECTOR ( 'NONE', #1312, 1000.000000000000000 ) ;
#1045 = ORIENTED_EDGE ( 'NONE', *, *, #2947, .F. ) ;
#1046 = ORIENTED_EDGE ( 'NONE', *, *, #779, .T. ) ;
#1047 = CARTESIAN_POINT ( 'NONE',  ( 0.2500000000000000000, 11.35999999899999935, 0.5399999999999649525 ) ) ;
#1048 = CARTESIAN_POINT ( 'NONE',  ( 0.2500000000000000000, 6.699999999000020523, 1.429999999999970184 ) ) ;
#1049 = VECTOR ( 'NONE', #4299, 1000.000000000000000 ) ;
#1050 = VECTOR ( 'NONE', #1488, 1000.000000000000000 ) ;
#1051 = DIRECTION ( 'NONE',  ( -1.000000000000000000, 0.000000000000000000, 0.000000000000000000 ) ) ;
#1052 = FACE_OUTER_BOUND ( 'NONE', #2816, .T. ) ;
#1053 = DIRECTION ( 'NONE',  ( 1.000000000000000000, 0.000000000000000000, 4.274258564606259920E-16 ) ) ;
#1054 = EDGE_CURVE ( 'NONE', #1738, #1975, #3722, .T. ) ;
#1055 = VECTOR ( 'NONE', #3301, 1000.000000000000000 ) ;
#1056 = AXIS2_PLACEMENT_3D ( 'NONE', #4549, #1185, #1617 ) ;
#1057 = ORIENTED_EDGE ( 'NONE', *, *, #2371, .T. ) ;
#1058 = CARTESIAN_POINT ( 'NONE',  ( 2.754999999999999893, 6.599999999999999645, 0.3699999999999999956 ) ) ;
#1059 = AXIS2_PLACEMENT_3D ( 'NONE', #3146, #4595, #4326 ) ;
#1060 = CARTESIAN_POINT ( 'NONE',  ( 2.314999999999999947, 30.01500000000000057, 0.2700000000000000178 ) ) ;
#1061 = VECTOR ( 'NONE', #1856, 1000.000000000000000 ) ;
#1062 = CARTESIAN_POINT ( 'NONE',  ( 0.1950000000000000067, 6.599999999999999645, 0.3099999999999999978 ) ) ;
#1063 = EDGE_CURVE ( 'NONE', #3649, #1407, #2294, .T. ) ;
#1064 = DIRECTION ( 'NONE',  ( 1.000000000000000000, 0.000000000000000000, 3.818573689257119992E-16 ) ) ;
#1065 = ORIENTED_EDGE ( 'NONE', *, *, #419, .F. ) ;
#1066 = ADVANCED_FACE ( 'NONE', ( #4155 ), #12, .T. ) ;
#1067 = CIRCLE ( 'NONE', #4753, 0.3000000000000000444 ) ;
#1068 = AXIS2_PLACEMENT_3D ( 'NONE', #2923, #1451, #4420 ) ;
#1069 = FACE_OUTER_BOUND ( 'NONE', #3748, .T. ) ;
#1070 = FACE_OUTER_BOUND ( 'NONE', #2378, .T. ) ;
#1071 = ORIENTED_EDGE ( 'NONE', *, *, #3911, .T. ) ;
#1072 = AXIS2_PLACEMENT_3D ( 'NONE', #4607, #1240, #3863 ) ;
#1073 = VERTEX_POINT ( 'NONE', #2270 ) ;
#1074 = ORIENTED_EDGE ( 'NONE', *, *, #478, .T. ) ;
#1075 = CARTESIAN_POINT ( 'NONE',  ( -0.2500000000000000000, 10.84999999899999956, -0.06000000000003430367 ) ) ;
#1076 = FACE_OUTER_BOUND ( 'NONE', #3682, .T. ) ;
#1077 = ORIENTED_EDGE ( 'NONE', *, *, #279, .T. ) ;
#1078 = CARTESIAN_POINT ( 'NONE',  ( 1.925000000000000044, 5.049999999999999822, 0.5699999999999999512 ) ) ;
#1079 = CARTESIAN_POINT ( 'NONE',  ( -1.804999999999999938, 6.599999999999999645, 0.3099999999999999978 ) ) ;
#1080 = CARTESIAN_POINT ( 'NONE',  ( 3.375000000000000000, 4.000000000000000000, 0.1900000000000000022 ) ) ;
#1081 = VERTEX_POINT ( 'NONE', #4837 ) ;
#1082 = EDGE_CURVE ( 'NONE', #1413, #1970, #1542, .T. ) ;
#1083 = PLANE ( 'NONE',  #4358 ) ;
#1084 = CARTESIAN_POINT ( 'NONE',  ( 0.1000000000000000056, 6.599999999999999645, 0.2700000000000000178 ) ) ;
#1085 = CARTESIAN_POINT ( 'NONE',  ( -1.750000000000000000, 11.69999999899999921, 0.03999999999996579902 ) ) ;
#1086 = EDGE_LOOP ( 'NONE', ( #1596, #526, #2333, #765 ) ) ;
#1087 = EDGE_CURVE ( 'NONE', #1291, #3303, #3032, .T. ) ;
#1088 = LINE ( 'NONE', #2585, #589 ) ;
#1089 = ORIENTED_EDGE ( 'NONE', *, *, #1931, .F. ) ;
#1090 = VERTEX_POINT ( 'NONE', #4529 ) ;
#1091 = EDGE_CURVE ( 'NONE', #2047, #2837, #3377, .T. ) ;
#1092 = ORIENTED_EDGE ( 'NONE', *, *, #2621, .T. ) ;
#1093 = CARTESIAN_POINT ( 'NONE',  ( 1.425000000000000044, 8.050000000000000711, 2.540000000000000036 ) ) ;
#1094 = CARTESIAN_POINT ( 'NONE',  ( -4.315000000000000391, 9.099999999999999645, 1.909999999999999920 ) ) ;
#1095 = ORIENTED_EDGE ( 'NONE', *, *, #4814, .F. ) ;
#1096 = CARTESIAN_POINT ( 'NONE',  ( -3.924999999999999822, 6.150000000000000355, 2.160000000000000142 ) ) ;
#1097 = DIRECTION ( 'NONE',  ( 0.000000000000000000, -1.000000000000000000, 0.000000000000000000 ) ) ;
#1098 = DIRECTION ( 'NONE',  ( 1.000000000000000000, 0.000000000000000000, -3.236424395479170027E-16 ) ) ;
#1099 = ORIENTED_EDGE ( 'NONE', *, *, #755, .F. ) ;
#1100 = DIRECTION ( 'NONE',  ( -1.734723475976810053E-15, 0.000000000000000000, -1.000000000000000000 ) ) ;
#1101 = DIRECTION ( 'NONE',  ( 0.000000000000000000, 1.000000000000000000, 0.000000000000000000 ) ) ;
#1102 = DIRECTION ( 'NONE',  ( 0.000000000000000000, -1.000000000000000000, 0.000000000000000000 ) ) ;
#1103 = ORIENTED_EDGE ( 'NONE', *, *, #1547, .T. ) ;
#1104 = ORIENTED_EDGE ( 'NONE', *, *, #931, .F. ) ;
#1105 = LINE ( 'NONE', #2173, #1999 ) ;
#1106 = CARTESIAN_POINT ( 'NONE',  ( 2.575000000000000178, 6.599999999999999645, 0.2700000000000000178 ) ) ;
#1107 = ORIENTED_EDGE ( 'NONE', *, *, #269, .F. ) ;
#1108 = EDGE_LOOP ( 'NONE', ( #4003, #2854, #682, #311 ) ) ;
#1109 = EDGE_CURVE ( 'NONE', #4316, #2528, #3790, .T. ) ;
#1110 = LINE ( 'NONE', #1138, #893 ) ;
#1111 = FACE_OUTER_BOUND ( 'NONE', #3646, .T. ) ;
#1112 = EDGE_CURVE ( 'NONE', #1739, #4727, #1163, .T. ) ;
#1113 = EDGE_CURVE ( 'NONE', #4614, #2703, #753, .T. ) ;
#1114 = AXIS2_PLACEMENT_3D ( 'NONE', #2386, #151, #1712 ) ;
#1115 = ORIENTED_EDGE ( 'NONE', *, *, #1358, .F. ) ;
#1116 = CARTESIAN_POINT ( 'NONE',  ( -1.804999999999999938, 9.099999999999999645, 0.3099999999999999978 ) ) ;
#1117 = DIRECTION ( 'NONE',  ( 1.000000000000000000, -3.469446951953599989E-15, 6.259311511256510532E-16 ) ) ;
#1118 = VECTOR ( 'NONE', #2622, 1000.000000000000000 ) ;
#1119 = DIRECTION ( 'NONE',  ( 0.000000000000000000, -1.000000000000000000, 0.000000000000000000 ) ) ;
#1120 = VECTOR ( 'NONE', #1817, 1000.000000000000000 ) ;
#1121 = CARTESIAN_POINT ( 'NONE',  ( 1.425000000000000044, 7.450000000000000178, 2.200000000000000178 ) ) ;
#1122 = DIRECTION ( 'NONE',  ( 0.000000000000000000, 0.000000000000000000, 1.000000000000000000 ) ) ;
#1123 = FACE_OUTER_BOUND ( 'NONE', #4363, .T. ) ;
#1124 = ORIENTED_EDGE ( 'NONE', *, *, #4664, .T. ) ;
#1125 = AXIS2_PLACEMENT_3D ( 'NONE', #1256, #1233, #2755 ) ;
#1126 = VERTEX_POINT ( 'NONE', #792 ) ;
#1127 = VECTOR ( 'NONE', #3409, 1000.000000000000000 ) ;
#1128 = AXIS2_PLACEMENT_3D ( 'NONE', #4403, #1460, #2537 ) ;
#1129 = DIRECTION ( 'NONE',  ( -3.872150616019790475E-16, 0.000000000000000000, 1.000000000000000000 ) ) ;
#1130 = CARTESIAN_POINT ( 'NONE',  ( -4.584999999999999964, 9.099999999999999645, 0.2700000000000000178 ) ) ;
#1131 = VERTEX_POINT ( 'NONE', #1490 ) ;
#1132 = ORIENTED_EDGE ( 'NONE', *, *, #1290, .F. ) ;
#1133 = VECTOR ( 'NONE', #4223, 1000.000000000000000 ) ;
#1134 = VECTOR ( 'NONE', #3899, 1000.000000000000000 ) ;
#1135 = CIRCLE ( 'NONE', #354, 0.1800000000000000488 ) ;
#1136 = ADVANCED_FACE ( 'NONE', ( #729 ), #4070, .F. ) ;
#1137 = VECTOR ( 'NONE', #1795, 1000.000000000000000 ) ;
#1138 = CARTESIAN_POINT ( 'NONE',  ( 2.584999999999999964, 6.750000000000000000, 0.2400000000000000189 ) ) ;
#1139 = DIRECTION ( 'NONE',  ( 0.000000000000000000, 1.000000000000000000, 0.000000000000000000 ) ) ;
#1140 = VERTEX_POINT ( 'NONE', #3428 ) ;
#1141 = EDGE_CURVE ( 'NONE', #626, #1858, #381, .T. ) ;
#1142 = CARTESIAN_POINT ( 'NONE',  ( -4.325000000000000178, 5.049999999999999822, 0.5699999999999999512 ) ) ;
#1143 = LINE ( 'NONE', #2661, #2705 ) ;
#1144 = DIRECTION ( 'NONE',  ( -1.936075308009889814E-16, 0.000000000000000000, 1.000000000000000000 ) ) ;
#1145 = CARTESIAN_POINT ( 'NONE',  ( -4.315000000000000391, 6.750000000000000000, 3.939999999999999947 ) ) ;
#1146 = EDGE_CURVE ( 'NONE', #2959, #4163, #2227, .T. ) ;
#1147 = DIRECTION ( 'NONE',  ( 0.000000000000000000, -1.000000000000000000, 0.000000000000000000 ) ) ;
#1148 = LINE ( 'NONE', #3766, #4826 ) ;
#1149 = CARTESIAN_POINT ( 'NONE',  ( -2.250000000000000000, 10.74999999899999992, 0.03999999999996569494 ) ) ;
#1150 = CARTESIAN_POINT ( 'NONE',  ( -4.575000000000000178, 9.099999999999999645, 2.100000000000000089 ) ) ;
#1151 = EDGE_LOOP ( 'NONE', ( #2888, #3365, #2339, #70 ) ) ;
#1152 = ORIENTED_EDGE ( 'NONE', *, *, #1315, .F. ) ;
#1153 = LINE ( 'NONE', #50, #3332 ) ;
#1154 = LINE ( 'NONE', #3437, #4503 ) ;
#1155 = ORIENTED_EDGE ( 'NONE', *, *, #1587, .T. ) ;
#1156 = ORIENTED_EDGE ( 'NONE', *, *, #2699, .T. ) ;
#1157 = DIRECTION ( 'NONE',  ( -3.469446951953610245E-15, 0.000000000000000000, 1.000000000000000000 ) ) ;
#1158 = CARTESIAN_POINT ( 'NONE',  ( -5.375000000000000000, 6.599999999999999645, -0.06000000000000080269 ) ) ;
#1159 = ADVANCED_FACE ( 'NONE', ( #1865 ), #3358, .T. ) ;
#1160 = VERTEX_POINT ( 'NONE', #4115 ) ;
#1161 = DIRECTION ( 'NONE',  ( 0.000000000000000000, 1.000000000000000000, 0.000000000000000000 ) ) ;
#1162 = DIRECTION ( 'NONE',  ( -1.000000000000000000, 0.000000000000000000, 0.000000000000000000 ) ) ;
#1163 = LINE ( 'NONE', #771, #574 ) ;
#1164 = CARTESIAN_POINT ( 'NONE',  ( 2.584999999999999964, 9.099999999999999645, 2.200000000000000178 ) ) ;
#1165 = EDGE_CURVE ( 'NONE', #1036, #466, #3762, .T. ) ;
#1166 = CARTESIAN_POINT ( 'NONE',  ( 2.324999999999999734, 6.599999999999999645, 0.2700000000000000178 ) ) ;
#1167 = FACE_OUTER_BOUND ( 'NONE', #1151, .T. ) ;
#1168 = CARTESIAN_POINT ( 'NONE',  ( -3.425000000000000266, 3.750000000000000000, 2.250000000000000000 ) ) ;
#1169 = DIRECTION ( 'NONE',  ( 0.000000000000000000, 2.710505431213769713E-17, 1.000000000000000000 ) ) ;
#1170 = ORIENTED_EDGE ( 'NONE', *, *, #2231, .F. ) ;
#1171 = EDGE_CURVE ( 'NONE', #768, #176, #3474, .T. ) ;
#1172 = EDGE_CURVE ( 'NONE', #3776, #4726, #4660, .T. ) ;
#1173 = ORIENTED_EDGE ( 'NONE', *, *, #1966, .F. ) ;
#1174 = CARTESIAN_POINT ( 'NONE',  ( -4.145000000000000462, 6.150000000000000355, 1.729999999999999982 ) ) ;
#1175 = CARTESIAN_POINT ( 'NONE',  ( 0.000000000000000000, 6.599999999999999645, 0.000000000000000000 ) ) ;
#1176 = EDGE_LOOP ( 'NONE', ( #3892, #4244, #1827, #58, #1748, #3033, #1249, #4639 ) ) ;
#1177 = ORIENTED_EDGE ( 'NONE', *, *, #1670, .F. ) ;
#1178 = EDGE_CURVE ( 'NONE', #502, #2598, #4580, .T. ) ;
#1179 = CARTESIAN_POINT ( 'NONE',  ( -2.000000000000000000, 6.450000000000000178, 2.490000000000000213 ) ) ;
#1180 = LINE ( 'NONE', #2679, #195 ) ;
#1181 = CARTESIAN_POINT ( 'NONE',  ( -4.325000000000000178, 6.599999999999999645, 0.3400000000000000244 ) ) ;
#1182 = EDGE_LOOP ( 'NONE', ( #730, #556, #2517, #780 ) ) ;
#1183 = ORIENTED_EDGE ( 'NONE', *, *, #1087, .T. ) ;
#1184 = ORIENTED_EDGE ( 'NONE', *, *, #309, .T. ) ;
#1185 = DIRECTION ( 'NONE',  ( 3.469446951953599989E-15, 1.000000000000000000, 0.000000000000000000 ) ) ;
#1186 = DIRECTION ( 'NONE',  ( 0.000000000000000000, -1.000000000000000000, 0.000000000000000000 ) ) ;
#1187 = DIRECTION ( 'NONE',  ( -0.000000000000000000, 1.000000000000000000, 0.000000000000000000 ) ) ;
#1188 = ORIENTED_EDGE ( 'NONE', *, *, #2620, .F. ) ;
#1189 = MECHANICAL_DESIGN_GEOMETRIC_PRESENTATION_REPRESENTATION (  '', ( #410 ), #4096 ) ;
#1190 = CARTESIAN_POINT ( 'NONE',  ( 1.425000000000000044, 8.050000000000000711, 2.250000000000000000 ) ) ;
#1191 = EDGE_CURVE ( 'NONE', #321, #878, #3897, .T. ) ;
#1192 = DIRECTION ( 'NONE',  ( -0.000000000000000000, 0.4997224534895772785, 0.8661855860486004088 ) ) ;
#1193 = CARTESIAN_POINT ( 'NONE',  ( -2.200000000000000178, -14.66000000989979846, 0.3099999999999999978 ) ) ;
#1194 = DIRECTION ( 'NONE',  ( -1.000000000000000000, 0.000000000000000000, -3.818573689257119992E-16 ) ) ;
#1195 = ORIENTED_EDGE ( 'NONE', *, *, #3222, .T. ) ;
#1196 = VECTOR ( 'NONE', #790, 1000.000000000000000 ) ;
#1197 = ORIENTED_EDGE ( 'NONE', *, *, #2639, .F. ) ;
#1198 = LINE ( 'NONE', #3093, #3404 ) ;
#1199 = EDGE_CURVE ( 'NONE', #2432, #768, #1957, .T. ) ;
#1200 = DIRECTION ( 'NONE',  ( -6.145517031148180600E-16, 0.000000000000000000, -1.000000000000000000 ) ) ;
#1201 = VECTOR ( 'NONE', #3755, 1000.000000000000000 ) ;
#1202 = ADVANCED_FACE ( 'NONE', ( #455 ), #2764, .F. ) ;
#1203 = EDGE_LOOP ( 'NONE', ( #470, #4778, #3106, #1046, #3461, #4729, #4402, #4071 ) ) ;
#1204 = VERTEX_POINT ( 'NONE', #1619 ) ;
#1205 = VECTOR ( 'NONE', #3832, 1000.000000000000000 ) ;
#1206 = VECTOR ( 'NONE', #2442, 1000.000000000000000 ) ;
#1207 = ADVANCED_FACE ( 'NONE', ( #2427 ), #3556, .F. ) ;
#1208 = DIRECTION ( 'NONE',  ( 1.000000000000000000, 0.000000000000000000, 0.000000000000000000 ) ) ;
#1209 = CARTESIAN_POINT ( 'NONE',  ( 2.314999999999999947, 7.450000000000000178, 1.909999999999999920 ) ) ;
#1210 = AXIS2_PLACEMENT_3D ( 'NONE', #3883, #1311, #2045 ) ;
#1211 = DIRECTION ( 'NONE',  ( -1.000000000000000000, 0.000000000000000000, -3.236424395479170027E-16 ) ) ;
#1212 = AXIS2_PLACEMENT_3D ( 'NONE', #3291, #2896, #4444 ) ;
#1213 = VERTEX_POINT ( 'NONE', #4608 ) ;
#1214 = VECTOR ( 'NONE', #3447, 1000.000000000000000 ) ;
#1215 = ORIENTED_EDGE ( 'NONE', *, *, #447, .F. ) ;
#1216 = DIRECTION ( 'NONE',  ( 0.000000000000000000, 0.000000000000000000, 1.000000000000000000 ) ) ;
#1217 = DIRECTION ( 'NONE',  ( 0.000000000000000000, 0.000000000000000000, -1.000000000000000000 ) ) ;
#1218 = CARTESIAN_POINT ( 'NONE',  ( -5.375000000000000000, 4.000000000000000000, 0.1900000000000000022 ) ) ;
#1219 = CARTESIAN_POINT ( 'NONE',  ( -4.145000000000000462, 7.299999999999999822, 1.690000000000000169 ) ) ;
#1220 = CARTESIAN_POINT ( 'NONE',  ( 0.2500000000000000000, 6.699999999000020523, 0.3099999999999660250 ) ) ;
#1221 = LINE ( 'NONE', #3511, #3413 ) ;
#1222 = CARTESIAN_POINT ( 'NONE',  ( -1.750000000000000000, 10.74999999899999992, 0.03999999999996569494 ) ) ;
#1223 = DIRECTION ( 'NONE',  ( 0.000000000000000000, 0.000000000000000000, -1.000000000000000000 ) ) ;
#1224 = ORIENTED_EDGE ( 'NONE', *, *, #3384, .T. ) ;
#1225 = VERTEX_POINT ( 'NONE', #1978 ) ;
#1226 = EDGE_CURVE ( 'NONE', #3776, #1131, #2323, .T. ) ;
#1227 = DIRECTION ( 'NONE',  ( 0.000000000000000000, 0.000000000000000000, 1.000000000000000000 ) ) ;
#1228 = PLANE ( 'NONE',  #1059 ) ;
#1229 = DIRECTION ( 'NONE',  ( 0.000000000000000000, 0.000000000000000000, 1.000000000000000000 ) ) ;
#1230 = EDGE_LOOP ( 'NONE', ( #742, #4537, #1681, #3 ) ) ;
#1231 = VERTEX_POINT ( 'NONE', #3508 ) ;
#1232 = ADVANCED_FACE ( 'NONE', ( #3110 ), #3054, .F. ) ;
#1233 = DIRECTION ( 'NONE',  ( -1.000000000000000000, 2.404100469424380100E-15, 0.000000000000000000 ) ) ;
#1234 = FACE_OUTER_BOUND ( 'NONE', #1108, .T. ) ;
#1235 = DIRECTION ( 'NONE',  ( 0.000000000000000000, -1.000000000000000000, 0.000000000000000000 ) ) ;
#1236 = ORIENTED_EDGE ( 'NONE', *, *, #316, .F. ) ;
#1237 = EDGE_CURVE ( 'NONE', #2387, #2357, #871, .T. ) ;
#1238 = ORIENTED_EDGE ( 'NONE', *, *, #1501, .T. ) ;
#1239 = PLANE ( 'NONE',  #2548 ) ;
#1240 = DIRECTION ( 'NONE',  ( 0.000000000000000000, -1.000000000000000000, 0.000000000000000000 ) ) ;
#1241 = PLANE ( 'NONE',  #3394 ) ;
#1242 = LINE ( 'NONE', #1219, #328 ) ;
#1243 = ADVANCED_FACE ( 'NONE', ( #2402 ), #1241, .F. ) ;
#1244 = LINE ( 'NONE', #1671, #4191 ) ;
#1245 = CARTESIAN_POINT ( 'NONE',  ( 2.975000000000000089, 6.750000000000000000, 0.2400000000000000189 ) ) ;
#1246 = FACE_OUTER_BOUND ( 'NONE', #4604, .T. ) ;
#1247 = CARTESIAN_POINT ( 'NONE',  ( -4.315000000000000391, 4.049999999999999822, 3.939999999999999947 ) ) ;
#1248 = ORIENTED_EDGE ( 'NONE', *, *, #1448, .T. ) ;
#1249 = ORIENTED_EDGE ( 'NONE', *, *, #2805, .T. ) ;
#1251 = CARTESIAN_POINT ( 'NONE',  ( -4.315000000000000391, 6.750000000000000000, 0.3800000000000000044 ) ) ;
#1250 = LINE ( 'NONE', #2486, #817 ) ;
#1252 = CARTESIAN_POINT ( 'NONE',  ( 1.199999999999999956, 9.099999999999999645, 0.1800000000000000211 ) ) ;
#1253 = DIRECTION ( 'NONE',  ( 1.000000000000000000, 0.000000000000000000, 0.000000000000000000 ) ) ;
#1254 = ORIENTED_EDGE ( 'NONE', *, *, #3352, .T. ) ;
#1255 = ORIENTED_EDGE ( 'NONE', *, *, #868, .T. ) ;
#1256 = CARTESIAN_POINT ( 'NONE',  ( 0.9250000000000000444, 8.050000000000000711, -0.3310000000000090092 ) ) ;
#1257 = DIRECTION ( 'NONE',  ( 0.000000000000000000, 0.000000000000000000, 1.000000000000000000 ) ) ;
#1258 = EDGE_CURVE ( 'NONE', #2364, #2078, #82, .T. ) ;
#1259 = CARTESIAN_POINT ( 'NONE',  ( 0.2500000000000000000, 6.699999999000020523, 0.3099999999999660250 ) ) ;
#1260 = ORIENTED_EDGE ( 'NONE', *, *, #533, .F. ) ;
#1261 = VERTEX_POINT ( 'NONE', #2716 ) ;
#1262 = ORIENTED_EDGE ( 'NONE', *, *, #911, .F. ) ;
#1263 = CARTESIAN_POINT ( 'NONE',  ( 2.314999999999999947, 6.750000000000000000, 0.2700000000000000178 ) ) ;
#1264 = LINE ( 'NONE', #2426, #1779 ) ;
#1265 = EDGE_CURVE ( 'NONE', #2178, #2937, #4212, .T. ) ;
#1266 = EDGE_CURVE ( 'NONE', #1626, #2753, #580, .T. ) ;
#1267 = DIRECTION ( 'NONE',  ( 0.000000000000000000, -1.000000000000000000, 0.000000000000000000 ) ) ;
#1268 = CARTESIAN_POINT ( 'NONE',  ( 2.725000000000000089, 4.000000000000000000, 0.3400000000000000244 ) ) ;
#1269 = FACE_OUTER_BOUND ( 'NONE', #3260, .T. ) ;
#1270 = CARTESIAN_POINT ( 'NONE',  ( 2.145000000000000018, 7.299999999999999822, 2.160000000000000142 ) ) ;
#1271 = VECTOR ( 'NONE', #929, 1000.000000000000000 ) ;
#1272 = CARTESIAN_POINT ( 'NONE',  ( -4.325000000000000178, 8.525999999999999801, 2.200000000000000178 ) ) ;
#1273 = ORIENTED_EDGE ( 'NONE', *, *, #2706, .F. ) ;
#1274 = ORIENTED_EDGE ( 'NONE', *, *, #249, .F. ) ;
#1275 = VECTOR ( 'NONE', #1235, 1000.000000000000000 ) ;
#1277 = CARTESIAN_POINT ( 'NONE',  ( -2.194999999999999840, 6.599999999999999645, 0.1800000000000030187 ) ) ;
#1276 = CARTESIAN_POINT ( 'NONE',  ( 1.925000000000000044, 6.150000000000000355, 2.160000000000000142 ) ) ;
#1278 = DIRECTION ( 'NONE',  ( 1.000000000000000000, 0.000000000000000000, 0.000000000000000000 ) ) ;
#1279 = CARTESIAN_POINT ( 'NONE',  ( -4.145000000000000462, 6.599999999999999645, 1.729999999999999982 ) ) ;
#1280 = ORIENTED_EDGE ( 'NONE', *, *, #2252, .F. ) ;
#1281 = EDGE_LOOP ( 'NONE', ( #606, #4257, #1238, #213, #1764, #2221, #3738, #946 ) ) ;
#1282 = VECTOR ( 'NONE', #933, 1000.000000000000000 ) ;
#1283 = AXIS2_PLACEMENT_3D ( 'NONE', #2354, #1629, #4371 ) ;
#1284 = CARTESIAN_POINT ( 'NONE',  ( 2.725000000000000089, 6.599999999999999645, -0.06000000000000000472 ) ) ;
#1285 = DIRECTION ( 'NONE',  ( -1.000000000000000000, 2.252887631138710307E-15, 0.000000000000000000 ) ) ;
#1286 = DIRECTION ( 'NONE',  ( -1.000000000000000000, 0.000000000000000000, 0.000000000000000000 ) ) ;
#1287 = ORIENTED_EDGE ( 'NONE', *, *, #4412, .F. ) ;
#1288 = VECTOR ( 'NONE', #2859, 1000.000000000000000 ) ;
#1289 = VECTOR ( 'NONE', #2448, 1000.000000000000000 ) ;
#1290 = EDGE_CURVE ( 'NONE', #1261, #4628, #2740, .T. ) ;
#1291 = VERTEX_POINT ( 'NONE', #4238 ) ;
#1292 = VERTEX_POINT ( 'NONE', #3865 ) ;
#1293 = VECTOR ( 'NONE', #372, 1000.000000000000000 ) ;
#1294 = AXIS2_PLACEMENT_3D ( 'NONE', #4279, #2457, #2411 ) ;
#1295 = CARTESIAN_POINT ( 'NONE',  ( 2.145000000000000018, 6.599999999999999645, 2.160000000000000142 ) ) ;
#1296 = LINE ( 'NONE', #139, #4680 ) ;
#1297 = DIRECTION ( 'NONE',  ( 0.000000000000000000, 0.000000000000000000, 1.000000000000000000 ) ) ;
#1298 = DIRECTION ( 'NONE',  ( 0.000000000000000000, 0.000000000000000000, -1.000000000000000000 ) ) ;
#1299 = CIRCLE ( 'NONE', #4748, 0.1799999999999996048 ) ;
#1300 = AXIS2_PLACEMENT_3D ( 'NONE', #167, #1621, #221 ) ;
#1301 = EDGE_CURVE ( 'NONE', #750, #2047, #538, .T. ) ;
#1302 = CARTESIAN_POINT ( 'NONE',  ( 2.324999999999999734, 5.049999999999999822, 0.5699999999999999512 ) ) ;
#1303 = AXIS2_PLACEMENT_3D ( 'NONE', #4587, #2719, #3114 ) ;
#1304 = CARTESIAN_POINT ( 'NONE',  ( -3.200000000000000178, 9.099999999999999645, 0.3800000000000000044 ) ) ;
#1305 = VECTOR ( 'NONE', #2503, 1000.000000000000000 ) ;
#1306 = PRESENTATION_STYLE_ASSIGNMENT (( #460 ) ) ;
#1307 = ORIENTED_EDGE ( 'NONE', *, *, #412, .F. ) ;
#1308 = ORIENTED_EDGE ( 'NONE', *, *, #2273, .T. ) ;
#1309 = EDGE_CURVE ( 'NONE', #3673, #1343, #1684, .T. ) ;
#1310 = DIRECTION ( 'NONE',  ( 0.000000000000000000, 1.000000000000000000, 0.000000000000000000 ) ) ;
#1311 = DIRECTION ( 'NONE',  ( 0.000000000000000000, 1.000000000000000000, 0.000000000000000000 ) ) ;
#1312 = DIRECTION ( 'NONE',  ( -1.000000000000000000, 0.000000000000000000, 4.872818752743839266E-16 ) ) ;
#1313 = VERTEX_POINT ( 'NONE', #4689 ) ;
#1314 = ORIENTED_EDGE ( 'NONE', *, *, #3451, .F. ) ;
#1315 = EDGE_CURVE ( 'NONE', #3189, #3502, #1324, .T. ) ;
#1316 = DIRECTION ( 'NONE',  ( 0.000000000000000000, -1.000000000000000000, -9.856383386231858827E-17 ) ) ;
#1317 = CARTESIAN_POINT ( 'NONE',  ( -4.315000000000000391, 7.450000000000000178, 1.909999999999999920 ) ) ;
#1318 = VERTEX_POINT ( 'NONE', #1399 ) ;
#1319 = ORIENTED_EDGE ( 'NONE', *, *, #4627, .F. ) ;
#1320 = EDGE_LOOP ( 'NONE', ( #2082, #802, #229, #3596, #2194, #1904 ) ) ;
#1321 = ORIENTED_EDGE ( 'NONE', *, *, #1658, .T. ) ;
#1322 = DIRECTION ( 'NONE',  ( 0.000000000000000000, -1.000000000000000000, 0.000000000000000000 ) ) ;
#1323 = DIRECTION ( 'NONE',  ( -1.000000000000000000, 0.000000000000000000, 0.000000000000000000 ) ) ;
#1324 = LINE ( 'NONE', #2820, #4173 ) ;
#1325 = CARTESIAN_POINT ( 'NONE',  ( 2.314999999999999947, 7.450000000000000178, 1.909999999999999920 ) ) ;
#1326 = PLANE ( 'NONE',  #1300 ) ;
#1327 = LINE ( 'NONE', #2802, #2479 ) ;
#1328 = CARTESIAN_POINT ( 'NONE',  ( 1.199999999999999956, 4.049999999999999822, 3.939999999999999947 ) ) ;
#1329 = EDGE_CURVE ( 'NONE', #1974, #4564, #3905, .T. ) ;
#1330 = ORIENTED_EDGE ( 'NONE', *, *, #2980, .T. ) ;
#1331 = LINE ( 'NONE', #1730, #979 ) ;
#1332 = DIRECTION ( 'NONE',  ( 0.000000000000000000, 1.000000000000000000, 0.000000000000000000 ) ) ;
#1333 = LINE ( 'NONE', #524, #2215 ) ;
#1334 = EDGE_CURVE ( 'NONE', #3502, #1564, #490, .T. ) ;
#1335 = ORIENTED_EDGE ( 'NONE', *, *, #2568, .T. ) ;
#1336 = ORIENTED_EDGE ( 'NONE', *, *, #3972, .T. ) ;
#1337 = EDGE_CURVE ( 'NONE', #3691, #743, #3145, .T. ) ;
#1338 = LINE ( 'NONE', #4649, #348 ) ;
#1339 = DIRECTION ( 'NONE',  ( -2.404100469424380100E-15, -1.000000000000000000, 0.000000000000000000 ) ) ;
#1340 = ORIENTED_EDGE ( 'NONE', *, *, #116, .T. ) ;
#1341 = ORIENTED_EDGE ( 'NONE', *, *, #3426, .T. ) ;
#1342 = ORIENTED_EDGE ( 'NONE', *, *, #1025, .F. ) ;
#1343 = VERTEX_POINT ( 'NONE', #4763 ) ;
#1344 = DIRECTION ( 'NONE',  ( 0.000000000000000000, -7.228014483236689653E-17, 1.000000000000000000 ) ) ;
#1345 = LINE ( 'NONE', #1048, #987 ) ;
#1346 = PLANE ( 'NONE',  #3854 ) ;
#1347 = CARTESIAN_POINT ( 'NONE',  ( -4.145000000000000462, 5.049999999999999822, 1.729999999999999982 ) ) ;
#1348 = PLANE ( 'NONE',  #1982 ) ;
#1349 = ORIENTED_EDGE ( 'NONE', *, *, #3672, .F. ) ;
#1350 = EDGE_CURVE ( 'NONE', #2320, #3183, #240, .T. ) ;
#1351 = CARTESIAN_POINT ( 'NONE',  ( 2.584999999999999964, 4.000000000000000000, 0.3800000000000000044 ) ) ;
#1352 = LINE ( 'NONE', #295, #2002 ) ;
#1353 = DIRECTION ( 'NONE',  ( -1.000000000000000000, 0.000000000000000000, 5.560011140951310428E-16 ) ) ;
#1354 = ORIENTED_EDGE ( 'NONE', *, *, #1030, .F. ) ;
#1355 = VERTEX_POINT ( 'NONE', #2777 ) ;
#1356 = VECTOR ( 'NONE', #3297, 1000.000000000000000 ) ;
#1357 = EDGE_CURVE ( 'NONE', #2365, #626, #290, .T. ) ;
#1358 = EDGE_CURVE ( 'NONE', #2803, #1012, #4735, .T. ) ;
#1359 = VECTOR ( 'NONE', #4715, 1000.000000000000000 ) ;
#1360 = LINE ( 'NONE', #1284, #1372 ) ;
#1361 = DIRECTION ( 'NONE',  ( 0.000000000000000000, -1.000000000000000000, 0.000000000000000000 ) ) ;
#1362 = ORIENTED_EDGE ( 'NONE', *, *, #4412, .T. ) ;
#1363 = ORIENTED_EDGE ( 'NONE', *, *, #4494, .F. ) ;
#1364 = VECTOR ( 'NONE', #3290, 1000.000000000000000 ) ;
#1365 = ADVANCED_FACE ( 'NONE', ( #3490 ), #856, .F. ) ;
#1366 = EDGE_LOOP ( 'NONE', ( #3537, #3957, #3621, #3951 ) ) ;
#1367 = VERTEX_POINT ( 'NONE', #915 ) ;
#1368 = CARTESIAN_POINT ( 'NONE',  ( 0.9250000000000000444, 8.050000000000000711, -0.3310000000000090092 ) ) ;
#1369 = DIRECTION ( 'NONE',  ( -1.000000000000000000, 0.000000000000000000, 0.000000000000000000 ) ) ;
#1370 = AXIS2_PLACEMENT_3D ( 'NONE', #238, #1395, #4687 ) ;
#1371 = VECTOR ( 'NONE', #1687, 1000.000000000000000 ) ;
#1372 = VECTOR ( 'NONE', #3150, 1000.000000000000000 ) ;
#1373 = DIRECTION ( 'NONE',  ( 0.000000000000000000, 1.000000000000000000, 0.000000000000000000 ) ) ;
#1374 = LINE ( 'NONE', #2204, #1454 ) ;
#1375 = DIRECTION ( 'NONE',  ( -0.000000000000000000, 0.7071067811865500152, 0.7071067811865450192 ) ) ;
#1376 = AXIS2_PLACEMENT_3D ( 'NONE', #2654, #22, #1525 ) ;
#1377 = CIRCLE ( 'NONE', #4438, 0.4300000000000000488 ) ;
#1378 = VERTEX_POINT ( 'NONE', #2044 ) ;
#1379 = AXIS2_PLACEMENT_3D ( 'NONE', #2524, #4016, #659 ) ;
#1380 = VECTOR ( 'NONE', #4411, 1000.000000000000000 ) ;
#1381 = DIRECTION ( 'NONE',  ( -1.000000000000000000, 0.000000000000000000, 1.936075308009889814E-16 ) ) ;
#1382 = CARTESIAN_POINT ( 'NONE',  ( -0.1950000000000000067, 6.599999999999999645, 0.3099999999999999978 ) ) ;
#1383 = PLANE ( 'NONE',  #2536 ) ;
#1384 = EDGE_LOOP ( 'NONE', ( #3958, #719, #1996, #4474 ) ) ;
#1385 = ORIENTED_EDGE ( 'NONE', *, *, #2088, .T. ) ;
#1386 = EDGE_CURVE ( 'NONE', #1318, #208, #4247, .T. ) ;
#1387 = DIRECTION ( 'NONE',  ( 1.000000000000000000, 0.000000000000000000, -6.145517031148180600E-16 ) ) ;
#1388 = CARTESIAN_POINT ( 'NONE',  ( 2.584999999999999964, 9.099999999999999645, 2.200000000000000178 ) ) ;
#1389 = LINE ( 'NONE', #233, #3482 ) ;
#1390 = ORIENTED_EDGE ( 'NONE', *, *, #841, .F. ) ;
#1391 = ORIENTED_EDGE ( 'NONE', *, *, #912, .T. ) ;
#1392 = EDGE_CURVE ( 'NONE', #2775, #3005, #2158, .T. ) ;
#1393 = ORIENTED_EDGE ( 'NONE', *, *, #2143, .F. ) ;
#1394 = VERTEX_POINT ( 'NONE', #3607 ) ;
#1395 = DIRECTION ( 'NONE',  ( -1.000000000000000000, 0.000000000000000000, 0.000000000000000000 ) ) ;
#1396 = CARTESIAN_POINT ( 'NONE',  ( -3.425000000000000266, 7.450000000000000178, 2.200000000000000178 ) ) ;
#1397 = EDGE_CURVE ( 'NONE', #4457, #450, #2412, .T. ) ;
#1398 = EDGE_CURVE ( 'NONE', #3582, #3801, #2383, .T. ) ;
#1399 = CARTESIAN_POINT ( 'NONE',  ( -4.315000000000000391, 4.049999999999999822, -0.01999999999999539646 ) ) ;
#1400 = LINE ( 'NONE', #633, #1305 ) ;
#1401 = DIRECTION ( 'NONE',  ( 0.000000000000000000, 0.000000000000000000, -1.000000000000000000 ) ) ;
#1402 = ORIENTED_EDGE ( 'NONE', *, *, #1301, .F. ) ;
#1403 = DIRECTION ( 'NONE',  ( 0.000000000000000000, 0.000000000000000000, -1.000000000000000000 ) ) ;
#1404 = DIRECTION ( 'NONE',  ( 0.000000000000000000, 0.000000000000000000, -1.000000000000000000 ) ) ;
#1405 = CARTESIAN_POINT ( 'NONE',  ( -1.750000000000000000, 6.949999999999999289, 2.490000000000000213 ) ) ;
#1406 = ORIENTED_EDGE ( 'NONE', *, *, #3778, .T. ) ;
#1407 = VERTEX_POINT ( 'NONE', #4014 ) ;
#1408 = LINE ( 'NONE', #3366, #1449 ) ;
#1409 = CARTESIAN_POINT ( 'NONE',  ( -4.584999999999999964, 6.599999999999999645, 0.3108392021689809770 ) ) ;
#1410 = VERTEX_POINT ( 'NONE', #4782 ) ;
#1411 = ORIENTED_EDGE ( 'NONE', *, *, #675, .F. ) ;
#1412 = ORIENTED_EDGE ( 'NONE', *, *, #995, .T. ) ;
#1413 = VERTEX_POINT ( 'NONE', #3235 ) ;
#1414 = ADVANCED_FACE ( 'NONE', ( #2725 ), #2020, .F. ) ;
#1415 = LINE ( 'NONE', #3353, #3640 ) ;
#1416 = CARTESIAN_POINT ( 'NONE',  ( 2.584999999999999964, 6.599999999999999645, 0.3108392021690090101 ) ) ;
#1417 = EDGE_CURVE ( 'NONE', #2775, #1012, #4393, .T. ) ;
#1418 = LINE ( 'NONE', #3356, #263 ) ;
#1419 = EDGE_CURVE ( 'NONE', #3852, #1494, #3849, .T. ) ;
#1420 = FACE_BOUND ( 'NONE', #2961, .T. ) ;
#1421 = FILL_AREA_STYLE_COLOUR ( '', #4116 ) ;
#1422 = CARTESIAN_POINT ( 'NONE',  ( 2.575000000000000178, 6.750000000000000000, 0.2700000000000000178 ) ) ;
#1423 = VERTEX_POINT ( 'NONE', #264 ) ;
#1424 = FACE_OUTER_BOUND ( 'NONE', #4541, .T. ) ;
#1425 = DIRECTION ( 'NONE',  ( 0.000000000000000000, 0.000000000000000000, -1.000000000000000000 ) ) ;
#1426 = FACE_BOUND ( 'NONE', #2832, .T. ) ;
#1427 = DIRECTION ( 'NONE',  ( 1.734723475976810053E-15, 0.000000000000000000, 1.000000000000000000 ) ) ;
#1428 = ORIENTED_EDGE ( 'NONE', *, *, #2645, .F. ) ;
#1429 = AXIS2_PLACEMENT_3D ( 'NONE', #1268, #3111, #1298 ) ;
#1430 = FACE_OUTER_BOUND ( 'NONE', #4864, .T. ) ;
#1431 = CARTESIAN_POINT ( 'NONE',  ( 1.474999999999999867, 4.000000000000000000, 2.160000000000000142 ) ) ;
#1432 = ORIENTED_EDGE ( 'NONE', *, *, #1226, .T. ) ;
#1433 = VERTEX_POINT ( 'NONE', #2501 ) ;
#1434 = VECTOR ( 'NONE', #3433, 1000.000000000000000 ) ;
#1435 = VECTOR ( 'NONE', #1708, 1000.000000000000000 ) ;
#1436 = ORIENTED_EDGE ( 'NONE', *, *, #447, .T. ) ;
#1437 = ORIENTED_EDGE ( 'NONE', *, *, #32, .T. ) ;
#1438 = DIRECTION ( 'NONE',  ( 0.000000000000000000, 0.000000000000000000, -1.000000000000000000 ) ) ;
#1439 = DIRECTION ( 'NONE',  ( 0.000000000000000000, 0.000000000000000000, -1.000000000000000000 ) ) ;
#1440 = AXIS2_PLACEMENT_3D ( 'NONE', #4551, #1187, #3448 ) ;
#1441 = EDGE_CURVE ( 'NONE', #4756, #4771, #1771, .T. ) ;
#1442 = ORIENTED_EDGE ( 'NONE', *, *, #2920, .T. ) ;
#1443 = VECTOR ( 'NONE', #217, 1000.000000000000000 ) ;
#1444 = DIRECTION ( 'NONE',  ( 0.000000000000000000, 9.856383386231858827E-17, -1.000000000000000000 ) ) ;
#1445 = CARTESIAN_POINT ( 'NONE',  ( -3.200000000000000178, 9.099999999999999645, 0.1799999999999949973 ) ) ;
#1446 = CYLINDRICAL_SURFACE ( 'NONE', #4021, 0.1800000000000000488 ) ;
#1447 = AXIS2_PLACEMENT_3D ( 'NONE', #4499, #3354, #4151 ) ;
#1448 = EDGE_CURVE ( 'NONE', #3987, #4747, #3627, .T. ) ;
#1449 = VECTOR ( 'NONE', #1387, 1000.000000000000000 ) ;
#1450 = ORIENTED_EDGE ( 'NONE', *, *, #3289, .F. ) ;
#1451 = DIRECTION ( 'NONE',  ( 1.000000000000000000, -2.759787348144920126E-15, -2.727552635183660166E-16 ) ) ;
#1452 = AXIS2_PLACEMENT_3D ( 'NONE', #4768, #2924, #1404 ) ;
#1453 = FACE_OUTER_BOUND ( 'NONE', #3188, .T. ) ;
#1454 = VECTOR ( 'NONE', #291, 1000.000000000000000 ) ;
#1455 = CARTESIAN_POINT ( 'NONE',  ( -4.145000000000000462, 7.299999999999999822, 1.729999999999999982 ) ) ;
#1456 = ORIENTED_EDGE ( 'NONE', *, *, #3784, .F. ) ;
#1457 = EDGE_CURVE ( 'NONE', #3134, #3852, #2522, .T. ) ;
#1458 = AXIS2_PLACEMENT_3D ( 'NONE', #3362, #2648, #3036 ) ;
#1459 = VECTOR ( 'NONE', #3430, 1000.000000000000000 ) ;
#1460 = DIRECTION ( 'NONE',  ( 0.000000000000000000, -1.000000000000000000, 0.000000000000000000 ) ) ;
#1461 = CARTESIAN_POINT ( 'NONE',  ( 1.925000000000000044, 5.049999999999999822, 2.160000000000000142 ) ) ;
#1462 = ORIENTED_EDGE ( 'NONE', *, *, #1441, .T. ) ;
#1463 = VECTOR ( 'NONE', #11, 1000.000000000000000 ) ;
#1464 = VERTEX_POINT ( 'NONE', #312 ) ;
#1465 = EDGE_LOOP ( 'NONE', ( #3853, #1969, #4707, #3326 ) ) ;
#1466 = CARTESIAN_POINT ( 'NONE',  ( 2.575000000000000178, 6.599999999999999645, 0.3699999999999999956 ) ) ;
#1467 = DIRECTION ( 'NONE',  ( -3.469446951953610245E-15, 0.000000000000000000, 1.000000000000000000 ) ) ;
#1468 = ORIENTED_EDGE ( 'NONE', *, *, #2645, .T. ) ;
#1469 = DIRECTION ( 'NONE',  ( 0.000000000000000000, -1.000000000000000000, 9.510545372679868754E-17 ) ) ;
#1470 = CARTESIAN_POINT ( 'NONE',  ( 2.584999999999999964, 9.099999999999999645, 0.3800000000000000044 ) ) ;
#1471 = DIRECTION ( 'NONE',  ( 0.000000000000000000, 0.000000000000000000, 1.000000000000000000 ) ) ;
#1472 = ORIENTED_EDGE ( 'NONE', *, *, #1482, .T. ) ;
#1473 = PLANE ( 'NONE',  #3651 ) ;
#1474 = EDGE_CURVE ( 'NONE', #3107, #3090, #2595, .T. ) ;
#1475 = DIRECTION ( 'NONE',  ( 0.000000000000000000, -1.000000000000000000, 0.000000000000000000 ) ) ;
#1476 = LINE ( 'NONE', #2972, #3074 ) ;
#1477 = ORIENTED_EDGE ( 'NONE', *, *, #3523, .F. ) ;
#1478 = ORIENTED_EDGE ( 'NONE', *, *, #4019, .T. ) ;
#1479 = LINE ( 'NONE', #2976, #4821 ) ;
#1480 = EDGE_CURVE ( 'NONE', #3149, #2387, #3079, .T. ) ;
#1481 = LINE ( 'NONE', #3066, #1293 ) ;
#1482 = EDGE_CURVE ( 'NONE', #4148, #170, #1863, .T. ) ;
#1483 = ORIENTED_EDGE ( 'NONE', *, *, #2172, .F. ) ;
#1484 = EDGE_LOOP ( 'NONE', ( #2811, #2127, #999, #605 ) ) ;
#1485 = DIRECTION ( 'NONE',  ( 0.000000000000000000, 0.000000000000000000, -1.000000000000000000 ) ) ;
#1486 = DIRECTION ( 'NONE',  ( -5.455105270367320332E-16, 0.000000000000000000, -1.000000000000000000 ) ) ;
#1487 = ORIENTED_EDGE ( 'NONE', *, *, #4848, .T. ) ;
#1488 = DIRECTION ( 'NONE',  ( -1.000000000000000000, 0.000000000000000000, 0.000000000000000000 ) ) ;
#1489 = LINE ( 'NONE', #1698, #2006 ) ;
#1490 = CARTESIAN_POINT ( 'NONE',  ( -2.200000000000000178, 6.699999999000020523, 0.3099999999999999978 ) ) ;
#1491 = CARTESIAN_POINT ( 'NONE',  ( 3.375000000000000000, 6.599999999999999645, 0.1900000000000000022 ) ) ;
#1492 = DIRECTION ( 'NONE',  ( 0.000000000000000000, -1.000000000000000000, -1.472373320659329742E-16 ) ) ;
#1493 = DIRECTION ( 'NONE',  ( 1.000000000000000000, 0.000000000000000000, 0.000000000000000000 ) ) ;
#1494 = VERTEX_POINT ( 'NONE', #3678 ) ;
#1495 = VERTEX_POINT ( 'NONE', #1142 ) ;
#1496 = EDGE_CURVE ( 'NONE', #3183, #695, #1418, .T. ) ;
#1497 = DIRECTION ( 'NONE',  ( 1.000000000000000000, 0.000000000000000000, -4.274258564606250059E-16 ) ) ;
#1498 = CARTESIAN_POINT ( 'NONE',  ( -3.924999999999999822, 6.150000000000000355, 1.909999999999999920 ) ) ;
#1499 = ORIENTED_EDGE ( 'NONE', *, *, #3584, .F. ) ;
#1500 = ORIENTED_EDGE ( 'NONE', *, *, #2343, .F. ) ;
#1501 = EDGE_CURVE ( 'NONE', #4291, #1602, #3311, .T. ) ;
#1502 = EDGE_CURVE ( 'NONE', #534, #1231, #2224, .T. ) ;
#1503 = UNCERTAINTY_MEASURE_WITH_UNIT (LENGTH_MEASURE( 1.000000000000000082E-05 ), #2407, 'distance_accuracy_value', 'NONE');
#1504 = CARTESIAN_POINT ( 'NONE',  ( -3.200000000000000178, 9.099999999999999645, 0.1799999999999949973 ) ) ;
#1505 = DIRECTION ( 'NONE',  ( 1.000000000000000000, 4.336808689942010636E-15, 0.000000000000000000 ) ) ;
#1506 = EDGE_CURVE ( 'NONE', #3435, #785, #379, .T. ) ;
#1507 = CIRCLE ( 'NONE', #1114, 0.1800000000000000488 ) ;
#1508 = ORIENTED_EDGE ( 'NONE', *, *, #1825, .F. ) ;
#1509 = ORIENTED_EDGE ( 'NONE', *, *, #4167, .T. ) ;
#1510 = CARTESIAN_POINT ( 'NONE',  ( 1.425000000000000044, 8.050000000000000711, -0.3310000000000090092 ) ) ;
#1511 = LINE ( 'NONE', #2986, #1532 ) ;
#1512 = VECTOR ( 'NONE', #1223, 1000.000000000000000 ) ;
#1513 = CARTESIAN_POINT ( 'NONE',  ( 0.2500000000000000000, 10.84999999899999956, -0.06000000000003430367 ) ) ;
#1514 = CARTESIAN_POINT ( 'NONE',  ( -3.425000000000000266, 9.099999999999999645, 2.200000000000000178 ) ) ;
#1515 = CIRCLE ( 'NONE', #4264, 0.4000000000000000222 ) ;
#1516 = DIRECTION ( 'NONE',  ( 3.120006251756850204E-16, 0.000000000000000000, 1.000000000000000000 ) ) ;
#1517 = LINE ( 'NONE', #343, #671 ) ;
#1518 = DIRECTION ( 'NONE',  ( 0.000000000000000000, 0.000000000000000000, -1.000000000000000000 ) ) ;
#1519 = ORIENTED_EDGE ( 'NONE', *, *, #4259, .T. ) ;
#1520 = VECTOR ( 'NONE', #1555, 1000.000000000000000 ) ;
#1521 = ORIENTED_EDGE ( 'NONE', *, *, #2561, .F. ) ;
#1522 = VECTOR ( 'NONE', #3546, 1000.000000000000000 ) ;
#1523 = VECTOR ( 'NONE', #3904, 1000.000000000000000 ) ;
#1524 = CARTESIAN_POINT ( 'NONE',  ( 2.145000000000000018, 6.150000000000000355, 1.729999999999999982 ) ) ;
#1525 = DIRECTION ( 'NONE',  ( 0.000000000000000000, 0.000000000000000000, -1.000000000000000000 ) ) ;
#1526 = ADVANCED_FACE ( 'NONE', ( #2576 ), #3720, .F. ) ;
#1527 = VERTEX_POINT ( 'NONE', #4806 ) ;
#1528 = ORIENTED_EDGE ( 'NONE', *, *, #4306, .F. ) ;
#1529 = VECTOR ( 'NONE', #4555, 1000.000000000000000 ) ;
#1530 = VECTOR ( 'NONE', #3561, 1000.000000000000000 ) ;
#1531 = AXIS2_PLACEMENT_3D ( 'NONE', #385, #66, #1492 ) ;
#1532 = VECTOR ( 'NONE', #1884, 1000.000000000000000 ) ;
#1533 = DIRECTION ( 'NONE',  ( 1.000000000000000000, 0.000000000000000000, 0.000000000000000000 ) ) ;
#1534 = CARTESIAN_POINT ( 'NONE',  ( 3.375000000000000000, 4.000000000000000000, 0.1900000000000000022 ) ) ;
#1535 = ADVANCED_FACE ( 'NONE', ( #4133 ), #4414, .F. ) ;
#1536 = ORIENTED_EDGE ( 'NONE', *, *, #2553, .F. ) ;
#1537 = ORIENTED_EDGE ( 'NONE', *, *, #1954, .F. ) ;
#1538 = DIRECTION ( 'NONE',  ( -1.000000000000000000, 0.000000000000000000, -1.281329840210140008E-15 ) ) ;
#1539 = DIRECTION ( 'NONE',  ( 1.000000000000000000, 6.145517031148140171E-16, -6.145517031148180600E-16 ) ) ;
#1540 = EDGE_CURVE ( 'NONE', #1777, #3967, #2551, .T. ) ;
#1541 = EDGE_CURVE ( 'NONE', #4625, #3775, #769, .T. ) ;
#1542 = LINE ( 'NONE', #1513, #2538 ) ;
#1543 = ORIENTED_EDGE ( 'NONE', *, *, #3975, .F. ) ;
#1544 = LINE ( 'NONE', #2770, #3262 ) ;
#1545 = DIRECTION ( 'NONE',  ( 0.000000000000000000, -1.000000000000000000, 0.000000000000000000 ) ) ;
#1546 = DIRECTION ( 'NONE',  ( 0.000000000000000000, 1.000000000000000000, 0.000000000000000000 ) ) ;
#1547 = EDGE_CURVE ( 'NONE', #2937, #1559, #3375, .T. ) ;
#1548 = DIRECTION ( 'NONE',  ( -1.000000000000000000, 0.000000000000000000, 3.011672701348629892E-16 ) ) ;
#1549 = ORIENTED_EDGE ( 'NONE', *, *, #784, .F. ) ;
#1550 = ORIENTED_EDGE ( 'NONE', *, *, #784, .T. ) ;
#1551 = DIRECTION ( 'NONE',  ( 0.000000000000000000, 0.000000000000000000, -1.000000000000000000 ) ) ;
#1552 = CARTESIAN_POINT ( 'NONE',  ( 0.000000000000000000, 0.000000000000000000, 0.2400000000000030165 ) ) ;
#1553 = EDGE_LOOP ( 'NONE', ( #368, #1099, #63, #992, #1580, #2583 ) ) ;
#1554 = ORIENTED_EDGE ( 'NONE', *, *, #4859, .F. ) ;
#1555 = DIRECTION ( 'NONE',  ( 3.154042683594190092E-15, 1.000000000000000000, 9.856383386231858827E-17 ) ) ;
#1556 = DIRECTION ( 'NONE',  ( 1.000000000000000000, 0.000000000000000000, 3.469446951953610245E-15 ) ) ;
#1557 = VERTEX_POINT ( 'NONE', #3697 ) ;
#1558 = EDGE_CURVE ( 'NONE', #2783, #52, #4461, .T. ) ;
#1559 = VERTEX_POINT ( 'NONE', #4481 ) ;
#1560 = EDGE_LOOP ( 'NONE', ( #1816, #3284, #3125, #122, #3210, #3439, #2883, #1287 ) ) ;
#1561 = CARTESIAN_POINT ( 'NONE',  ( 3.375000000000000000, 6.599999999999999645, -0.06000000000000080269 ) ) ;
#1562 = DIRECTION ( 'NONE',  ( 1.000000000000000000, 4.336808689942010636E-15, 1.281329840210140008E-15 ) ) ;
#1563 = CARTESIAN_POINT ( 'NONE',  ( 1.474999999999999867, 4.000000000000000000, 1.909999999999999920 ) ) ;
#1564 = VERTEX_POINT ( 'NONE', #1116 ) ;
#1565 = EDGE_CURVE ( 'NONE', #1676, #1012, #1840, .T. ) ;
#1566 = ADVANCED_FACE ( 'NONE', ( #3337 ), #1883, .F. ) ;
#1567 = CARTESIAN_POINT ( 'NONE',  ( -1.804999999999999938, 6.599999999999999645, 0.3099999999999999978 ) ) ;
#1568 = LINE ( 'NONE', #4841, #4673 ) ;
#1569 = FACE_OUTER_BOUND ( 'NONE', #608, .T. ) ;
#1570 = PLANE ( 'NONE',  #2286 ) ;
#1571 = ORIENTED_EDGE ( 'NONE', *, *, #2887, .F. ) ;
#1572 = EDGE_LOOP ( 'NONE', ( #2516, #4431, #3909, #4289, #3829 ) ) ;
#1573 = DIRECTION ( 'NONE',  ( 0.000000000000000000, 0.000000000000000000, -1.000000000000000000 ) ) ;
#1574 = FACE_OUTER_BOUND ( 'NONE', #1611, .T. ) ;
#1575 = ORIENTED_EDGE ( 'NONE', *, *, #795, .T. ) ;
#1576 = ORIENTED_EDGE ( 'NONE', *, *, #4051, .F. ) ;
#1577 = CARTESIAN_POINT ( 'NONE',  ( -2.100000000000090239, 7.700000000000000178, 2.290000000000000036 ) ) ;
#1578 = DIRECTION ( 'NONE',  ( 0.000000000000000000, 1.000000000000000000, 0.000000000000000000 ) ) ;
#1579 = LINE ( 'NONE', #3442, #2997 ) ;
#1580 = ORIENTED_EDGE ( 'NONE', *, *, #2415, .F. ) ;
#1581 = CLOSED_SHELL ( 'NONE', ( #182, #4111, #2026, #4130, #3094, #4525, #613, #2225, #2929, #3671, #3395, #2588, #1759, #4309, #3102, #3689, #1002, #4508, #1785, #572, #392, #1159, #2313, #903, #1006, #2305, #390, #3160, #2087, #384, #3048, #3369, #674, #2674, #684, #1535, #3699, #2344, #1926, #4838, #4479, #4532, #4634, #2217, #2804, #4057, #2767, #3119, #2828, #1202, #3034, #3780, #4331, #4453, #1847, #4229, #4137, #4314, #3025, #4599, #1873, #2484, #2975, #544, #1526, #635, #4558, #4104, #4029, #1414, #552, #2165, #4812, #1756, #4207, #252, #2440, #1365, #2754, #1066, #2201, #310, #4202, #942, #1750, #1207, #3606, #453, #1136, #4781, #3131, #609, #1243, #3900, #3544, #1003, #4158, #64, #2500, #2076, #90, #3706, #4647, #3342, #3002, #3999, #1232, #1735, #1727, #3819, #4758, #2116, #2521, #3876, #518, #3126, #4784, #33, #4843, #756, #26, #2337, #716, #812, #3493, #2607, #4531, #4392, #2257, #1819, #3867, #1899, #4375, #4296, #1566, #4656, #4475, #4169, #643, #147, #2800, #1724 ) ) ;
#1582 = ORIENTED_EDGE ( 'NONE', *, *, #3458, .F. ) ;
#1583 = DIRECTION ( 'NONE',  ( 0.000000000000000000, 0.000000000000000000, -1.000000000000000000 ) ) ;
#1584 = DIRECTION ( 'NONE',  ( 0.000000000000000000, 0.000000000000000000, -1.000000000000000000 ) ) ;
#1585 = DIRECTION ( 'NONE',  ( 0.000000000000000000, -0.7071067811865500152, 0.7071067811865450192 ) ) ;
#1586 = VERTEX_POINT ( 'NONE', #2965 ) ;
#1587 = EDGE_CURVE ( 'NONE', #4085, #3189, #4112, .T. ) ;
#1588 = AXIS2_PLACEMENT_3D ( 'NONE', #1455, #2902, #640 ) ;
#1589 = VECTOR ( 'NONE', #223, 1000.000000000000000 ) ;
#1590 = DIRECTION ( 'NONE',  ( 1.000000000000000000, 0.000000000000000000, 0.000000000000000000 ) ) ;
#1591 = PLANE ( 'NONE',  #1701 ) ;
#1592 = DIRECTION ( 'NONE',  ( 0.000000000000000000, 0.000000000000000000, -1.000000000000000000 ) ) ;
#1593 = DIRECTION ( 'NONE',  ( 0.000000000000000000, -1.000000000000000000, 0.000000000000000000 ) ) ;
#1594 = EDGE_CURVE ( 'NONE', #1800, #968, #38, .T. ) ;
#1595 = ORIENTED_EDGE ( 'NONE', *, *, #1558, .F. ) ;
#1596 = ORIENTED_EDGE ( 'NONE', *, *, #3476, .T. ) ;
#1597 = DIRECTION ( 'NONE',  ( 0.000000000000000000, 0.000000000000000000, 1.000000000000000000 ) ) ;
#1598 = DIRECTION ( 'NONE',  ( 0.000000000000000000, 1.000000000000000000, 0.000000000000000000 ) ) ;
#1599 = VECTOR ( 'NONE', #4458, 1000.000000000000000 ) ;
#1600 = CARTESIAN_POINT ( 'NONE',  ( -4.584999999999999964, 6.750000000000000000, 0.2400000000000030165 ) ) ;
#1601 = EDGE_CURVE ( 'NONE', #3412, #2416, #2685, .T. ) ;
#1602 = VERTEX_POINT ( 'NONE', #4578 ) ;
#1603 = VERTEX_POINT ( 'NONE', #3030 ) ;
#1604 = VECTOR ( 'NONE', #4129, 1000.000000000000000 ) ;
#1605 = VECTOR ( 'NONE', #173, 1000.000000000000000 ) ;
#1606 = LINE ( 'NONE', #3071, #191 ) ;
#1607 = CARTESIAN_POINT ( 'NONE',  ( 3.375000000000000000, 6.599999999999999645, 0.1900000000000000022 ) ) ;
#1608 = VECTOR ( 'NONE', #741, 1000.000000000000000 ) ;
#1609 = DIRECTION ( 'NONE',  ( 0.000000000000000000, 0.000000000000000000, -1.000000000000000000 ) ) ;
#1610 = AXIS2_PLACEMENT_3D ( 'NONE', #774, #4485, #1938 ) ;
#1611 = EDGE_LOOP ( 'NONE', ( #3730, #3930, #3925, #171, #2433, #4178, #3434, #2351, #3281, #3350, #4388, #486, #3664, #4185, #284, #3692, #3983, #161, #3834, #961 ) ) ;
#1612 = EDGE_CURVE ( 'NONE', #2278, #9, #3077, .T. ) ;
#1613 = STYLED_ITEM ( 'NONE', ( #3269 ), #3761 ) ;
#1614 = AXIS2_PLACEMENT_3D ( 'NONE', #4688, #4631, #1584 ) ;
#1615 = ORIENTED_EDGE ( 'NONE', *, *, #3251, .F. ) ;
#1616 = ORIENTED_EDGE ( 'NONE', *, *, #2318, .T. ) ;
#1617 = DIRECTION ( 'NONE',  ( 1.000000000000000000, -3.469446951953599989E-15, 0.000000000000000000 ) ) ;
#1618 = CARTESIAN_POINT ( 'NONE',  ( -4.975000000000000533, 6.750000000000000000, 0.2400000000000030165 ) ) ;
#1619 = CARTESIAN_POINT ( 'NONE',  ( -1.750000000000000000, 11.35000000000000142, 0.5401667129553089364 ) ) ;
#1620 = DIRECTION ( 'NONE',  ( 0.000000000000000000, 0.000000000000000000, -1.000000000000000000 ) ) ;
#1621 = DIRECTION ( 'NONE',  ( -3.236424395479170027E-16, 0.000000000000000000, -1.000000000000000000 ) ) ;
#1622 = CARTESIAN_POINT ( 'NONE',  ( -4.630501004020100453, 6.599999999999999645, 0.2400000000000030165 ) ) ;
#1623 = CARTESIAN_POINT ( 'NONE',  ( 1.584603175171100058E-16, 0.000000000000000000, 0.2400000000000030165 ) ) ;
#1624 = LINE ( 'NONE', #2064, #1435 ) ;
#1625 = ORIENTED_EDGE ( 'NONE', *, *, #4757, .T. ) ;
#1626 = VERTEX_POINT ( 'NONE', #2400 ) ;
#1627 = EDGE_CURVE ( 'NONE', #968, #1231, #4210, .T. ) ;
#1629 = DIRECTION ( 'NONE',  ( 0.000000000000000000, -0.7071067811865500152, 0.7071067811865450192 ) ) ;
#1628 = CARTESIAN_POINT ( 'NONE',  ( -4.575000000000000178, 7.299999999999999822, 1.729999999999999982 ) ) ;
#1630 = CARTESIAN_POINT ( 'NONE',  ( -4.315000000000000391, 7.450000000000000178, 2.200000000000000178 ) ) ;
#1631 = CARTESIAN_POINT ( 'NONE',  ( -3.425000000000000266, 3.750000000000000000, 2.200000000000000178 ) ) ;
#1632 = ORIENTED_EDGE ( 'NONE', *, *, #4454, .F. ) ;
#1633 = ORIENTED_EDGE ( 'NONE', *, *, #4757, .F. ) ;
#1634 = EDGE_CURVE ( 'NONE', #3617, #3023, #3446, .T. ) ;
#1635 = EDGE_CURVE ( 'NONE', #681, #4706, #2008, .T. ) ;
#1636 = DIRECTION ( 'NONE',  ( 0.000000000000000000, 0.000000000000000000, -1.000000000000000000 ) ) ;
#1637 = DIRECTION ( 'NONE',  ( -1.000000000000000000, 0.000000000000000000, 0.000000000000000000 ) ) ;
#1638 = LINE ( 'NONE', #4570, #2136 ) ;
#1639 = EDGE_LOOP ( 'NONE', ( #1649, #691, #3690, #73 ) ) ;
#1640 = ORIENTED_EDGE ( 'NONE', *, *, #2956, .T. ) ;
#1641 = ORIENTED_EDGE ( 'NONE', *, *, #3277, .F. ) ;
#1642 = LINE ( 'NONE', #3837, #806 ) ;
#1643 = DIRECTION ( 'NONE',  ( 0.000000000000000000, -1.000000000000000000, 0.000000000000000000 ) ) ;
#1644 = CARTESIAN_POINT ( 'NONE',  ( 1.425000000000000044, 8.050000000000000711, 2.250000000000000000 ) ) ;
#1645 = DIRECTION ( 'NONE',  ( -1.000000000000000000, 0.000000000000000000, 3.236424395479160166E-16 ) ) ;
#1646 = FACE_OUTER_BOUND ( 'NONE', #831, .T. ) ;
#1647 = DIRECTION ( 'NONE',  ( 1.000000000000000000, 0.000000000000000000, -5.825563911862500625E-15 ) ) ;
#1648 = CARTESIAN_POINT ( 'NONE',  ( 2.314999999999999947, 6.750000000000000000, 0.2700000000000000178 ) ) ;
#1649 = ORIENTED_EDGE ( 'NONE', *, *, #773, .T. ) ;
#1650 = ORIENTED_EDGE ( 'NONE', *, *, #4083, .F. ) ;
#1652 = CARTESIAN_POINT ( 'NONE',  ( -4.630501004020100453, 6.599999999999999645, 0.2400000000000030165 ) ) ;
#1651 = DIRECTION ( 'NONE',  ( 1.000000000000000000, 0.000000000000000000, 0.000000000000000000 ) ) ;
#1653 = PRODUCT ( '205338-0002', '205338-0002', '', ( #3680 ) ) ;
#1654 = CARTESIAN_POINT ( 'NONE',  ( 0.2500000000000000000, 10.80999999900000041, -0.02000000000000319925 ) ) ;
#1655 = CARTESIAN_POINT ( 'NONE',  ( -2.250000000000000000, 11.35000000000000142, -0.02000000000000170391 ) ) ;
#1656 = ORIENTED_EDGE ( 'NONE', *, *, #551, .T. ) ;
#1657 = ORIENTED_EDGE ( 'NONE', *, *, #1663, .T. ) ;
#1658 = EDGE_CURVE ( 'NONE', #3320, #4824, #1515, .T. ) ;
#1659 = CARTESIAN_POINT ( 'NONE',  ( -4.315000000000000391, 7.450000000000000178, 1.909999999999999920 ) ) ;
#1660 = CARTESIAN_POINT ( 'NONE',  ( -2.925000000000000266, 5.750000000000000000, -0.3310000000000080655 ) ) ;
#1661 = DIRECTION ( 'NONE',  ( -1.000000000000000000, 0.000000000000000000, 0.000000000000000000 ) ) ;
#1662 = ORIENTED_EDGE ( 'NONE', *, *, #2372, .T. ) ;
#1663 = EDGE_CURVE ( 'NONE', #3785, #4795, #2714, .T. ) ;
#1664 = EDGE_LOOP ( 'NONE', ( #4045, #97, #137, #2024, #370, #1307, #215, #1057 ) ) ;
#1665 = ORIENTED_EDGE ( 'NONE', *, *, #3847, .F. ) ;
#1666 = CARTESIAN_POINT ( 'NONE',  ( -2.000000000000000000, 6.450000000000000178, 2.540000000000000036 ) ) ;
#1667 = DIRECTION ( 'NONE',  ( -1.000000000000000000, 0.000000000000000000, 0.000000000000000000 ) ) ;
#1668 = DIRECTION ( 'NONE',  ( 1.000000000000000000, 0.000000000000000000, 6.259311511256510532E-16 ) ) ;
#1669 = LINE ( 'NONE', #2061, #649 ) ;
#1670 = EDGE_CURVE ( 'NONE', #69, #4328, #869, .T. ) ;
#1671 = CARTESIAN_POINT ( 'NONE',  ( -5.375000000000000000, 6.599999999999999645, 0.1900000000000000022 ) ) ;
#1672 = CARTESIAN_POINT ( 'NONE',  ( 1.925000000000000044, 5.049999999999999822, 1.909999999999999920 ) ) ;
#1673 = AXIS2_PLACEMENT_3D ( 'NONE', #917, #2046, #2069 ) ;
#1674 = CARTESIAN_POINT ( 'NONE',  ( -4.724999999999999645, 6.599999999999999645, -0.06000000000000000472 ) ) ;
#1675 = ORIENTED_EDGE ( 'NONE', *, *, #658, .F. ) ;
#1676 = VERTEX_POINT ( 'NONE', #4630 ) ;
#1677 = VECTOR ( 'NONE', #1908, 1000.000000000000000 ) ;
#1678 = LINE ( 'NONE', #4675, #4353 ) ;
#1679 = CARTESIAN_POINT ( 'NONE',  ( 2.314999999999999947, 6.750000000000000000, 3.939999999999999947 ) ) ;
#1680 = CARTESIAN_POINT ( 'NONE',  ( 2.975000000000000089, 3.750000000000000000, -0.02000000000000489928 ) ) ;
#1681 = ORIENTED_EDGE ( 'NONE', *, *, #4025, .F. ) ;
#1682 = ORIENTED_EDGE ( 'NONE', *, *, #2897, .F. ) ;
#1683 = VECTOR ( 'NONE', #2662, 1000.000000000000000 ) ;
#1684 = CIRCLE ( 'NONE', #4659, 0.1800000000000000488 ) ;
#1685 = EDGE_CURVE ( 'NONE', #2996, #743, #3506, .T. ) ;
#1686 = DIRECTION ( 'NONE',  ( 0.000000000000000000, -1.472373320659329742E-16, 1.000000000000000000 ) ) ;
#1687 = DIRECTION ( 'NONE',  ( 1.000000000000000000, 0.000000000000000000, 0.000000000000000000 ) ) ;
#1688 = ORIENTED_EDGE ( 'NONE', *, *, #3610, .T. ) ;
#1689 = ORIENTED_EDGE ( 'NONE', *, *, #4665, .F. ) ;
#1690 = VECTOR ( 'NONE', #3046, 1000.000000000000000 ) ;
#1691 = AXIS2_PLACEMENT_3D ( 'NONE', #1577, #4568, #1533 ) ;
#1692 = ORIENTED_EDGE ( 'NONE', *, *, #2865, .T. ) ;
#1693 = ORIENTED_EDGE ( 'NONE', *, *, #2049, .T. ) ;
#1694 = AXIS2_PLACEMENT_3D ( 'NONE', #205, #3201, #95 ) ;
#1695 = EDGE_CURVE ( 'NONE', #706, #581, #2291, .T. ) ;
#1696 = VECTOR ( 'NONE', #1497, 1000.000000000000000 ) ;
#1697 = CARTESIAN_POINT ( 'NONE',  ( -1.750000000000000000, 10.84999999899999956, -0.06000000000003430367 ) ) ;
#1698 = CARTESIAN_POINT ( 'NONE',  ( 2.584999999999999964, 8.525999999999999801, 2.200000000000000178 ) ) ;
#1699 = DIRECTION ( 'NONE',  ( 0.000000000000000000, -1.000000000000000000, 0.000000000000000000 ) ) ;
#1700 = DIRECTION ( 'NONE',  ( 0.000000000000000000, 0.000000000000000000, -1.000000000000000000 ) ) ;
#1701 = AXIS2_PLACEMENT_3D ( 'NONE', #1304, #2771, #932 ) ;
#1702 = VECTOR ( 'NONE', #1516, 1000.000000000000000 ) ;
#1703 = EDGE_CURVE ( 'NONE', #581, #4747, #1642, .T. ) ;
#1704 = EDGE_CURVE ( 'NONE', #2447, #885, #2321, .T. ) ;
#1705 = DIRECTION ( 'NONE',  ( 0.000000000000000000, -1.000000000000000000, 0.000000000000000000 ) ) ;
#1706 = LINE ( 'NONE', #3870, #4829 ) ;
#1707 = VECTOR ( 'NONE', #1439, 1000.000000000000000 ) ;
#1708 = DIRECTION ( 'NONE',  ( 1.000000000000000000, 0.000000000000000000, 0.000000000000000000 ) ) ;
#1709 = ORIENTED_EDGE ( 'NONE', *, *, #1091, .T. ) ;
#1710 = CARTESIAN_POINT ( 'NONE',  ( 0.1000000000000070138, 8.630000000000000782, 2.100000000000000089 ) ) ;
#1711 = DIRECTION ( 'NONE',  ( -0.000000000000000000, 1.000000000000000000, 0.000000000000000000 ) ) ;
#1712 = DIRECTION ( 'NONE',  ( 0.000000000000000000, 0.000000000000000000, -1.000000000000000000 ) ) ;
#1713 = ORIENTED_EDGE ( 'NONE', *, *, #2280, .F. ) ;
#1714 = VERTEX_POINT ( 'NONE', #2366 ) ;
#1715 = FACE_OUTER_BOUND ( 'NONE', #2570, .T. ) ;
#1716 = CARTESIAN_POINT ( 'NONE',  ( -4.325000000000000178, 8.630000000000000782, 2.140000000000000124 ) ) ;
#1717 = EDGE_LOOP ( 'NONE', ( #345, #2882, #892, #627 ) ) ;
#1718 = ORIENTED_EDGE ( 'NONE', *, *, #4454, .T. ) ;
#1719 = VERTEX_POINT ( 'NONE', #2762 ) ;
#1720 = VERTEX_POINT ( 'NONE', #4262 ) ;
#1721 = PLANE ( 'NONE',  #2223 ) ;
#1722 = CARTESIAN_POINT ( 'NONE',  ( -1.804999999999999938, 6.699999999000020523, 0.3099999999999999978 ) ) ;
#1723 = DIRECTION ( 'NONE',  ( 1.000000000000000000, 0.000000000000000000, 0.000000000000000000 ) ) ;
#1724 = ADVANCED_FACE ( 'NONE', ( #2660 ), #474, .F. ) ;
#1725 = PLANE ( 'NONE',  #1927 ) ;
#1726 = CARTESIAN_POINT ( 'NONE',  ( 2.314999999999999947, 9.099999999999999645, 2.200000000000000178 ) ) ;
#1727 = ADVANCED_FACE ( 'NONE', ( #3471 ), #108, .F. ) ;
#1728 = EDGE_CURVE ( 'NONE', #2304, #1261, #3108, .T. ) ;
#1729 = ORIENTED_EDGE ( 'NONE', *, *, #3784, .T. ) ;
#1730 = CARTESIAN_POINT ( 'NONE',  ( 2.314999999999999947, 6.750000000000000000, 0.2700000000000000178 ) ) ;
#1731 = DIRECTION ( 'NONE',  ( 0.000000000000000000, -2.710505431213769713E-17, -1.000000000000000000 ) ) ;
#1732 = LINE ( 'NONE', #3685, #3464 ) ;
#1733 = ORIENTED_EDGE ( 'NONE', *, *, #3589, .F. ) ;
#1734 = VERTEX_POINT ( 'NONE', #1955 ) ;
#1735 = ADVANCED_FACE ( 'NONE', ( #80 ), #1239, .F. ) ;
#1736 = CYLINDRICAL_SURFACE ( 'NONE', #2229, 0.4300000000000000488 ) ;
#1737 = DIRECTION ( 'NONE',  ( 1.000000000000000000, 0.000000000000000000, 0.000000000000000000 ) ) ;
#1738 = VERTEX_POINT ( 'NONE', #1666 ) ;
#1739 = VERTEX_POINT ( 'NONE', #2796 ) ;
#1740 = ORIENTED_EDGE ( 'NONE', *, *, #3496, .F. ) ;
#1741 = EDGE_LOOP ( 'NONE', ( #1571, #4397, #717, #4858, #4565, #3148, #1041, #397 ) ) ;
#1742 = PLANE ( 'NONE',  #3564 ) ;
#1743 = DIRECTION ( 'NONE',  ( 1.000000000000000000, 0.000000000000000000, 0.000000000000000000 ) ) ;
#1744 = CARTESIAN_POINT ( 'NONE',  ( 1.925000000000000044, 6.150000000000000355, 0.5699999999999999512 ) ) ;
#1745 = CARTESIAN_POINT ( 'NONE',  ( 0.000000000000000000, 6.599999999999999645, 0.000000000000000000 ) ) ;
#1746 = EDGE_CURVE ( 'NONE', #4148, #3565, #3158, .T. ) ;
#1747 = DIRECTION ( 'NONE',  ( -3.236424395479170027E-16, 0.000000000000000000, 1.000000000000000000 ) ) ;
#1748 = ORIENTED_EDGE ( 'NONE', *, *, #4572, .F. ) ;
#1749 = CARTESIAN_POINT ( 'NONE',  ( -4.325000000000000178, 8.630000000000000782, 2.100000000000000089 ) ) ;
#1750 = ADVANCED_FACE ( 'NONE', ( #163 ), #4317, .F. ) ;
#1751 = LINE ( 'NONE', #2952, #3487 ) ;
#1752 = DIRECTION ( 'NONE',  ( -1.000000000000000000, 0.000000000000000000, 0.000000000000000000 ) ) ;
#1753 = ORIENTED_EDGE ( 'NONE', *, *, #269, .T. ) ;
#1754 = ORIENTED_EDGE ( 'NONE', *, *, #2969, .F. ) ;
#1755 = VECTOR ( 'NONE', #1229, 1000.000000000000000 ) ;
#1756 = ADVANCED_FACE ( 'NONE', ( #3585 ), #3190, .T. ) ;
#1757 = VECTOR ( 'NONE', #2205, 1000.000000000000000 ) ;
#1758 = DIRECTION ( 'NONE',  ( 0.000000000000000000, 2.869946927167510299E-15, -1.000000000000000000 ) ) ;
#1759 = ADVANCED_FACE ( 'NONE', ( #3232 ), #2128, .F. ) ;
#1760 = LINE ( 'NONE', #1409, #588 ) ;
#1761 = ORIENTED_EDGE ( 'NONE', *, *, #358, .T. ) ;
#1762 = ORIENTED_EDGE ( 'NONE', *, *, #1165, .T. ) ;
#1763 = VECTOR ( 'NONE', #3815, 1000.000000000000000 ) ;
#1764 = ORIENTED_EDGE ( 'NONE', *, *, #803, .F. ) ;
#1765 = ORIENTED_EDGE ( 'NONE', *, *, #4237, .T. ) ;
#1766 = CARTESIAN_POINT ( 'NONE',  ( -2.250000000000000000, 11.69999999899999921, 0.5399999999999659517 ) ) ;
#1767 = LINE ( 'NONE', #308, #3498 ) ;
#1768 = VECTOR ( 'NONE', #1322, 1000.000000000000000 ) ;
#1769 = VECTOR ( 'NONE', #1901, 1000.000000000000000 ) ;
#1770 = VECTOR ( 'NONE', #4698, 1000.000000000000000 ) ;
#1771 = LINE ( 'NONE', #1652, #4813 ) ;
#1772 = LINE ( 'NONE', #3268, #1928 ) ;
#1773 = DIRECTION ( 'NONE',  ( 1.000000000000000000, 0.000000000000000000, 6.259311511256510532E-16 ) ) ;
#1774 = CARTESIAN_POINT ( 'NONE',  ( -4.145000000000000462, 6.599999999999999645, 2.160000000000000142 ) ) ;
#1775 = CIRCLE ( 'NONE', #1210, 0.4299999999999998268 ) ;
#1776 = VECTOR ( 'NONE', #3344, 1000.000000000000000 ) ;
#1777 = VERTEX_POINT ( 'NONE', #1697 ) ;
#1778 = VECTOR ( 'NONE', #1647, 1000.000000000000000 ) ;
#1779 = VECTOR ( 'NONE', #3078, 1000.000000000000000 ) ;
#1780 = CARTESIAN_POINT ( 'NONE',  ( 2.145000000000000018, 7.299999999999999822, 2.160000000000000142 ) ) ;
#1781 = DIRECTION ( 'NONE',  ( -1.000000000000000000, 0.000000000000000000, 4.015563601798300393E-16 ) ) ;
#1782 = DIRECTION ( 'NONE',  ( -5.656706986880889655E-16, -1.000000000000000000, -3.540709115878870371E-31 ) ) ;
#1783 = ORIENTED_EDGE ( 'NONE', *, *, #3417, .T. ) ;
#1784 = ORIENTED_EDGE ( 'NONE', *, *, #912, .F. ) ;
#1785 = ADVANCED_FACE ( 'NONE', ( #3604 ), #1742, .F. ) ;
#1786 = LINE ( 'NONE', #2905, #4744 ) ;
#1787 = CARTESIAN_POINT ( 'NONE',  ( 2.584999999999999964, 7.700000000000000178, 2.200000000000000178 ) ) ;
#1788 = ORIENTED_EDGE ( 'NONE', *, *, #2343, .T. ) ;
#1789 = ORIENTED_EDGE ( 'NONE', *, *, #3993, .F. ) ;
#1790 = EDGE_CURVE ( 'NONE', #1140, #2187, #4709, .T. ) ;
#1791 = EDGE_CURVE ( 'NONE', #519, #2178, #4390, .T. ) ;
#1792 = ORIENTED_EDGE ( 'NONE', *, *, #3249, .T. ) ;
#1793 = VERTEX_POINT ( 'NONE', #2109 ) ;
#1794 = FACE_OUTER_BOUND ( 'NONE', #1872, .T. ) ;
#1795 = DIRECTION ( 'NONE',  ( 0.000000000000000000, -1.000000000000000000, 0.000000000000000000 ) ) ;
#1796 = DIRECTION ( 'NONE',  ( 0.000000000000000000, 0.000000000000000000, -1.000000000000000000 ) ) ;
#1797 = CARTESIAN_POINT ( 'NONE',  ( -5.375000000000000000, 6.599999999999999645, 0.1900000000000000022 ) ) ;
#1798 = DIRECTION ( 'NONE',  ( 0.000000000000000000, 0.000000000000000000, 1.000000000000000000 ) ) ;
#1799 = FACE_OUTER_BOUND ( 'NONE', #566, .T. ) ;
#1800 = VERTEX_POINT ( 'NONE', #653 ) ;
#1801 = LINE ( 'NONE', #2970, #2869 ) ;
#1802 = CARTESIAN_POINT ( 'NONE',  ( -4.724999999999999645, 6.599999999999999645, 0.3400000000000000244 ) ) ;
#1803 = CARTESIAN_POINT ( 'NONE',  ( -2.925000000000000266, 5.750000000000000000, 2.250000000000000000 ) ) ;
#1804 = LINE ( 'NONE', #824, #2526 ) ;
#1805 = VERTEX_POINT ( 'NONE', #2085 ) ;
#1806 = CARTESIAN_POINT ( 'NONE',  ( -4.584999999999999964, 3.750000000000000000, 2.200000000000000178 ) ) ;
#1807 = CARTESIAN_POINT ( 'NONE',  ( -3.425000000000000266, 3.750000000000000000, 2.540000000000000036 ) ) ;
#1808 = EDGE_CURVE ( 'NONE', #69, #2416, #3625, .T. ) ;
#1809 = VERTEX_POINT ( 'NONE', #4657 ) ;
#1810 = EDGE_LOOP ( 'NONE', ( #3280, #3543, #3903, #268, #4818 ) ) ;
#1811 = VERTEX_POINT ( 'NONE', #4340 ) ;
#1812 = VERTEX_POINT ( 'NONE', #3918 ) ;
#1813 = DIRECTION ( 'NONE',  ( 0.000000000000000000, 0.000000000000000000, -1.000000000000000000 ) ) ;
#1814 = DIRECTION ( 'NONE',  ( 0.000000000000000000, -1.000000000000000000, 0.000000000000000000 ) ) ;
#1815 = EDGE_CURVE ( 'NONE', #1126, #1160, #2870, .T. ) ;
#1816 = ORIENTED_EDGE ( 'NONE', *, *, #2864, .F. ) ;
#1817 = DIRECTION ( 'NONE',  ( -1.000000000000000000, 0.000000000000000000, 0.000000000000000000 ) ) ;
#1818 = DIRECTION ( 'NONE',  ( 0.000000000000000000, 0.000000000000000000, 1.000000000000000000 ) ) ;
#1819 = ADVANCED_FACE ( 'NONE', ( #2425 ), #1721, .F. ) ;
#1820 = APPLICATION_PROTOCOL_DEFINITION ( 'draft international standard', 'automotive_design', 1998, #3112 ) ;
#1821 = LINE ( 'NONE', #3591, #4416 ) ;
#1822 = ORIENTED_EDGE ( 'NONE', *, *, #702, .F. ) ;
#1823 = CARTESIAN_POINT ( 'NONE',  ( -4.575000000000000178, 6.599999999999999645, 0.2700000000000000178 ) ) ;
#1824 = DIRECTION ( 'NONE',  ( 1.000000000000000000, 0.000000000000000000, 0.000000000000000000 ) ) ;
#1825 = EDGE_CURVE ( 'NONE', #834, #1204, #585, .T. ) ;
#1826 = CARTESIAN_POINT ( 'NONE',  ( -0.1950000000000000067, 9.099999999999999645, 0.3099999999999999978 ) ) ;
#1827 = ORIENTED_EDGE ( 'NONE', *, *, #749, .F. ) ;
#1828 = AXIS2_PLACEMENT_3D ( 'NONE', #1145, #402, #3055 ) ;
#1829 = CARTESIAN_POINT ( 'NONE',  ( -4.145000000000000462, 6.599999999999999645, 1.729999999999999982 ) ) ;
#1830 = LINE ( 'NONE', #87, #4351 ) ;
#1831 = ORIENTED_EDGE ( 'NONE', *, *, #3417, .F. ) ;
#1832 = VERTEX_POINT ( 'NONE', #610 ) ;
#1833 = ORIENTED_EDGE ( 'NONE', *, *, #3932, .T. ) ;
#1834 = CARTESIAN_POINT ( 'NONE',  ( 2.584999999999999964, 4.000000000000000000, 0.2400000000000000189 ) ) ;
#1835 = CARTESIAN_POINT ( 'NONE',  ( -4.584999999999999964, 4.000000000000000000, 2.200000000000000178 ) ) ;
#1836 = VECTOR ( 'NONE', #632, 1000.000000000000000 ) ;
#1837 = EDGE_CURVE ( 'NONE', #549, #1090, #4367, .T. ) ;
#1838 = EDGE_LOOP ( 'NONE', ( #1997, #3917, #4546, #1017, #1393, #2399, #1625, #2571 ) ) ;
#1839 = VECTOR ( 'NONE', #2315, 1000.000000000000000 ) ;
#1840 = LINE ( 'NONE', #1905, #3473 ) ;
#1841 = DIRECTION ( 'NONE',  ( -1.000000000000000000, 0.000000000000000000, 0.000000000000000000 ) ) ;
#1842 = LINE ( 'NONE', #1563, #495 ) ;
#1843 = AXIS2_PLACEMENT_3D ( 'NONE', #3576, #3227, #4704 ) ;
#1844 = AXIS2_PLACEMENT_3D ( 'NONE', #2353, #3773, #3803 ) ;
#1845 = ORIENTED_EDGE ( 'NONE', *, *, #1457, .F. ) ;
#1846 = EDGE_CURVE ( 'NONE', #2304, #321, #3263, .T. ) ;
#1847 = ADVANCED_FACE ( 'NONE', ( #2519 ), #559, .F. ) ;
#1848 = DIRECTION ( 'NONE',  ( 0.000000000000000000, 1.000000000000000000, 0.000000000000000000 ) ) ;
#1849 = AXIS2_PLACEMENT_3D ( 'NONE', #1060, #2138, #1781 ) ;
#1850 = DIRECTION ( 'NONE',  ( 0.000000000000000000, 0.000000000000000000, -1.000000000000000000 ) ) ;
#1851 = CIRCLE ( 'NONE', #4583, 0.1800000000000000488 ) ;
#1852 = CARTESIAN_POINT ( 'NONE',  ( -4.975000000000000533, 11.35000000000000142, -0.02000000000000000042 ) ) ;
#1853 = ORIENTED_EDGE ( 'NONE', *, *, #4369, .F. ) ;
#1854 = VECTOR ( 'NONE', #1122, 1000.000000000000000 ) ;
#1855 = CIRCLE ( 'NONE', #4588, 0.4000000000000000222 ) ;
#1856 = DIRECTION ( 'NONE',  ( 0.000000000000000000, -1.000000000000000000, 0.000000000000000000 ) ) ;
#1857 = ORIENTED_EDGE ( 'NONE', *, *, #3695, .T. ) ;
#1858 = VERTEX_POINT ( 'NONE', #704 ) ;
#1859 = CARTESIAN_POINT ( 'NONE',  ( -4.754999999999999893, 6.599999999999999645, 0.1900000000000000022 ) ) ;
#1860 = PLANE ( 'NONE',  #4272 ) ;
#1861 = APPLICATION_CONTEXT ( 'automotive_design' ) ;
#1862 = EDGE_LOOP ( 'NONE', ( #4760, #286, #866, #3915 ) ) ;
#1863 = LINE ( 'NONE', #2183, #4493 ) ;
#1864 = CARTESIAN_POINT ( 'NONE',  ( -4.975000000000000533, 11.35000000000000142, -0.02000000000000000042 ) ) ;
#1865 = FACE_OUTER_BOUND ( 'NONE', #2795, .T. ) ;
#1866 = EDGE_CURVE ( 'NONE', #3456, #2867, #2981, .T. ) ;
#1867 = VERTEX_POINT ( 'NONE', #1859 ) ;
#1868 = CARTESIAN_POINT ( 'NONE',  ( 2.324999999999999734, 8.630000000000000782, 2.100000000000000089 ) ) ;
#1869 = CARTESIAN_POINT ( 'NONE',  ( 2.145000000000000018, 7.299999999999999822, 1.909999999999999920 ) ) ;
#1870 = CARTESIAN_POINT ( 'NONE',  ( -3.200000000000000178, 9.099999999999999645, 0.3800000000000000044 ) ) ;
#1871 = EDGE_CURVE ( 'NONE', #176, #834, #683, .T. ) ;
#1872 = EDGE_LOOP ( 'NONE', ( #96, #1575, #3742 ) ) ;
#1873 = ADVANCED_FACE ( 'NONE', ( #4477 ), #3693, .T. ) ;
#1874 = ORIENTED_EDGE ( 'NONE', *, *, #1178, .T. ) ;
#1875 = DIRECTION ( 'NONE',  ( 0.000000000000000000, 0.000000000000000000, 1.000000000000000000 ) ) ;
#1876 = LINE ( 'NONE', #2994, #2162 ) ;
#1877 = EDGE_CURVE ( 'NONE', #1394, #3612, #7, .T. ) ;
#1878 = ORIENTED_EDGE ( 'NONE', *, *, #327, .F. ) ;
#1879 = ORIENTED_EDGE ( 'NONE', *, *, #3877, .F. ) ;
#1880 = DIRECTION ( 'NONE',  ( 0.000000000000000000, 0.000000000000000000, 1.000000000000000000 ) ) ;
#1881 = CARTESIAN_POINT ( 'NONE',  ( -4.575000000000000178, 8.630000000000000782, 2.100000000000000089 ) ) ;
#1882 = ORIENTED_EDGE ( 'NONE', *, *, #4621, .T. ) ;
#1883 = PLANE ( 'NONE',  #4100 ) ;
#1884 = DIRECTION ( 'NONE',  ( 0.000000000000000000, 0.000000000000000000, -1.000000000000000000 ) ) ;
#1885 = DIRECTION ( 'NONE',  ( 6.240012503513690548E-16, 0.000000000000000000, -1.000000000000000000 ) ) ;
#1886 = LINE ( 'NONE', #1514, #88 ) ;
#1887 = EDGE_CURVE ( 'NONE', #699, #1464, #4128, .T. ) ;
#1888 = DIRECTION ( 'NONE',  ( 0.000000000000000000, 1.000000000000000000, 0.000000000000000000 ) ) ;
#1889 = DIRECTION ( 'NONE',  ( 0.000000000000000000, 0.000000000000000000, -1.000000000000000000 ) ) ;
#1890 = DIRECTION ( 'NONE',  ( -1.000000000000000000, 0.000000000000000000, 4.170008355713390376E-16 ) ) ;
#1891 = ORIENTED_EDGE ( 'NONE', *, *, #4600, .T. ) ;
#1892 = VERTEX_POINT ( 'NONE', #2962 ) ;
#1893 = EDGE_CURVE ( 'NONE', #3484, #1738, #307, .T. ) ;
#1894 = CARTESIAN_POINT ( 'NONE',  ( -4.145000000000000462, 4.000000000000000000, 2.160000000000000142 ) ) ;
#1895 = FACE_OUTER_BOUND ( 'NONE', #859, .T. ) ;
#1896 = VERTEX_POINT ( 'NONE', #3372 ) ;
#1897 = ORIENTED_EDGE ( 'NONE', *, *, #1038, .F. ) ;
#1898 = EDGE_CURVE ( 'NONE', #1559, #519, #376, .T. ) ;
#1899 = ADVANCED_FACE ( 'NONE', ( #4831 ), #2180, .F. ) ;
#1900 = CARTESIAN_POINT ( 'NONE',  ( 0.2500000000000000000, 11.35000000000000142, 0.5401667129553089364 ) ) ;
#1901 = DIRECTION ( 'NONE',  ( 0.000000000000000000, -1.000000000000000000, 0.000000000000000000 ) ) ;
#1902 = VECTOR ( 'NONE', #4643, 1000.000000000000000 ) ;
#1903 = ORIENTED_EDGE ( 'NONE', *, *, #528, .F. ) ;
#1904 = ORIENTED_EDGE ( 'NONE', *, *, #1877, .F. ) ;
#1905 = CARTESIAN_POINT ( 'NONE',  ( -4.575000000000000178, 6.599999999999999645, 0.2700000000000000178 ) ) ;
#1906 = DIRECTION ( 'NONE',  ( 0.000000000000000000, 1.000000000000000000, 0.000000000000000000 ) ) ;
#1907 = VECTOR ( 'NONE', #4347, 1000.000000000000000 ) ;
#1908 = DIRECTION ( 'NONE',  ( 0.000000000000000000, 1.000000000000000000, 0.000000000000000000 ) ) ;
#1909 = CARTESIAN_POINT ( 'NONE',  ( -4.331172626649679280, 6.599999999999999645, 0.2700000000000000178 ) ) ;
#1910 = VECTOR ( 'NONE', #2010, 1000.000000000000000 ) ;
#1911 = CARTESIAN_POINT ( 'NONE',  ( -3.200000000000000178, 9.099999999999999645, 0.1799999999999949973 ) ) ;
#1912 = DIRECTION ( 'NONE',  ( 1.000000000000000000, 0.000000000000000000, 0.000000000000000000 ) ) ;
#1913 = DIRECTION ( 'NONE',  ( 1.000000000000000000, 0.000000000000000000, -4.808961248927650018E-16 ) ) ;
#1914 = LINE ( 'NONE', #1852, #2370 ) ;
#1915 = VECTOR ( 'NONE', #3072, 1000.000000000000000 ) ;
#1916 = VERTEX_POINT ( 'NONE', #1834 ) ;
#1917 = VECTOR ( 'NONE', #1880, 1000.000000000000000 ) ;
#1918 = EDGE_LOOP ( 'NONE', ( #761, #2267, #4620, #4208 ) ) ;
#1919 = CIRCLE ( 'NONE', #1694, 0.4300000000000000488 ) ;
#1920 = AXIS2_PLACEMENT_3D ( 'NONE', #3349, #3278, #4846 ) ;
#1921 = DIRECTION ( 'NONE',  ( 8.456793890807850134E-33, -1.000000000000000000, 2.710505431213769713E-17 ) ) ;
#1922 = DIRECTION ( 'NONE',  ( 0.000000000000000000, 0.000000000000000000, -1.000000000000000000 ) ) ;
#1923 = ORIENTED_EDGE ( 'NONE', *, *, #1658, .F. ) ;
#1924 = ORIENTED_EDGE ( 'NONE', *, *, #836, .T. ) ;
#1925 = MECHANICAL_DESIGN_GEOMETRIC_PRESENTATION_REPRESENTATION (  '', ( #1613 ), #3497 ) ;
#1926 = ADVANCED_FACE ( 'NONE', ( #1794 ), #4498, .T. ) ;
#1927 = AXIS2_PLACEMENT_3D ( 'NONE', #2452, #3948, #2374 ) ;
#1928 = VECTOR ( 'NONE', #2845, 1000.000000000000000 ) ;
#1929 = CARTESIAN_POINT ( 'NONE',  ( 0.000000000000000000, 9.099999999999999645, 0.3099999999999660250 ) ) ;
#1930 = PLANE ( 'NONE',  #2079 ) ;
#1931 = EDGE_CURVE ( 'NONE', #1231, #2814, #1110, .T. ) ;
#1932 = EDGE_CURVE ( 'NONE', #2598, #1603, #3286, .T. ) ;
#1933 = ORIENTED_EDGE ( 'NONE', *, *, #803, .T. ) ;
#1934 = CARTESIAN_POINT ( 'NONE',  ( -3.200000000000000178, 9.099999999999999645, 0.1799999999999949973 ) ) ;
#1935 = LINE ( 'NONE', #3376, #2873 ) ;
#1936 = DIRECTION ( 'NONE',  ( -1.000000000000000000, 0.000000000000000000, 0.000000000000000000 ) ) ;
#1937 = VERTEX_POINT ( 'NONE', #4105 ) ;
#1938 = DIRECTION ( 'NONE',  ( 0.000000000000000000, 0.000000000000000000, -1.000000000000000000 ) ) ;
#1939 = PLANE ( 'NONE',  #1531 ) ;
#1940 = PLANE ( 'NONE',  #661 ) ;
#1941 = DIRECTION ( 'NONE',  ( 0.000000000000000000, 0.000000000000000000, -1.000000000000000000 ) ) ;
#1942 = ORIENTED_EDGE ( 'NONE', *, *, #3450, .F. ) ;
#1943 = ORIENTED_EDGE ( 'NONE', *, *, #3496, .T. ) ;
#1944 = DIRECTION ( 'NONE',  ( -1.000000000000000000, 0.000000000000000000, 0.000000000000000000 ) ) ;
#1945 = CARTESIAN_POINT ( 'NONE',  ( -4.724999999999999645, 4.000000000000000000, -0.06000000000000000472 ) ) ;
#1946 = ORIENTED_EDGE ( 'NONE', *, *, #2140, .F. ) ;
#1947 = ORIENTED_EDGE ( 'NONE', *, *, #1612, .F. ) ;
#1948 = EDGE_CURVE ( 'NONE', #1970, #3075, #3712, .T. ) ;
#1949 = CARTESIAN_POINT ( 'NONE',  ( 0.000000000000000000, 7.450000000000000178, 0.000000000000000000 ) ) ;
#1950 = DIRECTION ( 'NONE',  ( 0.000000000000000000, 1.000000000000000000, 0.000000000000000000 ) ) ;
#1951 = LINE ( 'NONE', #2029, #1275 ) ;
#1952 = ORIENTED_EDGE ( 'NONE', *, *, #2614, .F. ) ;
#1953 = EDGE_LOOP ( 'NONE', ( #1952, #1319, #472, #4597, #2782, #1089, #3229, #3623 ) ) ;
#1954 = EDGE_CURVE ( 'NONE', #3910, #1714, #3307, .T. ) ;
#1955 = CARTESIAN_POINT ( 'NONE',  ( 2.584999999999999964, 6.599999999999999645, 0.2400000000000000189 ) ) ;
#1956 = CARTESIAN_POINT ( 'NONE',  ( -3.200000000000000178, 6.250000000000000000, 0.1799999999999949973 ) ) ;
#1957 = LINE ( 'NONE', #3162, #1910 ) ;
#1958 = LINE ( 'NONE', #2799, #4800 ) ;
#1959 = EDGE_CURVE ( 'NONE', #2191, #3776, #1415, .T. ) ;
#1960 = LINE ( 'NONE', #3744, #2235 ) ;
#1961 = FACE_OUTER_BOUND ( 'NONE', #2652, .T. ) ;
#1962 = PLANE ( 'NONE',  #504 ) ;
#1963 = CARTESIAN_POINT ( 'NONE',  ( -4.575000000000000178, 6.150000000000000355, 0.5699999999999999512 ) ) ;
#1964 = ORIENTED_EDGE ( 'NONE', *, *, #1815, .T. ) ;
#1965 = ORIENTED_EDGE ( 'NONE', *, *, #631, .T. ) ;
#1966 = EDGE_CURVE ( 'NONE', #1225, #3484, #4852, .T. ) ;
#1967 = PLANE ( 'NONE',  #2785 ) ;
#1968 = DIRECTION ( 'NONE',  ( 1.000000000000000000, 0.000000000000000000, 0.000000000000000000 ) ) ;
#1969 = ORIENTED_EDGE ( 'NONE', *, *, #3186, .T. ) ;
#1970 = VERTEX_POINT ( 'NONE', #2153 ) ;
#1971 = FACE_OUTER_BOUND ( 'NONE', #4655, .T. ) ;
#1972 = DIRECTION ( 'NONE',  ( 0.000000000000000000, -1.000000000000000000, 0.000000000000000000 ) ) ;
#1973 = LINE ( 'NONE', #183, #4648 ) ;
#1974 = VERTEX_POINT ( 'NONE', #4410 ) ;
#1975 = VERTEX_POINT ( 'NONE', #3652 ) ;
#1976 = CARTESIAN_POINT ( 'NONE',  ( 2.575000000000000178, 6.599999999999999645, 0.2700000000000000178 ) ) ;
#1977 = CARTESIAN_POINT ( 'NONE',  ( 1.925000000000000044, 5.049999999999999822, 0.5699999999999999512 ) ) ;
#1978 = CARTESIAN_POINT ( 'NONE',  ( -1.750000000000000000, 6.949999999999999289, 2.540000000000000036 ) ) ;
#1979 = FACE_OUTER_BOUND ( 'NONE', #4334, .T. ) ;
#1980 = AXIS2_PLACEMENT_3D ( 'NONE', #228, #3637, #3615 ) ;
#1981 = EDGE_CURVE ( 'NONE', #130, #4564, #2545, .T. ) ;
#1982 = AXIS2_PLACEMENT_3D ( 'NONE', #1007, #1747, #3659 ) ;
#1983 = DIRECTION ( 'NONE',  ( 0.000000000000000000, 0.7071067811865450192, 0.7071067811865500152 ) ) ;
#1984 = CARTESIAN_POINT ( 'NONE',  ( -2.200000000000000178, 9.099999999999999645, 1.429999999999970184 ) ) ;
#1985 = DIRECTION ( 'NONE',  ( 0.000000000000000000, 0.000000000000000000, -1.000000000000000000 ) ) ;
#1986 = LINE ( 'NONE', #3087, #3559 ) ;
#1987 = EDGE_LOOP ( 'NONE', ( #298, #1792, #1095 ) ) ;
#1988 = EDGE_CURVE ( 'NONE', #2409, #3364, #4174, .T. ) ;
#1989 = EDGE_CURVE ( 'NONE', #4407, #3538, #4227, .T. ) ;
#1990 = VERTEX_POINT ( 'NONE', #2731 ) ;
#1992 = DIRECTION ( 'NONE',  ( 0.000000000000000000, 1.000000000000000000, 0.000000000000000000 ) ) ;
#1991 = LINE ( 'NONE', #1, #1696 ) ;
#1993 = CARTESIAN_POINT ( 'NONE',  ( 1.199999999999999956, 9.099999999999999645, 0.3800000000000000044 ) ) ;
#1994 = VECTOR ( 'NONE', #1813, 1000.000000000000000 ) ;
#1995 = LINE ( 'NONE', #569, #1902 ) ;
#1996 = ORIENTED_EDGE ( 'NONE', *, *, #4083, .T. ) ;
#1997 = ORIENTED_EDGE ( 'NONE', *, *, #2620, .T. ) ;
#1998 = AXIS2_PLACEMENT_3D ( 'NONE', #446, #4682, #1950 ) ;
#1999 = VECTOR ( 'NONE', #644, 1000.000000000000000 ) ;
#2000 = DIRECTION ( 'NONE',  ( 0.000000000000000000, 0.000000000000000000, -1.000000000000000000 ) ) ;
#2001 = CARTESIAN_POINT ( 'NONE',  ( -4.315000000000000391, 4.049999999999999822, 0.3800000000000000044 ) ) ;
#2002 = VECTOR ( 'NONE', #639, 1000.000000000000000 ) ;
#2003 = DIRECTION ( 'NONE',  ( 0.000000000000000000, 0.000000000000000000, -1.000000000000000000 ) ) ;
#2004 = CIRCLE ( 'NONE', #4750, 0.1800000000000000488 ) ;
#2005 = ORIENTED_EDGE ( 'NONE', *, *, #1265, .F. ) ;
#2006 = VECTOR ( 'NONE', #1323, 1000.000000000000000 ) ;
#2007 = ORIENTED_EDGE ( 'NONE', *, *, #2887, .T. ) ;
#2008 = LINE ( 'NONE', #3424, #2379 ) ;
#2009 = LINE ( 'NONE', #81, #4044 ) ;
#2010 = DIRECTION ( 'NONE',  ( 0.000000000000000000, 0.7071067811865450192, 0.7071067811865500152 ) ) ;
#2011 = PLANE ( 'NONE',  #4089 ) ;
#2012 = CARTESIAN_POINT ( 'NONE',  ( 2.324999999999999734, 7.700000000000000178, 2.290000000000000036 ) ) ;
#2013 = EDGE_CURVE ( 'NONE', #4517, #2364, #3127, .T. ) ;
#2014 = CARTESIAN_POINT ( 'NONE',  ( -4.315000000000000391, 9.099999999999999645, 2.200000000000000178 ) ) ;
#2015 = LINE ( 'NONE', #3512, #4277 ) ;
#2016 = CARTESIAN_POINT ( 'NONE',  ( 1.425000000000000044, 9.099999999999999645, 2.250000000000000000 ) ) ;
#2017 = ORIENTED_EDGE ( 'NONE', *, *, #3515, .F. ) ;
#2018 = EDGE_LOOP ( 'NONE', ( #3528, #374, #3355, #3438, #3457, #4164, #3711, #2713 ) ) ;
#2020 = PLANE ( 'NONE',  #1283 ) ;
#2019 = CARTESIAN_POINT ( 'NONE',  ( 2.754999999999999893, 6.599999999999999645, 0.1900000000000000022 ) ) ;
#2021 = EDGE_CURVE ( 'NONE', #1367, #2032, #132, .T. ) ;
#2022 = CARTESIAN_POINT ( 'NONE',  ( -2.194999999999999840, 6.599999999999999645, 0.3099999999999999978 ) ) ;
#2023 = CARTESIAN_POINT ( 'NONE',  ( 2.324999999999999734, 6.599999999999999645, 0.5699999999999999512 ) ) ;
#2024 = ORIENTED_EDGE ( 'NONE', *, *, #341, .F. ) ;
#2025 = ORIENTED_EDGE ( 'NONE', *, *, #1441, .F. ) ;
#2026 = ADVANCED_FACE ( 'NONE', ( #75 ), #3465, .F. ) ;
#2027 = DIRECTION ( 'NONE',  ( 0.000000000000000000, -9.856383386231858827E-17, 1.000000000000000000 ) ) ;
#2028 = CARTESIAN_POINT ( 'NONE',  ( -4.325000000000000178, 9.099999999999999645, 2.200000000000000178 ) ) ;
#2029 = CARTESIAN_POINT ( 'NONE',  ( 2.575000000000000178, 6.599999999999999645, 0.3699999999999999956 ) ) ;
#2030 = ORIENTED_EDGE ( 'NONE', *, *, #4696, .T. ) ;
#2031 = EDGE_LOOP ( 'NONE', ( #1406, #3423, #387, #4080 ) ) ;
#2032 = VERTEX_POINT ( 'NONE', #2335 ) ;
#2033 = CARTESIAN_POINT ( 'NONE',  ( -2.925000000000000266, 5.750000000000000000, -0.3310000000000080655 ) ) ;
#2034 = PLANE ( 'NONE',  #4755 ) ;
#2035 = CARTESIAN_POINT ( 'NONE',  ( -2.200000000000000178, 6.699999999000020523, 0.3099999999999999978 ) ) ;
#2036 = DIRECTION ( 'NONE',  ( 0.000000000000000000, 1.000000000000000000, 0.000000000000000000 ) ) ;
#2037 = LINE ( 'NONE', #4692, #3579 ) ;
#2038 = DIRECTION ( 'NONE',  ( 1.000000000000000000, 0.000000000000000000, -4.170008355713390376E-16 ) ) ;
#2039 = CARTESIAN_POINT ( 'NONE',  ( 2.324999999999999734, 6.150000000000000355, 0.5699999999999999512 ) ) ;
#2040 = ORIENTED_EDGE ( 'NONE', *, *, #6, .F. ) ;
#2041 = ORIENTED_EDGE ( 'NONE', *, *, #4019, .F. ) ;
#2042 = EDGE_CURVE ( 'NONE', #706, #2783, #2708, .T. ) ;
#2044 = CARTESIAN_POINT ( 'NONE',  ( 2.575000000000000178, 8.630000000000000782, 2.100000000000000089 ) ) ;
#2043 = LINE ( 'NONE', #2748, #1770 ) ;
#2045 = DIRECTION ( 'NONE',  ( -1.000000000000000000, 0.000000000000000000, 0.000000000000000000 ) ) ;
#2046 = DIRECTION ( 'NONE',  ( 0.000000000000000000, 2.869946927167510299E-15, -1.000000000000000000 ) ) ;
#2047 = VERTEX_POINT ( 'NONE', #3499 ) ;
#2048 = ORIENTED_EDGE ( 'NONE', *, *, #249, .T. ) ;
#2049 = EDGE_CURVE ( 'NONE', #4730, #1564, #3103, .T. ) ;
#2050 = CARTESIAN_POINT ( 'NONE',  ( 0.9250000000000000444, 8.050000000000000711, 2.250000000000000000 ) ) ;
#2051 = CARTESIAN_POINT ( 'NONE',  ( -2.250000000000000000, 11.59999999900000134, -0.06000000000003419959 ) ) ;
#2052 = CARTESIAN_POINT ( 'NONE',  ( 2.575000000000000178, 6.150000000000000355, 0.5699999999999999512 ) ) ;
#2053 = ORIENTED_EDGE ( 'NONE', *, *, #2258, .T. ) ;
#2054 = EDGE_CURVE ( 'NONE', #4020, #865, #813, .T. ) ;
#2055 = EDGE_CURVE ( 'NONE', #2409, #1495, #2657, .T. ) ;
#2056 = ORIENTED_EDGE ( 'NONE', *, *, #4695, .T. ) ;
#2057 = ORIENTED_EDGE ( 'NONE', *, *, #3062, .F. ) ;
#2058 = DIRECTION ( 'NONE',  ( -1.000000000000000000, 0.000000000000000000, 0.000000000000000000 ) ) ;
#2059 = CARTESIAN_POINT ( 'NONE',  ( 2.725000000000000089, 6.599999999999999645, 0.3400000000000000244 ) ) ;
#2060 = CARTESIAN_POINT ( 'NONE',  ( -4.575000000000000178, 4.000000000000000000, 0.3699999999999999956 ) ) ;
#2061 = CARTESIAN_POINT ( 'NONE',  ( -3.924999999999999822, 6.599999999999999645, 1.909999999999999920 ) ) ;
#2062 = CARTESIAN_POINT ( 'NONE',  ( 0.2500000000000000000, 11.59999999900000134, -0.06000000000003419959 ) ) ;
#2063 = CARTESIAN_POINT ( 'NONE',  ( -1.800000000000000044, 9.099999999999999645, 0.3099999999999999978 ) ) ;
#2064 = CARTESIAN_POINT ( 'NONE',  ( -4.584999999999999964, 3.750000000000000000, 0.2400000000000030165 ) ) ;
#2065 = VERTEX_POINT ( 'NONE', #3856 ) ;
#2066 = VECTOR ( 'NONE', #909, 1000.000000000000000 ) ;
#2067 = CARTESIAN_POINT ( 'NONE',  ( 0.000000000000000000, 9.099999999999999645, 2.100000000000000089 ) ) ;
#2068 = CARTESIAN_POINT ( 'NONE',  ( 2.145000000000000018, 6.599999999999999645, 1.729999999999999982 ) ) ;
#2069 = DIRECTION ( 'NONE',  ( -1.000000000000000000, 0.000000000000000000, 0.000000000000000000 ) ) ;
#2070 = ORIENTED_EDGE ( 'NONE', *, *, #3778, .F. ) ;
#2071 = ORIENTED_EDGE ( 'NONE', *, *, #1419, .T. ) ;
#2072 = VECTOR ( 'NONE', #2203, 1000.000000000000000 ) ;
#2073 = VECTOR ( 'NONE', #3045, 1000.000000000000000 ) ;
#2074 = CARTESIAN_POINT ( 'NONE',  ( -4.325000000000000178, 7.299999999999999822, 1.690000000000000169 ) ) ;
#2075 = PLANE ( 'NONE',  #1843 ) ;
#2076 = ADVANCED_FACE ( 'NONE', ( #2678 ), #445, .T. ) ;
#2077 = VERTEX_POINT ( 'NONE', #497 ) ;
#2078 = VERTEX_POINT ( 'NONE', #4150 ) ;
#2079 = AXIS2_PLACEMENT_3D ( 'NONE', #1158, #1556, #1467 ) ;
#2080 = VECTOR ( 'NONE', #4822, 1000.000000000000000 ) ;
#2081 = ORIENTED_EDGE ( 'NONE', *, *, #3217, .T. ) ;
#2082 = ORIENTED_EDGE ( 'NONE', *, *, #4084, .F. ) ;
#2083 = AXIS2_PLACEMENT_3D ( 'NONE', #1033, #3244, #1824 ) ;
#2084 = VECTOR ( 'NONE', #4000, 1000.000000000000000 ) ;
#2085 = CARTESIAN_POINT ( 'NONE',  ( 2.145000000000000018, 6.150000000000000355, 1.909999999999999920 ) ) ;
#2086 = CARTESIAN_POINT ( 'NONE',  ( -2.100000000000090239, 7.700000000000000178, 1.690000000000000169 ) ) ;
#2087 = ADVANCED_FACE ( 'NONE', ( #787 ), #2287, .F. ) ;
#2088 = EDGE_CURVE ( 'NONE', #3382, #4684, #1606, .T. ) ;
#2089 = DIRECTION ( 'NONE',  ( -1.000000000000000000, 0.000000000000000000, 0.000000000000000000 ) ) ;
#2090 = VECTOR ( 'NONE', #2876, 1000.000000000000000 ) ;
#2091 = AXIS2_PLACEMENT_3D ( 'NONE', #2913, #261, #3586 ) ;
#2092 = CARTESIAN_POINT ( 'NONE',  ( -3.425000000000000266, 7.700000000000000178, 2.200000000000000178 ) ) ;
#2093 = EDGE_CURVE ( 'NONE', #3050, #1140, #467, .T. ) ;
#2094 = VECTOR ( 'NONE', #2546, 1000.000000000000000 ) ;
#2095 = CARTESIAN_POINT ( 'NONE',  ( -2.250000000000000000, 6.949999999999999289, 2.490000000000000213 ) ) ;
#2096 = ORIENTED_EDGE ( 'NONE', *, *, #2646, .T. ) ;
#2097 = DIRECTION ( 'NONE',  ( 0.000000000000000000, -1.000000000000000000, 0.000000000000000000 ) ) ;
#2098 = DIRECTION ( 'NONE',  ( 0.000000000000000000, 1.000000000000000000, 0.000000000000000000 ) ) ;
#2099 = DIRECTION ( 'NONE',  ( 0.000000000000000000, 0.000000000000000000, -1.000000000000000000 ) ) ;
#2100 = ORIENTED_EDGE ( 'NONE', *, *, #3847, .T. ) ;
#2101 = EDGE_LOOP ( 'NONE', ( #2836, #2911, #918, #3878, #2041, #394, #3935, #4026, #3861, #1336, #4754, #4796 ) ) ;
#2102 = DIRECTION ( 'NONE',  ( -1.000000000000000000, 0.000000000000000000, 5.825563911862410695E-15 ) ) ;
#2103 = LINE ( 'NONE', #4773, #4107 ) ;
#2104 = ORIENTED_EDGE ( 'NONE', *, *, #3306, .T. ) ;
#2105 = ORIENTED_EDGE ( 'NONE', *, *, #1746, .F. ) ;
#2106 = EDGE_CURVE ( 'NONE', #4148, #2675, #3082, .T. ) ;
#2107 = ORIENTED_EDGE ( 'NONE', *, *, #1258, .F. ) ;
#2108 = ORIENTED_EDGE ( 'NONE', *, *, #3194, .F. ) ;
#2109 = CARTESIAN_POINT ( 'NONE',  ( -4.584999999999999964, 6.599999999999999645, 0.2400000000000030165 ) ) ;
#2110 = CARTESIAN_POINT ( 'NONE',  ( 2.314999999999999947, 30.01500000000000057, 0.2700000000000000178 ) ) ;
#2111 = EDGE_CURVE ( 'NONE', #2995, #2506, #2264, .T. ) ;
#2112 = CARTESIAN_POINT ( 'NONE',  ( 2.725000000000000089, 6.599999999999999645, -0.06000000000000000472 ) ) ;
#2113 =( LENGTH_UNIT ( ) NAMED_UNIT ( * ) SI_UNIT ( .MILLI., .METRE. ) );
#2114 = PLANE ( 'NONE',  #2849 ) ;
#2115 = VERTEX_POINT ( 'NONE', #4203 ) ;
#2116 = ADVANCED_FACE ( 'NONE', ( #1971 ), #4601, .F. ) ;
#2117 = DIRECTION ( 'NONE',  ( 0.000000000000000000, 0.000000000000000000, -1.000000000000000000 ) ) ;
#2118 = DIRECTION ( 'NONE',  ( -1.000000000000000000, 0.000000000000000000, 0.000000000000000000 ) ) ;
#2119 = CARTESIAN_POINT ( 'NONE',  ( -4.584999999999999964, 3.750000000000000000, 2.200000000000000178 ) ) ;
#2120 = VERTEX_POINT ( 'NONE', #766 ) ;
#2121 = VERTEX_POINT ( 'NONE', #965 ) ;
#2122 = CARTESIAN_POINT ( 'NONE',  ( 2.575000000000000178, 6.599999999999999645, 1.690000000000000169 ) ) ;
#2123 = CARTESIAN_POINT ( 'NONE',  ( -0.2500000000000000000, 11.69999999899999921, 0.5399999999999659517 ) ) ;
#2124 = ORIENTED_EDGE ( 'NONE', *, *, #1309, .T. ) ;
#2125 = ORIENTED_EDGE ( 'NONE', *, *, #1954, .T. ) ;
#2126 = ORIENTED_EDGE ( 'NONE', *, *, #2172, .T. ) ;
#2127 = ORIENTED_EDGE ( 'NONE', *, *, #3618, .F. ) ;
#2128 = PLANE ( 'NONE',  #4497 ) ;
#2129 = LINE ( 'NONE', #4042, #1137 ) ;
#2130 = DIRECTION ( 'NONE',  ( 0.000000000000000000, 1.000000000000000000, -2.710505431213769713E-17 ) ) ;
#2131 = PLANE ( 'NONE',  #3015 ) ;
#2132 =( NAMED_UNIT ( * ) PLANE_ANGLE_UNIT ( ) SI_UNIT ( $, .RADIAN. ) );
#2133 = LINE ( 'NONE', #4374, #1589 ) ;
#2134 = EDGE_CURVE ( 'NONE', #1990, #2511, #4310, .T. ) ;
#2135 = ORIENTED_EDGE ( 'NONE', *, *, #2761, .T. ) ;
#2136 = VECTOR ( 'NONE', #891, 1000.000000000000000 ) ;
#2137 = FACE_OUTER_BOUND ( 'NONE', #1639, .T. ) ;
#2138 = DIRECTION ( 'NONE',  ( -4.015563601798300393E-16, 0.000000000000000000, -1.000000000000000000 ) ) ;
#2139 = LINE ( 'NONE', #3663, #1356 ) ;
#2140 = EDGE_CURVE ( 'NONE', #3374, #1800, #3889, .T. ) ;
#2141 = ORIENTED_EDGE ( 'NONE', *, *, #3906, .T. ) ;
#2142 = ORIENTED_EDGE ( 'NONE', *, *, #2561, .T. ) ;
#2143 = EDGE_CURVE ( 'NONE', #2290, #2121, #4332, .T. ) ;
#2144 = VECTOR ( 'NONE', #1661, 1000.000000000000000 ) ;
#2145 = DIRECTION ( 'NONE',  ( 0.000000000000000000, -1.000000000000000000, 0.000000000000000000 ) ) ;
#2146 = VECTOR ( 'NONE', #1885, 1000.000000000000000 ) ;
#2147 = CARTESIAN_POINT ( 'NONE',  ( 0.9250000000000000444, 5.750000000000000000, 2.540000000000000036 ) ) ;
#2148 = ORIENTED_EDGE ( 'NONE', *, *, #1988, .T. ) ;
#2149 = ORIENTED_EDGE ( 'NONE', *, *, #2699, .F. ) ;
#2150 = VECTOR ( 'NONE', #4265, 1000.000000000000000 ) ;
#2151 = VERTEX_POINT ( 'NONE', #2491 ) ;
#2152 = ORIENTED_EDGE ( 'NONE', *, *, #2021, .F. ) ;
#2153 = CARTESIAN_POINT ( 'NONE',  ( -0.2500000000000000000, 10.84999999899999956, -0.06000000000003430367 ) ) ;
#2154 = LINE ( 'NONE', #4710, #4830 ) ;
#2155 = AXIS2_PLACEMENT_3D ( 'NONE', #1179, #28, #2000 ) ;
#2156 = VECTOR ( 'NONE', #1578, 1000.000000000000000 ) ;
#2157 = VECTOR ( 'NONE', #1944, 1000.000000000000000 ) ;
#2158 = LINE ( 'NONE', #2874, #496 ) ;
#2159 = DIRECTION ( 'NONE',  ( 0.000000000000000000, 0.000000000000000000, 1.000000000000000000 ) ) ;
#2160 = FACE_OUTER_BOUND ( 'NONE', #2671, .T. ) ;
#2161 = DIRECTION ( 'NONE',  ( 0.000000000000000000, -1.000000000000000000, 0.000000000000000000 ) ) ;
#2162 = VECTOR ( 'NONE', #3751, 1000.000000000000000 ) ;
#2163 = AXIS2_PLACEMENT_3D ( 'NONE', #3842, #4269, #197 ) ;
#2164 = ORIENTED_EDGE ( 'NONE', *, *, #1541, .T. ) ;
#2165 = ADVANCED_FACE ( 'NONE', ( #2858 ), #2419, .F. ) ;
#2166 = AXIS2_PLACEMENT_3D ( 'NONE', #2110, #2181, #630 ) ;
#2167 = CARTESIAN_POINT ( 'NONE',  ( -4.584999999999999964, 6.750000000000000000, 0.2700000000000000178 ) ) ;
#2168 = DIRECTION ( 'NONE',  ( 0.000000000000000000, -1.000000000000000000, 0.000000000000000000 ) ) ;
#2169 = DIRECTION ( 'NONE',  ( -0.000000000000000000, 1.000000000000000000, 0.000000000000000000 ) ) ;
#2170 = CARTESIAN_POINT ( 'NONE',  ( -1.804999999999999938, 9.099999999999999645, 0.1800000000000030187 ) ) ;
#2171 = ORIENTED_EDGE ( 'NONE', *, *, #3725, .F. ) ;
#2172 = EDGE_CURVE ( 'NONE', #2077, #3617, #3933, .T. ) ;
#2173 = CARTESIAN_POINT ( 'NONE',  ( -5.375000000000000000, 6.599999999999999645, -0.06000000000000080269 ) ) ;
#2174 = LINE ( 'NONE', #1016, #2389 ) ;
#2175 = VERTEX_POINT ( 'NONE', #3912 ) ;
#2176 = VERTEX_POINT ( 'NONE', #2812 ) ;
#2177 = EDGE_CURVE ( 'NONE', #1394, #3098, #2834, .T. ) ;
#2178 = VERTEX_POINT ( 'NONE', #2050 ) ;
#2179 = ORIENTED_EDGE ( 'NONE', *, *, #304, .F. ) ;
#2180 = PLANE ( 'NONE',  #501 ) ;
#2181 = DIRECTION ( 'NONE',  ( -4.015563601798300393E-16, 0.000000000000000000, -1.000000000000000000 ) ) ;
#2182 = ORIENTED_EDGE ( 'NONE', *, *, #3426, .F. ) ;
#2183 = CARTESIAN_POINT ( 'NONE',  ( 2.575000000000000178, 7.299999999999999822, 0.3699999999999999956 ) ) ;
#2184 = DIRECTION ( 'NONE',  ( 0.000000000000000000, 1.000000000000000000, 0.000000000000000000 ) ) ;
#2185 = FILL_AREA_STYLE ('',( #1421 ) ) ;
#2186 = LINE ( 'NONE', #1028, #3946 ) ;
#2187 = VERTEX_POINT ( 'NONE', #4254 ) ;
#2188 = CARTESIAN_POINT ( 'NONE',  ( -2.925000000000000266, 8.050000000000000711, 2.540000000000000036 ) ) ;
#2189 = LINE ( 'NONE', #1382, #112 ) ;
#2190 = FACE_OUTER_BOUND ( 'NONE', #1741, .T. ) ;
#2191 = VERTEX_POINT ( 'NONE', #210 ) ;
#2192 = CARTESIAN_POINT ( 'NONE',  ( 2.324999999999999734, 9.099999999999999645, 0.2700000000000000178 ) ) ;
#2193 = DIRECTION ( 'NONE',  ( 0.000000000000000000, 0.000000000000000000, -1.000000000000000000 ) ) ;
#2194 = ORIENTED_EDGE ( 'NONE', *, *, #2742, .F. ) ;
#2195 = VERTEX_POINT ( 'NONE', #2391 ) ;
#2196 = EDGE_CURVE ( 'NONE', #3580, #130, #553, .T. ) ;
#2197 = ORIENTED_EDGE ( 'NONE', *, *, #454, .F. ) ;
#2198 = DIRECTION ( 'NONE',  ( -1.000000000000000000, 0.000000000000000000, 0.000000000000000000 ) ) ;
#2199 = DIRECTION ( 'NONE',  ( 1.000000000000000000, 0.000000000000000000, 0.000000000000000000 ) ) ;
#2200 = EDGE_CURVE ( 'NONE', #1160, #3989, #4703, .T. ) ;
#2201 = ADVANCED_FACE ( 'NONE', ( #180 ), #889, .F. ) ;
#2202 = ORIENTED_EDGE ( 'NONE', *, *, #1266, .T. ) ;
#2203 = DIRECTION ( 'NONE',  ( 0.000000000000000000, 0.000000000000000000, 1.000000000000000000 ) ) ;
#2204 = CARTESIAN_POINT ( 'NONE',  ( -4.584999999999999964, 9.099999999999999645, 2.200000000000000178 ) ) ;
#2205 = DIRECTION ( 'NONE',  ( 1.936075308009889814E-16, 0.000000000000000000, 1.000000000000000000 ) ) ;
#2206 = ORIENTED_EDGE ( 'NONE', *, *, #963, .F. ) ;
#2207 = CARTESIAN_POINT ( 'NONE',  ( 1.425000000000000044, 3.750000000000000000, 2.200000000000000178 ) ) ;
#2208 = CARTESIAN_POINT ( 'NONE',  ( 1.474999999999999867, 5.049999999999999822, 1.909999999999999920 ) ) ;
#2209 = DIRECTION ( 'NONE',  ( 1.000000000000000000, 0.000000000000000000, 0.000000000000000000 ) ) ;
#2210 = ORIENTED_EDGE ( 'NONE', *, *, #1989, .T. ) ;
#2211 = VECTOR ( 'NONE', #2717, 1000.000000000000000 ) ;
#2212 = LINE ( 'NONE', #2930, #3574 ) ;
#2213 = ORIENTED_EDGE ( 'NONE', *, *, #244, .T. ) ;
#2214 = ORIENTED_EDGE ( 'NONE', *, *, #2969, .T. ) ;
#2215 = VECTOR ( 'NONE', #2727, 1000.000000000000000 ) ;
#2216 = VECTOR ( 'NONE', #4417, 1000.000000000000000 ) ;
#2217 = ADVANCED_FACE ( 'NONE', ( #1715 ), #1736, .T. ) ;
#2218 = DIRECTION ( 'NONE',  ( 0.000000000000000000, -1.000000000000000000, 0.000000000000000000 ) ) ;
#2219 = DIRECTION ( 'NONE',  ( 1.000000000000000000, 0.000000000000000000, -4.872818752743839266E-16 ) ) ;
#2220 = VECTOR ( 'NONE', #4855, 1000.000000000000000 ) ;
#2221 = ORIENTED_EDGE ( 'NONE', *, *, #3812, .T. ) ;
#2222 = EDGE_CURVE ( 'NONE', #2848, #2564, #1338, .T. ) ;
#2223 = AXIS2_PLACEMENT_3D ( 'NONE', #260, #3211, #974 ) ;
#2224 = LINE ( 'NONE', #399, #2296 ) ;
#2225 = ADVANCED_FACE ( 'NONE', ( #4359 ), #2786, .T. ) ;
#2226 = LINE ( 'NONE', #3721, #3414 ) ;
#2227 = LINE ( 'NONE', #2987, #262 ) ;
#2228 = VECTOR ( 'NONE', #3016, 1000.000000000000000 ) ;
#2229 = AXIS2_PLACEMENT_3D ( 'NONE', #3524, #2465, #3984 ) ;
#2230 = VERTEX_POINT ( 'NONE', #575 ) ;
#2231 = EDGE_CURVE ( 'NONE', #1739, #3775, #155, .T. ) ;
#2232 = CARTESIAN_POINT ( 'NONE',  ( -2.100000000000090239, 8.630000000000000782, 2.100000000000000089 ) ) ;
#2233 = AXIS2_PLACEMENT_3D ( 'NONE', #3928, #693, #4053 ) ;
#2234 = DIRECTION ( 'NONE',  ( 0.000000000000000000, 1.000000000000000000, 0.000000000000000000 ) ) ;
#2235 = VECTOR ( 'NONE', #4533, 1000.000000000000000 ) ;
#2236 = CARTESIAN_POINT ( 'NONE',  ( 1.199999999999999956, 9.099999999999999645, 0.1800000000000000211 ) ) ;
#2237 = ORIENTED_EDGE ( 'NONE', *, *, #1457, .T. ) ;
#2238 = ORIENTED_EDGE ( 'NONE', *, *, #2013, .F. ) ;
#2239 = VECTOR ( 'NONE', #1001, 1000.000000000000000 ) ;
#2240 = LINE ( 'NONE', #3732, #1061 ) ;
#2241 = PLANE ( 'NONE',  #511 ) ;
#2242 = ORIENTED_EDGE ( 'NONE', *, *, #3743, .F. ) ;
#2243 = EDGE_LOOP ( 'NONE', ( #1762, #3597, #4245, #3418 ) ) ;
#2244 = DIRECTION ( 'NONE',  ( 0.000000000000000000, -1.000000000000000000, 0.000000000000000000 ) ) ;
#2245 = DIRECTION ( 'NONE',  ( 0.000000000000000000, 1.000000000000000000, 0.000000000000000000 ) ) ;
#2246 = EDGE_CURVE ( 'NONE', #2151, #830, #1360, .T. ) ;
#2247 = VERTEX_POINT ( 'NONE', #2074 ) ;
#2248 = DIRECTION ( 'NONE',  ( 0.000000000000000000, 0.000000000000000000, 1.000000000000000000 ) ) ;
#2249 = CARTESIAN_POINT ( 'NONE',  ( 2.324999999999999734, 6.599999999999999645, 1.729999999999999982 ) ) ;
#2250 = DIRECTION ( 'NONE',  ( 0.000000000000000000, 0.000000000000000000, -1.000000000000000000 ) ) ;
#2251 = CARTESIAN_POINT ( 'NONE',  ( -1.804999999999999938, 9.099999999999999645, 0.1800000000000030187 ) ) ;
#2252 = EDGE_CURVE ( 'NONE', #1433, #1777, #4286, .T. ) ;
#2253 = CARTESIAN_POINT ( 'NONE',  ( -1.750000000000000000, 11.69999999899999921, 0.5399999999999659517 ) ) ;
#2254 = CARTESIAN_POINT ( 'NONE',  ( 2.754999999999999893, 4.000000000000000000, 0.3699999999999999956 ) ) ;
#2255 = FACE_OUTER_BOUND ( 'NONE', #1320, .T. ) ;
#2256 = EDGE_LOOP ( 'NONE', ( #1107, #4530, #416, #3583, #1754, #1018, #2182, #4495, #1946, #925 ) ) ;
#2257 = ADVANCED_FACE ( 'NONE', ( #603 ), #645, .F. ) ;
#2258 = EDGE_CURVE ( 'NONE', #364, #2247, #4006, .T. ) ;
#2259 = ORIENTED_EDGE ( 'NONE', *, *, #214, .T. ) ;
#2260 = DIRECTION ( 'NONE',  ( -1.000000000000000000, 0.000000000000000000, 0.000000000000000000 ) ) ;
#2261 = LINE ( 'NONE', #1945, #3959 ) ;
#2262 = ORIENTED_EDGE ( 'NONE', *, *, #4370, .T. ) ;
#2263 = ORIENTED_EDGE ( 'NONE', *, *, #4476, .T. ) ;
#2264 = LINE ( 'NONE', #3781, #2303 ) ;
#2265 = LINE ( 'NONE', #56, #4512 ) ;
#2266 = ORIENTED_EDGE ( 'NONE', *, *, #1146, .T. ) ;
#2267 = ORIENTED_EDGE ( 'NONE', *, *, #3333, .F. ) ;
#2268 = DIRECTION ( 'NONE',  ( 0.000000000000000000, 0.000000000000000000, -1.000000000000000000 ) ) ;
#2269 = DIRECTION ( 'NONE',  ( 1.000000000000000000, 0.000000000000000000, 0.000000000000000000 ) ) ;
#2270 = CARTESIAN_POINT ( 'NONE',  ( 2.575000000000000178, 8.525999999999999801, 2.200000000000000178 ) ) ;
#2271 = ORIENTED_EDGE ( 'NONE', *, *, #2478, .F. ) ;
#2272 = LINE ( 'NONE', #2297, #203 ) ;
#2273 = EDGE_CURVE ( 'NONE', #3107, #2329, #3322, .T. ) ;
#2274 = CARTESIAN_POINT ( 'NONE',  ( -3.924999999999999822, 5.049999999999999822, 2.160000000000000142 ) ) ;
#2275 = DIRECTION ( 'NONE',  ( 0.000000000000000000, -7.228014483236689653E-17, 1.000000000000000000 ) ) ;
#2276 = LINE ( 'NONE', #1870, #3633 ) ;
#2277 = VERTEX_POINT ( 'NONE', #4005 ) ;
#2278 = VERTEX_POINT ( 'NONE', #715 ) ;
#2279 = DIRECTION ( 'NONE',  ( 2.891205793294690159E-16, -1.000000000000000000, 0.000000000000000000 ) ) ;
#2280 = EDGE_CURVE ( 'NONE', #3845, #4517, #1105, .T. ) ;
#2281 = DIRECTION ( 'NONE',  ( 0.000000000000000000, -1.000000000000000000, 0.000000000000000000 ) ) ;
#2282 = EDGE_CURVE ( 'NONE', #2891, #25, #2212, .T. ) ;
#2283 = EDGE_LOOP ( 'NONE', ( #2472, #2860, #1335, #2910, #4145, #4480, #607, #1783, #764, #527 ) ) ;
#2284 = VERTEX_POINT ( 'NONE', #4793 ) ;
#2285 = AXIS2_PLACEMENT_3D ( 'NONE', #793, #2324, #772 ) ;
#2286 = AXIS2_PLACEMENT_3D ( 'NONE', #3038, #1169, #2629 ) ;
#2287 = PLANE ( 'NONE',  #1691 ) ;
#2288 = LINE ( 'NONE', #396, #1769 ) ;
#2289 = VECTOR ( 'NONE', #144, 1000.000000000000000 ) ;
#2290 = VERTEX_POINT ( 'NONE', #3687 ) ;
#2291 = LINE ( 'NONE', #2033, #2857 ) ;
#2292 = DIRECTION ( 'NONE',  ( 0.000000000000000000, 1.000000000000000000, 0.000000000000000000 ) ) ;
#2293 = AXIS2_PLACEMENT_3D ( 'NONE', #2345, #1267, #900 ) ;
#2294 = LINE ( 'NONE', #1080, #1118 ) ;
#2295 = FACE_OUTER_BOUND ( 'NONE', #3185, .T. ) ;
#2296 = VECTOR ( 'NONE', #4443, 1000.000000000000000 ) ;
#2297 = CARTESIAN_POINT ( 'NONE',  ( 1.925000000000000044, 6.150000000000000355, 2.160000000000000142 ) ) ;
#2298 = CARTESIAN_POINT ( 'NONE',  ( 2.975000000000000089, 11.35000000000000142, -0.02000000000000489928 ) ) ;
#2299 = LINE ( 'NONE', #1168, #4576 ) ;
#2300 = DIRECTION ( 'NONE',  ( 0.000000000000000000, 1.000000000000000000, 0.000000000000000000 ) ) ;
#2301 = VECTOR ( 'NONE', #1985, 1000.000000000000000 ) ;
#2302 = ORIENTED_EDGE ( 'NONE', *, *, #3672, .T. ) ;
#2303 = VECTOR ( 'NONE', #3026, 1000.000000000000000 ) ;
#2304 = VERTEX_POINT ( 'NONE', #4772 ) ;
#2305 = ADVANCED_FACE ( 'NONE', ( #4098 ), #3709, .T. ) ;
#2306 = VECTOR ( 'NONE', #3491, 1000.000000000000000 ) ;
#2307 = VECTOR ( 'NONE', #2097, 1000.000000000000000 ) ;
#2308 = CARTESIAN_POINT ( 'NONE',  ( -1.804999999999999938, 6.599999999999999645, 0.1800000000000030187 ) ) ;
#2309 = FACE_OUTER_BOUND ( 'NONE', #2311, .T. ) ;
#2310 = ORIENTED_EDGE ( 'NONE', *, *, #1989, .F. ) ;
#2311 = EDGE_LOOP ( 'NONE', ( #2791, #910, #956, #24, #4009, #4552, #532, #2927, #2030, #1156, #4432, #4559, #3304, #4126, #4232 ) ) ;
#2312 = AXIS2_PLACEMENT_3D ( 'NONE', #4486, #1101, #1889 ) ;
#2313 = ADVANCED_FACE ( 'NONE', ( #322 ), #673, .F. ) ;
#2314 = VECTOR ( 'NONE', #4440, 999.9999999999998863 ) ;
#2315 = DIRECTION ( 'NONE',  ( 1.000000000000000000, 0.000000000000000000, 0.000000000000000000 ) ) ;
#2316 = LINE ( 'NONE', #4569, #2156 ) ;
#2317 = DIRECTION ( 'NONE',  ( -1.000000000000000000, 0.000000000000000000, -3.236424395479170027E-16 ) ) ;
#2318 = EDGE_CURVE ( 'NONE', #1832, #503, #740, .T. ) ;
#2319 = VERTEX_POINT ( 'NONE', #1806 ) ;
#2320 = VERTEX_POINT ( 'NONE', #3300 ) ;
#2321 = LINE ( 'NONE', #1561, #3006 ) ;
#2322 = LINE ( 'NONE', #1470, #2397 ) ;
#2323 = LINE ( 'NONE', #2035, #970 ) ;
#2324 = DIRECTION ( 'NONE',  ( 1.000000000000000000, 0.000000000000000000, -4.765723835101129563E-16 ) ) ;
#2325 = DIRECTION ( 'NONE',  ( -1.000000000000000000, 0.000000000000000000, -1.281329840210140008E-15 ) ) ;
#2326 = CARTESIAN_POINT ( 'NONE',  ( -4.724999999999999645, 4.000000000000000000, -0.05999999999999930389 ) ) ;
#2327 = DIRECTION ( 'NONE',  ( -0.000000000000000000, 0.7071067811865500152, 0.7071067811865450192 ) ) ;
#2328 = DIRECTION ( 'NONE',  ( -1.000000000000000000, 0.000000000000000000, 0.000000000000000000 ) ) ;
#2329 = VERTEX_POINT ( 'NONE', #697 ) ;
#2330 = ORIENTED_EDGE ( 'NONE', *, *, #612, .F. ) ;
#2331 = CARTESIAN_POINT ( 'NONE',  ( 2.314999999999999947, 3.750000000000000000, 3.939999999999999947 ) ) ;
#2332 = DIRECTION ( 'NONE',  ( -1.000000000000000000, 0.000000000000000000, 6.145517031148180600E-16 ) ) ;
#2333 = ORIENTED_EDGE ( 'NONE', *, *, #2958, .F. ) ;
#2334 = VERTEX_POINT ( 'NONE', #4429 ) ;
#2335 = CARTESIAN_POINT ( 'NONE',  ( 2.324999999999999734, 8.630000000000000782, 2.100000000000000089 ) ) ;
#2336 = LINE ( 'NONE', #498, #30 ) ;
#2337 = ADVANCED_FACE ( 'NONE', ( #1069 ), #349, .T. ) ;
#2338 = CARTESIAN_POINT ( 'NONE',  ( -3.474999999999999645, 4.000000000000000000, 1.909999999999999920 ) ) ;
#2339 = ORIENTED_EDGE ( 'NONE', *, *, #4113, .F. ) ;
#2340 = ORIENTED_EDGE ( 'NONE', *, *, #2280, .T. ) ;
#2341 = CARTESIAN_POINT ( 'NONE',  ( 2.975000000000000089, 6.750000000000000000, 0.2400000000000000189 ) ) ;
#2342 = DIRECTION ( 'NONE',  ( 0.000000000000000000, 0.000000000000000000, -1.000000000000000000 ) ) ;
#2343 = EDGE_CURVE ( 'NONE', #626, #789, #2240, .T. ) ;
#2344 = ADVANCED_FACE ( 'NONE', ( #1430 ), #4452, .T. ) ;
#2345 = CARTESIAN_POINT ( 'NONE',  ( -4.145000000000000462, 5.049999999999999822, 1.729999999999999982 ) ) ;
#2346 = CARTESIAN_POINT ( 'NONE',  ( -4.325000000000000178, 7.700000000000000178, 2.290000000000000036 ) ) ;
#2347 = LINE ( 'NONE', #480, #427 ) ;
#2348 = CARTESIAN_POINT ( 'NONE',  ( 2.754999999999999893, 6.599999999999999645, 0.3699999999999999956 ) ) ;
#2349 = LINE ( 'NONE', #3059, #3714 ) ;
#2350 = LINE ( 'NONE', #2721, #1512 ) ;
#2351 = ORIENTED_EDGE ( 'NONE', *, *, #3029, .T. ) ;
#2352 = EDGE_LOOP ( 'NONE', ( #36, #3124, #1845, #3170 ) ) ;
#2354 = CARTESIAN_POINT ( 'NONE',  ( -1.750000000000000000, 11.59999999900000134, -0.06000000000003419959 ) ) ;
#2353 = CARTESIAN_POINT ( 'NONE',  ( 2.324999999999999734, 6.599999999999999645, 1.729999999999999982 ) ) ;
#2355 = DIRECTION ( 'NONE',  ( 0.000000000000000000, 1.000000000000000000, 0.000000000000000000 ) ) ;
#2356 = DIRECTION ( 'NONE',  ( 0.000000000000000000, 1.000000000000000000, 7.228014483236689653E-17 ) ) ;
#2357 = VERTEX_POINT ( 'NONE', #371 ) ;
#2358 = ORIENTED_EDGE ( 'NONE', *, *, #3611, .F. ) ;
#2359 = DIRECTION ( 'NONE',  ( 0.000000000000000000, 0.000000000000000000, 1.000000000000000000 ) ) ;
#2360 = DIRECTION ( 'NONE',  ( 0.000000000000000000, 0.000000000000000000, -1.000000000000000000 ) ) ;
#2361 = DIRECTION ( 'NONE',  ( 0.000000000000000000, -0.8661855860486004088, 0.4997224534895772785 ) ) ;
#2362 = EDGE_LOOP ( 'NONE', ( #4522, #3942, #3088, #1385, #4386, #3204, #4356, #3443 ) ) ;
#2363 = EDGE_CURVE ( 'NONE', #1793, #3005, #4382, .T. ) ;
#2364 = VERTEX_POINT ( 'NONE', #2566 ) ;
#2365 = VERTEX_POINT ( 'NONE', #2192 ) ;
#2366 = CARTESIAN_POINT ( 'NONE',  ( -4.575000000000000178, 7.299999999999999822, 1.690000000000000169 ) ) ;
#2367 = DIRECTION ( 'NONE',  ( 0.000000000000000000, -1.000000000000000000, 0.000000000000000000 ) ) ;
#2368 = DIRECTION ( 'NONE',  ( 0.000000000000000000, -1.000000000000000000, 0.000000000000000000 ) ) ;
#2369 = FACE_OUTER_BOUND ( 'NONE', #4863, .T. ) ;
#2370 = VECTOR ( 'NONE', #3799, 1000.000000000000000 ) ;
#2371 = EDGE_CURVE ( 'NONE', #1937, #3936, #1088, .T. ) ;
#2372 = EDGE_CURVE ( 'NONE', #3023, #1036, #1479, .T. ) ;
#2373 = VECTOR ( 'NONE', #4463, 1000.000000000000000 ) ;
#2374 = DIRECTION ( 'NONE',  ( -1.275531967630009880E-15, 0.000000000000000000, 1.000000000000000000 ) ) ;
#2375 = DIRECTION ( 'NONE',  ( 0.000000000000000000, -1.000000000000000000, 0.000000000000000000 ) ) ;
#2376 = DIRECTION ( 'NONE',  ( -4.170008355713390376E-16, 0.000000000000000000, -1.000000000000000000 ) ) ;
#2377 = CARTESIAN_POINT ( 'NONE',  ( 2.324999999999999734, 6.599999999999999645, 1.690000000000000169 ) ) ;
#2378 = EDGE_LOOP ( 'NONE', ( #4123, #4798, #4273, #1280 ) ) ;
#2379 = VECTOR ( 'NONE', #1216, 1000.000000000000000 ) ;
#2380 = EDGE_LOOP ( 'NONE', ( #2237, #1550, #625, #1582 ) ) ;
#2381 = EDGE_CURVE ( 'NONE', #3328, #450, #1408, .T. ) ;
#2383 = LINE ( 'NONE', #1744, #1364 ) ;
#2382 = DIRECTION ( 'NONE',  ( 0.000000000000000000, 0.000000000000000000, 1.000000000000000000 ) ) ;
#2384 = CARTESIAN_POINT ( 'NONE',  ( -4.145000000000000462, 7.299999999999999822, 2.160000000000000142 ) ) ;
#2385 = AXIS2_PLACEMENT_3D ( 'NONE', #3970, #2058, #926 ) ;
#2386 = CARTESIAN_POINT ( 'NONE',  ( -4.145000000000000462, 7.299999999999999822, 1.729999999999999982 ) ) ;
#2387 = VERTEX_POINT ( 'NONE', #2884 ) ;
#2388 = ORIENTED_EDGE ( 'NONE', *, *, #4563, .F. ) ;
#2389 = VECTOR ( 'NONE', #966, 1000.000000000000000 ) ;
#2390 = VECTOR ( 'NONE', #3961, 1000.000000000000000 ) ;
#2391 = CARTESIAN_POINT ( 'NONE',  ( -3.474999999999999645, 4.000000000000000000, 1.909999999999999920 ) ) ;
#2392 = DIRECTION ( 'NONE',  ( 0.000000000000000000, -1.472373320659329742E-16, 1.000000000000000000 ) ) ;
#2393 = VECTOR ( 'NONE', #2649, 1000.000000000000000 ) ;
#2394 = DIRECTION ( 'NONE',  ( 0.000000000000000000, -0.4997224534895772785, -0.8661855860486004088 ) ) ;
#2395 = AXIS2_PLACEMENT_3D ( 'NONE', #1347, #4215, #3113 ) ;
#2396 = VERTEX_POINT ( 'NONE', #280 ) ;
#2397 = VECTOR ( 'NONE', #4507, 1000.000000000000000 ) ;
#2398 = EDGE_LOOP ( 'NONE', ( #1255, #3156, #1155, #2698 ) ) ;
#2399 = ORIENTED_EDGE ( 'NONE', *, *, #4418, .T. ) ;
#2400 = CARTESIAN_POINT ( 'NONE',  ( -4.145000000000000462, 5.049999999999999822, 2.160000000000000142 ) ) ;
#2401 = CARTESIAN_POINT ( 'NONE',  ( -2.250000000000000000, 6.949999999999999289, 2.540000000000000036 ) ) ;
#2402 = FACE_OUTER_BOUND ( 'NONE', #2493, .T. ) ;
#2403 = CARTESIAN_POINT ( 'NONE',  ( -4.325000000000000178, 5.049999999999999822, 1.729999999999999982 ) ) ;
#2404 = EDGE_CURVE ( 'NONE', #4457, #1204, #1786, .T. ) ;
#2405 = CARTESIAN_POINT ( 'NONE',  ( -4.584999999999999964, 6.750000000000000000, 0.2400000000000030165 ) ) ;
#2406 = DIRECTION ( 'NONE',  ( -1.000000000000000000, 0.000000000000000000, 0.000000000000000000 ) ) ;
#2407 =( LENGTH_UNIT ( ) NAMED_UNIT ( * ) SI_UNIT ( .MILLI., .METRE. ) );
#2408 = EDGE_CURVE ( 'NONE', #4644, #3552, #3750, .T. ) ;
#2409 = VERTEX_POINT ( 'NONE', #3459 ) ;
#2410 = ORIENTED_EDGE ( 'NONE', *, *, #4600, .F. ) ;
#2412 = LINE ( 'NONE', #2895, #185 ) ;
#2411 = DIRECTION ( 'NONE',  ( 1.000000000000000000, 0.000000000000000000, 0.000000000000000000 ) ) ;
#2413 = PLANE ( 'NONE',  #2868 ) ;
#2414 = LINE ( 'NONE', #3908, #650 ) ;
#2415 = EDGE_CURVE ( 'NONE', #4591, #1292, #71, .T. ) ;
#2416 = VERTEX_POINT ( 'NONE', #2653 ) ;
#2417 = ORIENTED_EDGE ( 'NONE', *, *, #4079, .T. ) ;
#2418 = EDGE_CURVE ( 'NONE', #2494, #3456, #1153, .T. ) ;
#2419 = PLANE ( 'NONE',  #4348 ) ;
#2420 = CARTESIAN_POINT ( 'NONE',  ( 2.975000000000000089, 3.750000000000000000, 0.2400000000000000189 ) ) ;
#2421 = LINE ( 'NONE', #2052, #3164 ) ;
#2422 = ORIENTED_EDGE ( 'NONE', *, *, #3444, .T. ) ;
#2423 = VERTEX_POINT ( 'NONE', #3021 ) ;
#2424 = ORIENTED_EDGE ( 'NONE', *, *, #1290, .T. ) ;
#2425 = FACE_OUTER_BOUND ( 'NONE', #3806, .T. ) ;
#2426 = CARTESIAN_POINT ( 'NONE',  ( -2.250000000000000000, 6.949999999999999289, 2.490000000000000213 ) ) ;
#2427 = FACE_OUTER_BOUND ( 'NONE', #1086, .T. ) ;
#2428 = LINE ( 'NONE', #3921, #483 ) ;
#2429 = PLANE ( 'NONE',  #672 ) ;
#2430 = DIRECTION ( 'NONE',  ( 0.000000000000000000, 0.000000000000000000, -1.000000000000000000 ) ) ;
#2431 = DIRECTION ( 'NONE',  ( 0.000000000000000000, 0.000000000000000000, -1.000000000000000000 ) ) ;
#2432 = VERTEX_POINT ( 'NONE', #4221 ) ;
#2433 = ORIENTED_EDGE ( 'NONE', *, *, #1670, .T. ) ;
#2434 = EDGE_CURVE ( 'NONE', #1557, #1291, #2624, .T. ) ;
#2435 = CARTESIAN_POINT ( 'NONE',  ( -4.325000000000000178, 7.299999999999999822, 1.729999999999999982 ) ) ;
#2436 = CARTESIAN_POINT ( 'NONE',  ( -4.315000000000000391, 7.450000000000000178, 2.200000000000000178 ) ) ;
#2437 = FACE_OUTER_BOUND ( 'NONE', #2676, .T. ) ;
#2438 = ORIENTED_EDGE ( 'NONE', *, *, #525, .F. ) ;
#2439 = EDGE_LOOP ( 'NONE', ( #317, #1891, #1897, #3753, #2684, #18, #1274, #1412 ) ) ;
#2440 = ADVANCED_FACE ( 'NONE', ( #4519 ), #3065, .F. ) ;
#2441 = EDGE_CURVE ( 'NONE', #1343, #3320, #4198, .T. ) ;
#2442 = DIRECTION ( 'NONE',  ( 0.000000000000000000, 1.000000000000000000, 0.000000000000000000 ) ) ;
#2443 = DIRECTION ( 'NONE',  ( 0.000000000000000000, -1.000000000000000000, 0.000000000000000000 ) ) ;
#2444 = EDGE_LOOP ( 'NONE', ( #3154, #2752, #2572, #245 ) ) ;
#2445 = EDGE_LOOP ( 'NONE', ( #2722, #3218, #1152, #4308, #1092 ) ) ;
#2446 = VERTEX_POINT ( 'NONE', #1894 ) ;
#2447 = VERTEX_POINT ( 'NONE', #4491 ) ;
#2448 = DIRECTION ( 'NONE',  ( 0.000000000000000000, 0.000000000000000000, -1.000000000000000000 ) ) ;
#2449 = LINE ( 'NONE', #1977, #209 ) ;
#2450 = LINE ( 'NONE', #4581, #2604 ) ;
#2451 = VECTOR ( 'NONE', #477, 1000.000000000000000 ) ;
#2452 = CARTESIAN_POINT ( 'NONE',  ( -4.575000000000000178, 6.599999999999999645, 0.3699999999999999956 ) ) ;
#2453 = VECTOR ( 'NONE', #4603, 1000.000000000000000 ) ;
#2454 = FACE_OUTER_BOUND ( 'NONE', #3632, .T. ) ;
#2455 = ORIENTED_EDGE ( 'NONE', *, *, #4259, .F. ) ;
#2456 = VECTOR ( 'NONE', #4121, 1000.000000000000000 ) ;
#2457 = DIRECTION ( 'NONE',  ( -0.000000000000000000, 1.000000000000000000, 0.000000000000000000 ) ) ;
#2458 = CARTESIAN_POINT ( 'NONE',  ( 2.575000000000000178, 9.099999999999999645, 2.200000000000000178 ) ) ;
#2459 = LINE ( 'NONE', #1680, #1755 ) ;
#2460 = ORIENTED_EDGE ( 'NONE', *, *, #2730, .F. ) ;
#2461 = ORIENTED_EDGE ( 'NONE', *, *, #3836, .F. ) ;
#2462 = VECTOR ( 'NONE', #140, 1000.000000000000000 ) ;
#2463 = EDGE_CURVE ( 'NONE', #550, #4316, #762, .T. ) ;
#2464 = VECTOR ( 'NONE', #138, 1000.000000000000000 ) ;
#2465 = DIRECTION ( 'NONE',  ( 0.000000000000000000, -1.000000000000000000, 0.000000000000000000 ) ) ;
#2466 = CARTESIAN_POINT ( 'NONE',  ( -1.800000000000000044, 9.099999999999999645, 1.429999999999970184 ) ) ;
#2467 = ORIENTED_EDGE ( 'NONE', *, *, #4118, .F. ) ;
#2468 = ORIENTED_EDGE ( 'NONE', *, *, #3152, .T. ) ;
#2469 = VECTOR ( 'NONE', #828, 1000.000000000000000 ) ;
#2470 = EDGE_CURVE ( 'NONE', #3565, #2120, #3955, .T. ) ;
#2471 = VECTOR ( 'NONE', #3120, 1000.000000000000000 ) ;
#2472 = ORIENTED_EDGE ( 'NONE', *, *, #3932, .F. ) ;
#2473 = ORIENTED_EDGE ( 'NONE', *, *, #4695, .F. ) ;
#2474 = VECTOR ( 'NONE', #4281, 1000.000000000000000 ) ;
#2475 = VECTOR ( 'NONE', #1841, 1000.000000000000000 ) ;
#2476 = CARTESIAN_POINT ( 'NONE',  ( -4.145000000000000462, 6.599999999999999645, 2.160000000000000142 ) ) ;
#2477 = CARTESIAN_POINT ( 'NONE',  ( -3.474999999999999645, 7.299999999999999822, 1.909999999999999920 ) ) ;
#2478 = EDGE_CURVE ( 'NONE', #3382, #3986, #1198, .T. ) ;
#2479 = VECTOR ( 'NONE', #2375, 1000.000000000000000 ) ;
#2480 = VECTOR ( 'NONE', #4065, 1000.000000000000000 ) ;
#2481 = CARTESIAN_POINT ( 'NONE',  ( 0.1950000000000000067, 9.099999999999999645, 0.1800000000000030187 ) ) ;
#2482 = LINE ( 'NONE', #242, #745 ) ;
#2483 = DIRECTION ( 'NONE',  ( 1.000000000000000000, 0.000000000000000000, 0.000000000000000000 ) ) ;
#2484 = ADVANCED_FACE ( 'NONE', ( #832 ), #2993, .T. ) ;
#2485 = EDGE_LOOP ( 'NONE', ( #1487, #473, #1903, #3468 ) ) ;
#2486 = CARTESIAN_POINT ( 'NONE',  ( -3.924999999999999822, 6.150000000000000355, 2.160000000000000142 ) ) ;
#2487 = FACE_OUTER_BOUND ( 'NONE', #2979, .T. ) ;
#2488 = DIRECTION ( 'NONE',  ( 1.000000000000000000, 0.000000000000000000, 0.000000000000000000 ) ) ;
#2489 = EDGE_LOOP ( 'NONE', ( #350, #4560, #3893, #485 ) ) ;
#2490 = EDGE_LOOP ( 'NONE', ( #2655, #2541, #628, #3754 ) ) ;
#2491 = CARTESIAN_POINT ( 'NONE',  ( 2.725000000000000089, 6.599999999999999645, -0.06000000000000000472 ) ) ;
#2492 = LINE ( 'NONE', #3934, #1288 ) ;
#2493 = EDGE_LOOP ( 'NONE', ( #3931, #4179, #465, #3224, #2609 ) ) ;
#2494 = VERTEX_POINT ( 'NONE', #2724 ) ;
#2495 = VERTEX_POINT ( 'NONE', #94 ) ;
#2496 = ORIENTED_EDGE ( 'NONE', *, *, #2535, .T. ) ;
#2497 = EDGE_CURVE ( 'NONE', #3624, #2191, #3385, .T. ) ;
#2498 = CARTESIAN_POINT ( 'NONE',  ( 0.2000000000000000111, -14.66000000989979846, 0.3099999999999999978 ) ) ;
#2499 = CARTESIAN_POINT ( 'NONE',  ( -1.800000000000000044, 6.699999999000020523, 0.3099999999999999978 ) ) ;
#2500 = ADVANCED_FACE ( 'NONE', ( #21 ), #855, .F. ) ;
#2501 = CARTESIAN_POINT ( 'NONE',  ( -1.750000000000000000, 10.80999999900000041, -0.02000000000000200229 ) ) ;
#2502 = EDGE_CURVE ( 'NONE', #2365, #2175, #2672, .T. ) ;
#2503 = DIRECTION ( 'NONE',  ( 6.377659838150050386E-16, 0.000000000000000000, 1.000000000000000000 ) ) ;
#2504 = CARTESIAN_POINT ( 'NONE',  ( -3.474999999999999645, 7.299999999999999822, 2.160000000000000142 ) ) ;
#2505 = CARTESIAN_POINT ( 'NONE',  ( -4.975000000000000533, 6.750000000000000000, -0.02000000000000489928 ) ) ;
#2506 = VERTEX_POINT ( 'NONE', #4166 ) ;
#2507 = CARTESIAN_POINT ( 'NONE',  ( 2.575000000000000178, 8.630000000000000782, 2.140000000000000124 ) ) ;
#2508 = LINE ( 'NONE', #4001, #1529 ) ;
#2509 = LINE ( 'NONE', #990, #3855 ) ;
#2510 = ORIENTED_EDGE ( 'NONE', *, *, #3310, .F. ) ;
#2511 = VERTEX_POINT ( 'NONE', #804 ) ;
#2512 = CARTESIAN_POINT ( 'NONE',  ( -4.584999999999999964, 6.750000000000000000, 0.2400000000000030165 ) ) ;
#2513 = DIRECTION ( 'NONE',  ( -3.914087265290639989E-16, 0.000000000000000000, -1.000000000000000000 ) ) ;
#2514 = LINE ( 'NONE', #3668, #3953 ) ;
#2515 = ORIENTED_EDGE ( 'NONE', *, *, #1448, .F. ) ;
#2516 = ORIENTED_EDGE ( 'NONE', *, *, #1358, .T. ) ;
#2517 = ORIENTED_EDGE ( 'NONE', *, *, #528, .T. ) ;
#2518 = EDGE_LOOP ( 'NONE', ( #1321, #1456, #1363, #3749, #3757 ) ) ;
#2519 = FACE_OUTER_BOUND ( 'NONE', #760, .T. ) ;
#2520 = LINE ( 'NONE', #3992, #4833 ) ;
#2521 = ADVANCED_FACE ( 'NONE', ( #463 ), #1967, .F. ) ;
#2522 = LINE ( 'NONE', #4506, #2615 ) ;
#2523 = LINE ( 'NONE', #1445, #2557 ) ;
#2524 = CARTESIAN_POINT ( 'NONE',  ( 0.000000000000000000, 0.000000000000000000, 0.000000000000000000 ) ) ;
#2525 = FACE_OUTER_BOUND ( 'NONE', #934, .T. ) ;
#2526 = VECTOR ( 'NONE', #4791, 1000.000000000000000 ) ;
#2527 = EDGE_CURVE ( 'NONE', #2151, #2447, #1991, .T. ) ;
#2528 = VERTEX_POINT ( 'NONE', #2807 ) ;
#2529 = VECTOR ( 'NONE', #1211, 1000.000000000000000 ) ;
#2530 = CARTESIAN_POINT ( 'NONE',  ( 2.324999999999999734, 4.000000000000000000, 1.729999999999999982 ) ) ;
#2531 = DIRECTION ( 'NONE',  ( 0.000000000000000000, 0.000000000000000000, 1.000000000000000000 ) ) ;
#2532 = CARTESIAN_POINT ( 'NONE',  ( 2.584999999999999964, 9.099999999999999645, 0.2700000000000000178 ) ) ;
#2533 = EDGE_LOOP ( 'NONE', ( #2126, #3043, #1662, #4376 ) ) ;
#2534 = ORIENTED_EDGE ( 'NONE', *, *, #3610, .F. ) ;
#2535 = EDGE_CURVE ( 'NONE', #69, #1970, #3171, .T. ) ;
#2536 = AXIS2_PLACEMENT_3D ( 'NONE', #296, #2169, #2488 ) ;
#2537 = DIRECTION ( 'NONE',  ( 0.000000000000000000, 0.000000000000000000, -1.000000000000000000 ) ) ;
#2538 = VECTOR ( 'NONE', #2643, 1000.000000000000000 ) ;
#2539 = DIRECTION ( 'NONE',  ( -1.000000000000000000, 0.000000000000000000, -3.818573689257119992E-16 ) ) ;
#2540 = ORIENTED_EDGE ( 'NONE', *, *, #1959, .T. ) ;
#2541 = ORIENTED_EDGE ( 'NONE', *, *, #2418, .F. ) ;
#2542 = VECTOR ( 'NONE', #2130, 1000.000000000000000 ) ;
#2543 = ORIENTED_EDGE ( 'NONE', *, *, #4336, .T. ) ;
#2544 = ORIENTED_EDGE ( 'NONE', *, *, #2177, .F. ) ;
#2545 = LINE ( 'NONE', #4041, #3250 ) ;
#2546 = DIRECTION ( 'NONE',  ( -1.000000000000000000, 0.000000000000000000, 0.000000000000000000 ) ) ;
#2547 = CIRCLE ( 'NONE', #3172, 0.4000000000000000222 ) ;
#2548 = AXIS2_PLACEMENT_3D ( 'NONE', #2738, #4234, #2818 ) ;
#2549 = AXIS2_PLACEMENT_3D ( 'NONE', #3733, #783, #1968 ) ;
#2550 = AXIS2_PLACEMENT_3D ( 'NONE', #2308, #2260, #4146 ) ;
#2551 = LINE ( 'NONE', #4046, #3560 ) ;
#2552 = DIRECTION ( 'NONE',  ( 0.000000000000000000, 0.000000000000000000, -1.000000000000000000 ) ) ;
#2553 = EDGE_CURVE ( 'NONE', #3090, #1812, #3200, .T. ) ;
#2554 =( NAMED_UNIT ( * ) SI_UNIT ( $, .STERADIAN. ) SOLID_ANGLE_UNIT ( ) );
#2555 = LINE ( 'NONE', #3401, #2611 ) ;
#2556 = VECTOR ( 'NONE', #3843, 1000.000000000000000 ) ;
#2557 = VECTOR ( 'NONE', #980, 1000.000000000000000 ) ;
#2558 = ORIENTED_EDGE ( 'NONE', *, *, #3004, .T. ) ;
#2559 = CIRCLE ( 'NONE', #3266, 0.4000000000000000222 ) ;
#2560 = LINE ( 'NONE', #318, #744 ) ;
#2561 = EDGE_CURVE ( 'NONE', #1204, #3412, #2043, .T. ) ;
#2562 = CARTESIAN_POINT ( 'NONE',  ( 0.1000000000000160066, 10.59999999999999964, 2.100000000000000089 ) ) ;
#2563 = PLANE ( 'NONE',  #4091 ) ;
#2564 = VERTEX_POINT ( 'NONE', #2019 ) ;
#2565 = EDGE_LOOP ( 'NONE', ( #53, #3708, #4290, #4063 ) ) ;
#2566 = CARTESIAN_POINT ( 'NONE',  ( -5.375000000000000000, 4.000000000000000000, 0.1900000000000000022 ) ) ;
#2567 = EDGE_CURVE ( 'NONE', #4854, #1367, #3952, .T. ) ;
#2568 = EDGE_CURVE ( 'NONE', #3916, #1081, #4502, .T. ) ;
#2569 = DIRECTION ( 'NONE',  ( 4.765723835101129563E-16, 0.000000000000000000, 1.000000000000000000 ) ) ;
#2570 = EDGE_LOOP ( 'NONE', ( #251, #2105, #3978, #854 ) ) ;
#2571 = ORIENTED_EDGE ( 'NONE', *, *, #1501, .F. ) ;
#2572 = ORIENTED_EDGE ( 'NONE', *, *, #2856, .T. ) ;
#2573 = DIRECTION ( 'NONE',  ( 0.4472135954999599816, -0.8944271909999149672, 0.000000000000000000 ) ) ;
#2574 = LINE ( 'NONE', #611, #1707 ) ;
#2575 = ORIENTED_EDGE ( 'NONE', *, *, #91, .F. ) ;
#2576 = FACE_OUTER_BOUND ( 'NONE', #1366, .T. ) ;
#2577 = DIRECTION ( 'NONE',  ( 0.000000000000000000, -1.000000000000000000, 0.000000000000000000 ) ) ;
#2578 = DIRECTION ( 'NONE',  ( 6.240012503513690548E-16, 0.000000000000000000, -1.000000000000000000 ) ) ;
#2579 = ORIENTED_EDGE ( 'NONE', *, *, #335, .T. ) ;
#2580 = CARTESIAN_POINT ( 'NONE',  ( 1.584603175171100058E-16, 4.000000000000000000, 0.2400000000000030165 ) ) ;
#2581 = PLANE ( 'NONE',  #1452 ) ;
#2582 = PLANE ( 'NONE',  #3316 ) ;
#2583 = ORIENTED_EDGE ( 'NONE', *, *, #3084, .T. ) ;
#2584 = EDGE_CURVE ( 'NONE', #1916, #2712, #3566, .T. ) ;
#2585 = CARTESIAN_POINT ( 'NONE',  ( -3.425000000000000266, 8.050000000000000711, 2.540000000000000036 ) ) ;
#2586 = ORIENTED_EDGE ( 'NONE', *, *, #4713, .F. ) ;
#2587 = ORIENTED_EDGE ( 'NONE', *, *, #2567, .T. ) ;
#2588 = ADVANCED_FACE ( 'NONE', ( #3927 ), #4246, .F. ) ;
#2589 = EDGE_CURVE ( 'NONE', #3378, #670, #881, .T. ) ;
#2590 = VERTEX_POINT ( 'NONE', #1628 ) ;
#2591 = DIRECTION ( 'NONE',  ( 1.000000000000000000, 0.000000000000000000, -6.377659838150050386E-16 ) ) ;
#2592 = CARTESIAN_POINT ( 'NONE',  ( 1.925000000000000044, 5.049999999999999822, 2.160000000000000142 ) ) ;
#2593 = EDGE_CURVE ( 'NONE', #2047, #2682, #148, .T. ) ;
#2594 = ORIENTED_EDGE ( 'NONE', *, *, #2983, .T. ) ;
#2595 = LINE ( 'NONE', #3739, #3169 ) ;
#2596 = FACE_OUTER_BOUND ( 'NONE', #3494, .T. ) ;
#2597 = CARTESIAN_POINT ( 'NONE',  ( -2.000000000000000000, 6.450000000000000178, 2.490000000000000213 ) ) ;
#2598 = VERTEX_POINT ( 'NONE', #2776 ) ;
#2599 = PLANE ( 'NONE',  #3797 ) ;
#2600 = LINE ( 'NONE', #775, #42 ) ;
#2601 = DIRECTION ( 'NONE',  ( 0.000000000000000000, 0.000000000000000000, -1.000000000000000000 ) ) ;
#2602 = ORIENTED_EDGE ( 'NONE', *, *, #3084, .F. ) ;
#2603 = EDGE_LOOP ( 'NONE', ( #3462, #4505, #4101, #4547 ) ) ;
#2604 = VECTOR ( 'NONE', #2765, 1000.000000000000000 ) ;
#2605 = DIRECTION ( 'NONE',  ( 1.000000000000000000, 0.000000000000000000, 0.000000000000000000 ) ) ;
#2606 = CARTESIAN_POINT ( 'NONE',  ( -4.584999999999999964, 9.099999999999999645, 2.200000000000000178 ) ) ;
#2607 = ADVANCED_FACE ( 'NONE', ( #204 ), #936, .F. ) ;
#2608 = ORIENTED_EDGE ( 'NONE', *, *, #2441, .T. ) ;
#2609 = ORIENTED_EDGE ( 'NONE', *, *, #3348, .T. ) ;
#2610 = AXIS2_PLACEMENT_3D ( 'NONE', #1062, #2953, #1353 ) ;
#2611 = VECTOR ( 'NONE', #62, 1000.000000000000000 ) ;
#2612 = DIRECTION ( 'NONE',  ( -6.377659838150050386E-16, 0.000000000000000000, -1.000000000000000000 ) ) ;
#2613 = LINE ( 'NONE', #767, #118 ) ;
#2614 = EDGE_CURVE ( 'NONE', #789, #2175, #1331, .T. ) ;
#2615 = VECTOR ( 'NONE', #3759, 1000.000000000000000 ) ;
#2616 = ORIENTED_EDGE ( 'NONE', *, *, #333, .T. ) ;
#2617 = VECTOR ( 'NONE', #720, 1000.000000000000000 ) ;
#2618 = CARTESIAN_POINT ( 'NONE',  ( 1.925000000000000044, 6.150000000000000355, 0.5699999999999999512 ) ) ;
#2619 = CARTESIAN_POINT ( 'NONE',  ( -4.754999999999999893, 6.599999999999999645, 0.1900000000000000022 ) ) ;
#2620 = EDGE_CURVE ( 'NONE', #4291, #4592, #1250, .T. ) ;
#2621 = EDGE_CURVE ( 'NONE', #4085, #9, #3489, .T. ) ;
#2622 = DIRECTION ( 'NONE',  ( -1.000000000000000000, 0.000000000000000000, 4.808961248927650018E-16 ) ) ;
#2623 = VECTOR ( 'NONE', #1546, 1000.000000000000000 ) ;
#2624 = CIRCLE ( 'NONE', #3648, 0.1800000000000000488 ) ;
#2625 = DIRECTION ( 'NONE',  ( -1.000000000000000000, 0.000000000000000000, 0.000000000000000000 ) ) ;
#2626 = AXIS2_PLACEMENT_3D ( 'NONE', #1552, #1922, #414 ) ;
#2627 = DIRECTION ( 'NONE',  ( 0.000000000000000000, -1.000000000000000000, 0.000000000000000000 ) ) ;
#2628 = VECTOR ( 'NONE', #4377, 1000.000000000000000 ) ;
#2629 = DIRECTION ( 'NONE',  ( 0.000000000000000000, -1.000000000000000000, 2.710505431213769713E-17 ) ) ;
#2630 = ORIENTED_EDGE ( 'NONE', *, *, #3747, .F. ) ;
#2631 = ORIENTED_EDGE ( 'NONE', *, *, #1837, .F. ) ;
#2632 = VECTOR ( 'NONE', #4318, 1000.000000000000000 ) ;
#2633 = CARTESIAN_POINT ( 'NONE',  ( -4.325000000000000178, 4.000000000000000000, 1.729999999999999982 ) ) ;
#2634 = PLANE ( 'NONE',  #2549 ) ;
#2635 = ORIENTED_EDGE ( 'NONE', *, *, #595, .F. ) ;
#2636 = ORIENTED_EDGE ( 'NONE', *, *, #1031, .T. ) ;
#2637 = DIRECTION ( 'NONE',  ( -1.000000000000000000, 0.000000000000000000, 0.000000000000000000 ) ) ;
#2638 = DIRECTION ( 'NONE',  ( 1.000000000000000000, 0.000000000000000000, 0.000000000000000000 ) ) ;
#2639 = EDGE_CURVE ( 'NONE', #2032, #1378, #988, .T. ) ;
#2640 = ORIENTED_EDGE ( 'NONE', *, *, #2363, .T. ) ;
#2641 = DIRECTION ( 'NONE',  ( 1.000000000000000000, 0.000000000000000000, 0.000000000000000000 ) ) ;
#2642 = CARTESIAN_POINT ( 'NONE',  ( -3.425000000000000266, 3.750000000000000000, 2.200000000000000178 ) ) ;
#2643 = DIRECTION ( 'NONE',  ( -1.000000000000000000, 0.000000000000000000, 0.000000000000000000 ) ) ;
#2644 = PLANE ( 'NONE',  #2285 ) ;
#2645 = EDGE_CURVE ( 'NONE', #2432, #3275, #123, .T. ) ;
#2646 = EDGE_CURVE ( 'NONE', #2247, #1586, #4615, .T. ) ;
#2647 = DIRECTION ( 'NONE',  ( 0.000000000000000000, 0.000000000000000000, -1.000000000000000000 ) ) ;
#2648 = DIRECTION ( 'NONE',  ( -0.000000000000000000, 1.000000000000000000, 0.000000000000000000 ) ) ;
#2649 = DIRECTION ( 'NONE',  ( 0.000000000000000000, 0.7071067811865450192, -0.7071067811865500152 ) ) ;
#2650 = CARTESIAN_POINT ( 'NONE',  ( -3.200000000000000178, 9.099999999999999645, 0.1799999999999949973 ) ) ;
#2651 = ORIENTED_EDGE ( 'NONE', *, *, #1948, .T. ) ;
#2652 = EDGE_LOOP ( 'NONE', ( #1197, #2711, #1308, #3259 ) ) ;
#2653 = CARTESIAN_POINT ( 'NONE',  ( -0.2500000000000000000, 11.35000000000000142, -0.02000000000000290087 ) ) ;
#2654 = CARTESIAN_POINT ( 'NONE',  ( -4.754999999999999893, 6.599999999999999645, 0.3699999999999999956 ) ) ;
#2655 = ORIENTED_EDGE ( 'NONE', *, *, #1866, .F. ) ;
#2656 = ORIENTED_EDGE ( 'NONE', *, *, #3096, .F. ) ;
#2657 = LINE ( 'NONE', #3420, #1839 ) ;
#2658 = CARTESIAN_POINT ( 'NONE',  ( 0.2500000000000000000, 11.69999999899999921, 0.5399999999999659517 ) ) ;
#2659 = VERTEX_POINT ( 'NONE', #3881 ) ;
#2660 = FACE_OUTER_BOUND ( 'NONE', #4850, .T. ) ;
#2661 = CARTESIAN_POINT ( 'NONE',  ( -2.925000000000000266, 8.050000000000000711, 2.250000000000000000 ) ) ;
#2662 = DIRECTION ( 'NONE',  ( -1.000000000000000000, 0.000000000000000000, 3.914087265290639989E-16 ) ) ;
#2663 = VERTEX_POINT ( 'NONE', #3144 ) ;
#2664 = EDGE_CURVE ( 'NONE', #3582, #2120, #4640, .T. ) ;
#2665 = LINE ( 'NONE', #2253, #2948 ) ;
#2666 = CARTESIAN_POINT ( 'NONE',  ( 0.1000000000000110106, 8.630000000000000782, 2.140000000000000124 ) ) ;
#2667 = CARTESIAN_POINT ( 'NONE',  ( 2.584999999999999964, 3.750000000000000000, 0.3800000000000000044 ) ) ;
#2668 = DIRECTION ( 'NONE',  ( -0.000000000000000000, 1.000000000000000000, 0.000000000000000000 ) ) ;
#2669 = EDGE_CURVE ( 'NONE', #3061, #4316, #1678, .T. ) ;
#2670 = ORIENTED_EDGE ( 'NONE', *, *, #3194, .T. ) ;
#2671 = EDGE_LOOP ( 'NONE', ( #1641, #808, #1874, #2759, #2005, #1262, #4200, #2330 ) ) ;
#2672 = LINE ( 'NONE', #413, #4577 ) ;
#2673 = FACE_OUTER_BOUND ( 'NONE', #2398, .T. ) ;
#2674 = ADVANCED_FACE ( 'NONE', ( #1424 ), #692, .T. ) ;
#2675 = VERTEX_POINT ( 'NONE', #1780 ) ;
#2676 = EDGE_LOOP ( 'NONE', ( #2810, #146, #3846, #924 ) ) ;
#2677 = VECTOR ( 'NONE', #939, 1000.000000000000000 ) ;
#2678 = FACE_OUTER_BOUND ( 'NONE', #2490, .T. ) ;
#2679 = CARTESIAN_POINT ( 'NONE',  ( 1.199999999999999956, 4.049999999999999822, 0.3800000000000000044 ) ) ;
#2680 = DIRECTION ( 'NONE',  ( 1.000000000000000000, 0.000000000000000000, 0.000000000000000000 ) ) ;
#2681 = VECTOR ( 'NONE', #2578, 1000.000000000000000 ) ;
#2682 = VERTEX_POINT ( 'NONE', #1749 ) ;
#2683 = ORIENTED_EDGE ( 'NONE', *, *, #131, .F. ) ;
#2684 = ORIENTED_EDGE ( 'NONE', *, *, #192, .F. ) ;
#2685 = LINE ( 'NONE', #506, #1196 ) ;
#2686 = PLANE ( 'NONE',  #4441 ) ;
#2687 = AXIS2_PLACEMENT_3D ( 'NONE', #1078, #1444, #1051 ) ;
#2688 = CARTESIAN_POINT ( 'NONE',  ( 0.2500000000000000000, 11.59999999900000134, -0.06000000000003419959 ) ) ;
#2689 = ORIENTED_EDGE ( 'NONE', *, *, #2363, .F. ) ;
#2690 = VECTOR ( 'NONE', #1157, 1000.000000000000000 ) ;
#2691 = LINE ( 'NONE', #1911, #278 ) ;
#2692 = DIRECTION ( 'NONE',  ( 0.000000000000000000, 0.000000000000000000, -1.000000000000000000 ) ) ;
#2693 = CARTESIAN_POINT ( 'NONE',  ( -0.1950000000000000067, 6.599999999999999645, 0.1800000000000030187 ) ) ;
#2694 = CARTESIAN_POINT ( 'NONE',  ( 2.575000000000000178, 9.099999999999999645, -1.642247408323629837E-15 ) ) ;
#2695 = VECTOR ( 'NONE', #4204, 1000.000000000000000 ) ;
#2696 = ORIENTED_EDGE ( 'NONE', *, *, #3618, .T. ) ;
#2697 = VECTOR ( 'NONE', #232, 1000.000000000000000 ) ;
#2698 = ORIENTED_EDGE ( 'NONE', *, *, #2841, .T. ) ;
#2699 = EDGE_CURVE ( 'NONE', #158, #670, #3683, .T. ) ;
#2700 = AXIS2_PLACEMENT_3D ( 'NONE', #1058, #3317, #2117 ) ;
#2701 = CARTESIAN_POINT ( 'NONE',  ( -3.200000000000000178, 6.250000000000000000, 3.939999999999999947 ) ) ;
#2702 = CARTESIAN_POINT ( 'NONE',  ( 0.2500000000000000000, 11.35999999899999935, 0.8399999999999600009 ) ) ;
#2703 = VERTEX_POINT ( 'NONE', #2951 ) ;
#2704 = ORIENTED_EDGE ( 'NONE', *, *, #1703, .T. ) ;
#2705 = VECTOR ( 'NONE', #1117, 1000.000000000000000 ) ;
#2706 = EDGE_CURVE ( 'NONE', #2329, #1073, #1009, .T. ) ;
#2707 = EDGE_CURVE ( 'NONE', #2590, #3982, #1377, .T. ) ;
#2708 = LINE ( 'NONE', #100, #3174 ) ;
#2709 = DIRECTION ( 'NONE',  ( 0.000000000000000000, -1.000000000000000000, -1.472373320659329742E-16 ) ) ;
#2710 = DIRECTION ( 'NONE',  ( 1.000000000000000000, 0.000000000000000000, 0.000000000000000000 ) ) ;
#2711 = ORIENTED_EDGE ( 'NONE', *, *, #2897, .T. ) ;
#2712 = VERTEX_POINT ( 'NONE', #4072 ) ;
#2713 = ORIENTED_EDGE ( 'NONE', *, *, #1790, .T. ) ;
#2714 = LINE ( 'NONE', #2341, #2941 ) ;
#2715 = LINE ( 'NONE', #927, #908 ) ;
#2716 = CARTESIAN_POINT ( 'NONE',  ( 0.2000000000000000111, 6.699999999000020523, 1.429999999999970184 ) ) ;
#2717 = DIRECTION ( 'NONE',  ( 0.000000000000000000, 0.000000000000000000, -1.000000000000000000 ) ) ;
#2718 = PLANE ( 'NONE',  #984 ) ;
#2719 = DIRECTION ( 'NONE',  ( -0.000000000000000000, 1.000000000000000000, 0.000000000000000000 ) ) ;
#2720 = LINE ( 'NONE', #2693, #2469 ) ;
#2721 = CARTESIAN_POINT ( 'NONE',  ( -2.194999999999999840, 6.599999999999999645, 0.3099999999999999978 ) ) ;
#2722 = ORIENTED_EDGE ( 'NONE', *, *, #54, .T. ) ;
#2723 = ORIENTED_EDGE ( 'NONE', *, *, #595, .T. ) ;
#2725 = FACE_OUTER_BOUND ( 'NONE', #4349, .T. ) ;
#2724 = CARTESIAN_POINT ( 'NONE',  ( 2.314999999999999947, 7.450000000000000178, 1.909999999999999920 ) ) ;
#2726 = CARTESIAN_POINT ( 'NONE',  ( 1.925000000000000044, 5.049999999999999822, 2.160000000000000142 ) ) ;
#2727 = DIRECTION ( 'NONE',  ( 0.000000000000000000, -1.000000000000000000, 0.000000000000000000 ) ) ;
#2728 = ORIENTED_EDGE ( 'NONE', *, *, #2106, .F. ) ;
#2729 = EDGE_LOOP ( 'NONE', ( #2152, #234, #378, #781, #2907, #894, #2149, #3396, #440, #2438, #4315, #1450, #3758, #4261, #4638, #1536, #617, #1682 ) ) ;
#2730 = EDGE_CURVE ( 'NONE', #2682, #4020, #4465, .T. ) ;
#2731 = CARTESIAN_POINT ( 'NONE',  ( 1.199999999999999956, 9.099999999999999645, 0.3800000000000000044 ) ) ;
#2732 = CARTESIAN_POINT ( 'NONE',  ( -3.425000000000000266, 9.099999999999999645, 2.250000000000000000 ) ) ;
#2733 = LINE ( 'NONE', #2757, #2766 ) ;
#2734 = ORIENTED_EDGE ( 'NONE', *, *, #309, .F. ) ;
#2735 = EDGE_CURVE ( 'NONE', #493, #2115, #2560, .T. ) ;
#2736 = EDGE_CURVE ( 'NONE', #48, #450, #294, .T. ) ;
#2737 = EDGE_LOOP ( 'NONE', ( #3968, #663, #1411, #2107, #2238, #4209, #1923, #3271, #3383, #276, #216, #2017, #3411, #2853, #3603 ) ) ;
#2738 = CARTESIAN_POINT ( 'NONE',  ( -3.200000000000000178, 6.250000000000000000, 3.939999999999999947 ) ) ;
#2739 = DIRECTION ( 'NONE',  ( 0.000000000000000000, 0.000000000000000000, -1.000000000000000000 ) ) ;
#2740 = LINE ( 'NONE', #3839, #655 ) ;
#2741 = LINE ( 'NONE', #111, #2844 ) ;
#2742 = EDGE_CURVE ( 'NONE', #3612, #2495, #4741, .T. ) ;
#2743 = CARTESIAN_POINT ( 'NONE',  ( 2.575000000000000178, 8.630000000000000782, 2.100000000000000089 ) ) ;
#2744 = CARTESIAN_POINT ( 'NONE',  ( -3.200000000000000178, 9.099999999999999645, 0.3800000000000000044 ) ) ;
#2745 = DIRECTION ( 'NONE',  ( -1.000000000000000000, 0.000000000000000000, 4.170008355713390376E-16 ) ) ;
#2746 = ORIENTED_EDGE ( 'NONE', *, *, #2707, .F. ) ;
#2747 = ORIENTED_EDGE ( 'NONE', *, *, #316, .T. ) ;
#2749 = CARTESIAN_POINT ( 'NONE',  ( 2.314999999999999947, 3.750000000000000000, -0.02000000000000140207 ) ) ;
#2748 = CARTESIAN_POINT ( 'NONE',  ( -1.750000000000000000, 11.35000000000000142, 0.000000000000000000 ) ) ;
#2750 = DIRECTION ( 'NONE',  ( 0.000000000000000000, 0.000000000000000000, 1.000000000000000000 ) ) ;
#2751 = LINE ( 'NONE', #858, #331 ) ;
#2752 = ORIENTED_EDGE ( 'NONE', *, *, #363, .F. ) ;
#2753 = VERTEX_POINT ( 'NONE', #4840 ) ;
#2754 = ADVANCED_FACE ( 'NONE', ( #2137 ), #1473, .T. ) ;
#2755 = DIRECTION ( 'NONE',  ( 0.000000000000000000, 0.000000000000000000, 1.000000000000000000 ) ) ;
#2756 = CARTESIAN_POINT ( 'NONE',  ( -3.474999999999999645, 6.599999999999999645, 1.909999999999999920 ) ) ;
#2757 = CARTESIAN_POINT ( 'NONE',  ( -1.750000000000000000, 6.699999999000020523, 0.3099999999999660250 ) ) ;
#2758 = ORIENTED_EDGE ( 'NONE', *, *, #2535, .F. ) ;
#2759 = ORIENTED_EDGE ( 'NONE', *, *, #779, .F. ) ;
#2760 = EDGE_LOOP ( 'NONE', ( #4834, #1633, #2746, #2263 ) ) ;
#2761 = EDGE_CURVE ( 'NONE', #2590, #1714, #1801, .T. ) ;
#2762 = CARTESIAN_POINT ( 'NONE',  ( 2.630501004020099565, 4.000000000000000000, 0.2400000000000000189 ) ) ;
#2763 = CARTESIAN_POINT ( 'NONE',  ( -3.200000000000000178, 4.049999999999999822, 3.939999999999999947 ) ) ;
#2764 = CYLINDRICAL_SURFACE ( 'NONE', #2931, 0.1800000000000000488 ) ;
#2765 = DIRECTION ( 'NONE',  ( 0.000000000000000000, -1.000000000000000000, 0.000000000000000000 ) ) ;
#2766 = VECTOR ( 'NONE', #3105, 1000.000000000000000 ) ;
#2767 = ADVANCED_FACE ( 'NONE', ( #2879 ), #1083, .T. ) ;
#2768 = VECTOR ( 'NONE', #1593, 1000.000000000000000 ) ;
#2769 = EDGE_CURVE ( 'NONE', #25, #1800, #4398, .T. ) ;
#2770 = CARTESIAN_POINT ( 'NONE',  ( 2.324999999999999734, 6.599999999999999645, 0.2700000000000000178 ) ) ;
#2771 = DIRECTION ( 'NONE',  ( -1.000000000000000000, 0.000000000000000000, 0.000000000000000000 ) ) ;
#2772 = CARTESIAN_POINT ( 'NONE',  ( 2.324999999999999734, 7.700000000000000178, 1.690000000000000169 ) ) ;
#2773 = ORIENTED_EDGE ( 'NONE', *, *, #3926, .F. ) ;
#2774 = VECTOR ( 'NONE', #4632, 1000.000000000000000 ) ;
#2775 = VERTEX_POINT ( 'NONE', #2167 ) ;
#2777 = CARTESIAN_POINT ( 'NONE',  ( 1.474999999999999867, 4.000000000000000000, 1.909999999999999920 ) ) ;
#2776 = CARTESIAN_POINT ( 'NONE',  ( 1.425000000000000044, 9.099999999999999645, 2.250000000000000000 ) ) ;
#2778 = VECTOR ( 'NONE', #1339, 1000.000000000000000 ) ;
#2779 = LINE ( 'NONE', #2384, #1133 ) ;
#2780 = VECTOR ( 'NONE', #3991, 1000.000000000000000 ) ;
#2781 = CARTESIAN_POINT ( 'NONE',  ( -0.2500000000000000000, 11.35000000000000142, 0.000000000000000000 ) ) ;
#2782 = ORIENTED_EDGE ( 'NONE', *, *, #749, .T. ) ;
#2783 = VERTEX_POINT ( 'NONE', #2188 ) ;
#2784 = AXIS2_PLACEMENT_3D ( 'NONE', #2732, #1637, #1257 ) ;
#2785 = AXIS2_PLACEMENT_3D ( 'NONE', #3848, #4594, #489 ) ;
#2786 = PLANE ( 'NONE',  #2863 ) ;
#2787 = DIRECTION ( 'NONE',  ( 0.000000000000000000, 0.000000000000000000, 1.000000000000000000 ) ) ;
#2788 = VECTOR ( 'NONE', #491, 1000.000000000000000 ) ;
#2789 = FACE_OUTER_BOUND ( 'NONE', #2565, .T. ) ;
#2790 = VECTOR ( 'NONE', #796, 1000.000000000000000 ) ;
#2791 = ORIENTED_EDGE ( 'NONE', *, *, #2805, .F. ) ;
#2792 = VECTOR ( 'NONE', #2971, 1000.000000000000000 ) ;
#2793 = VECTOR ( 'NONE', #1186, 1000.000000000000000 ) ;
#2794 = ORIENTED_EDGE ( 'NONE', *, *, #3352, .F. ) ;
#2795 = EDGE_LOOP ( 'NONE', ( #2202, #287, #145, #1342 ) ) ;
#2796 = CARTESIAN_POINT ( 'NONE',  ( -4.315000000000000391, 9.099999999999999645, 1.909999999999999920 ) ) ;
#2797 = FACE_OUTER_BOUND ( 'NONE', #3064, .T. ) ;
#2798 = CARTESIAN_POINT ( 'NONE',  ( 2.145000000000000018, 6.599999999999999645, 1.729999999999999982 ) ) ;
#2799 = CARTESIAN_POINT ( 'NONE',  ( 1.199999999999999956, 4.049999999999999822, -0.02000000000000489928 ) ) ;
#2800 = ADVANCED_FACE ( 'NONE', ( #3295 ), #2599, .T. ) ;
#2801 = LINE ( 'NONE', #2012, #1530 ) ;
#2802 = CARTESIAN_POINT ( 'NONE',  ( -4.145000000000000462, 6.599999999999999645, 2.160000000000000142 ) ) ;
#2803 = VERTEX_POINT ( 'NONE', #1823 ) ;
#2804 = ADVANCED_FACE ( 'NONE', ( #4788 ), #4815, .F. ) ;
#2805 = EDGE_CURVE ( 'NONE', #1916, #1719, #3613, .T. ) ;
#2806 = EDGE_LOOP ( 'NONE', ( #2758, #500, #2197, #2070, #1543, #703, #3702, #393 ) ) ;
#2807 = CARTESIAN_POINT ( 'NONE',  ( -0.2000000000000000111, 9.099999999999999645, 1.429999999999970184 ) ) ;
#2808 = DIRECTION ( 'NONE',  ( -2.727552635183660166E-16, 0.000000000000000000, -1.000000000000000000 ) ) ;
#2809 = FACE_OUTER_BOUND ( 'NONE', #1203, .T. ) ;
#2810 = ORIENTED_EDGE ( 'NONE', *, *, #3975, .T. ) ;
#2811 = ORIENTED_EDGE ( 'NONE', *, *, #2434, .T. ) ;
#2812 = CARTESIAN_POINT ( 'NONE',  ( 2.630501004020099565, 6.599999999999999645, 0.2400000000000000189 ) ) ;
#2813 = LINE ( 'NONE', #4623, #418 ) ;
#2814 = VERTEX_POINT ( 'NONE', #1032 ) ;
#2815 = EDGE_LOOP ( 'NONE', ( #2964, #1595, #714, #4678 ) ) ;
#2816 = EDGE_LOOP ( 'NONE', ( #840, #1188, #4849, #4575 ) ) ;
#2817 = ORIENTED_EDGE ( 'NONE', *, *, #3584, .T. ) ;
#2818 = DIRECTION ( 'NONE',  ( 1.000000000000000000, 4.336808689942010636E-15, 0.000000000000000000 ) ) ;
#2819 = CARTESIAN_POINT ( 'NONE',  ( -4.325000000000000178, 6.599999999999999645, 1.690000000000000169 ) ) ;
#2820 = CARTESIAN_POINT ( 'NONE',  ( -1.804999999999999938, 6.599999999999999645, 0.3099999999999999978 ) ) ;
#2821 = CARTESIAN_POINT ( 'NONE',  ( -1.750000000000000000, 11.69999999899999921, 0.5399999999999659517 ) ) ;
#2822 = PLANE ( 'NONE',  #4504 ) ;
#2823 = EDGE_CURVE ( 'NONE', #466, #878, #65, .T. ) ;
#2824 = SHAPE_DEFINITION_REPRESENTATION ( #4584, #3761 ) ;
#2825 = CARTESIAN_POINT ( 'NONE',  ( 2.575000000000000178, 4.000000000000000000, 0.3699999999999999956 ) ) ;
#2826 = VERTEX_POINT ( 'NONE', #3379 ) ;
#2827 = DIRECTION ( 'NONE',  ( -1.000000000000000000, 0.000000000000000000, 3.011672701348629892E-16 ) ) ;
#2828 = ADVANCED_FACE ( 'NONE', ( #365 ), #4138, .T. ) ;
#2829 = LINE ( 'NONE', #523, #34 ) ;
#2830 = LINE ( 'NONE', #3956, #1044 ) ;
#2831 = EDGE_LOOP ( 'NONE', ( #4075, #2461, #2960, #4629 ) ) ;
#2832 = EDGE_LOOP ( 'NONE', ( #230, #4110, #651, #1879 ) ) ;
#2833 = EDGE_CURVE ( 'NONE', #2334, #785, #1960, .T. ) ;
#2834 = LINE ( 'NONE', #1388, #2697 ) ;
#2835 = LINE ( 'NONE', #1193, #2623 ) ;
#2836 = ORIENTED_EDGE ( 'NONE', *, *, #2371, .F. ) ;
#2837 = VERTEX_POINT ( 'NONE', #383 ) ;
#2838 = EDGE_LOOP ( 'NONE', ( #3294, #1103, #4766, #3223 ) ) ;
#2839 = ORIENTED_EDGE ( 'NONE', *, *, #2404, .T. ) ;
#2840 = CARTESIAN_POINT ( 'NONE',  ( 2.575000000000000178, 6.599999999999999645, 1.729999999999999982 ) ) ;
#2841 = EDGE_CURVE ( 'NONE', #3189, #4468, #3820, .T. ) ;
#2842 = CARTESIAN_POINT ( 'NONE',  ( 0.2500000000000000000, 6.699999999000020523, 0.3099999999999660250 ) ) ;
#2843 = CARTESIAN_POINT ( 'NONE',  ( -1.804999999999999938, 6.599999999999999645, 0.3099999999999999978 ) ) ;
#2844 = VECTOR ( 'NONE', #2089, 1000.000000000000000 ) ;
#2845 = DIRECTION ( 'NONE',  ( -1.000000000000000000, 0.000000000000000000, 0.000000000000000000 ) ) ;
#2846 = VECTOR ( 'NONE', #600, 1000.000000000000000 ) ;
#2847 = CARTESIAN_POINT ( 'NONE',  ( -4.575000000000000178, 6.750000000000000000, 0.2700000000000000178 ) ) ;
#2848 = VERTEX_POINT ( 'NONE', #1491 ) ;
#2849 = AXIS2_PLACEMENT_3D ( 'NONE', #3609, #1375, #4810 ) ;
#2850 = DIRECTION ( 'NONE',  ( 0.000000000000000000, -1.000000000000000000, 0.000000000000000000 ) ) ;
#2851 = PLANE ( 'NONE',  #200 ) ;
#2852 = DIRECTION ( 'NONE',  ( -1.000000000000000000, 0.000000000000000000, 0.000000000000000000 ) ) ;
#2853 = ORIENTED_EDGE ( 'NONE', *, *, #1237, .F. ) ;
#2854 = ORIENTED_EDGE ( 'NONE', *, *, #1695, .F. ) ;
#2855 = AXIS2_PLACEMENT_3D ( 'NONE', #687, #2944, #10 ) ;
#2856 = EDGE_CURVE ( 'NONE', #4697, #2703, #2004, .T. ) ;
#2857 = VECTOR ( 'NONE', #60, 1000.000000000000000 ) ;
#2858 = FACE_OUTER_BOUND ( 'NONE', #2603, .T. ) ;
#2859 = DIRECTION ( 'NONE',  ( -1.000000000000000000, 0.000000000000000000, 0.000000000000000000 ) ) ;
#2860 = ORIENTED_EDGE ( 'NONE', *, *, #4845, .T. ) ;
#2861 = ORIENTED_EDGE ( 'NONE', *, *, #4865, .F. ) ;
#2862 = VECTOR ( 'NONE', #3151, 1000.000000000000000 ) ;
#2863 = AXIS2_PLACEMENT_3D ( 'NONE', #3180, #2027, #1316 ) ;
#2864 = EDGE_CURVE ( 'NONE', #3582, #2943, #2272, .T. ) ;
#2865 = EDGE_CURVE ( 'NONE', #4726, #3771, #4188, .T. ) ;
#2866 = ORIENTED_EDGE ( 'NONE', *, *, #1594, .F. ) ;
#2867 = VERTEX_POINT ( 'NONE', #1121 ) ;
#2868 = AXIS2_PLACEMENT_3D ( 'NONE', #1679, #916, #1278 ) ;
#2869 = VECTOR ( 'NONE', #3634, 1000.000000000000000 ) ;
#2870 = LINE ( 'NONE', #1295, #4103 ) ;
#2871 = LINE ( 'NONE', #4368, #2239 ) ;
#2872 = AXIS2_PLACEMENT_3D ( 'NONE', #4611, #4190, #481 ) ;
#2873 = VECTOR ( 'NONE', #4154, 1000.000000000000000 ) ;
#2874 = CARTESIAN_POINT ( 'NONE',  ( -4.584999999999999964, 6.750000000000000000, 0.2400000000000030165 ) ) ;
#2875 = PLANE ( 'NONE',  #4674 ) ;
#2876 = DIRECTION ( 'NONE',  ( 1.000000000000000000, 0.000000000000000000, 0.000000000000000000 ) ) ;
#2877 = DIRECTION ( 'NONE',  ( 0.000000000000000000, -1.000000000000000000, 0.000000000000000000 ) ) ;
#2878 = ORIENTED_EDGE ( 'NONE', *, *, #1871, .T. ) ;
#2879 = FACE_OUTER_BOUND ( 'NONE', #3157, .T. ) ;
#2880 = CARTESIAN_POINT ( 'NONE',  ( -4.724999999999999645, 6.599999999999999645, 0.3400000000000000244 ) ) ;
#2881 = FACE_OUTER_BOUND ( 'NONE', #3600, .T. ) ;
#2882 = ORIENTED_EDGE ( 'NONE', *, *, #2246, .F. ) ;
#2883 = ORIENTED_EDGE ( 'NONE', *, *, #1815, .F. ) ;
#2884 = CARTESIAN_POINT ( 'NONE',  ( -4.575000000000000178, 4.000000000000000000, 0.3699999999999999956 ) ) ;
#2885 = CARTESIAN_POINT ( 'NONE',  ( -4.325000000000000178, 7.700000000000000178, 1.690000000000000169 ) ) ;
#2886 = CARTESIAN_POINT ( 'NONE',  ( -3.425000000000000266, 9.099999999999999645, 2.250000000000000000 ) ) ;
#2887 = EDGE_CURVE ( 'NONE', #3859, #2919, #757, .T. ) ;
#2888 = ORIENTED_EDGE ( 'NONE', *, *, #4448, .F. ) ;
#2889 = ORIENTED_EDGE ( 'NONE', *, *, #131, .T. ) ;
#2890 = ORIENTED_EDGE ( 'NONE', *, *, #3004, .F. ) ;
#2891 = VERTEX_POINT ( 'NONE', #1166 ) ;
#2892 = DIRECTION ( 'NONE',  ( -1.000000000000000000, 0.000000000000000000, 0.000000000000000000 ) ) ;
#2893 = DIRECTION ( 'NONE',  ( 1.000000000000000000, 0.000000000000000000, 0.000000000000000000 ) ) ;
#2894 = EDGE_CURVE ( 'NONE', #176, #549, #2665, .T. ) ;
#2895 = CARTESIAN_POINT ( 'NONE',  ( -2.250000000000000000, 11.35000000000000142, 0.000000000000000000 ) ) ;
#2896 = DIRECTION ( 'NONE',  ( 1.000000000000000000, -3.154042683594190092E-15, -5.455105270367320332E-16 ) ) ;
#2897 = EDGE_CURVE ( 'NONE', #2032, #3107, #4157, .T. ) ;
#2898 = CARTESIAN_POINT ( 'NONE',  ( -4.145000000000000462, 6.599999999999999645, 1.909999999999999920 ) ) ;
#2899 = ORIENTED_EDGE ( 'NONE', *, *, #2408, .T. ) ;
#2900 = CARTESIAN_POINT ( 'NONE',  ( -4.325000000000000178, 8.630000000000000782, 2.100000000000000089 ) ) ;
#2901 = FACE_OUTER_BOUND ( 'NONE', #3941, .T. ) ;
#2902 = DIRECTION ( 'NONE',  ( 0.000000000000000000, -1.000000000000000000, 0.000000000000000000 ) ) ;
#2903 = ORIENTED_EDGE ( 'NONE', *, *, #3964, .T. ) ;
#2904 = ORIENTED_EDGE ( 'NONE', *, *, #4627, .T. ) ;
#2905 = CARTESIAN_POINT ( 'NONE',  ( -1.750000000000000000, 11.35000000000000142, 0.5401667129553089364 ) ) ;
#2906 = CARTESIAN_POINT ( 'NONE',  ( -4.325000000000000178, 7.700000000000000178, 2.200000000000000178 ) ) ;
#2907 = ORIENTED_EDGE ( 'NONE', *, *, #795, .F. ) ;
#2908 = ORIENTED_EDGE ( 'NONE', *, *, #1988, .F. ) ;
#2909 = EDGE_CURVE ( 'NONE', #1720, #1343, #4860, .T. ) ;
#2910 = ORIENTED_EDGE ( 'NONE', *, *, #3310, .T. ) ;
#2911 = ORIENTED_EDGE ( 'NONE', *, *, #4066, .F. ) ;
#2912 = CARTESIAN_POINT ( 'NONE',  ( -1.750000000000000000, 11.69999999899999921, 0.5399999999999659517 ) ) ;
#2913 = CARTESIAN_POINT ( 'NONE',  ( 0.2500000000000000000, 11.69999999899999921, 0.03999999999996579902 ) ) ;
#2914 = EDGE_CURVE ( 'NONE', #4275, #3665, #3794, .T. ) ;
#2915 = DIRECTION ( 'NONE',  ( 0.000000000000000000, -1.472373320659329742E-16, 1.000000000000000000 ) ) ;
#2916 = PLANE ( 'NONE',  #4187 ) ;
#2917 = CARTESIAN_POINT ( 'NONE',  ( -4.724999999999999645, 6.599999999999999645, -0.06000000000000000472 ) ) ;
#2918 = CIRCLE ( 'NONE', #1429, 0.4000000000000000222 ) ;
#2919 = VERTEX_POINT ( 'NONE', #3360 ) ;
#2920 = EDGE_CURVE ( 'NONE', #4149, #503, #4585, .T. ) ;
#2921 = EDGE_CURVE ( 'NONE', #466, #2065, #3083, .T. ) ;
#2922 = AXIS2_PLACEMENT_3D ( 'NONE', #3381, #2668, #1493 ) ;
#2923 = CARTESIAN_POINT ( 'NONE',  ( 1.925000000000000044, -7.106452421473109875E-15, -7.023448035597871100E-16 ) ) ;
#2924 = DIRECTION ( 'NONE',  ( 0.000000000000000000, -1.000000000000000000, 0.000000000000000000 ) ) ;
#2925 = DIRECTION ( 'NONE',  ( 0.000000000000000000, -1.000000000000000000, 0.000000000000000000 ) ) ;
#2926 = CARTESIAN_POINT ( 'NONE',  ( 2.975000000000000089, 11.35000000000000142, 2.540000000000000036 ) ) ;
#2927 = ORIENTED_EDGE ( 'NONE', *, *, #1038, .T. ) ;
#2928 = VECTOR ( 'NONE', #1668, 1000.000000000000000 ) ;
#2929 = ADVANCED_FACE ( 'NONE', ( #3057 ), #2718, .F. ) ;
#2930 = CARTESIAN_POINT ( 'NONE',  ( 0.1000000000000000056, 6.599999999999999645, 0.2700000000000000178 ) ) ;
#2931 = AXIS2_PLACEMENT_3D ( 'NONE', #2798, #2368, #3137 ) ;
#2932 = CARTESIAN_POINT ( 'NONE',  ( 2.754999999999999893, 6.599999999999999645, 0.3699999999999999956 ) ) ;
#2933 = ORIENTED_EDGE ( 'NONE', *, *, #1199, .T. ) ;
#2934 = ORIENTED_EDGE ( 'NONE', *, *, #2134, .F. ) ;
#2935 = VECTOR ( 'NONE', #623, 1000.000000000000000 ) ;
#2936 = ORIENTED_EDGE ( 'NONE', *, *, #2502, .F. ) ;
#2937 = VERTEX_POINT ( 'NONE', #1190 ) ;
#2938 = DIRECTION ( 'NONE',  ( 0.000000000000000000, -1.000000000000000000, -2.869946927167510299E-15 ) ) ;
#2939 = LINE ( 'NONE', #4802, #2314 ) ;
#2940 = CIRCLE ( 'NONE', #3011, 0.1800000000000000488 ) ;
#2941 = VECTOR ( 'NONE', #3788, 1000.000000000000000 ) ;
#2942 = VECTOR ( 'NONE', #272, 1000.000000000000000 ) ;
#2943 = VERTEX_POINT ( 'NONE', #405 ) ;
#2944 = DIRECTION ( 'NONE',  ( 0.000000000000000000, -1.000000000000000000, 0.000000000000000000 ) ) ;
#2945 = CARTESIAN_POINT ( 'NONE',  ( -4.584999999999999964, 4.000000000000000000, 0.3108392021689809770 ) ) ;
#2946 = LINE ( 'NONE', #660, #1907 ) ;
#2947 = EDGE_CURVE ( 'NONE', #4564, #681, #2691, .T. ) ;
#2948 = VECTOR ( 'NONE', #2625, 1000.000000000000000 ) ;
#2949 = EDGE_LOOP ( 'NONE', ( #2817, #2579, #359, #1519 ) ) ;
#2950 = VECTOR ( 'NONE', #1539, 1000.000000000000000 ) ;
#2951 = CARTESIAN_POINT ( 'NONE',  ( 2.324999999999999734, 7.299999999999999822, 1.729999999999999982 ) ) ;
#2952 = CARTESIAN_POINT ( 'NONE',  ( 0.2500000000000000000, 11.35000000000000142, -0.02000000000000319925 ) ) ;
#2953 = DIRECTION ( 'NONE',  ( -5.560011140951310428E-16, 0.000000000000000000, -1.000000000000000000 ) ) ;
#2954 = EDGE_CURVE ( 'NONE', #2175, #968, #3405, .T. ) ;
#2955 = ORIENTED_EDGE ( 'NONE', *, *, #3877, .T. ) ;
#2956 = EDGE_CURVE ( 'NONE', #2891, #2175, #1544, .T. ) ;
#2957 = DIRECTION ( 'NONE',  ( 0.000000000000000000, -1.000000000000000000, 0.000000000000000000 ) ) ;
#2958 = EDGE_CURVE ( 'NONE', #4571, #2663, #3590, .T. ) ;
#2959 = VERTEX_POINT ( 'NONE', #1302 ) ;
#2960 = ORIENTED_EDGE ( 'NONE', *, *, #2222, .T. ) ;
#2961 = EDGE_LOOP ( 'NONE', ( #4746, #4654, #3351, #879 ) ) ;
#2962 = CARTESIAN_POINT ( 'NONE',  ( -4.325000000000000178, 6.750000000000000000, 0.2700000000000000178 ) ) ;
#2963 = DIRECTION ( 'NONE',  ( 0.000000000000000000, 0.000000000000000000, -1.000000000000000000 ) ) ;
#2964 = ORIENTED_EDGE ( 'NONE', *, *, #3277, .T. ) ;
#2965 = CARTESIAN_POINT ( 'NONE',  ( -4.325000000000000178, 7.299999999999999822, 1.729999999999999982 ) ) ;
#2966 = LINE ( 'NONE', #361, #3581 ) ;
#2967 = CARTESIAN_POINT ( 'NONE',  ( 2.314999999999999947, 9.099999999999999645, 0.3800000000000000044 ) ) ;
#2968 = EDGE_LOOP ( 'NONE', ( #4142, #2936, #162, #1788 ) ) ;
#2969 = EDGE_CURVE ( 'NONE', #2447, #2848, #930, .T. ) ;
#2970 = CARTESIAN_POINT ( 'NONE',  ( -4.575000000000000178, 7.299999999999999822, 0.3699999999999999956 ) ) ;
#2971 = DIRECTION ( 'NONE',  ( -1.000000000000000000, 0.000000000000000000, 3.236424395479170027E-16 ) ) ;
#2972 = CARTESIAN_POINT ( 'NONE',  ( 2.584999999999999964, 6.750000000000000000, 0.2400000000000000189 ) ) ;
#2973 = ORIENTED_EDGE ( 'NONE', *, *, #471, .T. ) ;
#2974 = ORIENTED_EDGE ( 'NONE', *, *, #4563, .T. ) ;
#2975 = ADVANCED_FACE ( 'NONE', ( #590 ), #3478, .T. ) ;
#2976 = CARTESIAN_POINT ( 'NONE',  ( 0.1950000000000000067, 6.599999999999999645, 0.1800000000000030187 ) ) ;
#2977 = DIRECTION ( 'NONE',  ( -1.000000000000000000, 0.000000000000000000, 0.000000000000000000 ) ) ;
#2978 = VERTEX_POINT ( 'NONE', #142 ) ;
#2979 = EDGE_LOOP ( 'NONE', ( #2422, #2839, #1508, #2468 ) ) ;
#2980 = EDGE_CURVE ( 'NONE', #1812, #4149, #2801, .T. ) ;
#2981 = LINE ( 'NONE', #3675, #1917 ) ;
#2982 = LINE ( 'NONE', #1881, #1690 ) ;
#2983 = EDGE_CURVE ( 'NONE', #1378, #2329, #3510, .T. ) ;
#2984 = ORIENTED_EDGE ( 'NONE', *, *, #773, .F. ) ;
#2985 = CARTESIAN_POINT ( 'NONE',  ( -1.750000000000000000, 6.699999999000020523, 0.3099999999999660250 ) ) ;
#2986 = CARTESIAN_POINT ( 'NONE',  ( -3.924999999999999822, 6.150000000000000355, 0.5699999999999999512 ) ) ;
#2987 = CARTESIAN_POINT ( 'NONE',  ( 2.324999999999999734, 5.049999999999999822, 1.729999999999999982 ) ) ;
#2988 = CARTESIAN_POINT ( 'NONE',  ( 1.199999999999999956, 6.250000000000000000, -0.02000000000000489928 ) ) ;
#2989 = FACE_OUTER_BOUND ( 'NONE', #3246, .T. ) ;
#2990 = CARTESIAN_POINT ( 'NONE',  ( 2.145000000000000018, 5.049999999999999822, 1.729999999999999982 ) ) ;
#2991 = ORIENTED_EDGE ( 'NONE', *, *, #6, .T. ) ;
#2992 = ORIENTED_EDGE ( 'NONE', *, *, #1237, .T. ) ;
#2993 = PLANE ( 'NONE',  #1844 ) ;
#2994 = CARTESIAN_POINT ( 'NONE',  ( -4.575000000000000178, 10.59999999999999964, 2.100000000000000089 ) ) ;
#2995 = VERTEX_POINT ( 'NONE', #4297 ) ;
#2996 = VERTEX_POINT ( 'NONE', #4635 ) ;
#2997 = VECTOR ( 'NONE', #922, 1000.000000000000000 ) ;
#2998 = EDGE_CURVE ( 'NONE', #3894, #4, #540, .T. ) ;
#2999 = VECTOR ( 'NONE', #110, 1000.000000000000000 ) ;
#3000 = DIRECTION ( 'NONE',  ( 1.281329840210140008E-15, 0.000000000000000000, -1.000000000000000000 ) ) ;
#3001 = FACE_OUTER_BOUND ( 'NONE', #3553, .T. ) ;
#3002 = ADVANCED_FACE ( 'NONE', ( #1646 ), #2429, .F. ) ;
#3003 = AXIS2_PLACEMENT_3D ( 'NONE', #2688, #1585, #3920 ) ;
#3004 = EDGE_CURVE ( 'NONE', #2511, #4770, #2347, .T. ) ;
#3005 = VERTEX_POINT ( 'NONE', #2405 ) ;
#3006 = VECTOR ( 'NONE', #451, 1000.000000000000000 ) ;
#3007 = DIRECTION ( 'NONE',  ( 1.559137179030750857E-16, -0.8661855860486004088, 0.4997224534895772785 ) ) ;
#3008 = LINE ( 'NONE', #4462, #1463 ) ;
#3009 = CARTESIAN_POINT ( 'NONE',  ( -4.325000000000000178, 9.099999999999999645, -2.698805407769669937E-15 ) ) ;
#3010 = DIRECTION ( 'NONE',  ( 1.000000000000000000, 0.000000000000000000, 0.000000000000000000 ) ) ;
#3011 = AXIS2_PLACEMENT_3D ( 'NONE', #8, #1139, #2638 ) ;
#3012 = VECTOR ( 'NONE', #2102, 1000.000000000000000 ) ;
#3013 = CARTESIAN_POINT ( 'NONE',  ( -4.325000000000000178, 6.599999999999999645, 1.729999999999999982 ) ) ;
#3014 = LINE ( 'NONE', #2298, #1854 ) ;
#3015 = AXIS2_PLACEMENT_3D ( 'NONE', #2112, #4395, #3974 ) ;
#3016 = DIRECTION ( 'NONE',  ( 2.727552635183660166E-16, 0.000000000000000000, 1.000000000000000000 ) ) ;
#3017 = CARTESIAN_POINT ( 'NONE',  ( -2.250000000000000000, 11.69999999899999921, 0.03999999999996579902 ) ) ;
#3018 = ORIENTED_EDGE ( 'NONE', *, *, #1728, .T. ) ;
#3019 = ORIENTED_EDGE ( 'NONE', *, *, #1502, .T. ) ;
#3020 = AXIS2_PLACEMENT_3D ( 'NONE', #845, #3919, #537 ) ;
#3021 = CARTESIAN_POINT ( 'NONE',  ( 2.314999999999999947, 4.049999999999999822, 0.3800000000000000044 ) ) ;
#3022 = PLANE ( 'NONE',  #3792 ) ;
#3023 = VERTEX_POINT ( 'NONE', #114 ) ;
#3024 = EDGE_LOOP ( 'NONE', ( #129, #622, #3520, #2104 ) ) ;
#3025 = ADVANCED_FACE ( 'NONE', ( #1269 ), #2822, .T. ) ;
#3026 = DIRECTION ( 'NONE',  ( 0.000000000000000000, -1.000000000000000000, 0.000000000000000000 ) ) ;
#3027 = LINE ( 'NONE', #3713, #43 ) ;
#3028 = VERTEX_POINT ( 'NONE', #3195 ) ;
#3029 = EDGE_CURVE ( 'NONE', #4825, #695, #2037, .T. ) ;
#3030 = CARTESIAN_POINT ( 'NONE',  ( 1.425000000000000044, 9.099999999999999645, 1.909999999999999920 ) ) ;
#3031 = LINE ( 'NONE', #1956, #597 ) ;
#3032 = LINE ( 'NONE', #431, #2681 ) ;
#3033 = ORIENTED_EDGE ( 'NONE', *, *, #4214, .F. ) ;
#3034 = ADVANCED_FACE ( 'NONE', ( #3534 ), #1326, .T. ) ;
#3035 = DIRECTION ( 'NONE',  ( 1.000000000000000000, 0.000000000000000000, 3.236424395479170027E-16 ) ) ;
#3036 = DIRECTION ( 'NONE',  ( 1.000000000000000000, 0.000000000000000000, 0.000000000000000000 ) ) ;
#3037 = CARTESIAN_POINT ( 'NONE',  ( -2.925000000000000266, 8.050000000000000711, 2.540000000000000036 ) ) ;
#3038 = CARTESIAN_POINT ( 'NONE',  ( -2.100000000000090239, 6.599999999999999645, 0.2700000000000000178 ) ) ;
#3039 = EDGE_LOOP ( 'NONE', ( #462, #1428, #4284, #388 ) ) ;
#3040 = ORIENTED_EDGE ( 'NONE', *, *, #3973, .T. ) ;
#3041 = CARTESIAN_POINT ( 'NONE',  ( -1.800000000000000044, 6.699999999000020523, 1.429999999999970184 ) ) ;
#3042 = CYLINDRICAL_SURFACE ( 'NONE', #352, 0.3000000000000000444 ) ;
#3043 = ORIENTED_EDGE ( 'NONE', *, *, #1634, .T. ) ;
#3044 = ORIENTED_EDGE ( 'NONE', *, *, #3642, .T. ) ;
#3045 = DIRECTION ( 'NONE',  ( 1.000000000000000000, 0.000000000000000000, 3.236424395479160166E-16 ) ) ;
#3046 = DIRECTION ( 'NONE',  ( 0.000000000000000000, 0.000000000000000000, 1.000000000000000000 ) ) ;
#3047 = CARTESIAN_POINT ( 'NONE',  ( -4.325000000000000178, 6.599999999999999645, 0.2700000000000000178 ) ) ;
#3048 = ADVANCED_FACE ( 'NONE', ( #953 ), #1725, .F. ) ;
#3049 = ORIENTED_EDGE ( 'NONE', *, *, #3361, .F. ) ;
#3050 = VERTEX_POINT ( 'NONE', #3214 ) ;
#3051 = ORIENTED_EDGE ( 'NONE', *, *, #2954, .T. ) ;
#3052 = DIRECTION ( 'NONE',  ( 0.000000000000000000, -1.000000000000000000, 0.000000000000000000 ) ) ;
#3053 = LINE ( 'NONE', #4482, #1214 ) ;
#3054 = PLANE ( 'NONE',  #1440 ) ;
#3055 = DIRECTION ( 'NONE',  ( 0.000000000000000000, 1.000000000000000000, 0.000000000000000000 ) ) ;
#3056 = EDGE_CURVE ( 'NONE', #1720, #3859, #904, .T. ) ;
#3057 = FACE_OUTER_BOUND ( 'NONE', #4405, .T. ) ;
#3058 = LINE ( 'NONE', #2208, #2792 ) ;
#3059 = CARTESIAN_POINT ( 'NONE',  ( -4.325000000000000178, 6.599999999999999645, 0.5699999999999999512 ) ) ;
#3060 = CARTESIAN_POINT ( 'NONE',  ( 2.975000000000000089, 6.750000000000000000, -0.02000000000000489928 ) ) ;
#3061 = VERTEX_POINT ( 'NONE', #4610 ) ;
#3062 = EDGE_CURVE ( 'NONE', #2978, #2364, #1244, .T. ) ;
#3063 = EDGE_CURVE ( 'NONE', #4770, #878, #513, .T. ) ;
#3064 = EDGE_LOOP ( 'NONE', ( #4034, #895, #49, #4670, #2955, #250, #2053, #2096, #2696, #1183, #710, #1340, #3969, #2608, #1477, #3133, #571, #686 ) ) ;
#3065 = PLANE ( 'NONE',  #2550 ) ;
#3066 = CARTESIAN_POINT ( 'NONE',  ( -2.100000000000090239, 6.599999999999999645, 0.2700000000000000178 ) ) ;
#3067 = ORIENTED_EDGE ( 'NONE', *, *, #3217, .F. ) ;
#3068 = ORIENTED_EDGE ( 'NONE', *, *, #1746, .T. ) ;
#3069 = CIRCLE ( 'NONE', #3768, 0.1800000000000000488 ) ;
#3070 = VECTOR ( 'NONE', #4282, 1000.000000000000000 ) ;
#3071 = CARTESIAN_POINT ( 'NONE',  ( -4.975000000000000533, 6.750000000000000000, 3.939999999999999947 ) ) ;
#3072 = DIRECTION ( 'NONE',  ( 0.000000000000000000, -1.000000000000000000, 0.000000000000000000 ) ) ;
#3073 = LINE ( 'NONE', #4230, #3940 ) ;
#3074 = VECTOR ( 'NONE', #1890, 1000.000000000000000 ) ;
#3075 = VERTEX_POINT ( 'NONE', #3679 ) ;
#3076 = ORIENTED_EDGE ( 'NONE', *, *, #1565, .T. ) ;
#3077 = LINE ( 'NONE', #1934, #4734 ) ;
#3078 = DIRECTION ( 'NONE',  ( 0.000000000000000000, 0.000000000000000000, -1.000000000000000000 ) ) ;
#3079 = CIRCLE ( 'NONE', #2855, 0.1799999999999996048 ) ;
#3080 = DIRECTION ( 'NONE',  ( 0.000000000000000000, 0.000000000000000000, 1.000000000000000000 ) ) ;
#3081 = FACE_BOUND ( 'NONE', #647, .T. ) ;
#3082 = CIRCLE ( 'NONE', #196, 0.4300000000000000488 ) ;
#3083 = LINE ( 'NONE', #1220, #1459 ) ;
#3084 = EDGE_CURVE ( 'NONE', #4591, #681, #2523, .T. ) ;
#3085 = PLANE ( 'NONE',  #1303 ) ;
#3086 = DIRECTION ( 'NONE',  ( 4.808961248927650018E-16, 0.000000000000000000, 1.000000000000000000 ) ) ;
#3087 = CARTESIAN_POINT ( 'NONE',  ( -1.750000000000000000, 6.699999999000020523, 0.3099999999999660250 ) ) ;
#3088 = ORIENTED_EDGE ( 'NONE', *, *, #963, .T. ) ;
#3089 = VECTOR ( 'NONE', #914, 1000.000000000000000 ) ;
#3090 = VERTEX_POINT ( 'NONE', #708 ) ;
#3091 = VECTOR ( 'NONE', #1332, 1000.000000000000000 ) ;
#3092 = AXIS2_PLACEMENT_3D ( 'NONE', #4345, #4372, #1005 ) ;
#3093 = CARTESIAN_POINT ( 'NONE',  ( -4.975000000000000533, 3.750000000000000000, 0.2400000000000030165 ) ) ;
#3094 = ADVANCED_FACE ( 'NONE', ( #1052 ), #4047, .F. ) ;
#3095 = DIRECTION ( 'NONE',  ( 1.000000000000000000, 0.000000000000000000, -1.390002785237829826E-16 ) ) ;
#3096 = EDGE_CURVE ( 'NONE', #2319, #3602, #1374, .T. ) ;
#3097 = CARTESIAN_POINT ( 'NONE',  ( -4.584999999999999964, 9.099999999999999645, 0.2700000000000000178 ) ) ;
#3098 = VERTEX_POINT ( 'NONE', #4069 ) ;
#3099 = ORIENTED_EDGE ( 'NONE', *, *, #4276, .T. ) ;
#3100 = VECTOR ( 'NONE', #3535, 1000.000000000000000 ) ;
#3101 = VECTOR ( 'NONE', #3626, 1000.000000000000000 ) ;
#3102 = ADVANCED_FACE ( 'NONE', ( #614 ), #2875, .F. ) ;
#3103 = LINE ( 'NONE', #1929, #1201 ) ;
#3104 = DIRECTION ( 'NONE',  ( 1.000000000000000000, -5.656706986880889655E-16, 0.000000000000000000 ) ) ;
#3105 = DIRECTION ( 'NONE',  ( -1.000000000000000000, 0.000000000000000000, 0.000000000000000000 ) ) ;
#3106 = ORIENTED_EDGE ( 'NONE', *, *, #1547, .F. ) ;
#3107 = VERTEX_POINT ( 'NONE', #3698 ) ;
#3108 = LINE ( 'NONE', #4606, #3477 ) ;
#3109 = PLANE ( 'NONE',  #3888 ) ;
#3110 = FACE_OUTER_BOUND ( 'NONE', #2380, .T. ) ;
#3111 = DIRECTION ( 'NONE',  ( 0.000000000000000000, -1.000000000000000000, 0.000000000000000000 ) ) ;
#3112 = APPLICATION_CONTEXT ( 'automotive_design' ) ;
#3113 = DIRECTION ( 'NONE',  ( 0.000000000000000000, 0.000000000000000000, 1.000000000000000000 ) ) ;
#3114 = DIRECTION ( 'NONE',  ( 1.000000000000000000, 0.000000000000000000, 0.000000000000000000 ) ) ;
#3115 = DIRECTION ( 'NONE',  ( 0.000000000000000000, 0.000000000000000000, -1.000000000000000000 ) ) ;
#3116 =( NAMED_UNIT ( * ) PLANE_ANGLE_UNIT ( ) SI_UNIT ( $, .RADIAN. ) );
#3117 = ORIENTED_EDGE ( 'NONE', *, *, #3747, .T. ) ;
#3118 = ORIENTED_EDGE ( 'NONE', *, *, #2093, .F. ) ;
#3119 = ADVANCED_FACE ( 'NONE', ( #4783 ), #2131, .T. ) ;
#3121 = CARTESIAN_POINT ( 'NONE',  ( -4.584999999999999964, 6.750000000000000000, 0.2700000000000000178 ) ) ;
#3120 = DIRECTION ( 'NONE',  ( -1.000000000000000000, 0.000000000000000000, 0.000000000000000000 ) ) ;
#3122 = LINE ( 'NONE', #2022, #3091 ) ;
#3123 = LINE ( 'NONE', #2781, #404 ) ;
#3124 = ORIENTED_EDGE ( 'NONE', *, *, #1419, .F. ) ;
#3125 = ORIENTED_EDGE ( 'NONE', *, *, #3653, .F. ) ;
#3126 = ADVANCED_FACE ( 'NONE', ( #1027, #1420 ), #2916, .F. ) ;
#3127 = LINE ( 'NONE', #55, #2690 ) ;
#3128 = PLANE ( 'NONE',  #4820 ) ;
#3129 = CARTESIAN_POINT ( 'NONE',  ( 2.314999999999999947, 9.099999999999999645, 1.909999999999999920 ) ) ;
#3130 = ORIENTED_EDGE ( 'NONE', *, *, #487, .F. ) ;
#3131 = ADVANCED_FACE ( 'NONE', ( #3608 ), #688, .T. ) ;
#3132 = EDGE_CURVE ( 'NONE', #1805, #2334, #1851, .T. ) ;
#3133 = ORIENTED_EDGE ( 'NONE', *, *, #3367, .T. ) ;
#3134 = VERTEX_POINT ( 'NONE', #3236 ) ;
#3135 = DIRECTION ( 'NONE',  ( 0.000000000000000000, 1.000000000000000000, -2.710505431213769713E-17 ) ) ;
#3136 = CARTESIAN_POINT ( 'NONE',  ( 2.575000000000000178, 6.150000000000000355, 0.5699999999999999512 ) ) ;
#3137 = DIRECTION ( 'NONE',  ( 0.000000000000000000, 0.000000000000000000, -1.000000000000000000 ) ) ;
#3138 = DIRECTION ( 'NONE',  ( 0.000000000000000000, 0.000000000000000000, 1.000000000000000000 ) ) ;
#3139 = DIRECTION ( 'NONE',  ( -1.000000000000000000, 0.000000000000000000, -1.281329840210140008E-15 ) ) ;
#3140 = LINE ( 'NONE', #1270, #1778 ) ;
#3141 = LINE ( 'NONE', #1963, #1282 ) ;
#3142 = EDGE_LOOP ( 'NONE', ( #2388, #3076, #1115, #2510, #4683, #2992, #3177, #1042, #2148, #1933, #89, #2135, #1537, #1314, #302, #1499, #3990, #1528 ) ) ;
#3143 = ORIENTED_EDGE ( 'NONE', *, *, #4774, .T. ) ;
#3145 = LINE ( 'NONE', #3882, #23 ) ;
#3144 = CARTESIAN_POINT ( 'NONE',  ( 0.2500000000000000000, 11.69999999899999921, 0.03999999999996569494 ) ) ;
#3146 = CARTESIAN_POINT ( 'NONE',  ( 0.000000000000000000, 11.35000000000000142, 0.000000000000000000 ) ) ;
#3147 = PLANE ( 'NONE',  #1673 ) ;
#3148 = ORIENTED_EDGE ( 'NONE', *, *, #1266, .F. ) ;
#3149 = VERTEX_POINT ( 'NONE', #2945 ) ;
#3150 = DIRECTION ( 'NONE',  ( 0.000000000000000000, -1.000000000000000000, 0.000000000000000000 ) ) ;
#3151 = DIRECTION ( 'NONE',  ( 0.000000000000000000, -1.000000000000000000, 0.000000000000000000 ) ) ;
#3152 = EDGE_CURVE ( 'NONE', #834, #1090, #657, .T. ) ;
#3153 = LINE ( 'NONE', #3047, #2453 ) ;
#3154 = ORIENTED_EDGE ( 'NONE', *, *, #3132, .F. ) ;
#3155 = VECTOR ( 'NONE', #1609, 1000.000000000000000 ) ;
#3156 = ORIENTED_EDGE ( 'NONE', *, *, #4364, .T. ) ;
#3157 = EDGE_LOOP ( 'NONE', ( #2586, #4039, #2214, #578 ) ) ;
#3158 = LINE ( 'NONE', #2840, #1768 ) ;
#3159 = DIRECTION ( 'NONE',  ( -3.469446951953610245E-15, 0.000000000000000000, 1.000000000000000000 ) ) ;
#3160 = ADVANCED_FACE ( 'NONE', ( #4736 ), #3338, .F. ) ;
#3161 = EDGE_CURVE ( 'NONE', #818, #3552, #1400, .T. ) ;
#3162 = CARTESIAN_POINT ( 'NONE',  ( -1.750000000000000000, 11.59999999900000134, -0.06000000000003419959 ) ) ;
#3163 = DIRECTION ( 'NONE',  ( 6.240012503513690548E-16, 0.000000000000000000, -1.000000000000000000 ) ) ;
#3164 = VECTOR ( 'NONE', #4256, 1000.000000000000000 ) ;
#3165 = DIRECTION ( 'NONE',  ( 0.000000000000000000, -1.000000000000000000, 0.000000000000000000 ) ) ;
#3166 = DIRECTION ( 'NONE',  ( 2.252887631138710307E-15, 1.000000000000000000, 0.000000000000000000 ) ) ;
#3167 = DIRECTION ( 'NONE',  ( -1.000000000000000000, 0.000000000000000000, -4.274258564606259920E-16 ) ) ;
#3168 = VERTEX_POINT ( 'NONE', #4807 ) ;
#3169 = VECTOR ( 'NONE', #3007, 999.9999999999998863 ) ;
#3170 = ORIENTED_EDGE ( 'NONE', *, *, #755, .T. ) ;
#3171 = LINE ( 'NONE', #4717, #897 ) ;
#3172 = AXIS2_PLACEMENT_3D ( 'NONE', #994, #2443, #4404 ) ;
#3173 = FACE_OUTER_BOUND ( 'NONE', #991, .T. ) ;
#3174 = VECTOR ( 'NONE', #4543, 1000.000000000000000 ) ;
#3175 = DIRECTION ( 'NONE',  ( 0.000000000000000000, 1.000000000000000000, 0.000000000000000000 ) ) ;
#3176 = ORIENTED_EDGE ( 'NONE', *, *, #304, .T. ) ;
#3177 = ORIENTED_EDGE ( 'NONE', *, *, #3998, .F. ) ;
#3178 = VECTOR ( 'NONE', #2355, 1000.000000000000000 ) ;
#3179 = AXIS2_PLACEMENT_3D ( 'NONE', #1829, #2145, #300 ) ;
#3180 = CARTESIAN_POINT ( 'NONE',  ( -3.924999999999999822, 5.049999999999999822, 0.5699999999999999512 ) ) ;
#3181 = CARTESIAN_POINT ( 'NONE',  ( -1.800000000000000044, 9.099999999999999645, 1.429999999999970184 ) ) ;
#3182 = AXIS2_PLACEMENT_3D ( 'NONE', #314, #981, #1773 ) ;
#3183 = VERTEX_POINT ( 'NONE', #3628 ) ;
#3184 = VECTOR ( 'NONE', #3035, 1000.000000000000000 ) ;
#3185 = EDGE_LOOP ( 'NONE', ( #2071, #1195, #4408, #449, #57, #1549 ) ) ;
#3186 = EDGE_CURVE ( 'NONE', #2320, #2423, #4836, .T. ) ;
#3187 = VECTOR ( 'NONE', #61, 1000.000000000000000 ) ;
#3188 = EDGE_LOOP ( 'NONE', ( #1640, #3051, #2866, #202, #3824 ) ) ;
#3189 = VERTEX_POINT ( 'NONE', #1079 ) ;
#3190 = PLANE ( 'NONE',  #1370 ) ;
#3191 = DIRECTION ( 'NONE',  ( 0.000000000000000000, 0.000000000000000000, 1.000000000000000000 ) ) ;
#3192 = DIRECTION ( 'NONE',  ( 0.000000000000000000, 0.000000000000000000, -1.000000000000000000 ) ) ;
#3193 = PLANE ( 'NONE',  #403 ) ;
#3194 = EDGE_CURVE ( 'NONE', #3502, #3580, #1772, .T. ) ;
#3195 = CARTESIAN_POINT ( 'NONE',  ( -4.575000000000000178, 8.630000000000000782, 2.140000000000000124 ) ) ;
#3196 = LINE ( 'NONE', #3562, #3265 ) ;
#3197 = CARTESIAN_POINT ( 'NONE',  ( 0.2000000000000000111, 9.099999999999999645, 1.429999999999970184 ) ) ;
#3198 = ORIENTED_EDGE ( 'NONE', *, *, #4167, .F. ) ;
#3199 = EDGE_CURVE ( 'NONE', #48, #1433, #4764, .T. ) ;
#3200 = LINE ( 'NONE', #4325, #3089 ) ;
#3201 = DIRECTION ( 'NONE',  ( 0.000000000000000000, 1.000000000000000000, 0.000000000000000000 ) ) ;
#3202 = CARTESIAN_POINT ( 'NONE',  ( 2.575000000000000178, 7.700000000000000178, 1.690000000000000169 ) ) ;
#3203 = ORIENTED_EDGE ( 'NONE', *, *, #2736, .T. ) ;
#3204 = ORIENTED_EDGE ( 'NONE', *, *, #3764, .T. ) ;
#3205 = CARTESIAN_POINT ( 'NONE',  ( -1.750000000000000000, 10.74999999899999992, 0.03999999999996569494 ) ) ;
#3206 = CARTESIAN_POINT ( 'NONE',  ( -2.250000000000000000, 10.84999999899999956, -0.06000000000003430367 ) ) ;
#3207 = ORIENTED_EDGE ( 'NONE', *, *, #1113, .T. ) ;
#3208 = ORIENTED_EDGE ( 'NONE', *, *, #434, .T. ) ;
#3209 = ORIENTED_EDGE ( 'NONE', *, *, #911, .T. ) ;
#3210 = ORIENTED_EDGE ( 'NONE', *, *, #971, .T. ) ;
#3211 = DIRECTION ( 'NONE',  ( 0.000000000000000000, -9.510545372679868754E-17, -1.000000000000000000 ) ) ;
#3212 = CARTESIAN_POINT ( 'NONE',  ( -4.145000000000000462, 6.599999999999999645, 1.909999999999999920 ) ) ;
#3213 = FACE_OUTER_BOUND ( 'NONE', #543, .T. ) ;
#3214 = CARTESIAN_POINT ( 'NONE',  ( -0.2500000000000000000, 11.35000000000000142, 0.5401667129553089364 ) ) ;
#3215 = CARTESIAN_POINT ( 'NONE',  ( -4.584999999999999964, 6.599999999999999645, 2.200000000000000178 ) ) ;
#3216 = CARTESIAN_POINT ( 'NONE',  ( 2.575000000000000178, 5.049999999999999822, 0.5699999999999999512 ) ) ;
#3217 = EDGE_CURVE ( 'NONE', #4591, #1213, #3031, .T. ) ;
#3218 = ORIENTED_EDGE ( 'NONE', *, *, #1334, .F. ) ;
#3219 = DIRECTION ( 'NONE',  ( 0.000000000000000000, 1.000000000000000000, 0.000000000000000000 ) ) ;
#3220 = DIRECTION ( 'NONE',  ( 0.000000000000000000, -1.000000000000000000, 2.710505431213769713E-17 ) ) ;
#3221 = DIRECTION ( 'NONE',  ( 1.000000000000000000, 0.000000000000000000, 0.000000000000000000 ) ) ;
#3222 = EDGE_CURVE ( 'NONE', #1494, #2659, #4528, .T. ) ;
#3223 = ORIENTED_EDGE ( 'NONE', *, *, #1791, .T. ) ;
#3224 = ORIENTED_EDGE ( 'NONE', *, *, #2372, .F. ) ;
#3225 = EDGE_CURVE ( 'NONE', #3098, #534, #2322, .T. ) ;
#3226 = DIRECTION ( 'NONE',  ( -1.000000000000000000, 0.000000000000000000, 0.000000000000000000 ) ) ;
#3227 = DIRECTION ( 'NONE',  ( 1.440384113626960296E-14, 1.000000000000000000, 0.000000000000000000 ) ) ;
#3228 = VERTEX_POINT ( 'NONE', #3400 ) ;
#3229 = ORIENTED_EDGE ( 'NONE', *, *, #1627, .F. ) ;
#3230 = ORIENTED_EDGE ( 'NONE', *, *, #160, .F. ) ;
#3231 = ORIENTED_EDGE ( 'NONE', *, *, #4553, .T. ) ;
#3232 = FACE_OUTER_BOUND ( 'NONE', #1838, .T. ) ;
#3233 = CARTESIAN_POINT ( 'NONE',  ( -0.1950000000000000067, 6.599999999999999645, 0.1800000000000000211 ) ) ;
#3234 = VECTOR ( 'NONE', #977, 1000.000000000000000 ) ;
#3235 = CARTESIAN_POINT ( 'NONE',  ( 0.2500000000000000000, 10.84999999899999956, -0.06000000000003430367 ) ) ;
#3236 = CARTESIAN_POINT ( 'NONE',  ( -3.200000000000000178, 4.049999999999999822, 0.3800000000000000044 ) ) ;
#3237 = DIRECTION ( 'NONE',  ( 0.000000000000000000, 1.000000000000000000, 0.000000000000000000 ) ) ;
#3238 = AXIS2_PLACEMENT_3D ( 'NONE', #4193, #829, #1548 ) ;
#3239 = LINE ( 'NONE', #243, #1359 ) ;
#3240 = ORIENTED_EDGE ( 'NONE', *, *, #4143, .T. ) ;
#3241 = VECTOR ( 'NONE', #2250, 1000.000000000000000 ) ;
#3242 = EDGE_CURVE ( 'NONE', #2978, #1867, #2966, .T. ) ;
#3243 = CARTESIAN_POINT ( 'NONE',  ( -2.250000000000000000, 11.35000000000000142, -0.02000000000000170391 ) ) ;
#3244 = DIRECTION ( 'NONE',  ( -0.000000000000000000, 1.000000000000000000, 0.000000000000000000 ) ) ;
#3245 = PLANE ( 'NONE',  #1980 ) ;
#3246 = EDGE_LOOP ( 'NONE', ( #2534, #3207, #256, #4619, #1437, #3143, #2728, #1472 ) ) ;
#3247 = ORIENTED_EDGE ( 'NONE', *, *, #59, .T. ) ;
#3248 = VECTOR ( 'NONE', #1026, 1000.000000000000000 ) ;
#3249 = EDGE_CURVE ( 'NONE', #303, #79, #1855, .T. ) ;
#3250 = VECTOR ( 'NONE', #1438, 1000.000000000000000 ) ;
#3251 = EDGE_CURVE ( 'NONE', #3989, #1355, #3008, .T. ) ;
#3252 = CARTESIAN_POINT ( 'NONE',  ( -0.1950000000000000067, 6.599999999999999645, 0.3099999999999999978 ) ) ;
#3253 = DIRECTION ( 'NONE',  ( -1.000000000000000000, 0.000000000000000000, 5.560011140951310428E-16 ) ) ;
#3254 = ORIENTED_EDGE ( 'NONE', *, *, #1932, .F. ) ;
#3255 = ORIENTED_EDGE ( 'NONE', *, *, #2088, .F. ) ;
#3256 = AXIS2_PLACEMENT_3D ( 'NONE', #4602, #2392, #2709 ) ;
#3257 = AXIS2_PLACEMENT_3D ( 'NONE', #3598, #1686, #529 ) ;
#3258 = EDGE_CURVE ( 'NONE', #1413, #4571, #1935, .T. ) ;
#3259 = ORIENTED_EDGE ( 'NONE', *, *, #2983, .F. ) ;
#3260 = EDGE_LOOP ( 'NONE', ( #1789, #1330, #1442, #3813 ) ) ;
#3261 = VECTOR ( 'NONE', #3095, 1000.000000000000000 ) ;
#3262 = VECTOR ( 'NONE', #4666, 1000.000000000000000 ) ;
#3263 = LINE ( 'NONE', #2498, #2780 ) ;
#3264 = LINE ( 'NONE', #3212, #3101 ) ;
#3265 = VECTOR ( 'NONE', #2038, 1000.000000000000000 ) ;
#3266 = AXIS2_PLACEMENT_3D ( 'NONE', #2059, #1643, #2739 ) ;
#3267 = CARTESIAN_POINT ( 'NONE',  ( 0.9250000000000000444, 5.750000000000000000, -0.3310000000000090092 ) ) ;
#3268 = CARTESIAN_POINT ( 'NONE',  ( -1.750000000000000000, 6.699999999000020523, 0.3099999999999660250 ) ) ;
#3269 = PRESENTATION_STYLE_ASSIGNMENT (( #615 ) ) ;
#3270 = CARTESIAN_POINT ( 'NONE',  ( -4.575000000000000178, 6.150000000000000355, 1.729999999999999982 ) ) ;
#3271 = ORIENTED_EDGE ( 'NONE', *, *, #2441, .F. ) ;
#3272 = CARTESIAN_POINT ( 'NONE',  ( 0.000000000000000000, 9.099999999999999645, 0.000000000000000000 ) ) ;
#3273 = CYLINDRICAL_SURFACE ( 'NONE', #3573, 0.4000000000000000222 ) ;
#3274 = LINE ( 'NONE', #1405, #962 ) ;
#3275 = VERTEX_POINT ( 'NONE', #3816 ) ;
#3276 = EDGE_LOOP ( 'NONE', ( #4488, #1650, #4313 ) ) ;
#3277 = EDGE_CURVE ( 'NONE', #2826, #52, #1143, .T. ) ;
#3278 = DIRECTION ( 'NONE',  ( 0.000000000000000000, 0.000000000000000000, 1.000000000000000000 ) ) ;
#3279 = LINE ( 'NONE', #3644, #978 ) ;
#3280 = ORIENTED_EDGE ( 'NONE', *, *, #1981, .T. ) ;
#3281 = ORIENTED_EDGE ( 'NONE', *, *, #1496, .F. ) ;
#3282 = EDGE_CURVE ( 'NONE', #4291, #4231, #1511, .T. ) ;
#3283 = UNCERTAINTY_MEASURE_WITH_UNIT (LENGTH_MEASURE( 1.000000000000000082E-05 ), #591, 'distance_accuracy_value', 'NONE');
#3284 = ORIENTED_EDGE ( 'NONE', *, *, #2664, .T. ) ;
#3285 = ORIENTED_EDGE ( 'NONE', *, *, #4118, .T. ) ;
#3286 = LINE ( 'NONE', #4779, #1994 ) ;
#3287 = PLANE ( 'NONE',  #2166 ) ;
#3288 = EDGE_CURVE ( 'NONE', #493, #2319, #4550, .T. ) ;
#3289 = EDGE_CURVE ( 'NONE', #2703, #2334, #39, .T. ) ;
#3290 = DIRECTION ( 'NONE',  ( -2.727552635183660166E-16, 0.000000000000000000, -1.000000000000000000 ) ) ;
#3291 = CARTESIAN_POINT ( 'NONE',  ( -3.924999999999999822, 1.442974527744350050E-14, 2.495710661193049922E-15 ) ) ;
#3292 =( NAMED_UNIT ( * ) SI_UNIT ( $, .STERADIAN. ) SOLID_ANGLE_UNIT ( ) );
#3293 = CARTESIAN_POINT ( 'NONE',  ( -4.584999999999999964, 9.099999999999999645, 0.2700000000000000178 ) ) ;
#3294 = ORIENTED_EDGE ( 'NONE', *, *, #1265, .T. ) ;
#3295 = FACE_OUTER_BOUND ( 'NONE', #4446, .T. ) ;
#3296 = CARTESIAN_POINT ( 'NONE',  ( -2.194999999999999840, 6.599999999999999645, 0.3099999999999999978 ) ) ;
#3297 = DIRECTION ( 'NONE',  ( -1.000000000000000000, 0.000000000000000000, 0.000000000000000000 ) ) ;
#3298 = DIRECTION ( 'NONE',  ( 1.000000000000000000, 0.000000000000000000, 0.000000000000000000 ) ) ;
#3299 = ORIENTED_EDGE ( 'NONE', *, *, #3726, .T. ) ;
#3300 = CARTESIAN_POINT ( 'NONE',  ( 2.314999999999999947, 4.049999999999999822, -0.02000000000000140207 ) ) ;
#3301 = DIRECTION ( 'NONE',  ( 3.872150616019790475E-16, 0.000000000000000000, -1.000000000000000000 ) ) ;
#3302 = ORIENTED_EDGE ( 'NONE', *, *, #2909, .F. ) ;
#3303 = VERTEX_POINT ( 'NONE', #452 ) ;
#3304 = ORIENTED_EDGE ( 'NONE', *, *, #4713, .T. ) ;
#3305 = EDGE_LOOP ( 'NONE', ( #935, #3044, #2630, #3067 ) ) ;
#3306 = EDGE_CURVE ( 'NONE', #534, #4839, #3760, .T. ) ;
#3307 = LINE ( 'NONE', #4064, #420 ) ;
#3308 = CARTESIAN_POINT ( 'NONE',  ( 1.925000000000000044, 6.150000000000000355, 2.160000000000000142 ) ) ;
#3309 = ORIENTED_EDGE ( 'NONE', *, *, #2273, .F. ) ;
#3310 = EDGE_CURVE ( 'NONE', #1081, #2803, #400, .T. ) ;
#3311 = LINE ( 'NONE', #1096, #1050 ) ;
#3312 = EDGE_CURVE ( 'NONE', #2495, #1559, #3053, .T. ) ;
#3313 = DIRECTION ( 'NONE',  ( 0.000000000000000000, -1.000000000000000000, 0.000000000000000000 ) ) ;
#3314 = FACE_OUTER_BOUND ( 'NONE', #602, .T. ) ;
#3315 = ORIENTED_EDGE ( 'NONE', *, *, #1565, .F. ) ;
#3316 = AXIS2_PLACEMENT_3D ( 'NONE', #1085, #2925, #274 ) ;
#3317 = DIRECTION ( 'NONE',  ( 0.000000000000000000, -1.000000000000000000, 0.000000000000000000 ) ) ;
#3318 = CARTESIAN_POINT ( 'NONE',  ( -4.575000000000000178, 9.099999999999999645, 2.200000000000000178 ) ) ;
#3319 = CARTESIAN_POINT ( 'NONE',  ( -3.425000000000000266, 9.099999999999999645, 2.200000000000000178 ) ) ;
#3320 = VERTEX_POINT ( 'NONE', #4134 ) ;
#3321 = COLOUR_RGB ( '',0.2509803921568627416, 0.2509803921568627416, 0.2509803921568627416 ) ;
#3322 = LINE ( 'NONE', #4032, #2080 ) ;
#3323 = VECTOR ( 'NONE', #2248, 1000.000000000000000 ) ;
#3324 = PLANE ( 'NONE',  #347 ) ;
#3325 = ORIENTED_EDGE ( 'NONE', *, *, #3444, .F. ) ;
#3326 = ORIENTED_EDGE ( 'NONE', *, *, #848, .T. ) ;
#3327 = VECTOR ( 'NONE', #747, 1000.000000000000000 ) ;
#3328 = VERTEX_POINT ( 'NONE', #1864 ) ;
#3329 = DIRECTION ( 'NONE',  ( 0.000000000000000000, 0.000000000000000000, -1.000000000000000000 ) ) ;
#3330 = LINE ( 'NONE', #1094, #3567 ) ;
#3331 = AXIS2_PLACEMENT_3D ( 'NONE', #468, #76, #2360 ) ;
#3332 = VECTOR ( 'NONE', #4539, 1000.000000000000000 ) ;
#3333 = EDGE_CURVE ( 'NONE', #1867, #2078, #3789, .T. ) ;
#3334 = VECTOR ( 'NONE', #4540, 1000.000000000000000 ) ;
#3335 = VECTOR ( 'NONE', #638, 1000.000000000000000 ) ;
#3336 = ORIENTED_EDGE ( 'NONE', *, *, #2894, .F. ) ;
#3337 = FACE_OUTER_BOUND ( 'NONE', #1182, .T. ) ;
#3338 = PLANE ( 'NONE',  #3092 ) ;
#3339 = DIRECTION ( 'NONE',  ( 0.000000000000000000, 0.000000000000000000, 1.000000000000000000 ) ) ;
#3340 = AXIS2_PLACEMENT_3D ( 'NONE', #4861, #2627, #2692 ) ;
#3341 = VECTOR ( 'NONE', #1097, 1000.000000000000000 ) ;
#3342 = ADVANCED_FACE ( 'NONE', ( #2596 ), #2686, .F. ) ;
#3343 = ORIENTED_EDGE ( 'NONE', *, *, #2470, .T. ) ;
#3344 = DIRECTION ( 'NONE',  ( 0.000000000000000000, 0.000000000000000000, 1.000000000000000000 ) ) ;
#3345 = FACE_OUTER_BOUND ( 'NONE', #4685, .T. ) ;
#3346 = CARTESIAN_POINT ( 'NONE',  ( -2.925000000000000266, 5.750000000000000000, 2.540000000000000036 ) ) ;
#3347 = ORIENTED_EDGE ( 'NONE', *, *, #4336, .F. ) ;
#3348 = EDGE_CURVE ( 'NONE', #3023, #4770, #4114, .T. ) ;
#3349 = CARTESIAN_POINT ( 'NONE',  ( 0.1000000000000079992, 7.700000000000000178, 1.690000000000000169 ) ) ;
#3350 = ORIENTED_EDGE ( 'NONE', *, *, #1350, .F. ) ;
#3351 = ORIENTED_EDGE ( 'NONE', *, *, #2553, .T. ) ;
#3352 = EDGE_CURVE ( 'NONE', #4854, #1378, #2226, .T. ) ;
#3353 = CARTESIAN_POINT ( 'NONE',  ( -1.750000000000000000, 6.699999999000020523, 1.429999999999970184 ) ) ;
#3354 = DIRECTION ( 'NONE',  ( 0.000000000000000000, 0.000000000000000000, -1.000000000000000000 ) ) ;
#3355 = ORIENTED_EDGE ( 'NONE', *, *, #3258, .T. ) ;
#3356 = CARTESIAN_POINT ( 'NONE',  ( 2.314999999999999947, 6.750000000000000000, -0.02000000000000489928 ) ) ;
#3357 = DIRECTION ( 'NONE',  ( -4.622994034963570276E-15, -1.000000000000000000, 0.000000000000000000 ) ) ;
#3358 = CYLINDRICAL_SURFACE ( 'NONE', #19, 0.4300000000000000488 ) ;
#3359 = ORIENTED_EDGE ( 'NONE', *, *, #701, .T. ) ;
#3360 = CARTESIAN_POINT ( 'NONE',  ( -3.924999999999999822, 5.049999999999999822, 1.909999999999999920 ) ) ;
#3361 = EDGE_CURVE ( 'NONE', #1073, #3090, #1489, .T. ) ;
#3362 = CARTESIAN_POINT ( 'NONE',  ( 2.145000000000000018, 7.299999999999999822, 1.729999999999999982 ) ) ;
#3363 = LINE ( 'NONE', #4862, #2456 ) ;
#3364 = VERTEX_POINT ( 'NONE', #3472 ) ;
#3365 = ORIENTED_EDGE ( 'NONE', *, *, #1541, .F. ) ;
#3366 = CARTESIAN_POINT ( 'NONE',  ( -4.975000000000000533, 11.35000000000000142, -0.02000000000000000042 ) ) ;
#3367 = EDGE_CURVE ( 'NONE', #303, #2284, #4579, .T. ) ;
#3368 = CARTESIAN_POINT ( 'NONE',  ( -1.750000000000000000, 10.84999999899999956, -0.06000000000003430367 ) ) ;
#3369 = ADVANCED_FACE ( 'NONE', ( #2797 ), #189, .F. ) ;
#3370 = ORIENTED_EDGE ( 'NONE', *, *, #1109, .T. ) ;
#3371 = ORIENTED_EDGE ( 'NONE', *, *, #4196, .T. ) ;
#3372 = CARTESIAN_POINT ( 'NONE',  ( -0.2000000000000000111, 6.699999999000020523, 1.429999999999970184 ) ) ;
#3373 = LINE ( 'NONE', #4106, #1604 ) ;
#3374 = VERTEX_POINT ( 'NONE', #951 ) ;
#3375 = LINE ( 'NONE', #1510, #2072 ) ;
#3376 = CARTESIAN_POINT ( 'NONE',  ( 0.2500000000000000000, 10.84999999899999956, -0.06000000000003430367 ) ) ;
#3377 = LINE ( 'NONE', #3009, #2146 ) ;
#3378 = VERTEX_POINT ( 'NONE', #109 ) ;
#3379 = CARTESIAN_POINT ( 'NONE',  ( -3.425000000000000266, 8.050000000000000711, 2.250000000000000000 ) ) ;
#3380 = LINE ( 'NONE', #4093, #677 ) ;
#3381 = CARTESIAN_POINT ( 'NONE',  ( 1.925000000000000044, 6.150000000000000355, 0.5699999999999999512 ) ) ;
#3382 = VERTEX_POINT ( 'NONE', #1618 ) ;
#3383 = ORIENTED_EDGE ( 'NONE', *, *, #1309, .F. ) ;
#3384 = EDGE_CURVE ( 'NONE', #967, #2959, #2449, .T. ) ;
#3385 = LINE ( 'NONE', #3041, #273 ) ;
#3386 = CYLINDRICAL_SURFACE ( 'NONE', #1376, 0.1800000000000000211 ) ;
#3387 = ORIENTED_EDGE ( 'NONE', *, *, #4306, .T. ) ;
#3388 = ORIENTED_EDGE ( 'NONE', *, *, #1635, .F. ) ;
#3389 = VECTOR ( 'NONE', #1782, 1000.000000000000000 ) ;
#3390 = EDGE_CURVE ( 'NONE', #2919, #4592, #584, .T. ) ;
#3391 = VECTOR ( 'NONE', #3949, 1000.000000000000000 ) ;
#3392 = CARTESIAN_POINT ( 'NONE',  ( 2.145000000000000018, 7.299999999999999822, 1.729999999999999982 ) ) ;
#3393 = DIRECTION ( 'NONE',  ( 0.000000000000000000, -1.000000000000000000, 0.000000000000000000 ) ) ;
#3394 = AXIS2_PLACEMENT_3D ( 'NONE', #193, #823, #3080 ) ;
#3395 = ADVANCED_FACE ( 'NONE', ( #3838 ), #3109, .F. ) ;
#3396 = ORIENTED_EDGE ( 'NONE', *, *, #214, .F. ) ;
#3397 = AXIS2_PLACEMENT_3D ( 'NONE', #798, #482, #437 ) ;
#3398 = VECTOR ( 'NONE', #4681, 1000.000000000000000 ) ;
#3399 = DIRECTION ( 'NONE',  ( 0.000000000000000000, -1.000000000000000000, 2.710505431213769713E-17 ) ) ;
#3400 = CARTESIAN_POINT ( 'NONE',  ( 1.474999999999999867, 7.299999999999999822, 1.909999999999999920 ) ) ;
#3401 = CARTESIAN_POINT ( 'NONE',  ( -4.315000000000000391, 7.450000000000000178, 2.200000000000000178 ) ) ;
#3402 = FACE_OUTER_BOUND ( 'NONE', #4307, .T. ) ;
#3403 = AXIS2_PLACEMENT_3D ( 'NONE', #2666, #1192, #4120 ) ;
#3404 = VECTOR ( 'NONE', #2279, 1000.000000000000000 ) ;
#3405 = LINE ( 'NONE', #44, #594 ) ;
#3406 = VECTOR ( 'NONE', #989, 1000.000000000000000 ) ;
#3407 = CARTESIAN_POINT ( 'NONE',  ( -3.200000000000000178, 6.250000000000000000, 0.1800000000000000211 ) ) ;
#3408 = VECTOR ( 'NONE', #1590, 1000.000000000000000 ) ;
#3409 = DIRECTION ( 'NONE',  ( 1.000000000000000000, 0.000000000000000000, 2.007781800899149950E-16 ) ) ;
#3410 = FACE_OUTER_BOUND ( 'NONE', #1572, .T. ) ;
#3411 = ORIENTED_EDGE ( 'NONE', *, *, #4324, .F. ) ;
#3412 = VERTEX_POINT ( 'NONE', #3507 ) ;
#3413 = VECTOR ( 'NONE', #2406, 1000.000000000000000 ) ;
#3414 = VECTOR ( 'NONE', #3357, 1000.000000000000000 ) ;
#3415 = DIRECTION ( 'NONE',  ( 0.000000000000000000, -1.000000000000000000, 0.000000000000000000 ) ) ;
#3416 = CARTESIAN_POINT ( 'NONE',  ( -3.425000000000000266, 9.099999999999999645, 1.909999999999999920 ) ) ;
#3417 = EDGE_CURVE ( 'NONE', #3845, #2978, #1296, .T. ) ;
#3418 = ORIENTED_EDGE ( 'NONE', *, *, #3938, .F. ) ;
#3419 = ORIENTED_EDGE ( 'NONE', *, *, #1601, .F. ) ;
#3420 = CARTESIAN_POINT ( 'NONE',  ( -3.924999999999999822, 5.049999999999999822, 0.5699999999999999512 ) ) ;
#3421 = LINE ( 'NONE', #3756, #4117 ) ;
#3422 = EDGE_CURVE ( 'NONE', #2826, #1937, #2009, .T. ) ;
#3423 = ORIENTED_EDGE ( 'NONE', *, *, #2093, .T. ) ;
#3424 = CARTESIAN_POINT ( 'NONE',  ( -3.200000000000000178, 9.099999999999999645, 0.3800000000000000044 ) ) ;
#3425 = DIRECTION ( 'NONE',  ( 0.000000000000000000, 0.000000000000000000, -1.000000000000000000 ) ) ;
#3426 = EDGE_CURVE ( 'NONE', #25, #2151, #2559, .T. ) ;
#3427 = EDGE_CURVE ( 'NONE', #2659, #4220, #2715, .T. ) ;
#3428 = CARTESIAN_POINT ( 'NONE',  ( 0.2500000000000000000, 11.35000000000000142, 0.5401667129553089364 ) ) ;
#3429 = CARTESIAN_POINT ( 'NONE',  ( -0.2500000000000000000, 10.80999999900000041, -0.02000000000000290087 ) ) ;
#3430 = DIRECTION ( 'NONE',  ( -1.000000000000000000, 0.000000000000000000, 0.000000000000000000 ) ) ;
#3431 = CARTESIAN_POINT ( 'NONE',  ( -3.425000000000000266, 7.450000000000000178, 1.909999999999999920 ) ) ;
#3432 = DIRECTION ( 'NONE',  ( -0.4472135954999579277, -0.8944271909999158554, 0.000000000000000000 ) ) ;
#3433 = DIRECTION ( 'NONE',  ( 0.000000000000000000, 0.000000000000000000, 1.000000000000000000 ) ) ;
#3434 = ORIENTED_EDGE ( 'NONE', *, *, #702, .T. ) ;
#3435 = VERTEX_POINT ( 'NONE', #3136 ) ;
#3436 = DIRECTION ( 'NONE',  ( 0.000000000000000000, -1.000000000000000000, 0.000000000000000000 ) ) ;
#3437 = CARTESIAN_POINT ( 'NONE',  ( -2.100000000000090239, 8.630000000000000782, 2.140000000000000124 ) ) ;
#3438 = ORIENTED_EDGE ( 'NONE', *, *, #2958, .T. ) ;
#3439 = ORIENTED_EDGE ( 'NONE', *, *, #2200, .F. ) ;
#3440 = DIRECTION ( 'NONE',  ( 0.000000000000000000, -1.000000000000000000, 0.000000000000000000 ) ) ;
#3441 = LINE ( 'NONE', #1209, #1205 ) ;
#3442 = CARTESIAN_POINT ( 'NONE',  ( 2.314999999999999947, 3.750000000000000000, 0.3800000000000000044 ) ) ;
#3443 = ORIENTED_EDGE ( 'NONE', *, *, #4749, .F. ) ;
#3444 = EDGE_CURVE ( 'NONE', #1090, #4457, #515, .T. ) ;
#3445 = ORIENTED_EDGE ( 'NONE', *, *, #1825, .T. ) ;
#3446 = LINE ( 'NONE', #4153, #1763 ) ;
#3447 = DIRECTION ( 'NONE',  ( 2.622256417174240274E-15, 1.000000000000000000, 0.000000000000000000 ) ) ;
#3448 = DIRECTION ( 'NONE',  ( 1.000000000000000000, 0.000000000000000000, 0.000000000000000000 ) ) ;
#3449 = CARTESIAN_POINT ( 'NONE',  ( 1.474999999999999867, 7.299999999999999822, 2.160000000000000142 ) ) ;
#3450 = EDGE_CURVE ( 'NONE', #3484, #1021, #1264, .T. ) ;
#3451 = EDGE_CURVE ( 'NONE', #4, #3910, #3555, .T. ) ;
#3452 = CARTESIAN_POINT ( 'NONE',  ( 0.1950000000000000067, 6.599999999999999645, 0.3099999999999999978 ) ) ;
#3453 = CARTESIAN_POINT ( 'NONE',  ( -4.584999999999999964, 6.750000000000000000, 0.2700000000000000178 ) ) ;
#3454 = CARTESIAN_POINT ( 'NONE',  ( -4.584999999999999964, 6.750000000000000000, 0.2700000000000000178 ) ) ;
#3455 = LINE ( 'NONE', #2377, #728 ) ;
#3456 = VERTEX_POINT ( 'NONE', #4211 ) ;
#3457 = ORIENTED_EDGE ( 'NONE', *, *, #4394, .T. ) ;
#3458 = EDGE_CURVE ( 'NONE', #3134, #208, #560, .T. ) ;
#3459 = CARTESIAN_POINT ( 'NONE',  ( -4.575000000000000178, 5.049999999999999822, 0.5699999999999999512 ) ) ;
#3460 = DIRECTION ( 'NONE',  ( 1.000000000000000000, 0.000000000000000000, 0.000000000000000000 ) ) ;
#3461 = ORIENTED_EDGE ( 'NONE', *, *, #1932, .T. ) ;
#3462 = ORIENTED_EDGE ( 'NONE', *, *, #1837, .T. ) ;
#3463 = VECTOR ( 'NONE', #3298, 1000.000000000000000 ) ;
#3464 = VECTOR ( 'NONE', #2852, 1000.000000000000000 ) ;
#3465 = PLANE ( 'NONE',  #2155 ) ;
#3466 = FACE_OUTER_BOUND ( 'NONE', #4097, .T. ) ;
#3467 = DIRECTION ( 'NONE',  ( 0.000000000000000000, -1.000000000000000000, 0.000000000000000000 ) ) ;
#3468 = ORIENTED_EDGE ( 'NONE', *, *, #2497, .F. ) ;
#3469 = VECTOR ( 'NONE', #2431, 1000.000000000000000 ) ;
#3470 = VERTEX_POINT ( 'NONE', #4263 ) ;
#3471 = FACE_OUTER_BOUND ( 'NONE', #2815, .T. ) ;
#3472 = CARTESIAN_POINT ( 'NONE',  ( -4.575000000000000178, 6.150000000000000355, 0.5699999999999999512 ) ) ;
#3473 = VECTOR ( 'NONE', #3399, 1000.000000000000000 ) ;
#3474 = LINE ( 'NONE', #4294, #179 ) ;
#3475 = CARTESIAN_POINT ( 'NONE',  ( -4.584999999999999964, 9.099999999999999645, 2.200000000000000178 ) ) ;
#3476 = EDGE_CURVE ( 'NONE', #3075, #2996, #870, .T. ) ;
#3477 = VECTOR ( 'NONE', #4182, 1000.000000000000000 ) ;
#3478 = PLANE ( 'NONE',  #2163 ) ;
#3479 = PLANE ( 'NONE',  #2872 ) ;
#3480 = FACE_OUTER_BOUND ( 'NONE', #1862, .T. ) ;
#3481 = FACE_OUTER_BOUND ( 'NONE', #4283, .T. ) ;
#3482 = VECTOR ( 'NONE', #2539, 1000.000000000000000 ) ;
#3483 = EDGE_CURVE ( 'NONE', #3552, #1160, #433, .T. ) ;
#3484 = VERTEX_POINT ( 'NONE', #2401 ) ;
#3485 = VECTOR ( 'NONE', #782, 1000.000000000000000 ) ;
#3486 = ORIENTED_EDGE ( 'NONE', *, *, #3029, .F. ) ;
#3487 = VECTOR ( 'NONE', #227, 1000.000000000000000 ) ;
#3488 = VECTOR ( 'NONE', #435, 1000.000000000000000 ) ;
#3490 = FACE_OUTER_BOUND ( 'NONE', #1810, .T. ) ;
#3489 = LINE ( 'NONE', #4350, #810 ) ;
#3491 = DIRECTION ( 'NONE',  ( 0.000000000000000000, 1.000000000000000000, 0.000000000000000000 ) ) ;
#3492 = CARTESIAN_POINT ( 'NONE',  ( 0.1950000000000000067, 6.699999999000020523, 0.3099999999999999978 ) ) ;
#3493 = ADVANCED_FACE ( 'NONE', ( #3896 ), #2034, .T. ) ;
#3494 = EDGE_LOOP ( 'NONE', ( #1349, #972, #2164, #1170 ) ) ;
#3495 = ORIENTED_EDGE ( 'NONE', *, *, #4448, .T. ) ;
#3496 = EDGE_CURVE ( 'NONE', #2304, #466, #289, .T. ) ;
#3497 =( GEOMETRIC_REPRESENTATION_CONTEXT ( 3 ) GLOBAL_UNCERTAINTY_ASSIGNED_CONTEXT ( ( #4851 ) ) GLOBAL_UNIT_ASSIGNED_CONTEXT ( ( #2113, #2132, #2554 ) ) REPRESENTATION_CONTEXT ( 'NONE', 'WORKASPACE' ) );
#3498 = VECTOR ( 'NONE', #3605, 1000.000000000000000 ) ;
#3499 = CARTESIAN_POINT ( 'NONE',  ( -4.325000000000000178, 9.099999999999999645, 2.100000000000000089 ) ) ;
#3500 = CARTESIAN_POINT ( 'NONE',  ( -4.145000000000000462, 5.049999999999999822, 1.909999999999999920 ) ) ;
#3501 = LINE ( 'NONE', #839, #4646 ) ;
#3502 = VERTEX_POINT ( 'NONE', #1722 ) ;
#3503 = EDGE_CURVE ( 'NONE', #1225, #4102, #2574, .T. ) ;
#3504 = ORIENTED_EDGE ( 'NONE', *, *, #2463, .T. ) ;
#3505 = ORIENTED_EDGE ( 'NONE', *, *, #2669, .T. ) ;
#3506 = LINE ( 'NONE', #821, #2464 ) ;
#3507 = CARTESIAN_POINT ( 'NONE',  ( -1.750000000000000000, 11.35000000000000142, -0.02000000000000489928 ) ) ;
#3508 = CARTESIAN_POINT ( 'NONE',  ( 2.584999999999999964, 6.750000000000000000, 0.2700000000000000178 ) ) ;
#3509 = CARTESIAN_POINT ( 'NONE',  ( -2.000000000000000000, 6.450000000000000178, 2.540000000000000036 ) ) ;
#3510 = LINE ( 'NONE', #2743, #4278 ) ;
#3511 = CARTESIAN_POINT ( 'NONE',  ( -2.100000000000090239, 6.599999999999999645, 0.2700000000000000178 ) ) ;
#3512 = CARTESIAN_POINT ( 'NONE',  ( -4.975000000000000533, 11.35000000000000142, 2.540000000000000036 ) ) ;
#3513 = EDGE_LOOP ( 'NONE', ( #74, #4672, #1254, #2594, #4335, #258, #1616, #3231, #3886, #3068, #4035, #800, #3347, #2899, #4194, #1878, #3639, #4401 ) ) ;
#3514 = EDGE_LOOP ( 'NONE', ( #3299, #1074, #306, #3130 ) ) ;
#3515 = EDGE_CURVE ( 'NONE', #2446, #2121, #3654, .T. ) ;
#3517 = DIRECTION ( 'NONE',  ( 0.000000000000000000, 1.000000000000000000, 0.000000000000000000 ) ) ;
#3516 = CARTESIAN_POINT ( 'NONE',  ( 2.324999999999999734, 6.599999999999999645, 0.3400000000000000244 ) ) ;
#3518 = LINE ( 'NONE', #150, #3261 ) ;
#3519 = CARTESIAN_POINT ( 'NONE',  ( 0.9250000000000000444, 8.050000000000000711, 2.540000000000000036 ) ) ;
#3520 = ORIENTED_EDGE ( 'NONE', *, *, #1502, .F. ) ;
#3521 = ORIENTED_EDGE ( 'NONE', *, *, #4865, .T. ) ;
#3522 = EDGE_CURVE ( 'NONE', #1081, #2387, #2129, .T. ) ;
#3523 = EDGE_CURVE ( 'NONE', #303, #3320, #2520, .T. ) ;
#3524 = CARTESIAN_POINT ( 'NONE',  ( 2.145000000000000018, 6.599999999999999645, 1.729999999999999982 ) ) ;
#3525 = LINE ( 'NONE', #101, #1915 ) ;
#3526 = CARTESIAN_POINT ( 'NONE',  ( -3.425000000000000266, 7.450000000000000178, 1.909999999999999920 ) ) ;
#3527 = ORIENTED_EDGE ( 'NONE', *, *, #658, .T. ) ;
#3528 = ORIENTED_EDGE ( 'NONE', *, *, #4509, .F. ) ;
#3529 = ORIENTED_EDGE ( 'NONE', *, *, #3222, .F. ) ;
#3530 = CARTESIAN_POINT ( 'NONE',  ( -0.2500000000000000000, 11.35000000000000142, -0.02000000000000290087 ) ) ;
#3531 = CARTESIAN_POINT ( 'NONE',  ( -4.975000000000000533, 11.35000000000000142, 2.540000000000000036 ) ) ;
#3532 = CARTESIAN_POINT ( 'NONE',  ( -4.145000000000000462, 4.000000000000000000, 1.729999999999999982 ) ) ;
#3533 = CARTESIAN_POINT ( 'NONE',  ( 0.000000000000000000, 0.000000000000000000, 2.490000000000000213 ) ) ;
#3534 = FACE_OUTER_BOUND ( 'NONE', #2439, .T. ) ;
#3535 = DIRECTION ( 'NONE',  ( 1.000000000000000000, 0.000000000000000000, 2.007781800899149950E-16 ) ) ;
#3536 = LINE ( 'NONE', #4590, #4343 ) ;
#3537 = ORIENTED_EDGE ( 'NONE', *, *, #811, .T. ) ;
#3538 = VERTEX_POINT ( 'NONE', #2477 ) ;
#3539 = DIRECTION ( 'NONE',  ( 1.000000000000000000, 0.000000000000000000, -4.015563601798300393E-16 ) ) ;
#3540 = FACE_OUTER_BOUND ( 'NONE', #4171, .T. ) ;
#3541 = LINE ( 'NONE', #175, #2677 ) ;
#3542 = ORIENTED_EDGE ( 'NONE', *, *, #3611, .T. ) ;
#3543 = ORIENTED_EDGE ( 'NONE', *, *, #1329, .F. ) ;
#3544 = ADVANCED_FACE ( 'NONE', ( #4341 ), #3287, .F. ) ;
#3545 = CARTESIAN_POINT ( 'NONE',  ( 2.145000000000000018, 4.000000000000000000, 2.160000000000000142 ) ) ;
#3546 = DIRECTION ( 'NONE',  ( 0.000000000000000000, -1.000000000000000000, 0.000000000000000000 ) ) ;
#3547 = DIRECTION ( 'NONE',  ( 0.000000000000000000, -1.000000000000000000, 0.000000000000000000 ) ) ;
#3548 = ORIENTED_EDGE ( 'NONE', *, *, #4691, .T. ) ;
#3549 = VECTOR ( 'NONE', #4266, 1000.000000000000000 ) ;
#3550 = EDGE_CURVE ( 'NONE', #2284, #1892, #3676, .T. ) ;
#3551 = VECTOR ( 'NONE', #102, 1000.000000000000000 ) ;
#3552 = VERTEX_POINT ( 'NONE', #975 ) ;
#3553 = EDGE_LOOP ( 'NONE', ( #1402, #3387, #3902, #135 ) ) ;
#3554 = DIRECTION ( 'NONE',  ( 0.000000000000000000, -1.000000000000000000, 0.000000000000000000 ) ) ;
#3555 = LINE ( 'NONE', #4235, #3655 ) ;
#3556 = PLANE ( 'NONE',  #3003 ) ;
#3557 = FACE_OUTER_BOUND ( 'NONE', #3276, .T. ) ;
#3558 = EDGE_CURVE ( 'NONE', #3691, #699, #1767, .T. ) ;
#3559 = VECTOR ( 'NONE', #2328, 1000.000000000000000 ) ;
#3560 = VECTOR ( 'NONE', #4068, 1000.000000000000000 ) ;
#3561 = DIRECTION ( 'NONE',  ( -3.120006251756850204E-16, 0.000000000000000000, -1.000000000000000000 ) ) ;
#3562 = CARTESIAN_POINT ( 'NONE',  ( 1.584603175171100058E-16, 6.599999999999999645, 0.2400000000000030165 ) ) ;
#3563 = CARTESIAN_POINT ( 'NONE',  ( -1.750000000000000000, 11.35999999899999935, 0.5399999999999649525 ) ) ;
#3564 = AXIS2_PLACEMENT_3D ( 'NONE', #4731, #2892, #949 ) ;
#3565 = VERTEX_POINT ( 'NONE', #4780 ) ;
#3566 = LINE ( 'NONE', #1351, #4274 ) ;
#3567 = VECTOR ( 'NONE', #422, 1000.000000000000000 ) ;
#3568 = CARTESIAN_POINT ( 'NONE',  ( 2.145000000000000018, 6.599999999999999645, 2.160000000000000142 ) ) ;
#3569 = VECTOR ( 'NONE', #1651, 1000.000000000000000 ) ;
#3570 = DIRECTION ( 'NONE',  ( 0.000000000000000000, 0.000000000000000000, -1.000000000000000000 ) ) ;
#3571 = ORIENTED_EDGE ( 'NONE', *, *, #3258, .F. ) ;
#3572 = ORIENTED_EDGE ( 'NONE', *, *, #666, .F. ) ;
#3573 = AXIS2_PLACEMENT_3D ( 'NONE', #1802, #4789, #4816 ) ;
#3574 = VECTOR ( 'NONE', #2605, 1000.000000000000000 ) ;
#3575 = DIRECTION ( 'NONE',  ( 0.000000000000000000, -1.000000000000000000, 0.000000000000000000 ) ) ;
#3576 = CARTESIAN_POINT ( 'NONE',  ( 1.199999999999999956, 4.049999999999999822, 3.939999999999999947 ) ) ;
#3577 = AXIS2_PLACEMENT_3D ( 'NONE', #4514, #2234, #366 ) ;
#3578 = ORIENTED_EDGE ( 'NONE', *, *, #190, .F. ) ;
#3579 = VECTOR ( 'NONE', #3165, 1000.000000000000000 ) ;
#3580 = VERTEX_POINT ( 'NONE', #218 ) ;
#3581 = VECTOR ( 'NONE', #726, 1000.000000000000000 ) ;
#3582 = VERTEX_POINT ( 'NONE', #3308 ) ;
#3583 = ORIENTED_EDGE ( 'NONE', *, *, #2222, .F. ) ;
#3584 = EDGE_CURVE ( 'NONE', #3028, #398, #2939, .T. ) ;
#3585 = FACE_OUTER_BOUND ( 'NONE', #4442, .T. ) ;
#3586 = DIRECTION ( 'NONE',  ( 0.000000000000000000, 0.000000000000000000, -1.000000000000000000 ) ) ;
#3587 = DIRECTION ( 'NONE',  ( 1.000000000000000000, -1.440384113626960296E-14, 0.000000000000000000 ) ) ;
#3588 = EDGE_CURVE ( 'NONE', #3638, #2712, #654, .T. ) ;
#3589 = EDGE_CURVE ( 'NONE', #4407, #1557, #3264, .T. ) ;
#3590 = LINE ( 'NONE', #2062, #113 ) ;
#3591 = CARTESIAN_POINT ( 'NONE',  ( -4.975000000000000533, 6.750000000000000000, 0.2400000000000030165 ) ) ;
#3592 = EDGE_LOOP ( 'NONE', ( #1615, #3710, #4701, #3359 ) ) ;
#3593 = CARTESIAN_POINT ( 'NONE',  ( -4.584999999999999964, 9.099999999999999645, 0.3800000000000000044 ) ) ;
#3594 = LINE ( 'NONE', #3318, #2942 ) ;
#3595 = LINE ( 'NONE', #492, #4728 ) ;
#3596 = ORIENTED_EDGE ( 'NONE', *, *, #722, .T. ) ;
#3597 = ORIENTED_EDGE ( 'NONE', *, *, #2921, .T. ) ;
#3598 = CARTESIAN_POINT ( 'NONE',  ( 0.2500000000000000000, 6.699999999000020523, 0.3099999999999660250 ) ) ;
#3599 = DIRECTION ( 'NONE',  ( 0.000000000000000000, 0.000000000000000000, 1.000000000000000000 ) ) ;
#3600 = EDGE_LOOP ( 'NONE', ( #2540, #1432, #700, #2108, #293, #325 ) ) ;
#3601 = ORIENTED_EDGE ( 'NONE', *, *, #2049, .F. ) ;
#3602 = VERTEX_POINT ( 'NONE', #239 ) ;
#3603 = ORIENTED_EDGE ( 'NONE', *, *, #1480, .F. ) ;
#3604 = FACE_OUTER_BOUND ( 'NONE', #2489, .T. ) ;
#3605 = DIRECTION ( 'NONE',  ( 0.000000000000000000, -1.000000000000000000, -2.869946927167510299E-15 ) ) ;
#3606 = ADVANCED_FACE ( 'NONE', ( #1076 ), #705, .F. ) ;
#3607 = CARTESIAN_POINT ( 'NONE',  ( 2.584999999999999964, 3.750000000000000000, 2.200000000000000178 ) ) ;
#3608 = FACE_OUTER_BOUND ( 'NONE', #2533, .T. ) ;
#3609 = CARTESIAN_POINT ( 'NONE',  ( 0.2500000000000000000, 10.74999999899999992, 0.03999999999996569494 ) ) ;
#3610 = EDGE_CURVE ( 'NONE', #4614, #170, #2154, .T. ) ;
#3611 = EDGE_CURVE ( 'NONE', #1261, #1896, #1345, .T. ) ;
#3612 = VERTEX_POINT ( 'NONE', #3971 ) ;
#3613 = LINE ( 'NONE', #2580, #2628 ) ;
#3614 = CARTESIAN_POINT ( 'NONE',  ( 2.314999999999999947, 9.099999999999999645, 1.909999999999999920 ) ) ;
#3615 = DIRECTION ( 'NONE',  ( -3.872150616019790475E-16, 0.000000000000000000, 1.000000000000000000 ) ) ;
#3616 = EDGE_LOOP ( 'NONE', ( #3735, #1857, #4435, #2991, #2544, #4496 ) ) ;
#3617 = VERTEX_POINT ( 'NONE', #3233 ) ;
#3618 = EDGE_CURVE ( 'NONE', #1586, #1291, #2871, .T. ) ;
#3619 = CARTESIAN_POINT ( 'NONE',  ( -3.474999999999999645, 6.599999999999999645, 2.160000000000000142 ) ) ;
#3620 = PLANE ( 'NONE',  #665 ) ;
#3621 = ORIENTED_EDGE ( 'NONE', *, *, #636, .F. ) ;
#3622 = ORIENTED_EDGE ( 'NONE', *, *, #3225, .T. ) ;
#3623 = ORIENTED_EDGE ( 'NONE', *, *, #2954, .F. ) ;
#3624 = VERTEX_POINT ( 'NONE', #2499 ) ;
#3625 = LINE ( 'NONE', #3530, #1443 ) ;
#3626 = DIRECTION ( 'NONE',  ( 0.000000000000000000, -1.000000000000000000, 0.000000000000000000 ) ) ;
#3627 = LINE ( 'NONE', #3267, #3248 ) ;
#3628 = CARTESIAN_POINT ( 'NONE',  ( 2.314999999999999947, 6.750000000000000000, -0.02000000000000140207 ) ) ;
#3629 = EDGE_CURVE ( 'NONE', #4339, #2115, #4762, .T. ) ;
#3630 = VECTOR ( 'NONE', #555, 1000.000000000000000 ) ;
#3631 = CARTESIAN_POINT ( 'NONE',  ( -4.584999999999999964, 30.01500000000000057, 0.2700000000000000178 ) ) ;
#3632 = EDGE_LOOP ( 'NONE', ( #2007, #4716, #1077, #1733, #2210, #494, #4521, #1104 ) ) ;
#3633 = VECTOR ( 'NONE', #2300, 1000.000000000000000 ) ;
#3634 = DIRECTION ( 'NONE',  ( 1.275531967630009880E-15, 0.000000000000000000, -1.000000000000000000 ) ) ;
#3635 = EDGE_CURVE ( 'NONE', #3168, #3149, #4391, .T. ) ;
#3636 = CARTESIAN_POINT ( 'NONE',  ( -4.575000000000000178, 6.599999999999999645, 1.729999999999999982 ) ) ;
#3637 = DIRECTION ( 'NONE',  ( 1.000000000000000000, 0.000000000000000000, 3.872150616019790475E-16 ) ) ;
#3638 = VERTEX_POINT ( 'NONE', #788 ) ;
#3639 = ORIENTED_EDGE ( 'NONE', *, *, #2140, .T. ) ;
#3640 = VECTOR ( 'NONE', #4801, 1000.000000000000000 ) ;
#3641 = CARTESIAN_POINT ( 'NONE',  ( 0.000000000000000000, 3.750000000000000000, 0.000000000000000000 ) ) ;
#3642 = EDGE_CURVE ( 'NONE', #1292, #4275, #2265, .T. ) ;
#3643 = EDGE_CURVE ( 'NONE', #2753, #2409, #2613, .T. ) ;
#3644 = CARTESIAN_POINT ( 'NONE',  ( 2.584999999999999964, 3.750000000000000000, 0.2400000000000000189 ) ) ;
#3645 = ORIENTED_EDGE ( 'NONE', *, *, #1054, .T. ) ;
#3646 = EDGE_LOOP ( 'NONE', ( #4219, #2057, #1831, #2340 ) ) ;
#3647 = CIRCLE ( 'NONE', #3331, 0.3000000000000000444 ) ;
#3648 = AXIS2_PLACEMENT_3D ( 'NONE', #1174, #3415, #1551 ) ;
#3649 = VERTEX_POINT ( 'NONE', #1534 ) ;
#3650 = ORIENTED_EDGE ( 'NONE', *, *, #2418, .T. ) ;
#3651 = AXIS2_PLACEMENT_3D ( 'NONE', #3704, #1381, #3661 ) ;
#3652 = CARTESIAN_POINT ( 'NONE',  ( -2.000000000000000000, 6.450000000000000178, 2.490000000000000213 ) ) ;
#3653 = EDGE_CURVE ( 'NONE', #2675, #2120, #3027, .T. ) ;
#3654 = LINE ( 'NONE', #1024, #283 ) ;
#3655 = VECTOR ( 'NONE', #1217, 1000.000000000000000 ) ;
#3656 = DIRECTION ( 'NONE',  ( 1.000000000000000000, 0.000000000000000000, -3.204658948456699726E-16 ) ) ;
#3657 = DIRECTION ( 'NONE',  ( 4.808961248927650018E-16, 0.000000000000000000, -1.000000000000000000 ) ) ;
#3658 = LINE ( 'NONE', #3215, #986 ) ;
#3659 = DIRECTION ( 'NONE',  ( 1.000000000000000000, 0.000000000000000000, 3.236424395479170027E-16 ) ) ;
#3660 = ORIENTED_EDGE ( 'NONE', *, *, #2998, .T. ) ;
#3661 = DIRECTION ( 'NONE',  ( 0.000000000000000000, 1.000000000000000000, 0.000000000000000000 ) ) ;
#3662 = FACE_OUTER_BOUND ( 'NONE', #1281, .T. ) ;
#3663 = CARTESIAN_POINT ( 'NONE',  ( 0.000000000000000000, 9.099999999999999645, 0.3099999999999660250 ) ) ;
#3664 = ORIENTED_EDGE ( 'NONE', *, *, #3642, .F. ) ;
#3665 = VERTEX_POINT ( 'NONE', #330 ) ;
#3666 = EDGE_CURVE ( 'NONE', #208, #1292, #3421, .T. ) ;
#3667 = DIRECTION ( 'NONE',  ( 0.000000000000000000, -1.000000000000000000, 0.000000000000000000 ) ) ;
#3668 = CARTESIAN_POINT ( 'NONE',  ( 0.1950000000000000067, 6.599999999999999645, 0.3099999999999999978 ) ) ;
#3669 = ORIENTED_EDGE ( 'NONE', *, *, #1791, .F. ) ;
#3670 = ORIENTED_EDGE ( 'NONE', *, *, #4845, .F. ) ;
#3671 = ADVANCED_FACE ( 'NONE', ( #3001 ), #4524, .F. ) ;
#3672 = EDGE_CURVE ( 'NONE', #4206, #1739, #3330, .T. ) ;
#3673 = VERTEX_POINT ( 'NONE', #4832 ) ;
#3674 = ORIENTED_EDGE ( 'NONE', *, *, #4394, .F. ) ;
#3675 = CARTESIAN_POINT ( 'NONE',  ( 1.425000000000000044, 7.450000000000000178, 2.200000000000000178 ) ) ;
#3676 = LINE ( 'NONE', #4013, #2480 ) ;
#3677 = ORIENTED_EDGE ( 'NONE', *, *, #2478, .T. ) ;
#3678 = CARTESIAN_POINT ( 'NONE',  ( -4.315000000000000391, 9.099999999999999645, 0.3800000000000000044 ) ) ;
#3679 = CARTESIAN_POINT ( 'NONE',  ( -0.2500000000000000000, 11.59999999900000134, -0.06000000000003419959 ) ) ;
#3680 = PRODUCT_CONTEXT ( 'NONE', #3112, 'mechanical' ) ;
#3681 = DIRECTION ( 'NONE',  ( -1.000000000000000000, 0.000000000000000000, 1.957043632645309641E-16 ) ) ;
#3682 = EDGE_LOOP ( 'NONE', ( #577, #186, #3674, #3686 ) ) ;
#3683 = LINE ( 'NONE', #2530, #3335 ) ;
#3684 = DIRECTION ( 'NONE',  ( 1.000000000000000000, 0.000000000000000000, 0.000000000000000000 ) ) ;
#3685 = CARTESIAN_POINT ( 'NONE',  ( -2.100000000000090239, 7.700000000000000178, 1.690000000000000169 ) ) ;
#3686 = ORIENTED_EDGE ( 'NONE', *, *, #375, .T. ) ;
#3687 = CARTESIAN_POINT ( 'NONE',  ( -3.474999999999999645, 7.299999999999999822, 2.160000000000000142 ) ) ;
#3688 = CARTESIAN_POINT ( 'NONE',  ( -1.750000000000000000, 10.84999999899999956, -0.06000000000003430367 ) ) ;
#3689 = ADVANCED_FACE ( 'NONE', ( #1111 ), #1930, .F. ) ;
#3690 = ORIENTED_EDGE ( 'NONE', *, *, #2669, .F. ) ;
#3691 = VERTEX_POINT ( 'NONE', #2658 ) ;
#3692 = ORIENTED_EDGE ( 'NONE', *, *, #3807, .F. ) ;
#3693 = PLANE ( 'NONE',  #4177 ) ;
#3694 = DIRECTION ( 'NONE',  ( 0.000000000000000000, -1.000000000000000000, 0.000000000000000000 ) ) ;
#3695 = EDGE_CURVE ( 'NONE', #2867, #1527, #3737, .T. ) ;
#3696 = ORIENTED_EDGE ( 'NONE', *, *, #2055, .T. ) ;
#3697 = CARTESIAN_POINT ( 'NONE',  ( -4.145000000000000462, 6.150000000000000355, 1.909999999999999920 ) ) ;
#3698 = CARTESIAN_POINT ( 'NONE',  ( 2.324999999999999734, 8.630000000000000782, 2.140000000000000124 ) ) ;
#3699 = ADVANCED_FACE ( 'NONE', ( #4853 ), #377, .F. ) ;
#3700 = DIRECTION ( 'NONE',  ( 1.000000000000000000, 0.000000000000000000, 1.936075308009889814E-16 ) ) ;
#3701 = VECTOR ( 'NONE', #3163, 1000.000000000000000 ) ;
#3702 = ORIENTED_EDGE ( 'NONE', *, *, #3476, .F. ) ;
#3703 = AXIS2_PLACEMENT_3D ( 'NONE', #499, #816, #2003 ) ;
#3704 = CARTESIAN_POINT ( 'NONE',  ( -0.2000000000000000111, -14.66000000989979846, 0.3099999999999999978 ) ) ;
#3705 = CARTESIAN_POINT ( 'NONE',  ( 0.2500000000000000000, 11.59999999900000134, -0.06000000000003419959 ) ) ;
#3706 = ADVANCED_FACE ( 'NONE', ( #4459 ), #1860, .F. ) ;
#3707 = CARTESIAN_POINT ( 'NONE',  ( 0.2500000000000000000, 11.35999999899999935, 0.5399999999999649525 ) ) ;
#3708 = ORIENTED_EDGE ( 'NONE', *, *, #3926, .T. ) ;
#3709 = PLANE ( 'NONE',  #1128 ) ;
#3710 = ORIENTED_EDGE ( 'NONE', *, *, #971, .F. ) ;
#3711 = ORIENTED_EDGE ( 'NONE', *, *, #4804, .T. ) ;
#3712 = LINE ( 'NONE', #1075, #2617 ) ;
#3713 = CARTESIAN_POINT ( 'NONE',  ( 2.145000000000000018, 6.599999999999999645, 2.160000000000000142 ) ) ;
#3714 = VECTOR ( 'NONE', #323, 1000.000000000000000 ) ;
#3715 = VECTOR ( 'NONE', #2382, 1000.000000000000000 ) ;
#3716 = VECTOR ( 'NONE', #4847, 1000.000000000000000 ) ;
#3717 = EDGE_CURVE ( 'NONE', #2277, #3028, #2982, .T. ) ;
#3718 = VECTOR ( 'NONE', #4022, 1000.000000000000000 ) ;
#3719 = ORIENTED_EDGE ( 'NONE', *, *, #54, .F. ) ;
#3720 = PLANE ( 'NONE',  #801 ) ;
#3721 = CARTESIAN_POINT ( 'NONE',  ( 2.575000000000000178, 10.59999999999999964, 2.100000000000000089 ) ) ;
#3722 = LINE ( 'NONE', #2597, #3241 ) ;
#3723 = VECTOR ( 'NONE', #2893, 1000.000000000000000 ) ;
#3724 = VERTEX_POINT ( 'NONE', #4478 ) ;
#3725 = EDGE_CURVE ( 'NONE', #1367, #2365, #3373, .T. ) ;
#3726 = EDGE_CURVE ( 'NONE', #2564, #2176, #2940, .T. ) ;
#3727 = CARTESIAN_POINT ( 'NONE',  ( 2.145000000000000018, 7.299999999999999822, 1.729999999999999982 ) ) ;
#3728 = PLANE ( 'NONE',  #3340 ) ;
#3729 = CARTESIAN_POINT ( 'NONE',  ( -1.750000000000000000, 11.69999999899999921, 0.03999999999996569494 ) ) ;
#3730 = ORIENTED_EDGE ( 'NONE', *, *, #3199, .T. ) ;
#3731 = ORIENTED_EDGE ( 'NONE', *, *, #2707, .T. ) ;
#3732 = CARTESIAN_POINT ( 'NONE',  ( 2.314999999999999947, 30.01500000000000057, 0.2700000000000000178 ) ) ;
#3733 = CARTESIAN_POINT ( 'NONE',  ( 2.145000000000000018, 4.000000000000000000, 1.729999999999999982 ) ) ;
#3734 = ORIENTED_EDGE ( 'NONE', *, *, #874, .F. ) ;
#3735 = ORIENTED_EDGE ( 'NONE', *, *, #299, .T. ) ;
#3736 = CARTESIAN_POINT ( 'NONE',  ( -1.750000000000000000, 6.949999999999999289, 2.540000000000000036 ) ) ;
#3737 = LINE ( 'NONE', #357, #896 ) ;
#3738 = ORIENTED_EDGE ( 'NONE', *, *, #1087, .F. ) ;
#3739 = CARTESIAN_POINT ( 'NONE',  ( 2.324999999999999734, 8.630000000000000782, 2.140000000000000124 ) ) ;
#3740 = CARTESIAN_POINT ( 'NONE',  ( -4.575000000000000178, 6.599999999999999645, 1.690000000000000169 ) ) ;
#3741 = CARTESIAN_POINT ( 'NONE',  ( 1.199999999999999956, 9.099999999999999645, 0.3800000000000000044 ) ) ;
#3742 = ORIENTED_EDGE ( 'NONE', *, *, #2282, .T. ) ;
#3743 = EDGE_CURVE ( 'NONE', #3470, #1423, #2288, .T. ) ;
#3744 = CARTESIAN_POINT ( 'NONE',  ( 2.324999999999999734, 6.150000000000000355, 1.729999999999999982 ) ) ;
#3745 = PLANE ( 'NONE',  #1458 ) ;
#3746 = FILL_AREA_STYLE_COLOUR ( '', #3321 ) ;
#3747 = EDGE_CURVE ( 'NONE', #1213, #4275, #3782, .T. ) ;
#3748 = EDGE_LOOP ( 'NONE', ( #2056, #4526, #1675, #4152, #1576, #2973 ) ) ;
#3749 = ORIENTED_EDGE ( 'NONE', *, *, #3249, .F. ) ;
#3750 = LINE ( 'NONE', #441, #4037 ) ;
#3751 = DIRECTION ( 'NONE',  ( -4.402851461870070385E-15, -1.000000000000000000, 0.000000000000000000 ) ) ;
#3752 = EDGE_CURVE ( 'NONE', #2423, #1809, #1180, .T. ) ;
#3753 = ORIENTED_EDGE ( 'NONE', *, *, #701, .F. ) ;
#3754 = ORIENTED_EDGE ( 'NONE', *, *, #3695, .F. ) ;
#3755 = DIRECTION ( 'NONE',  ( -1.000000000000000000, 0.000000000000000000, 0.000000000000000000 ) ) ;
#3756 = CARTESIAN_POINT ( 'NONE',  ( -3.200000000000000178, 4.049999999999999822, -0.01999999999999559769 ) ) ;
#3757 = ORIENTED_EDGE ( 'NONE', *, *, #3523, .T. ) ;
#3758 = ORIENTED_EDGE ( 'NONE', *, *, #1113, .F. ) ;
#3759 = DIRECTION ( 'NONE',  ( -1.000000000000000000, 0.000000000000000000, 3.914087265290639989E-16 ) ) ;
#3760 = LINE ( 'NONE', #4856, #3187 ) ;
#3761 = ADVANCED_BREP_SHAPE_REPRESENTATION ( '205338-0002', ( #777, #1379 ), #3795 ) ;
#3762 = LINE ( 'NONE', #401, #1677 ) ;
#3763 = FACE_OUTER_BOUND ( 'NONE', #2101, .T. ) ;
#3764 = EDGE_CURVE ( 'NONE', #1811, #4220, #2336, .T. ) ;
#3765 = DIRECTION ( 'NONE',  ( 0.000000000000000000, -1.000000000000000000, 0.000000000000000000 ) ) ;
#3766 = CARTESIAN_POINT ( 'NONE',  ( 2.145000000000000018, 6.599999999999999645, 1.909999999999999920 ) ) ;
#3767 = FACE_OUTER_BOUND ( 'NONE', #2831, .T. ) ;
#3768 = AXIS2_PLACEMENT_3D ( 'NONE', #141, #2036, #1723 ) ;
#3769 = CARTESIAN_POINT ( 'NONE',  ( 2.324999999999999734, 4.000000000000000000, 0.3400000000000000244 ) ) ;
#3770 = ORIENTED_EDGE ( 'NONE', *, *, #2914, .T. ) ;
#3771 = VERTEX_POINT ( 'NONE', #3181 ) ;
#3772 = EDGE_CURVE ( 'NONE', #3275, #2230, #3809, .T. ) ;
#3773 = DIRECTION ( 'NONE',  ( -1.000000000000000000, 0.000000000000000000, 3.120006251756850204E-16 ) ) ;
#3774 = CARTESIAN_POINT ( 'NONE',  ( -3.924999999999999822, 6.150000000000000355, 2.160000000000000142 ) ) ;
#3775 = VERTEX_POINT ( 'NONE', #1317 ) ;
#3776 = VERTEX_POINT ( 'NONE', #890 ) ;
#3777 = VECTOR ( 'NONE', #4088, 1000.000000000000000 ) ;
#3778 = EDGE_CURVE ( 'NONE', #1464, #3050, #3647, .T. ) ;
#3779 = VECTOR ( 'NONE', #4487, 1000.000000000000000 ) ;
#3780 = ADVANCED_FACE ( 'NONE', ( #3913 ), #863, .T. ) ;
#3781 = CARTESIAN_POINT ( 'NONE',  ( 2.975000000000000089, 11.35000000000000142, 2.540000000000000036 ) ) ;
#3782 = LINE ( 'NONE', #4544, #3786 ) ;
#3783 = AXIS2_PLACEMENT_3D ( 'NONE', #4280, #522, #1373 ) ;
#3784 = EDGE_CURVE ( 'NONE', #997, #4824, #4255, .T. ) ;
#3785 = VERTEX_POINT ( 'NONE', #2420 ) ;
#3786 = VECTOR ( 'NONE', #29, 1000.000000000000000 ) ;
#3787 = AXIS2_PLACEMENT_3D ( 'NONE', #1949, #3440, #3831 ) ;
#3788 = DIRECTION ( 'NONE',  ( 1.445602896647350010E-16, 1.000000000000000000, 0.000000000000000000 ) ) ;
#3789 = LINE ( 'NONE', #2619, #3341 ) ;
#3790 = LINE ( 'NONE', #4135, #1757 ) ;
#3791 = LINE ( 'NONE', #432, #2211 ) ;
#3792 = AXIS2_PLACEMENT_3D ( 'NONE', #2068, #1711, #3460 ) ;
#3793 = VECTOR ( 'NONE', #4058, 1000.000000000000000 ) ;
#3794 = LINE ( 'NONE', #2988, #819 ) ;
#3795 =( GEOMETRIC_REPRESENTATION_CONTEXT ( 3 ) GLOBAL_UNCERTAINTY_ASSIGNED_CONTEXT ( ( #3283 ) ) GLOBAL_UNIT_ASSIGNED_CONTEXT ( ( #591, #4373, #3292 ) ) REPRESENTATION_CONTEXT ( 'NONE', 'WORKASPACE' ) );
#3796 = DIRECTION ( 'NONE',  ( 1.000000000000000000, 0.000000000000000000, -6.950013926188970156E-16 ) ) ;
#3797 = AXIS2_PLACEMENT_3D ( 'NONE', #3272, #4767, #4092 ) ;
#3798 = DIRECTION ( 'NONE',  ( 1.000000000000000000, 0.000000000000000000, 0.000000000000000000 ) ) ;
#3799 = DIRECTION ( 'NONE',  ( 1.000000000000000000, 0.000000000000000000, -6.145517031148180600E-16 ) ) ;
#3800 = ORIENTED_EDGE ( 'NONE', *, *, #848, .F. ) ;
#3801 = VERTEX_POINT ( 'NONE', #4228 ) ;
#3802 = VECTOR ( 'NONE', #1162, 1000.000000000000000 ) ;
#3803 = DIRECTION ( 'NONE',  ( 0.000000000000000000, 1.000000000000000000, 0.000000000000000000 ) ) ;
#3804 = LINE ( 'NONE', #3368, #3716 ) ;
#3805 = ORIENTED_EDGE ( 'NONE', *, *, #1846, .T. ) ;
#3806 = EDGE_LOOP ( 'NONE', ( #2984, #2358, #2424, #2861 ) ) ;
#3807 = EDGE_CURVE ( 'NONE', #1811, #1318, #3525, .T. ) ;
#3808 = CARTESIAN_POINT ( 'NONE',  ( -4.575000000000000178, 5.049999999999999822, 0.5699999999999999512 ) ) ;
#3809 = LINE ( 'NONE', #2051, #2695 ) ;
#3810 = CARTESIAN_POINT ( 'NONE',  ( 1.425000000000000044, 9.099999999999999645, 2.200000000000000178 ) ) ;
#3811 = EDGE_CURVE ( 'NONE', #3538, #2195, #554, .T. ) ;
#3812 = EDGE_CURVE ( 'NONE', #3364, #3303, #181, .T. ) ;
#3813 = ORIENTED_EDGE ( 'NONE', *, *, #2318, .F. ) ;
#3814 = ORIENTED_EDGE ( 'NONE', *, *, #2589, .F. ) ;
#3815 = DIRECTION ( 'NONE',  ( 1.000000000000000000, 0.000000000000000000, -6.950013926189140747E-16 ) ) ;
#3816 = CARTESIAN_POINT ( 'NONE',  ( -2.250000000000000000, 11.59999999900000134, -0.06000000000003419959 ) ) ;
#3817 = CARTESIAN_POINT ( 'NONE',  ( -2.200000000000000178, -14.66000000989979846, 1.429999999999970184 ) ) ;
#3818 = CARTESIAN_POINT ( 'NONE',  ( -4.575000000000000178, 7.700000000000000178, 2.200000000000000178 ) ) ;
#3819 = ADVANCED_FACE ( 'NONE', ( #1234 ), #3128, .F. ) ;
#3820 = LINE ( 'NONE', #1567, #4040 ) ;
#3821 = CARTESIAN_POINT ( 'NONE',  ( 0.2500000000000000000, 11.35999999899999935, 0.8399999999999600009 ) ) ;
#3822 = FACE_OUTER_BOUND ( 'NONE', #4406, .T. ) ;
#3823 = DIRECTION ( 'NONE',  ( 1.000000000000000000, 0.000000000000000000, 0.000000000000000000 ) ) ;
#3824 = ORIENTED_EDGE ( 'NONE', *, *, #2282, .F. ) ;
#3825 = ORIENTED_EDGE ( 'NONE', *, *, #2021, .T. ) ;
#3826 = DIRECTION ( 'NONE',  ( -1.000000000000000000, 0.000000000000000000, 0.000000000000000000 ) ) ;
#3827 = PLANE ( 'NONE',  #2626 ) ;
#3828 = ORIENTED_EDGE ( 'NONE', *, *, #4370, .F. ) ;
#3829 = ORIENTED_EDGE ( 'NONE', *, *, #4267, .T. ) ;
#3830 = EDGE_CURVE ( 'NONE', #2077, #2065, #2316, .T. ) ;
#3831 = DIRECTION ( 'NONE',  ( 0.000000000000000000, 0.000000000000000000, -1.000000000000000000 ) ) ;
#3832 = DIRECTION ( 'NONE',  ( 0.000000000000000000, -1.000000000000000000, 0.000000000000000000 ) ) ;
#3833 = PLANE ( 'NONE',  #4803 ) ;
#3834 = ORIENTED_EDGE ( 'NONE', *, *, #2381, .T. ) ;
#3835 = ORIENTED_EDGE ( 'NONE', *, *, #3288, .T. ) ;
#3836 = EDGE_CURVE ( 'NONE', #2848, #3649, #156, .T. ) ;
#3837 = CARTESIAN_POINT ( 'NONE',  ( 0.9250000000000000444, 5.750000000000000000, 2.250000000000000000 ) ) ;
#3838 = FACE_OUTER_BOUND ( 'NONE', #4805, .T. ) ;
#3839 = CARTESIAN_POINT ( 'NONE',  ( 0.2000000000000000111, -14.66000000989979846, 1.429999999999970184 ) ) ;
#3840 = CARTESIAN_POINT ( 'NONE',  ( 2.725000000000000089, 4.000000000000000000, -0.06000000000000000472 ) ) ;
#3841 = EDGE_CURVE ( 'NONE', #3987, #706, #2813, .T. ) ;
#3842 = CARTESIAN_POINT ( 'NONE',  ( -2.200000000000000178, -14.66000000989979846, 0.3099999999999999978 ) ) ;
#3843 = DIRECTION ( 'NONE',  ( 1.734723475976810053E-15, 0.000000000000000000, 1.000000000000000000 ) ) ;
#3844 = CARTESIAN_POINT ( 'NONE',  ( -1.804999999999999938, 6.599999999999999645, 0.1800000000000030187 ) ) ;
#3845 = VERTEX_POINT ( 'NONE', #814 ) ;
#3846 = ORIENTED_EDGE ( 'NONE', *, *, #3558, .F. ) ;
#3847 = EDGE_CURVE ( 'NONE', #4518, #2494, #3441, .T. ) ;
#3849 = LINE ( 'NONE', #1251, #99 ) ;
#3848 = CARTESIAN_POINT ( 'NONE',  ( 1.425000000000000044, 8.050000000000000711, -0.3310000000000090092 ) ) ;
#3850 = LINE ( 'NONE', #883, #3879 ) ;
#3851 = FACE_OUTER_BOUND ( 'NONE', #2760, .T. ) ;
#3852 = VERTEX_POINT ( 'NONE', #2001 ) ;
#3853 = ORIENTED_EDGE ( 'NONE', *, *, #220, .T. ) ;
#3854 = AXIS2_PLACEMENT_3D ( 'NONE', #2843, #4342, #3547 ) ;
#3855 = VECTOR ( 'NONE', #4002, 1000.000000000000000 ) ;
#3856 = CARTESIAN_POINT ( 'NONE',  ( -0.1950000000000000067, 6.699999999000020523, 0.3099999999999999978 ) ) ;
#3857 = DIRECTION ( 'NONE',  ( 0.000000000000000000, -1.000000000000000000, 0.000000000000000000 ) ) ;
#3858 = CYLINDRICAL_SURFACE ( 'NONE', #3703, 0.1800000000000000211 ) ;
#3859 = VERTEX_POINT ( 'NONE', #3500 ) ;
#3860 = AXIS2_PLACEMENT_3D ( 'NONE', #40, #3700, #1144 ) ;
#3861 = ORIENTED_EDGE ( 'NONE', *, *, #2111, .F. ) ;
#3862 = DIRECTION ( 'NONE',  ( 1.000000000000000000, 6.145517031148140171E-16, -6.145517031148180600E-16 ) ) ;
#3863 = DIRECTION ( 'NONE',  ( 1.000000000000000000, 0.000000000000000000, 0.000000000000000000 ) ) ;
#3864 = VECTOR ( 'NONE', #4527, 1000.000000000000000 ) ;
#3865 = CARTESIAN_POINT ( 'NONE',  ( -3.200000000000000178, 6.250000000000000000, -0.01999999999999559769 ) ) ;
#3866 = DIRECTION ( 'NONE',  ( 0.000000000000000000, 0.7071067811865450192, -0.7071067811865500152 ) ) ;
#3867 = ADVANCED_FACE ( 'NONE', ( #3466 ), #133, .F. ) ;
#3868 = VECTOR ( 'NONE', #1000, 1000.000000000000000 ) ;
#3869 = DIRECTION ( 'NONE',  ( 0.000000000000000000, -1.000000000000000000, 0.000000000000000000 ) ) ;
#3870 = CARTESIAN_POINT ( 'NONE',  ( -2.100000000000090239, 8.630000000000000782, 2.100000000000000089 ) ) ;
#3871 = CARTESIAN_POINT ( 'NONE',  ( 2.324999999999999734, 5.049999999999999822, 1.729999999999999982 ) ) ;
#3872 = DIRECTION ( 'NONE',  ( 0.000000000000000000, 1.000000000000000000, 0.000000000000000000 ) ) ;
#3873 = VECTOR ( 'NONE', #2569, 1000.000000000000000 ) ;
#3874 = ORIENTED_EDGE ( 'NONE', *, *, #2404, .F. ) ;
#3875 = AXIS2_PLACEMENT_3D ( 'NONE', #1524, #4561, #1227 ) ;
#3876 = ADVANCED_FACE ( 'NONE', ( #3890 ), #838, .F. ) ;
#3877 = EDGE_CURVE ( 'NONE', #865, #3894, #530, .T. ) ;
#3878 = ORIENTED_EDGE ( 'NONE', *, *, #3841, .F. ) ;
#3879 = VECTOR ( 'NONE', #2750, 1000.000000000000000 ) ;
#3880 = VECTOR ( 'NONE', #270, 999.9999999999998863 ) ;
#3882 = CARTESIAN_POINT ( 'NONE',  ( 0.2500000000000000000, 11.69999999899999921, 0.5399999999999659517 ) ) ;
#3881 = CARTESIAN_POINT ( 'NONE',  ( -4.315000000000000391, 9.099999999999999645, 0.2700000000000000178 ) ) ;
#3883 = CARTESIAN_POINT ( 'NONE',  ( -4.145000000000000462, 4.000000000000000000, 1.729999999999999982 ) ) ;
#3884 = LINE ( 'NONE', #1600, #4017 ) ;
#3885 = ORIENTED_EDGE ( 'NONE', *, *, #4696, .F. ) ;
#3886 = ORIENTED_EDGE ( 'NONE', *, *, #1482, .F. ) ;
#3887 = CIRCLE ( 'NONE', #2312, 0.4300000000000000488 ) ;
#3888 = AXIS2_PLACEMENT_3D ( 'NONE', #2086, #164, #4658 ) ;
#3889 = LINE ( 'NONE', #2122, #2935 ) ;
#3890 = FACE_OUTER_BOUND ( 'NONE', #1664, .T. ) ;
#3891 = DIRECTION ( 'NONE',  ( -0.000000000000000000, 1.000000000000000000, 0.000000000000000000 ) ) ;
#3892 = ORIENTED_EDGE ( 'NONE', *, *, #4718, .F. ) ;
#3893 = ORIENTED_EDGE ( 'NONE', *, *, #4859, .T. ) ;
#3894 = VERTEX_POINT ( 'NONE', #2906 ) ;
#3895 = DIRECTION ( 'NONE',  ( 2.007781800899149950E-16, 0.000000000000000000, -1.000000000000000000 ) ) ;
#3896 = FACE_OUTER_BOUND ( 'NONE', #297, .T. ) ;
#3897 = LINE ( 'NONE', #928, #4344 ) ;
#3898 = DIRECTION ( 'NONE',  ( -1.000000000000000000, 0.000000000000000000, 0.000000000000000000 ) ) ;
#3899 = DIRECTION ( 'NONE',  ( 1.734723475976810053E-15, 0.000000000000000000, 1.000000000000000000 ) ) ;
#3900 = ADVANCED_FACE ( 'NONE', ( #604 ), #3620, .F. ) ;
#3901 = DIRECTION ( 'NONE',  ( -1.000000000000000000, 0.000000000000000000, 0.000000000000000000 ) ) ;
#3902 = ORIENTED_EDGE ( 'NONE', *, *, #4797, .F. ) ;
#3903 = ORIENTED_EDGE ( 'NONE', *, *, #868, .F. ) ;
#3905 = LINE ( 'NONE', #1277, #340 ) ;
#3904 = DIRECTION ( 'NONE',  ( -1.000000000000000000, 0.000000000000000000, 0.000000000000000000 ) ) ;
#3906 = EDGE_CURVE ( 'NONE', #3378, #25, #2547, .T. ) ;
#3907 = PLANE ( 'NONE',  #983 ) ;
#3908 = CARTESIAN_POINT ( 'NONE',  ( -1.800000000000000044, -14.66000000989979846, 1.429999999999970184 ) ) ;
#3909 = ORIENTED_EDGE ( 'NONE', *, *, #3550, .F. ) ;
#3910 = VERTEX_POINT ( 'NONE', #4725 ) ;
#3911 = EDGE_CURVE ( 'NONE', #919, #1527, #2174, .T. ) ;
#3912 = CARTESIAN_POINT ( 'NONE',  ( 2.324999999999999734, 6.750000000000000000, 0.2700000000000000178 ) ) ;
#3913 = FACE_OUTER_BOUND ( 'NONE', #3592, .T. ) ;
#3914 = CARTESIAN_POINT ( 'NONE',  ( -3.425000000000000266, 8.525999999999999801, 2.200000000000000178 ) ) ;
#3915 = ORIENTED_EDGE ( 'NONE', *, *, #154, .F. ) ;
#3916 = VERTEX_POINT ( 'NONE', #4360 ) ;
#3917 = ORIENTED_EDGE ( 'NONE', *, *, #587, .T. ) ;
#3918 = CARTESIAN_POINT ( 'NONE',  ( 2.324999999999999734, 7.700000000000000178, 2.200000000000000178 ) ) ;
#3919 = DIRECTION ( 'NONE',  ( -1.000000000000000000, 0.000000000000000000, -6.240012503513690548E-16 ) ) ;
#3920 = DIRECTION ( 'NONE',  ( -1.000000000000000000, 0.000000000000000000, 0.000000000000000000 ) ) ;
#3921 = CARTESIAN_POINT ( 'NONE',  ( 2.975000000000000089, 6.750000000000000000, 3.939999999999999947 ) ) ;
#3922 = CARTESIAN_POINT ( 'NONE',  ( -4.315000000000000391, 7.450000000000000178, 2.200000000000000178 ) ) ;
#3923 = FACE_OUTER_BOUND ( 'NONE', #417, .T. ) ;
#3924 = PLANE ( 'NONE',  #337 ) ;
#3925 = ORIENTED_EDGE ( 'NONE', *, *, #1601, .T. ) ;
#3926 = EDGE_CURVE ( 'NONE', #3916, #3149, #1760, .T. ) ;
#3927 = FACE_OUTER_BOUND ( 'NONE', #1987, .T. ) ;
#3928 = CARTESIAN_POINT ( 'NONE',  ( 2.145000000000000018, 6.599999999999999645, 1.729999999999999982 ) ) ;
#3929 = DIRECTION ( 'NONE',  ( -1.000000000000000000, 0.000000000000000000, -2.007781800899149950E-16 ) ) ;
#3930 = ORIENTED_EDGE ( 'NONE', *, *, #861, .T. ) ;
#3931 = ORIENTED_EDGE ( 'NONE', *, *, #3063, .T. ) ;
#3932 = EDGE_CURVE ( 'NONE', #1793, #4756, #2492, .T. ) ;
#3933 = LINE ( 'NONE', #3252, #104 ) ;
#3934 = CARTESIAN_POINT ( 'NONE',  ( 0.000000000000000000, 6.599999999999999645, 0.2400000000000030165 ) ) ;
#3935 = ORIENTED_EDGE ( 'NONE', *, *, #3312, .F. ) ;
#3936 = VERTEX_POINT ( 'NONE', #1807 ) ;
#3937 = AXIS2_PLACEMENT_3D ( 'NONE', #2926, #4423, #1064 ) ;
#3938 = EDGE_CURVE ( 'NONE', #1036, #2077, #2514, .T. ) ;
#3939 = EDGE_CURVE ( 'NONE', #4206, #502, #3985, .T. ) ;
#3940 = VECTOR ( 'NONE', #1286, 1000.000000000000000 ) ;
#3941 = EDGE_LOOP ( 'NONE', ( #2794, #2587, #3825, #13 ) ) ;
#3942 = ORIENTED_EDGE ( 'NONE', *, *, #1392, .T. ) ;
#3943 = DIRECTION ( 'NONE',  ( 0.000000000000000000, -1.000000000000000000, -7.228014483236689653E-17 ) ) ;
#3944 = DIRECTION ( 'NONE',  ( -1.000000000000000000, 0.000000000000000000, 0.000000000000000000 ) ) ;
#3945 = LINE ( 'NONE', #4711, #3234 ) ;
#3946 = VECTOR ( 'NONE', #3681, 1000.000000000000000 ) ;
#3947 = VECTOR ( 'NONE', #656, 1000.000000000000000 ) ;
#3948 = DIRECTION ( 'NONE',  ( 1.000000000000000000, 0.000000000000000000, 1.275531967630009880E-15 ) ) ;
#3949 = DIRECTION ( 'NONE',  ( 0.000000000000000000, -1.000000000000000000, 0.000000000000000000 ) ) ;
#3950 = VECTOR ( 'NONE', #4523, 999.9999999999998863 ) ;
#3951 = ORIENTED_EDGE ( 'NONE', *, *, #2196, .F. ) ;
#3952 = LINE ( 'NONE', #2067, #1523 ) ;
#3953 = VECTOR ( 'NONE', #3253, 1000.000000000000000 ) ;
#3954 = DIRECTION ( 'NONE',  ( 1.000000000000000000, 0.000000000000000000, -5.825563911862410695E-15 ) ) ;
#3955 = CIRCLE ( 'NONE', #3875, 0.4300000000000000488 ) ;
#3956 = CARTESIAN_POINT ( 'NONE',  ( 1.425000000000000044, 9.099999999999999645, 1.909999999999999920 ) ) ;
#3957 = ORIENTED_EDGE ( 'NONE', *, *, #4025, .T. ) ;
#3958 = ORIENTED_EDGE ( 'NONE', *, *, #225, .T. ) ;
#3959 = VECTOR ( 'NONE', #4125, 1000.000000000000000 ) ;
#3960 = AXIS2_PLACEMENT_3D ( 'NONE', #1745, #2577, #2552 ) ;
#3961 = DIRECTION ( 'NONE',  ( 0.000000000000000000, 0.7071067811865450192, -0.7071067811865500152 ) ) ;
#3962 = CARTESIAN_POINT ( 'NONE',  ( 0.9250000000000000444, 8.050000000000000711, 2.540000000000000036 ) ) ;
#3963 = AXIS2_PLACEMENT_3D ( 'NONE', #4216, #3901, #827 ) ;
#3964 = EDGE_CURVE ( 'NONE', #3771, #4730, #1040, .T. ) ;
#3965 = VERTEX_POINT ( 'NONE', #4752 ) ;
#3966 = VECTOR ( 'NONE', #475, 1000.000000000000000 ) ;
#3967 = VERTEX_POINT ( 'NONE', #3206 ) ;
#3968 = ORIENTED_EDGE ( 'NONE', *, *, #3635, .F. ) ;
#3969 = ORIENTED_EDGE ( 'NONE', *, *, #2909, .T. ) ;
#3970 = CARTESIAN_POINT ( 'NONE',  ( -1.750000000000000000, 11.35999999899999935, 0.8399999999999600009 ) ) ;
#3971 = CARTESIAN_POINT ( 'NONE',  ( 1.425000000000000044, 3.750000000000000000, 2.200000000000000178 ) ) ;
#3972 = EDGE_CURVE ( 'NONE', #2995, #3470, #1389, .T. ) ;
#3973 = EDGE_CURVE ( 'NONE', #1896, #3061, #624, .T. ) ;
#3974 = DIRECTION ( 'NONE',  ( -1.000000000000000000, 0.000000000000000000, 4.274258564606250059E-16 ) ) ;
#3975 = EDGE_CURVE ( 'NONE', #743, #1464, #4333, .T. ) ;
#3976 = SURFACE_STYLE_FILL_AREA ( #2185 ) ;
#3977 = LINE ( 'NONE', #2898, #3391 ) ;
#3978 = ORIENTED_EDGE ( 'NONE', *, *, #2106, .T. ) ;
#3979 = DIRECTION ( 'NONE',  ( 0.000000000000000000, 0.7071067811865450192, -0.7071067811865500152 ) ) ;
#3980 = CYLINDRICAL_SURFACE ( 'NONE', #4109, 0.3000000000000000444 ) ;
#3981 = CARTESIAN_POINT ( 'NONE',  ( -3.924999999999999822, 5.049999999999999822, 2.160000000000000142 ) ) ;
#3982 = VERTEX_POINT ( 'NONE', #646 ) ;
#3983 = ORIENTED_EDGE ( 'NONE', *, *, #1020, .F. ) ;
#3984 = DIRECTION ( 'NONE',  ( 0.000000000000000000, 0.000000000000000000, -1.000000000000000000 ) ) ;
#3985 = LINE ( 'NONE', #2886, #4742 ) ;
#3986 = VERTEX_POINT ( 'NONE', #4033 ) ;
#3987 = VERTEX_POINT ( 'NONE', #2147 ) ;
#3988 = EDGE_CURVE ( 'NONE', #2814, #1734, #3279, .T. ) ;
#3989 = VERTEX_POINT ( 'NONE', #1431 ) ;
#3990 = ORIENTED_EDGE ( 'NONE', *, *, #3717, .F. ) ;
#3991 = DIRECTION ( 'NONE',  ( 0.000000000000000000, 1.000000000000000000, 0.000000000000000000 ) ) ;
#3992 = CARTESIAN_POINT ( 'NONE',  ( -4.325000000000000178, 6.599999999999999645, 0.3400000000000000244 ) ) ;
#3993 = EDGE_CURVE ( 'NONE', #1812, #1832, #281, .T. ) ;
#3994 = DIRECTION ( 'NONE',  ( 0.000000000000000000, -1.000000000000000000, 0.000000000000000000 ) ) ;
#3995 = DIRECTION ( 'NONE',  ( 1.000000000000000000, 0.000000000000000000, 0.000000000000000000 ) ) ;
#3996 = DIRECTION ( 'NONE',  ( -1.000000000000000000, 0.000000000000000000, 0.000000000000000000 ) ) ;
#3997 = ORIENTED_EDGE ( 'NONE', *, *, #2584, .F. ) ;
#3998 = EDGE_CURVE ( 'NONE', #2753, #2357, #2103, .T. ) ;
#3999 = ADVANCED_FACE ( 'NONE', ( #576 ), #2075, .F. ) ;
#4000 = DIRECTION ( 'NONE',  ( -6.240012503513690548E-16, 0.000000000000000000, 1.000000000000000000 ) ) ;
#4001 = CARTESIAN_POINT ( 'NONE',  ( -4.575000000000000178, 9.099999999999999645, -5.835558751907279434E-15 ) ) ;
#4002 = DIRECTION ( 'NONE',  ( 3.872150616019790475E-16, 0.000000000000000000, 1.000000000000000000 ) ) ;
#4003 = ORIENTED_EDGE ( 'NONE', *, *, #612, .T. ) ;
#4004 = ORIENTED_EDGE ( 'NONE', *, *, #127, .F. ) ;
#4005 = CARTESIAN_POINT ( 'NONE',  ( -4.575000000000000178, 8.630000000000000782, 2.100000000000000089 ) ) ;
#4006 = LINE ( 'NONE', #2885, #505 ) ;
#4007 = DIRECTION ( 'NONE',  ( 0.000000000000000000, -1.000000000000000000, -2.869946927167510299E-15 ) ) ;
#4008 = EDGE_LOOP ( 'NONE', ( #2704, #2515, #4605, #4366 ) ) ;
#4009 = ORIENTED_EDGE ( 'NONE', *, *, #3483, .T. ) ;
#4010 = EDGE_LOOP ( 'NONE', ( #913, #2616, #4302, #3601 ) ) ;
#4011 = ORIENTED_EDGE ( 'NONE', *, *, #1030, .T. ) ;
#4012 = CARTESIAN_POINT ( 'NONE',  ( 2.145000000000000018, 6.599999999999999645, 1.729999999999999982 ) ) ;
#4013 = CARTESIAN_POINT ( 'NONE',  ( -4.325000000000000178, 6.599999999999999645, 0.2700000000000000178 ) ) ;
#4014 = CARTESIAN_POINT ( 'NONE',  ( 2.754999999999999893, 4.000000000000000000, 0.1900000000000000022 ) ) ;
#4015 = CARTESIAN_POINT ( 'NONE',  ( 2.145000000000000018, 6.150000000000000355, 1.729999999999999982 ) ) ;
#4016 = DIRECTION ( 'NONE',  ( 0.000000000000000000, 0.000000000000000000, 1.000000000000000000 ) ) ;
#4017 = VECTOR ( 'NONE', #3175, 1000.000000000000000 ) ;
#4018 = PLANE ( 'NONE',  #4258 ) ;
#4019 = EDGE_CURVE ( 'NONE', #519, #3987, #211, .T. ) ;
#4020 = VERTEX_POINT ( 'NONE', #1716 ) ;
#4021 = AXIS2_PLACEMENT_3D ( 'NONE', #4786, #2161, #1401 ) ;
#4022 = DIRECTION ( 'NONE',  ( 1.000000000000000000, 0.000000000000000000, 0.000000000000000000 ) ) ;
#4023 = DIRECTION ( 'NONE',  ( 0.000000000000000000, 1.000000000000000000, 0.000000000000000000 ) ) ;
#4024 = DIRECTION ( 'NONE',  ( 0.000000000000000000, -1.000000000000000000, 0.000000000000000000 ) ) ;
#4025 = EDGE_CURVE ( 'NONE', #1131, #3965, #2835, .T. ) ;
#4026 = ORIENTED_EDGE ( 'NONE', *, *, #722, .F. ) ;
#4027 = ORIENTED_EDGE ( 'NONE', *, *, #4691, .F. ) ;
#4028 = VECTOR ( 'NONE', #1004, 1000.000000000000000 ) ;
#4029 = ADVANCED_FACE ( 'NONE', ( #4535 ), #1940, .F. ) ;
#4030 = VECTOR ( 'NONE', #301, 1000.000000000000000 ) ;
#4031 = VECTOR ( 'NONE', #188, 1000.000000000000000 ) ;
#4032 = CARTESIAN_POINT ( 'NONE',  ( 0.1000000000000000056, 8.630000000000000782, 2.140000000000000124 ) ) ;
#4033 = CARTESIAN_POINT ( 'NONE',  ( -4.975000000000000533, 3.750000000000000000, 0.2400000000000030165 ) ) ;
#4034 = ORIENTED_EDGE ( 'NONE', *, *, #1091, .F. ) ;
#4035 = ORIENTED_EDGE ( 'NONE', *, *, #358, .F. ) ;
#4036 = AXIS2_PLACEMENT_3D ( 'NONE', #1623, #2376, #2745 ) ;
#4037 = VECTOR ( 'NONE', #3436, 1000.000000000000000 ) ;
#4038 = ORIENTED_EDGE ( 'NONE', *, *, #1199, .F. ) ;
#4039 = ORIENTED_EDGE ( 'NONE', *, *, #1704, .F. ) ;
#4040 = VECTOR ( 'NONE', #15, 1000.000000000000000 ) ;
#4041 = CARTESIAN_POINT ( 'NONE',  ( -2.194999999999999840, 9.099999999999999645, 0.3099999999999999978 ) ) ;
#4042 = CARTESIAN_POINT ( 'NONE',  ( -4.575000000000000178, 6.599999999999999645, 0.3699999999999999956 ) ) ;
#4043 = VECTOR ( 'NONE', #4785, 1000.000000000000000 ) ;
#4044 = VECTOR ( 'NONE', #3191, 1000.000000000000000 ) ;
#4045 = ORIENTED_EDGE ( 'NONE', *, *, #4051, .T. ) ;
#4046 = CARTESIAN_POINT ( 'NONE',  ( -1.750000000000000000, 10.84999999899999956, -0.06000000000003430367 ) ) ;
#4047 = PLANE ( 'NONE',  #1212 ) ;
#4048 = CARTESIAN_POINT ( 'NONE',  ( 0.000000000000000000, 9.099999999999999645, 1.429999999999970184 ) ) ;
#4049 = LINE ( 'NONE', #3293, #2216 ) ;
#4050 = ORIENTED_EDGE ( 'NONE', *, *, #3132, .T. ) ;
#4051 = EDGE_CURVE ( 'NONE', #3936, #493, #2299, .T. ) ;
#4052 = CARTESIAN_POINT ( 'NONE',  ( 3.375000000000000000, 6.599999999999999645, -0.06000000000000080269 ) ) ;
#4053 = DIRECTION ( 'NONE',  ( 0.000000000000000000, 0.000000000000000000, -1.000000000000000000 ) ) ;
#4054 = FACE_OUTER_BOUND ( 'NONE', #2243, .T. ) ;
#4055 = CARTESIAN_POINT ( 'NONE',  ( -2.925000000000000266, 8.050000000000000711, 2.250000000000000000 ) ) ;
#4056 = ORIENTED_EDGE ( 'NONE', *, *, #2823, .T. ) ;
#4057 = ADVANCED_FACE ( 'NONE', ( #3767 ), #1962, .T. ) ;
#4058 = DIRECTION ( 'NONE',  ( 0.000000000000000000, 0.000000000000000000, -1.000000000000000000 ) ) ;
#4059 = DIRECTION ( 'NONE',  ( -0.8944271909999148562, -0.4472135954999599261, 0.000000000000000000 ) ) ;
#4060 = ORIENTED_EDGE ( 'NONE', *, *, #479, .F. ) ;
#4061 = ORIENTED_EDGE ( 'NONE', *, *, #1357, .F. ) ;
#4062 = EDGE_CURVE ( 'NONE', #3303, #1495, #2349, .T. ) ;
#4063 = ORIENTED_EDGE ( 'NONE', *, *, #3522, .F. ) ;
#4064 = CARTESIAN_POINT ( 'NONE',  ( -4.575000000000000178, 7.700000000000000178, 1.690000000000000169 ) ) ;
#4065 = DIRECTION ( 'NONE',  ( 1.691358778161570027E-32, 1.000000000000000000, -2.710505431213769713E-17 ) ) ;
#4066 = EDGE_CURVE ( 'NONE', #2783, #1937, #698, .T. ) ;
#4067 = ORIENTED_EDGE ( 'NONE', *, *, #1329, .T. ) ;
#4068 = DIRECTION ( 'NONE',  ( -1.000000000000000000, 0.000000000000000000, 0.000000000000000000 ) ) ;
#4069 = CARTESIAN_POINT ( 'NONE',  ( 2.584999999999999964, 9.099999999999999645, 2.200000000000000178 ) ) ;
#4070 = PLANE ( 'NONE',  #4489 ) ;
#4071 = ORIENTED_EDGE ( 'NONE', *, *, #299, .F. ) ;
#4072 = CARTESIAN_POINT ( 'NONE',  ( 2.584999999999999964, 4.000000000000000000, 0.3108392021690090101 ) ) ;
#4073 = FACE_OUTER_BOUND ( 'NONE', #3024, .T. ) ;
#4074 = PLANE ( 'NONE',  #4413 ) ;
#4075 = ORIENTED_EDGE ( 'NONE', *, *, #1063, .F. ) ;
#4076 = DIRECTION ( 'NONE',  ( 2.017120320903259758E-16, -1.000000000000000000, 0.000000000000000000 ) ) ;
#4077 = ORIENTED_EDGE ( 'NONE', *, *, #3063, .F. ) ;
#4078 = ORIENTED_EDGE ( 'NONE', *, *, #1350, .T. ) ;
#4079 = EDGE_CURVE ( 'NONE', #1892, #4220, #776, .T. ) ;
#4080 = ORIENTED_EDGE ( 'NONE', *, *, #1887, .T. ) ;
#4081 = DIRECTION ( 'NONE',  ( 0.000000000000000000, 0.000000000000000000, -1.000000000000000000 ) ) ;
#4082 = CARTESIAN_POINT ( 'NONE',  ( 1.425000000000000044, 7.450000000000000178, 1.909999999999999920 ) ) ;
#4083 = EDGE_CURVE ( 'NONE', #4102, #1975, #1830, .T. ) ;
#4084 = EDGE_CURVE ( 'NONE', #1410, #1394, #46, .T. ) ;
#4085 = VERTEX_POINT ( 'NONE', #3844 ) ;
#4086 = DIRECTION ( 'NONE',  ( 0.000000000000000000, -9.510545372679868754E-17, -1.000000000000000000 ) ) ;
#4087 = DIRECTION ( 'NONE',  ( 0.000000000000000000, 0.000000000000000000, 1.000000000000000000 ) ) ;
#4088 = DIRECTION ( 'NONE',  ( 3.188829919075009909E-16, 0.000000000000000000, 1.000000000000000000 ) ) ;
#4089 = AXIS2_PLACEMENT_3D ( 'NONE', #3533, #1620, #4320 ) ;
#4090 = ORIENTED_EDGE ( 'NONE', *, *, #2920, .F. ) ;
#4091 = AXIS2_PLACEMENT_3D ( 'NONE', #3319, #4450, #2209 ) ;
#4092 = DIRECTION ( 'NONE',  ( 0.000000000000000000, 0.000000000000000000, -1.000000000000000000 ) ) ;
#4093 = CARTESIAN_POINT ( 'NONE',  ( -4.975000000000000533, 3.750000000000000000, 2.540000000000000036 ) ) ;
#4094 = PLANE ( 'NONE',  #887 ) ;
#4095 = ORIENTED_EDGE ( 'NONE', *, *, #3972, .F. ) ;
#4096 =( GEOMETRIC_REPRESENTATION_CONTEXT ( 3 ) GLOBAL_UNCERTAINTY_ASSIGNED_CONTEXT ( ( #1503 ) ) GLOBAL_UNIT_ASSIGNED_CONTEXT ( ( #2407, #3116, #852 ) ) REPRESENTATION_CONTEXT ( 'NONE', 'WORKASPACE' ) );
#4097 = EDGE_LOOP ( 'NONE', ( #947, #1943, #4056, #1029 ) ) ;
#4098 = FACE_OUTER_BOUND ( 'NONE', #2737, .T. ) ;
#4099 = DIRECTION ( 'NONE',  ( 0.000000000000000000, 0.000000000000000000, 1.000000000000000000 ) ) ;
#4100 = AXIS2_PLACEMENT_3D ( 'NONE', #4835, #4086, #1469 ) ;
#4101 = ORIENTED_EDGE ( 'NONE', *, *, #1871, .F. ) ;
#4102 = VERTEX_POINT ( 'NONE', #4192 ) ;
#4103 = VECTOR ( 'NONE', #1023, 1000.000000000000000 ) ;
#4104 = ADVANCED_FACE ( 'NONE', ( #1070 ), #67, .F. ) ;
#4105 = CARTESIAN_POINT ( 'NONE',  ( -3.425000000000000266, 8.050000000000000711, 2.540000000000000036 ) ) ;
#4106 = CARTESIAN_POINT ( 'NONE',  ( 2.324999999999999734, 9.099999999999999645, -7.254014535334650261E-16 ) ) ;
#4107 = VECTOR ( 'NONE', #944, 1000.000000000000000 ) ;
#4108 = VECTOR ( 'NONE', #1039, 1000.000000000000000 ) ;
#4109 = AXIS2_PLACEMENT_3D ( 'NONE', #619, #2118, #247 ) ;
#4110 = ORIENTED_EDGE ( 'NONE', *, *, #4501, .F. ) ;
#4111 = ADVANCED_FACE ( 'NONE', ( #1569 ), #4160, .F. ) ;
#4112 = LINE ( 'NONE', #751, #3323 ) ;
#4113 = EDGE_CURVE ( 'NONE', #2115, #4625, #4140, .T. ) ;
#4114 = LINE ( 'NONE', #791, #679 ) ;
#4115 = CARTESIAN_POINT ( 'NONE',  ( 2.145000000000000018, 4.000000000000000000, 2.160000000000000142 ) ) ;
#4116 = COLOUR_RGB ( '',0.5921568627450980449, 0.6666666666666666297, 0.6823529411764706065 ) ;
#4117 = VECTOR ( 'NONE', #2245, 1000.000000000000000 ) ;
#4118 = EDGE_CURVE ( 'NONE', #3617, #2278, #2720, .T. ) ;
#4119 = DIRECTION ( 'NONE',  ( 0.000000000000000000, 0.000000000000000000, 1.000000000000000000 ) ) ;
#4120 = DIRECTION ( 'NONE',  ( 1.000000000000000000, 0.000000000000000000, 0.000000000000000000 ) ) ;
#4121 = DIRECTION ( 'NONE',  ( 0.000000000000000000, 1.000000000000000000, 0.000000000000000000 ) ) ;
#4122 = ORIENTED_EDGE ( 'NONE', *, *, #2646, .F. ) ;
#4123 = ORIENTED_EDGE ( 'NONE', *, *, #3199, .F. ) ;
#4124 = DIRECTION ( 'NONE',  ( 1.000000000000000000, 0.000000000000000000, 0.000000000000000000 ) ) ;
#4125 = DIRECTION ( 'NONE',  ( -1.000000000000000000, 0.000000000000000000, -4.274258564606259920E-16 ) ) ;
#4126 = ORIENTED_EDGE ( 'NONE', *, *, #1063, .T. ) ;
#4127 = ORIENTED_EDGE ( 'NONE', *, *, #1474, .T. ) ;
#4128 = LINE ( 'NONE', #1047, #1599 ) ;
#4129 = DIRECTION ( 'NONE',  ( -3.120006251756850204E-16, 0.000000000000000000, -1.000000000000000000 ) ) ;
#4130 = ADVANCED_FACE ( 'NONE', ( #3822 ), #3324, .F. ) ;
#4131 = ORIENTED_EDGE ( 'NONE', *, *, #2134, .T. ) ;
#4132 = ORIENTED_EDGE ( 'NONE', *, *, #369, .T. ) ;
#4133 = FACE_OUTER_BOUND ( 'NONE', #4233, .T. ) ;
#4134 = CARTESIAN_POINT ( 'NONE',  ( -4.325000000000000178, 4.000000000000000000, 0.3400000000000000244 ) ) ;
#4135 = CARTESIAN_POINT ( 'NONE',  ( -0.2000000000000000111, 9.099999999999999645, 0.3099999999999999978 ) ) ;
#4136 = CARTESIAN_POINT ( 'NONE',  ( -2.250000000000000000, 10.80999999900000041, -0.02000000000000170391 ) ) ;
#4137 = ADVANCED_FACE ( 'NONE', ( #3480 ), #119, .F. ) ;
#4138 = CYLINDRICAL_SURFACE ( 'NONE', #1610, 0.4000000000000000222 ) ;
#4139 = CARTESIAN_POINT ( 'NONE',  ( 2.575000000000000178, 5.049999999999999822, 1.729999999999999982 ) ) ;
#4140 = LINE ( 'NONE', #4556, #2301 ) ;
#4141 = SURFACE_STYLE_FILL_AREA ( #17 ) ;
#4142 = ORIENTED_EDGE ( 'NONE', *, *, #2614, .T. ) ;
#4143 = EDGE_CURVE ( 'NONE', #4775, #2943, #4823, .T. ) ;
#4144 = EDGE_CURVE ( 'NONE', #48, #3967, #4515, .T. ) ;
#4145 = ORIENTED_EDGE ( 'NONE', *, *, #4267, .F. ) ;
#4146 = DIRECTION ( 'NONE',  ( 0.000000000000000000, 0.000000000000000000, 1.000000000000000000 ) ) ;
#4147 = PLANE ( 'NONE',  #423 ) ;
#4148 = VERTEX_POINT ( 'NONE', #4612 ) ;
#4149 = VERTEX_POINT ( 'NONE', #516 ) ;
#4150 = CARTESIAN_POINT ( 'NONE',  ( -4.754999999999999893, 4.000000000000000000, 0.1900000000000000022 ) ) ;
#4151 = DIRECTION ( 'NONE',  ( 0.000000000000000000, -1.000000000000000000, 0.000000000000000000 ) ) ;
#4152 = ORIENTED_EDGE ( 'NONE', *, *, #3288, .F. ) ;
#4153 = CARTESIAN_POINT ( 'NONE',  ( -0.1950000000000000067, 6.599999999999999645, 0.1800000000000030187 ) ) ;
#4154 = DIRECTION ( 'NONE',  ( 0.000000000000000000, 1.000000000000000000, 7.228014483236689653E-17 ) ) ;
#4155 = FACE_OUTER_BOUND ( 'NONE', #4740, .T. ) ;
#4156 = CARTESIAN_POINT ( 'NONE',  ( 2.331172626649679724, 6.599999999999999645, 0.2700000000000000178 ) ) ;
#4157 = LINE ( 'NONE', #1868, #1702 ) ;
#4158 = ADVANCED_FACE ( 'NONE', ( #877 ), #4242, .T. ) ;
#4159 = PLANE ( 'NONE',  #3403 ) ;
#4160 = PLANE ( 'NONE',  #3397 ) ;
#4161 = VECTOR ( 'NONE', #1645, 1000.000000000000000 ) ;
#4162 = CARTESIAN_POINT ( 'NONE',  ( 0.000000000000000000, 3.750000000000000000, 0.000000000000000000 ) ) ;
#4163 = VERTEX_POINT ( 'NONE', #3871 ) ;
#4164 = ORIENTED_EDGE ( 'NONE', *, *, #3558, .T. ) ;
#4165 = AXIS2_PLACEMENT_3D ( 'NONE', #1279, #959, #2099 ) ;
#4166 = CARTESIAN_POINT ( 'NONE',  ( 2.975000000000000089, 3.750000000000000000, 2.540000000000000036 ) ) ;
#4167 = EDGE_CURVE ( 'NONE', #3470, #3328, #2015, .T. ) ;
#4168 = LINE ( 'NONE', #2606, #593 ) ;
#4169 = ADVANCED_FACE ( 'NONE', ( #1246 ), #3827, .T. ) ;
#4170 = ORIENTED_EDGE ( 'NONE', *, *, #1392, .F. ) ;
#4171 = EDGE_LOOP ( 'NONE', ( #1521, #3874, #4301, #136, #3198, #4095, #207, #1822, #998, #3118, #835, #3419 ) ) ;
#4172 = VECTOR ( 'NONE', #4322, 1000.000000000000000 ) ;
#4173 = VECTOR ( 'NONE', #4319, 1000.000000000000000 ) ;
#4174 = LINE ( 'NONE', #3808, #1520 ) ;
#4175 = DIRECTION ( 'NONE',  ( -1.000000000000000000, 1.440384113626960296E-14, 3.914087265290639989E-16 ) ) ;
#4176 = CARTESIAN_POINT ( 'NONE',  ( -2.100000000000079581, 8.630000000000000782, 2.140000000000000124 ) ) ;
#4177 = AXIS2_PLACEMENT_3D ( 'NONE', #1466, #2591, #2612 ) ;
#4178 = ORIENTED_EDGE ( 'NONE', *, *, #4509, .T. ) ;
#4179 = ORIENTED_EDGE ( 'NONE', *, *, #2823, .F. ) ;
#4180 = AXIS2_PLACEMENT_3D ( 'NONE', #1222, #2327, #3798 ) ;
#4181 = AXIS2_PLACEMENT_3D ( 'NONE', #1015, #2513, #4383 ) ;
#4182 = DIRECTION ( 'NONE',  ( -1.936075308009889814E-16, 0.000000000000000000, 1.000000000000000000 ) ) ;
#4183 = CARTESIAN_POINT ( 'NONE',  ( -4.315000000000000391, 9.099999999999999645, 0.2700000000000000178 ) ) ;
#4184 = CARTESIAN_POINT ( 'NONE',  ( 1.425000000000000044, 9.099999999999999645, 2.250000000000000000 ) ) ;
#4185 = ORIENTED_EDGE ( 'NONE', *, *, #3666, .F. ) ;
#4186 = AXIS2_PLACEMENT_3D ( 'NONE', #1084, #1731, #3220 ) ;
#4187 = AXIS2_PLACEMENT_3D ( 'NONE', #4415, #241, #3995 ) ;
#4188 = LINE ( 'NONE', #457, #512 ) ;
#4189 = AXIS2_PLACEMENT_3D ( 'NONE', #2254, #4466, #1912 ) ;
#4190 = DIRECTION ( 'NONE',  ( -1.000000000000000000, 0.000000000000000000, 0.000000000000000000 ) ) ;
#4191 = VECTOR ( 'NONE', #3869, 1000.000000000000000 ) ;
#4192 = CARTESIAN_POINT ( 'NONE',  ( -1.750000000000000000, 6.949999999999999289, 2.490000000000000213 ) ) ;
#4193 = CARTESIAN_POINT ( 'NONE',  ( -4.754999999999999893, 4.000000000000000000, 0.3699999999999999956 ) ) ;
#4194 = ORIENTED_EDGE ( 'NONE', *, *, #3161, .F. ) ;
#4195 = VERTEX_POINT ( 'NONE', #1130 ) ;
#4196 = EDGE_CURVE ( 'NONE', #4195, #3602, #4168, .T. ) ;
#4197 = VECTOR ( 'NONE', #4293, 1000.000000000000000 ) ;
#4198 = LINE ( 'NONE', #2633, #3485 ) ;
#4199 = CARTESIAN_POINT ( 'NONE',  ( 2.584999999999999964, 3.750000000000000000, 0.2400000000000000189 ) ) ;
#4200 = ORIENTED_EDGE ( 'NONE', *, *, #1703, .F. ) ;
#4201 = EDGE_LOOP ( 'NONE', ( #4355, #3336, #542, #332 ) ) ;
#4202 = ADVANCED_FACE ( 'NONE', ( #4520 ), #3042, .F. ) ;
#4203 = CARTESIAN_POINT ( 'NONE',  ( -3.425000000000000266, 7.450000000000000178, 2.200000000000000178 ) ) ;
#4204 = DIRECTION ( 'NONE',  ( 0.000000000000000000, 0.7071067811865450192, 0.7071067811865500152 ) ) ;
#4205 = LINE ( 'NONE', #2338, #2529 ) ;
#4206 = VERTEX_POINT ( 'NONE', #3416 ) ;
#4207 = ADVANCED_FACE ( 'NONE', ( #2673 ), #2241, .T. ) ;
#4208 = ORIENTED_EDGE ( 'NONE', *, *, #3062, .T. ) ;
#4209 = ORIENTED_EDGE ( 'NONE', *, *, #4237, .F. ) ;
#4210 = LINE ( 'NONE', #1263, #3864 ) ;
#4211 = CARTESIAN_POINT ( 'NONE',  ( 1.425000000000000044, 7.450000000000000178, 1.909999999999999920 ) ) ;
#4212 = LINE ( 'NONE', #1644, #2774 ) ;
#4213 = LINE ( 'NONE', #847, #4252 ) ;
#4214 = EDGE_CURVE ( 'NONE', #1916, #1410, #805, .T. ) ;
#4215 = DIRECTION ( 'NONE',  ( 0.000000000000000000, 1.000000000000000000, 0.000000000000000000 ) ) ;
#4216 = CARTESIAN_POINT ( 'NONE',  ( -1.750000000000000000, 11.35999999899999935, 0.8399999999999600009 ) ) ;
#4217 = DIRECTION ( 'NONE',  ( -0.4472135954999599261, 0.8944271909999148562, 0.000000000000000000 ) ) ;
#4218 = LINE ( 'NONE', #4271, #2066 ) ;
#4219 = ORIENTED_EDGE ( 'NONE', *, *, #2013, .T. ) ;
#4220 = VERTEX_POINT ( 'NONE', #442 ) ;
#4222 = CARTESIAN_POINT ( 'NONE',  ( -4.584999999999999964, 4.049999999999999822, -0.01999999999999539646 ) ) ;
#4221 = CARTESIAN_POINT ( 'NONE',  ( -1.750000000000000000, 11.59999999900000134, -0.06000000000003419959 ) ) ;
#4223 = DIRECTION ( 'NONE',  ( -1.000000000000000000, 0.000000000000000000, -5.825563911862491159E-15 ) ) ;
#4224 = LINE ( 'NONE', #128, #2846 ) ;
#4225 = EDGE_LOOP ( 'NONE', ( #3247, #4011, #4250, #121, #3835, #351 ) ) ;
#4226 = ORIENTED_EDGE ( 'NONE', *, *, #2252, .T. ) ;
#4227 = LINE ( 'NONE', #862, #2073 ) ;
#4228 = CARTESIAN_POINT ( 'NONE',  ( 1.925000000000000044, 6.150000000000000355, 1.909999999999999920 ) ) ;
#4229 = ADVANCED_FACE ( 'NONE', ( #2309 ), #2634, .F. ) ;
#4230 = CARTESIAN_POINT ( 'NONE',  ( 0.2500000000000000000, 11.69999999899999921, 0.03999999999996569494 ) ) ;
#4231 = VERTEX_POINT ( 'NONE', #1498 ) ;
#4232 = ORIENTED_EDGE ( 'NONE', *, *, #4626, .T. ) ;
#4233 = EDGE_LOOP ( 'NONE', ( #4473, #444, #4538, #4460 ) ) ;
#4234 = DIRECTION ( 'NONE',  ( -4.336808689942010636E-15, 1.000000000000000000, 0.000000000000000000 ) ) ;
#4235 = CARTESIAN_POINT ( 'NONE',  ( -4.575000000000000178, 7.700000000000000178, 2.290000000000000036 ) ) ;
#4236 = EDGE_CURVE ( 'NONE', #1777, #2432, #3804, .T. ) ;
#4237 = EDGE_CURVE ( 'NONE', #4824, #4517, #2261, .T. ) ;
#4238 = CARTESIAN_POINT ( 'NONE',  ( -4.325000000000000178, 6.150000000000000355, 1.729999999999999982 ) ) ;
#4239 = CARTESIAN_POINT ( 'NONE',  ( 1.474999999999999867, 7.299999999999999822, 2.160000000000000142 ) ) ;
#4240 = DIRECTION ( 'NONE',  ( 0.000000000000000000, 1.000000000000000000, 0.000000000000000000 ) ) ;
#4241 = LINE ( 'NONE', #3453, #3100 ) ;
#4242 = PLANE ( 'NONE',  #4036 ) ;
#4243 = CARTESIAN_POINT ( 'NONE',  ( 2.725000000000000089, 4.000000000000000000, -0.06000000000000000472 ) ) ;
#4244 = ORIENTED_EDGE ( 'NONE', *, *, #3988, .F. ) ;
#4245 = ORIENTED_EDGE ( 'NONE', *, *, #3830, .F. ) ;
#4247 = LINE ( 'NONE', #4222, #4567 ) ;
#4246 = PLANE ( 'NONE',  #1294 ) ;
#4248 = CARTESIAN_POINT ( 'NONE',  ( -4.145000000000000462, 7.299999999999999822, 1.909999999999999920 ) ) ;
#4249 = DIRECTION ( 'NONE',  ( 0.000000000000000000, 1.000000000000000000, 0.000000000000000000 ) ) ;
#4250 = ORIENTED_EDGE ( 'NONE', *, *, #3629, .T. ) ;
#4251 = ORIENTED_EDGE ( 'NONE', *, *, #2664, .F. ) ;
#4252 = VECTOR ( 'NONE', #3866, 1000.000000000000000 ) ;
#4253 = VECTOR ( 'NONE', #3929, 1000.000000000000000 ) ;
#4254 = CARTESIAN_POINT ( 'NONE',  ( 0.2500000000000000000, 11.35000000000000142, -0.02000000000000489928 ) ) ;
#4255 = LINE ( 'NONE', #4287, #809 ) ;
#4256 = DIRECTION ( 'NONE',  ( 2.727552635183660166E-16, 0.000000000000000000, 1.000000000000000000 ) ) ;
#4257 = ORIENTED_EDGE ( 'NONE', *, *, #3282, .F. ) ;
#4258 = AXIS2_PLACEMENT_3D ( 'NONE', #3631, #955, #2877 ) ;
#4259 = EDGE_CURVE ( 'NONE', #4020, #3028, #1154, .T. ) ;
#4260 = EDGE_LOOP ( 'NONE', ( #4323, #2467, #1483, #4365, #326 ) ) ;
#4261 = ORIENTED_EDGE ( 'NONE', *, *, #836, .F. ) ;
#4262 = CARTESIAN_POINT ( 'NONE',  ( -4.325000000000000178, 5.049999999999999822, 1.729999999999999982 ) ) ;
#4263 = CARTESIAN_POINT ( 'NONE',  ( -4.975000000000000533, 11.35000000000000142, 2.540000000000000036 ) ) ;
#4264 = AXIS2_PLACEMENT_3D ( 'NONE', #844, #1161, #1583 ) ;
#4265 = DIRECTION ( 'NONE',  ( 1.000000000000000000, 0.000000000000000000, 4.808961248927650018E-16 ) ) ;
#4266 = DIRECTION ( 'NONE',  ( -6.240012503513690548E-16, 0.000000000000000000, 1.000000000000000000 ) ) ;
#4267 = EDGE_CURVE ( 'NONE', #79, #2803, #1481, .T. ) ;
#4268 = VECTOR ( 'NONE', #395, 1000.000000000000000 ) ;
#4269 = DIRECTION ( 'NONE',  ( -1.000000000000000000, 0.000000000000000000, 3.872150616019790475E-16 ) ) ;
#4270 = CARTESIAN_POINT ( 'NONE',  ( -4.630501004020100453, 4.000000000000000000, 0.2400000000000030165 ) ) ;
#4271 = CARTESIAN_POINT ( 'NONE',  ( -3.474999999999999645, 4.000000000000000000, 2.160000000000000142 ) ) ;
#4272 = AXIS2_PLACEMENT_3D ( 'NONE', #4082, #721, #2219 ) ;
#4273 = ORIENTED_EDGE ( 'NONE', *, *, #1540, .F. ) ;
#4274 = VECTOR ( 'NONE', #4303, 1000.000000000000000 ) ;
#4275 = VERTEX_POINT ( 'NONE', #72 ) ;
#4276 = EDGE_CURVE ( 'NONE', #3328, #4684, #2, .T. ) ;
#4277 = VECTOR ( 'NONE', #3115, 1000.000000000000000 ) ;
#4278 = VECTOR ( 'NONE', #4321, 1000.000000000000000 ) ;
#4280 = CARTESIAN_POINT ( 'NONE',  ( -2.194999999999999840, 6.599999999999999645, 0.3099999999999999978 ) ) ;
#4279 = CARTESIAN_POINT ( 'NONE',  ( -2.100000000000090239, 6.599999999999999645, 1.690000000000000169 ) ) ;
#4281 = DIRECTION ( 'NONE',  ( 0.000000000000000000, 0.000000000000000000, 1.000000000000000000 ) ) ;
#4282 = DIRECTION ( 'NONE',  ( -3.075197778475569974E-32, -1.000000000000000000, -9.856383386231858827E-17 ) ) ;
#4283 = EDGE_LOOP ( 'NONE', ( #1065, #1657, #2213, #3486, #1882, #259 ) ) ;
#4284 = ORIENTED_EDGE ( 'NONE', *, *, #4236, .F. ) ;
#4285 = VECTOR ( 'NONE', #822, 1000.000000000000000 ) ;
#4286 = LINE ( 'NONE', #3205, #2390 ) ;
#4287 = CARTESIAN_POINT ( 'NONE',  ( -4.724999999999999645, 6.599999999999999645, -0.05999999999999930389 ) ) ;
#4288 = LINE ( 'NONE', #3129, #3155 ) ;
#4289 = ORIENTED_EDGE ( 'NONE', *, *, #4814, .T. ) ;
#4290 = ORIENTED_EDGE ( 'NONE', *, *, #1480, .T. ) ;
#4291 = VERTEX_POINT ( 'NONE', #3774 ) ;
#4292 = DIRECTION ( 'NONE',  ( 5.825563911862400440E-15, 0.000000000000000000, -1.000000000000000000 ) ) ;
#4293 = DIRECTION ( 'NONE',  ( 5.455105270367320332E-16, 0.000000000000000000, 1.000000000000000000 ) ) ;
#4294 = CARTESIAN_POINT ( 'NONE',  ( -1.750000000000000000, 11.69999999899999921, 0.03999999999996579902 ) ) ;
#4295 = LINE ( 'NONE', #3509, #1271 ) ;
#4296 = ADVANCED_FACE ( 'NONE', ( #1574 ), #4147, .T. ) ;
#4297 = CARTESIAN_POINT ( 'NONE',  ( 2.975000000000000089, 11.35000000000000142, 2.540000000000000036 ) ) ;
#4298 = PLANE ( 'NONE',  #115 ) ;
#4299 = DIRECTION ( 'NONE',  ( 0.000000000000000000, 1.000000000000000000, 0.000000000000000000 ) ) ;
#4300 = EDGE_CURVE ( 'NONE', #4839, #968, #4472, .T. ) ;
#4301 = ORIENTED_EDGE ( 'NONE', *, *, #1397, .T. ) ;
#4302 = ORIENTED_EDGE ( 'NONE', *, *, #1334, .T. ) ;
#4303 = DIRECTION ( 'NONE',  ( 4.765723835101129563E-16, 0.000000000000000000, 1.000000000000000000 ) ) ;
#4304 = CARTESIAN_POINT ( 'NONE',  ( -1.750000000000000000, 11.69999999899999921, 0.03999999999996569494 ) ) ;
#4305 = DIRECTION ( 'NONE',  ( 0.000000000000000000, 1.000000000000000000, 0.000000000000000000 ) ) ;
#4306 = EDGE_CURVE ( 'NONE', #750, #2277, #1876, .T. ) ;
#4307 = EDGE_LOOP ( 'NONE', ( #373, #1753, #4645, #3997, #985, #558, #867, #3622, #3019, #4385 ) ) ;
#4308 = ORIENTED_EDGE ( 'NONE', *, *, #1587, .F. ) ;
#4309 = ADVANCED_FACE ( 'NONE', ( #1895 ), #3386, .F. ) ;
#4310 = LINE ( 'NONE', #920, #3398 ) ;
#4311 = DIRECTION ( 'NONE',  ( 1.000000000000000000, 0.000000000000000000, 0.000000000000000000 ) ) ;
#4312 = ORIENTED_EDGE ( 'NONE', *, *, #2621, .F. ) ;
#4313 = ORIENTED_EDGE ( 'NONE', *, *, #551, .F. ) ;
#4314 = ADVANCED_FACE ( 'NONE', ( #391 ), #3022, .T. ) ;
#4315 = ORIENTED_EDGE ( 'NONE', *, *, #2833, .F. ) ;
#4316 = VERTEX_POINT ( 'NONE', #4617 ) ;
#4317 = PLANE ( 'NONE',  #4573 ) ;
#4318 = DIRECTION ( 'NONE',  ( 6.240012503513690548E-16, 0.000000000000000000, -1.000000000000000000 ) ) ;
#4319 = DIRECTION ( 'NONE',  ( 0.000000000000000000, 1.000000000000000000, 0.000000000000000000 ) ) ;
#4320 = DIRECTION ( 'NONE',  ( 0.000000000000000000, -1.000000000000000000, 0.000000000000000000 ) ) ;
#4321 = DIRECTION ( 'NONE',  ( 0.000000000000000000, 0.000000000000000000, 1.000000000000000000 ) ) ;
#4322 = DIRECTION ( 'NONE',  ( 0.000000000000000000, 0.000000000000000000, -1.000000000000000000 ) ) ;
#4323 = ORIENTED_EDGE ( 'NONE', *, *, #4665, .T. ) ;
#4324 = EDGE_CURVE ( 'NONE', #2357, #2446, #1775, .T. ) ;
#4325 = CARTESIAN_POINT ( 'NONE',  ( 2.324999999999999734, 9.099999999999999645, 2.200000000000000178 ) ) ;
#4326 = DIRECTION ( 'NONE',  ( 0.000000000000000000, 0.000000000000000000, -1.000000000000000000 ) ) ;
#4327 = CYLINDRICAL_SURFACE ( 'NONE', #4165, 0.4300000000000000488 ) ;
#4328 = VERTEX_POINT ( 'NONE', #1654 ) ;
#4329 = EDGE_LOOP ( 'NONE', ( #1215, #2100, #3650, #282 ) ) ;
#4330 = EDGE_CURVE ( 'NONE', #4468, #3580, #3122, .T. ) ;
#4331 = ADVANCED_FACE ( 'NONE', ( #857 ), #3907, .T. ) ;
#4332 = LINE ( 'NONE', #3619, #976 ) ;
#4333 = LINE ( 'NONE', #2123, #4427 ) ;
#4334 = EDGE_LOOP ( 'NONE', ( #3670, #2640, #4170, #1632, #3371, #2656, #3527, #3208, #339, #2773 ) ) ;
#4335 = ORIENTED_EDGE ( 'NONE', *, *, #2706, .T. ) ;
#4336 = EDGE_CURVE ( 'NONE', #4644, #967, #2829, .T. ) ;
#4337 = VECTOR ( 'NONE', #2680, 1000.000000000000000 ) ;
#4338 = ORIENTED_EDGE ( 'NONE', *, *, #2921, .F. ) ;
#4339 = VERTEX_POINT ( 'NONE', #2436 ) ;
#4340 = CARTESIAN_POINT ( 'NONE',  ( -4.315000000000000391, 6.750000000000000000, -0.02000000000000489928 ) ) ;
#4341 = FACE_OUTER_BOUND ( 'NONE', #2968, .T. ) ;
#4342 = DIRECTION ( 'NONE',  ( 0.000000000000000000, 0.000000000000000000, -1.000000000000000000 ) ) ;
#4343 = VECTOR ( 'NONE', #4637, 1000.000000000000000 ) ;
#4344 = VECTOR ( 'NONE', #846, 1000.000000000000000 ) ;
#4345 = CARTESIAN_POINT ( 'NONE',  ( -4.145000000000000462, 6.599999999999999645, 1.729999999999999982 ) ) ;
#4346 = LINE ( 'NONE', #2504, #4043 ) ;
#4347 = DIRECTION ( 'NONE',  ( 0.000000000000000000, -1.000000000000000000, 0.000000000000000000 ) ) ;
#4348 = AXIS2_PLACEMENT_3D ( 'NONE', #253, #1758, #3226 ) ;
#4349 = EDGE_LOOP ( 'NONE', ( #960, #1853, #4038, #1468 ) ) ;
#4350 = CARTESIAN_POINT ( 'NONE',  ( -1.804999999999999938, 6.599999999999999645, 0.1800000000000030187 ) ) ;
#4351 = VECTOR ( 'NONE', #3432, 1000.000000000000000 ) ;
#4352 = CARTESIAN_POINT ( 'NONE',  ( 2.575000000000000178, 7.700000000000000178, 1.690000000000000169 ) ) ;
#4353 = VECTOR ( 'NONE', #1310, 1000.000000000000000 ) ;
#4354 = CARTESIAN_POINT ( 'NONE',  ( 2.314999999999999947, 9.099999999999999645, 0.2700000000000000178 ) ) ;
#4355 = ORIENTED_EDGE ( 'NONE', *, *, #696, .T. ) ;
#4356 = ORIENTED_EDGE ( 'NONE', *, *, #4079, .F. ) ;
#4357 = EDGE_CURVE ( 'NONE', #940, #1602, #1919, .T. ) ;
#4358 = AXIS2_PLACEMENT_3D ( 'NONE', #4052, #711, #1100 ) ;
#4359 = FACE_OUTER_BOUND ( 'NONE', #439, .T. ) ;
#4360 = CARTESIAN_POINT ( 'NONE',  ( -4.584999999999999964, 6.599999999999999645, 0.3108392021689809770 ) ) ;
#4361 = ORIENTED_EDGE ( 'NONE', *, *, #1141, .T. ) ;
#4362 = VECTOR ( 'NONE', #748, 1000.000000000000000 ) ;
#4363 = EDGE_LOOP ( 'NONE', ( #3828, #3117, #3770, #3800, #4787, #4131 ) ) ;
#4364 = EDGE_CURVE ( 'NONE', #1974, #4085, #3518, .T. ) ;
#4365 = ORIENTED_EDGE ( 'NONE', *, *, #3830, .T. ) ;
#4366 = ORIENTED_EDGE ( 'NONE', *, *, #1695, .T. ) ;
#4367 = LINE ( 'NONE', #1766, #3868 ) ;
#4368 = CARTESIAN_POINT ( 'NONE',  ( -4.325000000000000178, 6.599999999999999645, 1.729999999999999982 ) ) ;
#4369 = EDGE_CURVE ( 'NONE', #768, #2230, #4699, .T. ) ;
#4370 = EDGE_CURVE ( 'NONE', #1213, #2511, #938, .T. ) ;
#4371 = DIRECTION ( 'NONE',  ( -1.000000000000000000, 0.000000000000000000, 0.000000000000000000 ) ) ;
#4372 = DIRECTION ( 'NONE',  ( 0.000000000000000000, -1.000000000000000000, 0.000000000000000000 ) ) ;
#4373 =( NAMED_UNIT ( * ) PLANE_ANGLE_UNIT ( ) SI_UNIT ( $, .RADIAN. ) );
#4374 = CARTESIAN_POINT ( 'NONE',  ( 0.9250000000000000444, 8.050000000000000711, 2.250000000000000000 ) ) ;
#4375 = ADVANCED_FACE ( 'NONE', ( #3540 ), #1228, .F. ) ;
#4376 = ORIENTED_EDGE ( 'NONE', *, *, #3938, .T. ) ;
#4377 = DIRECTION ( 'NONE',  ( 1.000000000000000000, 0.000000000000000000, -4.170008355713390376E-16 ) ) ;
#4378 = PLANE ( 'NONE',  #1849 ) ;
#4379 = DIRECTION ( 'NONE',  ( 1.000000000000000000, 0.000000000000000000, 0.000000000000000000 ) ) ;
#4380 = EDGE_LOOP ( 'NONE', ( #4312, #570, #4067, #4598, #2602, #2081, #2262, #2558, #428, #4490, #3285, #4652 ) ) ;
#4381 = ORIENTED_EDGE ( 'NONE', *, *, #3333, .T. ) ;
#4382 = LINE ( 'NONE', #2512, #4108 ) ;
#4383 = DIRECTION ( 'NONE',  ( -1.000000000000000000, 0.000000000000000000, 3.914087265290639989E-16 ) ) ;
#4384 = CARTESIAN_POINT ( 'NONE',  ( -0.1950000000000000067, 6.599999999999999645, 0.3099999999999999978 ) ) ;
#4385 = ORIENTED_EDGE ( 'NONE', *, *, #1931, .T. ) ;
#4386 = ORIENTED_EDGE ( 'NONE', *, *, #1020, .T. ) ;
#4387 = ORIENTED_EDGE ( 'NONE', *, *, #3717, .T. ) ;
#4388 = ORIENTED_EDGE ( 'NONE', *, *, #220, .F. ) ;
#4389 = EDGE_CURVE ( 'NONE', #1832, #1073, #958, .T. ) ;
#4390 = LINE ( 'NONE', #1368, #4031 ) ;
#4391 = LINE ( 'NONE', #1835, #4362 ) ;
#4392 = ADVANCED_FACE ( 'NONE', ( #4642 ), #2413, .F. ) ;
#4393 = LINE ( 'NONE', #3121, #4028 ) ;
#4394 = EDGE_CURVE ( 'NONE', #2663, #3691, #3850, .T. ) ;
#4395 = DIRECTION ( 'NONE',  ( -4.274258564606250059E-16, 0.000000000000000000, -1.000000000000000000 ) ) ;
#4396 = CARTESIAN_POINT ( 'NONE',  ( 3.375000000000000000, 4.000000000000000000, -0.06000000000000080269 ) ) ;
#4397 = ORIENTED_EDGE ( 'NONE', *, *, #3056, .F. ) ;
#4398 = LINE ( 'NONE', #246, #3718 ) ;
#4399 = FACE_OUTER_BOUND ( 'NONE', #2362, .T. ) ;
#4400 = FACE_OUTER_BOUND ( 'NONE', #2485, .T. ) ;
#4401 = ORIENTED_EDGE ( 'NONE', *, *, #1594, .T. ) ;
#4402 = ORIENTED_EDGE ( 'NONE', *, *, #1866, .T. ) ;
#4403 = CARTESIAN_POINT ( 'NONE',  ( -4.145000000000000462, 4.000000000000000000, 1.729999999999999982 ) ) ;
#4404 = DIRECTION ( 'NONE',  ( 0.000000000000000000, 0.000000000000000000, -1.000000000000000000 ) ) ;
#4405 = EDGE_LOOP ( 'NONE', ( #2455, #2460, #177, #4387 ) ) ;
#4406 = EDGE_LOOP ( 'NONE', ( #443, #3645, #78, #1942 ) ) ;
#4407 = VERTEX_POINT ( 'NONE', #4248 ) ;
#4408 = ORIENTED_EDGE ( 'NONE', *, *, #3427, .T. ) ;
#4409 = VECTOR ( 'NONE', #382, 1000.000000000000000 ) ;
#4410 = CARTESIAN_POINT ( 'NONE',  ( -2.194999999999999840, 6.599999999999999645, 0.1799999999999959965 ) ) ;
#4411 = DIRECTION ( 'NONE',  ( 0.000000000000000000, -1.000000000000000000, 0.000000000000000000 ) ) ;
#4412 = EDGE_CURVE ( 'NONE', #2943, #1126, #599, .T. ) ;
#4413 = AXIS2_PLACEMENT_3D ( 'NONE', #3981, #668, #3221 ) ;
#4414 = PLANE ( 'NONE',  #2687 ) ;
#4415 = CARTESIAN_POINT ( 'NONE',  ( 2.584999999999999964, 9.099999999999999645, 2.200000000000000178 ) ) ;
#4416 = VECTOR ( 'NONE', #3996, 1000.000000000000000 ) ;
#4417 = DIRECTION ( 'NONE',  ( -1.000000000000000000, 0.000000000000000000, -2.007781800899149950E-16 ) ) ;
#4418 = EDGE_CURVE ( 'NONE', #2290, #3982, #2779, .T. ) ;
#4419 = ORIENTED_EDGE ( 'NONE', *, *, #2841, .F. ) ;
#4420 = DIRECTION ( 'NONE',  ( -2.759787348144920126E-15, -1.000000000000000000, 0.000000000000000000 ) ) ;
#4421 = PLANE ( 'NONE',  #2083 ) ;
#4422 = FACE_OUTER_BOUND ( 'NONE', #4225, .T. ) ;
#4423 = DIRECTION ( 'NONE',  ( -3.818573689257119992E-16, 0.000000000000000000, 1.000000000000000000 ) ) ;
#4424 = ORIENTED_EDGE ( 'NONE', *, *, #2567, .F. ) ;
#4425 = VECTOR ( 'NONE', #508, 1000.000000000000000 ) ;
#4426 = EDGE_CURVE ( 'NONE', #1809, #1990, #174, .T. ) ;
#4427 = VECTOR ( 'NONE', #4007, 1000.000000000000000 ) ;
#4428 = AXIS2_PLACEMENT_3D ( 'NONE', #4012, #3554, #4081 ) ;
#4429 = CARTESIAN_POINT ( 'NONE',  ( 2.324999999999999734, 6.150000000000000355, 1.729999999999999982 ) ) ;
#4430 = DIRECTION ( 'NONE',  ( 0.000000000000000000, -1.000000000000000000, 0.000000000000000000 ) ) ;
#4431 = ORIENTED_EDGE ( 'NONE', *, *, #4749, .T. ) ;
#4432 = ORIENTED_EDGE ( 'NONE', *, *, #190, .T. ) ;
#4433 = VECTOR ( 'NONE', #547, 1000.000000000000000 ) ;
#4434 = AXIS2_PLACEMENT_3D ( 'NONE', #2331, #3826, #1597 ) ;
#4435 = ORIENTED_EDGE ( 'NONE', *, *, #3911, .F. ) ;
#4436 = EDGE_LOOP ( 'NONE', ( #3542, #3040, #1236, #4338, #1740, #3018 ) ) ;
#4437 = PRESENTATION_LAYER_ASSIGNMENT (  '', '', ( #1613 ) ) ;
#4438 = AXIS2_PLACEMENT_3D ( 'NONE', #342, #1848, #1403 ) ;
#4439 = CARTESIAN_POINT ( 'NONE',  ( -2.250000000000000000, 6.949999999999999289, 2.540000000000000036 ) ) ;
#4440 = DIRECTION ( 'NONE',  ( -2.889600905136991703E-15, -0.8661855860486004088, 0.4997224534895772785 ) ) ;
#4441 = AXIS2_PLACEMENT_3D ( 'NONE', #770, #4087, #2269 ) ;
#4442 = EDGE_LOOP ( 'NONE', ( #4456, #3203, #153, #3325, #2631, #973, #648, #212 ) ) ;
#4443 = DIRECTION ( 'NONE',  ( 0.000000000000000000, -1.000000000000000000, 0.000000000000000000 ) ) ;
#4444 = DIRECTION ( 'NONE',  ( -3.154042683594190092E-15, -1.000000000000000000, 0.000000000000000000 ) ) ;
#4445 = CARTESIAN_POINT ( 'NONE',  ( 0.1950000000000000067, 6.599999999999999645, 0.3099999999999999978 ) ) ;
#4446 = EDGE_LOOP ( 'NONE', ( #4574, #1709, #4060, #3529, #103, #3388, #1045, #305, #4464, #1965, #1692, #2903, #1693, #3719, #1947, #1689, #3504, #3370, #3521, #4469, #582, #4077, #2890, #2934, #409, #411, #4061, #2171, #4424, #152, #255, #184, #2040, #3176, #1436, #3254, #724, #461, #2302, #37, #4686, #4811, #1784, #2974 ) ) ;
#4447 = DIRECTION ( 'NONE',  ( 0.000000000000000000, 1.000000000000000000, 0.000000000000000000 ) ) ;
#4448 = EDGE_CURVE ( 'NONE', #3775, #4339, #126, .T. ) ;
#4449 = PLANE ( 'NONE',  #4186 ) ;
#4450 = DIRECTION ( 'NONE',  ( 0.000000000000000000, 0.000000000000000000, 1.000000000000000000 ) ) ;
#4451 = ORIENTED_EDGE ( 'NONE', *, *, #2231, .T. ) ;
#4452 = PLANE ( 'NONE',  #1920 ) ;
#4453 = ADVANCED_FACE ( 'NONE', ( #3173 ), #4676, .T. ) ;
#4454 = EDGE_CURVE ( 'NONE', #4195, #2775, #1352, .T. ) ;
#4455 = ORIENTED_EDGE ( 'NONE', *, *, #2864, .T. ) ;
#4456 = ORIENTED_EDGE ( 'NONE', *, *, #4144, .F. ) ;
#4457 = VERTEX_POINT ( 'NONE', #4743 ) ;
#4458 = DIRECTION ( 'NONE',  ( -1.000000000000000000, 0.000000000000000000, 0.000000000000000000 ) ) ;
#4459 = FACE_OUTER_BOUND ( 'NONE', #4329, .T. ) ;
#4460 = ORIENTED_EDGE ( 'NONE', *, *, #1506, .T. ) ;
#4461 = LINE ( 'NONE', #334, #731 ) ;
#4462 = CARTESIAN_POINT ( 'NONE',  ( 1.474999999999999867, 4.000000000000000000, 2.160000000000000142 ) ) ;
#4463 = DIRECTION ( 'NONE',  ( 0.000000000000000000, 0.000000000000000000, 1.000000000000000000 ) ) ;
#4464 = ORIENTED_EDGE ( 'NONE', *, *, #636, .T. ) ;
#4465 = LINE ( 'NONE', #2900, #2084 ) ;
#4466 = DIRECTION ( 'NONE',  ( 0.000000000000000000, 1.000000000000000000, 0.000000000000000000 ) ) ;
#4467 = CARTESIAN_POINT ( 'NONE',  ( 1.474999999999999867, 6.599999999999999645, 1.909999999999999920 ) ) ;
#4468 = VERTEX_POINT ( 'NONE', #3296 ) ;
#4469 = ORIENTED_EDGE ( 'NONE', *, *, #841, .T. ) ;
#4470 = EDGE_CURVE ( 'NONE', #2065, #550, #2189, .T. ) ;
#4471 = DIRECTION ( 'NONE',  ( 0.000000000000000000, 0.000000000000000000, -1.000000000000000000 ) ) ;
#4472 = LINE ( 'NONE', #1106, #1608 ) ;
#4473 = ORIENTED_EDGE ( 'NONE', *, *, #525, .T. ) ;
#4474 = ORIENTED_EDGE ( 'NONE', *, *, #1054, .F. ) ;
#4475 = ADVANCED_FACE ( 'NONE', ( #4073 ), #4378, .F. ) ;
#4476 = EDGE_CURVE ( 'NONE', #2590, #940, #319, .T. ) ;
#4477 = FACE_OUTER_BOUND ( 'NONE', #3513, .T. ) ;
#4478 = CARTESIAN_POINT ( 'NONE',  ( 2.145000000000000018, 5.049999999999999822, 1.909999999999999920 ) ) ;
#4479 = ADVANCED_FACE ( 'NONE', ( #2901 ), #2851, .T. ) ;
#4480 = ORIENTED_EDGE ( 'NONE', *, *, #4494, .T. ) ;
#4481 = CARTESIAN_POINT ( 'NONE',  ( 1.425000000000000044, 8.050000000000000711, 2.540000000000000036 ) ) ;
#4482 = CARTESIAN_POINT ( 'NONE',  ( 1.425000000000000044, 3.750000000000000000, 2.540000000000000036 ) ) ;
#4483 = DIRECTION ( 'NONE',  ( 0.000000000000000000, 0.000000000000000000, -1.000000000000000000 ) ) ;
#4484 = VECTOR ( 'NONE', #344, 1000.000000000000000 ) ;
#4485 = DIRECTION ( 'NONE',  ( 0.000000000000000000, -1.000000000000000000, 0.000000000000000000 ) ) ;
#4486 = CARTESIAN_POINT ( 'NONE',  ( 2.145000000000000018, 5.049999999999999822, 1.729999999999999982 ) ) ;
#4487 = DIRECTION ( 'NONE',  ( 6.377659838150050386E-16, 0.000000000000000000, 1.000000000000000000 ) ) ;
#4488 = ORIENTED_EDGE ( 'NONE', *, *, #937, .F. ) ;
#4489 = AXIS2_PLACEMENT_3D ( 'NONE', #709, #1936, #3339 ) ;
#4490 = ORIENTED_EDGE ( 'NONE', *, *, #1634, .F. ) ;
#4491 = CARTESIAN_POINT ( 'NONE',  ( 3.375000000000000000, 6.599999999999999645, -0.06000000000000080269 ) ) ;
#4492 = DIRECTION ( 'NONE',  ( -1.000000000000000000, 0.000000000000000000, 0.000000000000000000 ) ) ;
#4493 = VECTOR ( 'NONE', #725, 1000.000000000000000 ) ;
#4494 = EDGE_CURVE ( 'NONE', #79, #997, #4582, .T. ) ;
#4495 = ORIENTED_EDGE ( 'NONE', *, *, #2769, .T. ) ;
#4496 = ORIENTED_EDGE ( 'NONE', *, *, #1877, .T. ) ;
#4497 = AXIS2_PLACEMENT_3D ( 'NONE', #2476, #4292, #583 ) ;
#4498 = PLANE ( 'NONE',  #662 ) ;
#4499 = CARTESIAN_POINT ( 'NONE',  ( -2.100000000000079581, 10.59999999999999964, 2.100000000000000089 ) ) ;
#4500 = VECTOR ( 'NONE', #1972, 1000.000000000000000 ) ;
#4501 = EDGE_CURVE ( 'NONE', #4, #398, #3594, .T. ) ;
#4502 = CIRCLE ( 'NONE', #4671, 0.1799999999999996048 ) ;
#4503 = VECTOR ( 'NONE', #2977, 1000.000000000000000 ) ;
#4504 = AXIS2_PLACEMENT_3D ( 'NONE', #905, #1705, #875 ) ;
#4505 = ORIENTED_EDGE ( 'NONE', *, *, #3152, .F. ) ;
#4506 = CARTESIAN_POINT ( 'NONE',  ( -4.584999999999999964, 4.049999999999999822, 0.3800000000000000044 ) ) ;
#4507 = DIRECTION ( 'NONE',  ( -4.765723835101129563E-16, 0.000000000000000000, -1.000000000000000000 ) ) ;
#4508 = ADVANCED_FACE ( 'NONE', ( #667 ), #3273, .T. ) ;
#4509 = EDGE_CURVE ( 'NONE', #4328, #2187, #1751, .T. ) ;
#4510 = LINE ( 'NONE', #3741, #1683 ) ;
#4511 = PLANE ( 'NONE',  #1828 ) ;
#4512 = VECTOR ( 'NONE', #1505, 1000.000000000000000 ) ;
#4513 = CARTESIAN_POINT ( 'NONE',  ( 0.1000000000000089984, 7.700000000000000178, 1.690000000000000169 ) ) ;
#4514 = CARTESIAN_POINT ( 'NONE',  ( 2.145000000000000018, 4.000000000000000000, 1.729999999999999982 ) ) ;
#4515 = LINE ( 'NONE', #1149, #2393 ) ;
#4516 = LINE ( 'NONE', #4557, #880 ) ;
#4517 = VERTEX_POINT ( 'NONE', #1010 ) ;
#4518 = VERTEX_POINT ( 'NONE', #3614 ) ;
#4519 = FACE_OUTER_BOUND ( 'NONE', #2445, .T. ) ;
#4520 = FACE_OUTER_BOUND ( 'NONE', #2031, .T. ) ;
#4521 = ORIENTED_EDGE ( 'NONE', *, *, #285, .T. ) ;
#4522 = ORIENTED_EDGE ( 'NONE', *, *, #1417, .F. ) ;
#4523 = DIRECTION ( 'NONE',  ( -3.118274358061502207E-16, -0.8661855860486004088, 0.4997224534895772785 ) ) ;
#4524 = PLANE ( 'NONE',  #1447 ) ;
#4525 = ADVANCED_FACE ( 'NONE', ( #3662 ), #2581, .T. ) ;
#4526 = ORIENTED_EDGE ( 'NONE', *, *, #842, .T. ) ;
#4527 = DIRECTION ( 'NONE',  ( 1.000000000000000000, 0.000000000000000000, -4.015563601798300393E-16 ) ) ;
#4528 = LINE ( 'NONE', #4183, #4285 ) ;
#4529 = CARTESIAN_POINT ( 'NONE',  ( -2.250000000000000000, 11.35999999899999935, 0.5399999999999649525 ) ) ;
#4530 = ORIENTED_EDGE ( 'NONE', *, *, #4718, .T. ) ;
#4531 = ADVANCED_FACE ( 'NONE', ( #4399 ), #4421, .F. ) ;
#4532 = ADVANCED_FACE ( 'NONE', ( #1453 ), #4449, .T. ) ;
#4533 = DIRECTION ( 'NONE',  ( -3.120006251756850204E-16, 0.000000000000000000, -1.000000000000000000 ) ) ;
#4534 = DIRECTION ( 'NONE',  ( -1.000000000000000000, 0.000000000000000000, 3.011672701348629892E-16 ) ) ;
#4535 = FACE_OUTER_BOUND ( 'NONE', #3039, .T. ) ;
#4536 = PLANE ( 'NONE',  #14 ) ;
#4537 = ORIENTED_EDGE ( 'NONE', *, *, #631, .F. ) ;
#4538 = ORIENTED_EDGE ( 'NONE', *, *, #5, .T. ) ;
#4539 = DIRECTION ( 'NONE',  ( -1.000000000000000000, 0.000000000000000000, 4.872818752743839266E-16 ) ) ;
#4540 = DIRECTION ( 'NONE',  ( 0.000000000000000000, -1.000000000000000000, 0.000000000000000000 ) ) ;
#4541 = EDGE_LOOP ( 'NONE', ( #786, #4455, #807, #4759 ) ) ;
#4542 = EDGE_LOOP ( 'NONE', ( #2889, #641, #3731, #945, #1554, #2310, #680, #4122 ) ) ;
#4543 = DIRECTION ( 'NONE',  ( 5.656706986880889655E-16, 1.000000000000000000, 0.000000000000000000 ) ) ;
#4544 = CARTESIAN_POINT ( 'NONE',  ( 1.199999999999999956, 6.250000000000000000, 3.939999999999999947 ) ) ;
#4545 = PLANE ( 'NONE',  #573 ) ;
#4546 = ORIENTED_EDGE ( 'NONE', *, *, #1025, .T. ) ;
#4547 = ORIENTED_EDGE ( 'NONE', *, *, #2894, .T. ) ;
#4548 = EDGE_LOOP ( 'NONE', ( #2651, #3230, #3571, #4679 ) ) ;
#4549 = CARTESIAN_POINT ( 'NONE',  ( -2.925000000000000266, 8.050000000000000711, -0.3310000000000080655 ) ) ;
#4550 = LINE ( 'NONE', #2642, #3802 ) ;
#4551 = CARTESIAN_POINT ( 'NONE',  ( -4.584999999999999964, 4.049999999999999822, 3.939999999999999947 ) ) ;
#4552 = ORIENTED_EDGE ( 'NONE', *, *, #2200, .T. ) ;
#4553 = EDGE_CURVE ( 'NONE', #503, #170, #4719, .T. ) ;
#4554 = DIRECTION ( 'NONE',  ( 1.577021341797099976E-15, -1.000000000000000000, 0.000000000000000000 ) ) ;
#4555 = DIRECTION ( 'NONE',  ( -1.275531967630009880E-15, 0.000000000000000000, 1.000000000000000000 ) ) ;
#4556 = CARTESIAN_POINT ( 'NONE',  ( -3.425000000000000266, 7.450000000000000178, 1.909999999999999920 ) ) ;
#4557 = CARTESIAN_POINT ( 'NONE',  ( 2.975000000000000089, 3.750000000000000000, 2.540000000000000036 ) ) ;
#4558 = ADVANCED_FACE ( 'NONE', ( #2487 ), #3980, .F. ) ;
#4559 = ORIENTED_EDGE ( 'NONE', *, *, #125, .T. ) ;
#4560 = ORIENTED_EDGE ( 'NONE', *, *, #3811, .F. ) ;
#4561 = DIRECTION ( 'NONE',  ( 0.000000000000000000, -1.000000000000000000, 0.000000000000000000 ) ) ;
#4562 = CARTESIAN_POINT ( 'NONE',  ( -4.975000000000000533, 11.35000000000000142, -0.02000000000000000042 ) ) ;
#4563 = EDGE_CURVE ( 'NONE', #1676, #750, #2508, .T. ) ;
#4564 = VERTEX_POINT ( 'NONE', #45 ) ;
#4565 = ORIENTED_EDGE ( 'NONE', *, *, #3643, .F. ) ;
#4566 = PRESENTATION_LAYER_ASSIGNMENT (  '', '', ( #410 ) ) ;
#4567 = VECTOR ( 'NONE', #3656, 1000.000000000000000 ) ;
#4568 = DIRECTION ( 'NONE',  ( -0.000000000000000000, 1.000000000000000000, 0.000000000000000000 ) ) ;
#4569 = CARTESIAN_POINT ( 'NONE',  ( -0.1950000000000000067, 6.599999999999999645, 0.3099999999999999978 ) ) ;
#4570 = CARTESIAN_POINT ( 'NONE',  ( 2.584999999999999964, 6.599999999999999645, 0.3800000000000000044 ) ) ;
#4571 = VERTEX_POINT ( 'NONE', #3705 ) ;
#4572 = EDGE_CURVE ( 'NONE', #1410, #3785, #1517, .T. ) ;
#4573 = AXIS2_PLACEMENT_3D ( 'NONE', #4761, #1344, #3943 ) ;
#4574 = ORIENTED_EDGE ( 'NONE', *, *, #1301, .T. ) ;
#4575 = ORIENTED_EDGE ( 'NONE', *, *, #159, .T. ) ;
#4576 = VECTOR ( 'NONE', #1592, 1000.000000000000000 ) ;
#4577 = VECTOR ( 'NONE', #1921, 1000.000000000000000 ) ;
#4578 = CARTESIAN_POINT ( 'NONE',  ( -4.145000000000000462, 6.150000000000000355, 2.160000000000000142 ) ) ;
#4579 = LINE ( 'NONE', #2819, #2632 ) ;
#4580 = LINE ( 'NONE', #4184, #2928 ) ;
#4581 = CARTESIAN_POINT ( 'NONE',  ( 2.324999999999999734, 6.599999999999999645, 1.729999999999999982 ) ) ;
#4582 = CIRCLE ( 'NONE', #815, 0.4000000000000000222 ) ;
#4583 = AXIS2_PLACEMENT_3D ( 'NONE', #4015, #2184, #313 ) ;
#4584 = PRODUCT_DEFINITION_SHAPE ( 'NONE', 'NONE',  #231 ) ;
#4585 = LINE ( 'NONE', #4513, #3408 ) ;
#4586 = CIRCLE ( 'NONE', #4189, 0.1800000000000000488 ) ;
#4587 = CARTESIAN_POINT ( 'NONE',  ( 0.1000000000000000056, 8.630000000000000782, 2.100000000000000089 ) ) ;
#4588 = AXIS2_PLACEMENT_3D ( 'NONE', #430, #1906, #3425 ) ;
#4589 = DIRECTION ( 'NONE',  ( -1.000000000000000000, 3.469446951953599989E-15, 0.000000000000000000 ) ) ;
#4590 = CARTESIAN_POINT ( 'NONE',  ( -1.750000000000000000, 11.35000000000000142, -0.02000000000000200229 ) ) ;
#4591 = VERTEX_POINT ( 'NONE', #3407 ) ;
#4592 = VERTEX_POINT ( 'NONE', #2274 ) ;
#4593 = EDGE_CURVE ( 'NONE', #1867, #4756, #1299, .T. ) ;
#4594 = DIRECTION ( 'NONE',  ( -0.000000000000000000, 1.000000000000000000, 0.000000000000000000 ) ) ;
#4595 = DIRECTION ( 'NONE',  ( 0.000000000000000000, -1.000000000000000000, 0.000000000000000000 ) ) ;
#4596 = LINE ( 'NONE', #3097, #4253 ) ;
#4597 = ORIENTED_EDGE ( 'NONE', *, *, #244, .F. ) ;
#4598 = ORIENTED_EDGE ( 'NONE', *, *, #2947, .T. ) ;
#4599 = ADVANCED_FACE ( 'NONE', ( #3345 ), #4159, .T. ) ;
#4600 = EDGE_CURVE ( 'NONE', #3724, #2396, #1148, .T. ) ;
#4601 = PLANE ( 'NONE',  #1125 ) ;
#4602 = CARTESIAN_POINT ( 'NONE',  ( 0.2500000000000000000, 6.699999999000020523, 0.3099999999999660250 ) ) ;
#4603 = DIRECTION ( 'NONE',  ( -1.691358778161570027E-32, -1.000000000000000000, 2.710505431213769713E-17 ) ) ;
#4604 = EDGE_LOOP ( 'NONE', ( #2689, #1833, #1462, #1260, #324, #4708, #2271, #2206 ) ) ;
#4605 = ORIENTED_EDGE ( 'NONE', *, *, #3841, .T. ) ;
#4606 = CARTESIAN_POINT ( 'NONE',  ( 0.2000000000000000111, 6.699999999000020523, 1.429999999999970184 ) ) ;
#4607 = CARTESIAN_POINT ( 'NONE',  ( 2.145000000000000018, 4.000000000000000000, 1.729999999999999982 ) ) ;
#4608 = CARTESIAN_POINT ( 'NONE',  ( 1.199999999999999956, 6.250000000000000000, 0.1800000000000000211 ) ) ;
#4609 = LINE ( 'NONE', #2403, #3549 ) ;
#4610 = CARTESIAN_POINT ( 'NONE',  ( -0.2000000000000000111, 6.699999999000020523, 0.3099999999999999978 ) ) ;
#4611 = CARTESIAN_POINT ( 'NONE',  ( -0.2500000000000000000, 11.35999999899999935, 0.8399999999999600009 ) ) ;
#4612 = CARTESIAN_POINT ( 'NONE',  ( 2.575000000000000178, 7.299999999999999822, 1.729999999999999982 ) ) ;
#4613 = ORIENTED_EDGE ( 'NONE', *, *, #3451, .T. ) ;
#4614 = VERTEX_POINT ( 'NONE', #758 ) ;
#4616 = DIRECTION ( 'NONE',  ( 0.000000000000000000, 1.000000000000000000, 0.000000000000000000 ) ) ;
#4615 = LINE ( 'NONE', #2435, #3715 ) ;
#4617 = CARTESIAN_POINT ( 'NONE',  ( -0.2000000000000000111, 9.099999999999999645, 0.3099999999999999978 ) ) ;
#4618 = PLANE ( 'NONE',  #794 ) ;
#4619 = ORIENTED_EDGE ( 'NONE', *, *, #192, .T. ) ;
#4620 = ORIENTED_EDGE ( 'NONE', *, *, #3242, .F. ) ;
#4621 = EDGE_CURVE ( 'NONE', #4825, #2995, #3014, .T. ) ;
#4622 = DIRECTION ( 'NONE',  ( 0.000000000000000000, -1.000000000000000000, 0.000000000000000000 ) ) ;
#4623 = CARTESIAN_POINT ( 'NONE',  ( 0.9250000000000000444, 5.750000000000000000, 2.540000000000000036 ) ) ;
#4624 = CARTESIAN_POINT ( 'NONE',  ( 0.2000000000000000111, 9.099999999999999645, 0.3099999999999999978 ) ) ;
#4625 = VERTEX_POINT ( 'NONE', #3431 ) ;
#4626 = EDGE_CURVE ( 'NONE', #1407, #1719, #4586, .T. ) ;
#4627 = EDGE_CURVE ( 'NONE', #3183, #789, #1568, .T. ) ;
#4628 = VERTEX_POINT ( 'NONE', #436 ) ;
#4629 = ORIENTED_EDGE ( 'NONE', *, *, #487, .T. ) ;
#4630 = CARTESIAN_POINT ( 'NONE',  ( -4.575000000000000178, 9.099999999999999645, 0.2700000000000000178 ) ) ;
#4631 = DIRECTION ( 'NONE',  ( -1.000000000000000000, 0.000000000000000000, 0.000000000000000000 ) ) ;
#4632 = DIRECTION ( 'NONE',  ( 1.000000000000000000, 0.000000000000000000, 6.259311511256510532E-16 ) ) ;
#4633 = DIRECTION ( 'NONE',  ( -3.154042683594190092E-15, -1.000000000000000000, -1.020782068556680008E-30 ) ) ;
#4634 = ADVANCED_FACE ( 'NONE', ( #2989 ), #3745, .T. ) ;
#4635 = CARTESIAN_POINT ( 'NONE',  ( -0.2500000000000000000, 11.69999999899999921, 0.03999999999996569494 ) ) ;
#4636 = DIRECTION ( 'NONE',  ( 1.000000000000000000, -2.252887631138710307E-15, 0.000000000000000000 ) ) ;
#4637 = DIRECTION ( 'NONE',  ( 0.000000000000000000, 1.000000000000000000, 0.000000000000000000 ) ) ;
#4638 = ORIENTED_EDGE ( 'NONE', *, *, #2980, .F. ) ;
#4639 = ORIENTED_EDGE ( 'NONE', *, *, #478, .F. ) ;
#4641 = CARTESIAN_POINT ( 'NONE',  ( -4.575000000000000178, 6.599999999999999645, 0.2700000000000000178 ) ) ;
#4640 = LINE ( 'NONE', #1276, #1605 ) ;
#4642 = FACE_OUTER_BOUND ( 'NONE', #1953, .T. ) ;
#4643 = DIRECTION ( 'NONE',  ( -1.000000000000000000, 0.000000000000000000, -3.818573689257119992E-16 ) ) ;
#4644 = VERTEX_POINT ( 'NONE', #4139 ) ;
#4645 = ORIENTED_EDGE ( 'NONE', *, *, #3588, .T. ) ;
#4646 = VECTOR ( 'NONE', #2317, 1000.000000000000000 ) ;
#4647 = ADVANCED_FACE ( 'NONE', ( #1167 ), #3728, .T. ) ;
#4648 = VECTOR ( 'NONE', #3467, 1000.000000000000000 ) ;
#4649 = CARTESIAN_POINT ( 'NONE',  ( 3.375000000000000000, 6.599999999999999645, 0.1900000000000000022 ) ) ;
#4650 = DIRECTION ( 'NONE',  ( -5.656706986880889655E-16, -1.000000000000000000, 0.000000000000000000 ) ) ;
#4651 = LINE ( 'NONE', #3810, #3551 ) ;
#4652 = ORIENTED_EDGE ( 'NONE', *, *, #1612, .T. ) ;
#4653 = AXIS2_PLACEMENT_3D ( 'NONE', #2917, #4738, #1053 ) ;
#4654 = ORIENTED_EDGE ( 'NONE', *, *, #3361, .T. ) ;
#4655 = EDGE_LOOP ( 'NONE', ( #3209, #3669, #1478, #1248 ) ) ;
#4656 = ADVANCED_FACE ( 'NONE', ( #712 ), #1939, .F. ) ;
#4657 = CARTESIAN_POINT ( 'NONE',  ( 1.199999999999999956, 4.049999999999999822, 0.3800000000000000044 ) ) ;
#4658 = DIRECTION ( 'NONE',  ( 0.000000000000000000, -1.000000000000000000, 0.000000000000000000 ) ) ;
#4659 = AXIS2_PLACEMENT_3D ( 'NONE', #3532, #1699, #3192 ) ;
#4660 = LINE ( 'NONE', #3817, #2999 ) ;
#4661 = CARTESIAN_POINT ( 'NONE',  ( 2.324999999999999734, 4.000000000000000000, 1.729999999999999982 ) ) ;
#4662 = AXIS2_PLACEMENT_3D ( 'NONE', #2592, #3393, #2963 ) ;
#4663 = VECTOR ( 'NONE', #2938, 1000.000000000000000 ) ;
#4664 = EDGE_CURVE ( 'NONE', #3724, #4775, #3058, .T. ) ;
#4665 = EDGE_CURVE ( 'NONE', #550, #2278, #2600, .T. ) ;
#4666 = DIRECTION ( 'NONE',  ( -8.456793890807850134E-33, 1.000000000000000000, -2.710505431213769713E-17 ) ) ;
#4667 = FACE_OUTER_BOUND ( 'NONE', #2806, .T. ) ;
#4668 = CARTESIAN_POINT ( 'NONE',  ( 0.1950000000000000067, 9.099999999999999645, 0.3099999999999999978 ) ) ;
#4669 = VECTOR ( 'NONE', #1598, 1000.000000000000000 ) ;
#4670 = ORIENTED_EDGE ( 'NONE', *, *, #2054, .T. ) ;
#4671 = AXIS2_PLACEMENT_3D ( 'NONE', #957, #521, #2827 ) ;
#4672 = ORIENTED_EDGE ( 'NONE', *, *, #727, .T. ) ;
#4673 = VECTOR ( 'NONE', #16, 1000.000000000000000 ) ;
#4674 = AXIS2_PLACEMENT_3D ( 'NONE', #1797, #3657, #3313 ) ;
#4675 = CARTESIAN_POINT ( 'NONE',  ( -0.2000000000000000111, -14.66000000989979846, 0.3099999999999999978 ) ) ;
#4676 = CYLINDRICAL_SURFACE ( 'NONE', #2233, 0.4300000000000000488 ) ;
#4677 = CARTESIAN_POINT ( 'NONE',  ( -3.425000000000000266, 9.099999999999999645, 2.250000000000000000 ) ) ;
#4678 = ORIENTED_EDGE ( 'NONE', *, *, #3422, .F. ) ;
#4679 = ORIENTED_EDGE ( 'NONE', *, *, #1082, .T. ) ;
#4680 = VECTOR ( 'NONE', #3159, 1000.000000000000000 ) ;
#4681 = DIRECTION ( 'NONE',  ( 0.000000000000000000, 0.000000000000000000, -1.000000000000000000 ) ) ;
#4682 = DIRECTION ( 'NONE',  ( -1.000000000000000000, 0.000000000000000000, 1.734723475976810053E-15 ) ) ;
#4683 = ORIENTED_EDGE ( 'NONE', *, *, #3522, .T. ) ;
#4684 = VERTEX_POINT ( 'NONE', #733 ) ;
#4685 = EDGE_LOOP ( 'NONE', ( #3049, #1273, #3309, #4127 ) ) ;
#4686 = ORIENTED_EDGE ( 'NONE', *, *, #59, .F. ) ;
#4687 = DIRECTION ( 'NONE',  ( 0.000000000000000000, 0.000000000000000000, 1.000000000000000000 ) ) ;
#4688 = CARTESIAN_POINT ( 'NONE',  ( -2.250000000000000000, 11.35999999899999935, 0.8399999999999600009 ) ) ;
#4689 = CARTESIAN_POINT ( 'NONE',  ( -4.584999999999999964, 3.750000000000000000, 0.2400000000000030165 ) ) ;
#4690 = CARTESIAN_POINT ( 'NONE',  ( 2.575000000000000178, 7.299999999999999822, 1.690000000000000169 ) ) ;
#4691 = EDGE_CURVE ( 'NONE', #1126, #4644, #3887, .T. ) ;
#4692 = CARTESIAN_POINT ( 'NONE',  ( 2.975000000000000089, 11.35000000000000142, -0.02000000000000489928 ) ) ;
#4693 = CARTESIAN_POINT ( 'NONE',  ( 0.9250000000000000444, 5.750000000000000000, 2.250000000000000000 ) ) ;
#4694 = LINE ( 'NONE', #1328, #4172 ) ;
#4695 = EDGE_CURVE ( 'NONE', #1423, #3986, #3380, .T. ) ;
#4696 = EDGE_CURVE ( 'NONE', #2396, #158, #426, .T. ) ;
#4697 = VERTEX_POINT ( 'NONE', #1869 ) ;
#4698 = DIRECTION ( 'NONE',  ( 0.000000000000000000, 0.000000000000000000, -1.000000000000000000 ) ) ;
#4699 = LINE ( 'NONE', #4304, #4433 ) ;
#4700 = CARTESIAN_POINT ( 'NONE',  ( 1.425000000000000044, 9.099999999999999645, 2.200000000000000178 ) ) ;
#4701 = ORIENTED_EDGE ( 'NONE', *, *, #32, .F. ) ;
#4702 = ORIENTED_EDGE ( 'NONE', *, *, #3450, .T. ) ;
#4703 = LINE ( 'NONE', #3545, #3012 ) ;
#4704 = DIRECTION ( 'NONE',  ( 1.000000000000000000, -1.440384113626960296E-14, 0.000000000000000000 ) ) ;
#4705 = EDGE_LOOP ( 'NONE', ( #2747, #3505, #718, #4721 ) ) ;
#4706 = VERTEX_POINT ( 'NONE', #2744 ) ;
#4707 = ORIENTED_EDGE ( 'NONE', *, *, #3752, .T. ) ;
#4708 = ORIENTED_EDGE ( 'NONE', *, *, #842, .F. ) ;
#4709 = LINE ( 'NONE', #629, #1289 ) ;
#4710 = CARTESIAN_POINT ( 'NONE',  ( 2.145000000000000018, 7.299999999999999822, 1.690000000000000169 ) ) ;
#4711 = CARTESIAN_POINT ( 'NONE',  ( 1.474999999999999867, 6.150000000000000355, 1.909999999999999920 ) ) ;
#4712 = DIRECTION ( 'NONE',  ( -1.000000000000000000, 0.000000000000000000, 0.000000000000000000 ) ) ;
#4713 = EDGE_CURVE ( 'NONE', #885, #3649, #876, .T. ) ;
#4714 = CARTESIAN_POINT ( 'NONE',  ( 2.575000000000000178, 9.099999999999999645, 0.2700000000000000178 ) ) ;
#4715 = DIRECTION ( 'NONE',  ( -2.759787348144920126E-15, -1.000000000000000000, 8.931843099870980284E-31 ) ) ;
#4716 = ORIENTED_EDGE ( 'NONE', *, *, #159, .F. ) ;
#4717 = CARTESIAN_POINT ( 'NONE',  ( -0.2500000000000000000, 10.74999999899999992, 0.03999999999996569494 ) ) ;
#4718 = EDGE_CURVE ( 'NONE', #1734, #2176, #3196, .T. ) ;
#4719 = LINE ( 'NONE', #4352, #3406 ) ;
#4720 = CARTESIAN_POINT ( 'NONE',  ( 1.425000000000000044, 7.450000000000000178, 1.909999999999999920 ) ) ;
#4721 = ORIENTED_EDGE ( 'NONE', *, *, #4470, .F. ) ;
#4722 = ORIENTED_EDGE ( 'NONE', *, *, #3503, .F. ) ;
#4723 = EDGE_CURVE ( 'NONE', #3638, #3374, #1135, .T. ) ;
#4724 = DIRECTION ( 'NONE',  ( 0.000000000000000000, -1.000000000000000000, 0.000000000000000000 ) ) ;
#4725 = CARTESIAN_POINT ( 'NONE',  ( -4.575000000000000178, 7.700000000000000178, 1.690000000000000169 ) ) ;
#4726 = VERTEX_POINT ( 'NONE', #1984 ) ;
#4727 = VERTEX_POINT ( 'NONE', #2014 ) ;
#4728 = VECTOR ( 'NONE', #4305, 1000.000000000000000 ) ;
#4729 = ORIENTED_EDGE ( 'NONE', *, *, #579, .T. ) ;
#4730 = VERTEX_POINT ( 'NONE', #2063 ) ;
#4731 = CARTESIAN_POINT ( 'NONE',  ( -3.474999999999999645, 6.599999999999999645, 2.160000000000000142 ) ) ;
#4732 = DIRECTION ( 'NONE',  ( 0.000000000000000000, 0.000000000000000000, 1.000000000000000000 ) ) ;
#4733 = VECTOR ( 'NONE', #2483, 1000.000000000000000 ) ;
#4734 = VECTOR ( 'NONE', #1538, 1000.000000000000000 ) ;
#4735 = LINE ( 'NONE', #4641, #2542 ) ;
#4736 = FACE_OUTER_BOUND ( 'NONE', #2283, .T. ) ;
#4737 = SURFACE_SIDE_STYLE ('',( #3976 ) ) ;
#4738 = DIRECTION ( 'NONE',  ( -4.274258564606259920E-16, 0.000000000000000000, 1.000000000000000000 ) ) ;
#4739 = AXIS2_PLACEMENT_3D ( 'NONE', #898, #3895, #3052 ) ;
#4740 = EDGE_LOOP ( 'NONE', ( #3805, #1390, #1132, #860 ) ) ;
#4741 = LINE ( 'NONE', #2207, #1776 ) ;
#4742 = VECTOR ( 'NONE', #3599, 1000.000000000000000 ) ;
#4743 = CARTESIAN_POINT ( 'NONE',  ( -2.250000000000000000, 11.35000000000000142, 0.5401667129553089364 ) ) ;
#4744 = VECTOR ( 'NONE', #4124, 1000.000000000000000 ) ;
#4745 = PLANE ( 'NONE',  #2610 ) ;
#4746 = ORIENTED_EDGE ( 'NONE', *, *, #4389, .T. ) ;
#4747 = VERTEX_POINT ( 'NONE', #4693 ) ;
#4748 = AXIS2_PLACEMENT_3D ( 'NONE', #797, #1475, #4534 ) ;
#4749 = EDGE_CURVE ( 'NONE', #1012, #1892, #4241, .T. ) ;
#4750 = AXIS2_PLACEMENT_3D ( 'NONE', #3727, #1888, #4119 ) ;
#4751 = DIRECTION ( 'NONE',  ( 0.000000000000000000, 0.000000000000000000, -1.000000000000000000 ) ) ;
#4752 = CARTESIAN_POINT ( 'NONE',  ( -2.200000000000000178, 9.099999999999999645, 0.3099999999999999978 ) ) ;
#4753 = AXIS2_PLACEMENT_3D ( 'NONE', #3821, #117, #2430 ) ;
#4754 = ORIENTED_EDGE ( 'NONE', *, *, #3743, .T. ) ;
#4755 = AXIS2_PLACEMENT_3D ( 'NONE', #3531, #1667, #4732 ) ;
#4756 = VERTEX_POINT ( 'NONE', #1622 ) ;
#4757 = EDGE_CURVE ( 'NONE', #3982, #1602, #1327, .T. ) ;
#4758 = ADVANCED_FACE ( 'NONE', ( #168 ), #4298, .F. ) ;
#4759 = ORIENTED_EDGE ( 'NONE', *, *, #995, .F. ) ;
#4760 = ORIENTED_EDGE ( 'NONE', *, *, #3588, .F. ) ;
#4761 = CARTESIAN_POINT ( 'NONE',  ( 0.2500000000000000000, 10.84999999899999956, -0.06000000000003430367 ) ) ;
#4762 = LINE ( 'NONE', #1396, #3723 ) ;
#4763 = CARTESIAN_POINT ( 'NONE',  ( -4.325000000000000178, 4.000000000000000000, 1.729999999999999982 ) ) ;
#4764 = LINE ( 'NONE', #752, #2950 ) ;
#4765 = DIRECTION ( 'NONE',  ( 0.000000000000000000, -1.000000000000000000, 0.000000000000000000 ) ) ;
#4766 = ORIENTED_EDGE ( 'NONE', *, *, #1898, .T. ) ;
#4767 = DIRECTION ( 'NONE',  ( 0.000000000000000000, -1.000000000000000000, 0.000000000000000000 ) ) ;
#4768 = CARTESIAN_POINT ( 'NONE',  ( -3.924999999999999822, 6.150000000000000355, 0.5699999999999999512 ) ) ;
#4769 = LINE ( 'NONE', #320, #723 ) ;
#4770 = VERTEX_POINT ( 'NONE', #198 ) ;
#4771 = VERTEX_POINT ( 'NONE', #4270 ) ;
#4772 = CARTESIAN_POINT ( 'NONE',  ( 0.2000000000000000111, 6.699999999000020523, 0.3099999999999999978 ) ) ;
#4773 = CARTESIAN_POINT ( 'NONE',  ( -4.575000000000000178, 6.599999999999999645, 1.729999999999999982 ) ) ;
#4774 = EDGE_CURVE ( 'NONE', #224, #2675, #3140, .T. ) ;
#4775 = VERTEX_POINT ( 'NONE', #1672 ) ;
#4776 = ORIENTED_EDGE ( 'NONE', *, *, #3427, .F. ) ;
#4777 = ORIENTED_EDGE ( 'NONE', *, *, #3752, .F. ) ;
#4778 = ORIENTED_EDGE ( 'NONE', *, *, #3312, .T. ) ;
#4779 = CARTESIAN_POINT ( 'NONE',  ( 1.425000000000000044, 9.099999999999999645, 2.200000000000000178 ) ) ;
#4780 = CARTESIAN_POINT ( 'NONE',  ( 2.575000000000000178, 6.150000000000000355, 1.729999999999999982 ) ) ;
#4781 = ADVANCED_FACE ( 'NONE', ( #4667 ), #3479, .T. ) ;
#4782 = CARTESIAN_POINT ( 'NONE',  ( 2.584999999999999964, 3.750000000000000000, 0.2400000000000000189 ) ) ;
#4783 = FACE_OUTER_BOUND ( 'NONE', #1717, .T. ) ;
#4784 = ADVANCED_FACE ( 'NONE', ( #143 ), #1591, .F. ) ;
#4785 = DIRECTION ( 'NONE',  ( 0.000000000000000000, 0.000000000000000000, 1.000000000000000000 ) ) ;
#4786 = CARTESIAN_POINT ( 'NONE',  ( -4.145000000000000462, 6.599999999999999645, 1.729999999999999982 ) ) ;
#4787 = ORIENTED_EDGE ( 'NONE', *, *, #4426, .T. ) ;
#4788 = FACE_OUTER_BOUND ( 'NONE', #3514, .T. ) ;
#4789 = DIRECTION ( 'NONE',  ( 0.000000000000000000, -1.000000000000000000, 0.000000000000000000 ) ) ;
#4790 = LINE ( 'NONE', #4720, #93 ) ;
#4791 = DIRECTION ( 'NONE',  ( 2.759787348144920126E-15, 1.000000000000000000, 9.856383386231858827E-17 ) ) ;
#4792 = ORIENTED_EDGE ( 'NONE', *, *, #4553, .F. ) ;
#4793 = CARTESIAN_POINT ( 'NONE',  ( -4.325000000000000178, 6.599999999999999645, 0.2700000000000000178 ) ) ;
#4794 = CARTESIAN_POINT ( 'NONE',  ( -0.2000000000000000111, 6.699999999000020523, 0.3099999999999999978 ) ) ;
#4795 = VERTEX_POINT ( 'NONE', #1245 ) ;
#4796 = ORIENTED_EDGE ( 'NONE', *, *, #471, .F. ) ;
#4797 = EDGE_CURVE ( 'NONE', #2682, #2277, #1706, .T. ) ;
#4798 = ORIENTED_EDGE ( 'NONE', *, *, #4144, .T. ) ;
#4799 = EDGE_LOOP ( 'NONE', ( #1124, #3240, #1362, #3548, #2543, #1224, #2266, #637 ) ) ;
#4800 = VECTOR ( 'NONE', #3587, 1000.000000000000000 ) ;
#4801 = DIRECTION ( 'NONE',  ( -1.000000000000000000, 0.000000000000000000, 0.000000000000000000 ) ) ;
#4802 = CARTESIAN_POINT ( 'NONE',  ( -4.575000000000000178, 8.630000000000000782, 2.140000000000000124 ) ) ;
#4803 = AXIS2_PLACEMENT_3D ( 'NONE', #77, #3891, #2710 ) ;
#4804 = EDGE_CURVE ( 'NONE', #699, #1140, #1067, .T. ) ;
#4805 = EDGE_LOOP ( 'NONE', ( #2125, #2683, #601, #2723 ) ) ;
#4806 = CARTESIAN_POINT ( 'NONE',  ( 2.314999999999999947, 7.450000000000000178, 2.200000000000000178 ) ) ;
#4807 = CARTESIAN_POINT ( 'NONE',  ( -4.584999999999999964, 4.000000000000000000, 0.2400000000000030165 ) ) ;
#4808 = LINE ( 'NONE', #4048, #2090 ) ;
#4809 = VECTOR ( 'NONE', #4765, 1000.000000000000000 ) ;
#4810 = DIRECTION ( 'NONE',  ( 1.000000000000000000, 0.000000000000000000, 0.000000000000000000 ) ) ;
#4811 = ORIENTED_EDGE ( 'NONE', *, *, #4196, .F. ) ;
#4812 = ADVANCED_FACE ( 'NONE', ( #3923 ), #514, .F. ) ;
#4813 = VECTOR ( 'NONE', #3994, 1000.000000000000000 ) ;
#4814 = EDGE_CURVE ( 'NONE', #2284, #79, #1221, .T. ) ;
#4815 = CYLINDRICAL_SURFACE ( 'NONE', #2700, 0.1800000000000000211 ) ;
#4816 = DIRECTION ( 'NONE',  ( 0.000000000000000000, 0.000000000000000000, -1.000000000000000000 ) ) ;
#4817 = CARTESIAN_POINT ( 'NONE',  ( -2.925000000000000266, 5.750000000000000000, 2.250000000000000000 ) ) ;
#4818 = ORIENTED_EDGE ( 'NONE', *, *, #2196, .T. ) ;
#4819 = VECTOR ( 'NONE', #2198, 1000.000000000000000 ) ;
#4820 = AXIS2_PLACEMENT_3D ( 'NONE', #1660, #3104, #4650 ) ;
#4821 = VECTOR ( 'NONE', #1875, 1000.000000000000000 ) ;
#4822 = DIRECTION ( 'NONE',  ( 1.000000000000000000, 0.000000000000000000, 0.000000000000000000 ) ) ;
#4823 = LINE ( 'NONE', #1461, #2228 ) ;
#4824 = VERTEX_POINT ( 'NONE', #2326 ) ;
#4825 = VERTEX_POINT ( 'NONE', #458 ) ;
#4826 = VECTOR ( 'NONE', #1545, 1000.000000000000000 ) ;
#4827 = VECTOR ( 'NONE', #664, 1000.000000000000000 ) ;
#4828 = EDGE_LOOP ( 'NONE', ( #4078, #2904, #1500, #4361, #1184, #669 ) ) ;
#4829 = VECTOR ( 'NONE', #907, 1000.000000000000000 ) ;
#4830 = VECTOR ( 'NONE', #1743, 1000.000000000000000 ) ;
#4831 = FACE_OUTER_BOUND ( 'NONE', #4380, .T. ) ;
#4832 = CARTESIAN_POINT ( 'NONE',  ( -4.145000000000000462, 4.000000000000000000, 1.909999999999999920 ) ) ;
#4833 = VECTOR ( 'NONE', #1814, 1000.000000000000000 ) ;
#4834 = ORIENTED_EDGE ( 'NONE', *, *, #4357, .T. ) ;
#4835 = CARTESIAN_POINT ( 'NONE',  ( -1.750000000000000000, 11.25999999899999970, 1.429999999999970184 ) ) ;
#4836 = LINE ( 'NONE', #265, #825 ) ;
#4837 = CARTESIAN_POINT ( 'NONE',  ( -4.575000000000000178, 6.599999999999999645, 0.3699999999999999956 ) ) ;
#4838 = ADVANCED_FACE ( 'NONE', ( #1961 ), #3085, .T. ) ;
#4839 = VERTEX_POINT ( 'NONE', #4714 ) ;
#4840 = CARTESIAN_POINT ( 'NONE',  ( -4.575000000000000178, 5.049999999999999822, 1.729999999999999982 ) ) ;
#4841 = CARTESIAN_POINT ( 'NONE',  ( 2.314999999999999947, 6.750000000000000000, 3.939999999999999947 ) ) ;
#4842 = CARTESIAN_POINT ( 'NONE',  ( -0.2500000000000000000, 11.69999999899999921, 0.5399999999999659517 ) ) ;
#4843 = ADVANCED_FACE ( 'NONE', ( #2160 ), #954, .F. ) ;
#4844 = ORIENTED_EDGE ( 'NONE', *, *, #675, .T. ) ;
#4845 = EDGE_CURVE ( 'NONE', #1793, #3916, #3658, .T. ) ;
#4846 = DIRECTION ( 'NONE',  ( 1.000000000000000000, 0.000000000000000000, 0.000000000000000000 ) ) ;
#4847 = DIRECTION ( 'NONE',  ( 0.000000000000000000, 1.000000000000000000, 7.228014483236689653E-17 ) ) ;
#4848 = EDGE_CURVE ( 'NONE', #3624, #4730, #2482, .T. ) ;
#4849 = ORIENTED_EDGE ( 'NONE', *, *, #3282, .T. ) ;
#4850 = EDGE_LOOP ( 'NONE', ( #4132, #2417, #4776, #652 ) ) ;
#4851 = UNCERTAINTY_MEASURE_WITH_UNIT (LENGTH_MEASURE( 1.000000000000000082E-05 ), #2113, 'distance_accuracy_value', 'NONE');
#4852 = LINE ( 'NONE', #3736, #27 ) ;
#4853 = FACE_OUTER_BOUND ( 'NONE', #4799, .T. ) ;
#4854 = VERTEX_POINT ( 'NONE', #689 ) ;
#4855 = DIRECTION ( 'NONE',  ( -1.000000000000000000, 0.000000000000000000, 0.000000000000000000 ) ) ;
#4856 = CARTESIAN_POINT ( 'NONE',  ( 2.314999999999999947, 9.099999999999999645, 0.2700000000000000178 ) ) ;
#4857 = CARTESIAN_POINT ( 'NONE',  ( -4.145000000000000462, 6.599999999999999645, 1.729999999999999982 ) ) ;
#4858 = ORIENTED_EDGE ( 'NONE', *, *, #2055, .F. ) ;
#4859 = EDGE_CURVE ( 'NONE', #3538, #2290, #4346, .T. ) ;
#4860 = LINE ( 'NONE', #3013, #2790 ) ;
#4861 = CARTESIAN_POINT ( 'NONE',  ( 0.000000000000000000, 7.450000000000000178, 0.000000000000000000 ) ) ;
#4862 = CARTESIAN_POINT ( 'NONE',  ( -0.2000000000000000111, -14.66000000989979846, 1.429999999999970184 ) ) ;
#4863 = EDGE_LOOP ( 'NONE', ( #2179, #1071, #596, #1665 ) ) ;
#4864 = EDGE_LOOP ( 'NONE', ( #1924, #1688, #4792, #4090 ) ) ;
#4865 = EDGE_CURVE ( 'NONE', #2528, #4628, #4808, .T. ) ;
ENDSEC;
END-ISO-10303-21;
