ISO-10303-21;
HEADER;
FILE_DESCRIPTION (( 'STEP AP214' ),
    '1' );
FILE_NAME ('573100D00000G.STEP',
    '2024-05-21T04:29:53',
    ( '' ),
    ( '' ),
    'SwSTEP 2.0',
    'SolidWorks 2016',
    '' );
FILE_SCHEMA (( 'AUTOMOTIVE_DESIGN' ));
ENDSEC;

DATA;
#1 = VERTEX_POINT ( 'NONE', #3691 ) ;
#2 = CARTESIAN_POINT ( 'NONE',  ( -10.03000000000000100, 0.5334923333329999500, 5.150235999999999600 ) ) ;
#3 = EDGE_CURVE ( 'NONE', #3087, #2372, #935, .T. ) ;
#4 = LINE ( 'NONE', #225, #2272 ) ;
#5 = CARTESIAN_POINT ( 'NONE',  ( -5.205000000000000100, -0.5331743333329999100, 5.150235999999999600 ) ) ;
#6 = CARTESIAN_POINT ( 'NONE',  ( 10.03000000000000100, -3.199841000000000200, 5.150235999999999600 ) ) ;
#7 = CARTESIAN_POINT ( 'NONE',  ( 5.205000000000000100, -3.999840999999999500, 0.7202360000000001000 ) ) ;
#8 = EDGE_CURVE ( 'NONE', #2053, #3022, #982, .T. ) ;
#9 = LINE ( 'NONE', #1840, #1535 ) ;
#10 = EDGE_CURVE ( 'NONE', #2976, #846, #977, .T. ) ;
#11 = ADVANCED_FACE ( 'NONE', ( #887 ), #754, .F. ) ;
#12 = EDGE_CURVE ( 'NONE', #2098, #2084, #836, .T. ) ;
#13 = VECTOR ( 'NONE', #2782, 1000.000000000000000 ) ;
#14 = VECTOR ( 'NONE', #1329, 1000.000000000000000 ) ;
#15 = DIRECTION ( 'NONE',  ( -2.759369261892999800E-016, 0.0000000000000000000, 1.000000000000000000 ) ) ;
#16 = ORIENTED_EDGE ( 'NONE', *, *, #797, .F. ) ;
#17 = DIRECTION ( 'NONE',  ( -0.0000000000000000000, 1.000000000000000000, -1.110223024625000000E-016 ) ) ;
#18 = CARTESIAN_POINT ( 'NONE',  ( 10.03000000000000100, 1.333492333333000000, 5.150235999999999600 ) ) ;
#19 = VECTOR ( 'NONE', #780, 1000.000000000000000 ) ;
#20 = CIRCLE ( 'NONE', #1391, 0.3999999999999999700 ) ;
#21 = ORIENTED_EDGE ( 'NONE', *, *, #1386, .T. ) ;
#22 = DIRECTION ( 'NONE',  ( 0.0000000000000000000, -1.110223024625000000E-016, -1.000000000000000000 ) ) ;
#23 = APPLICATION_CONTEXT ( 'automotive_design' ) ;
#24 = DIRECTION ( 'NONE',  ( 0.0000000000000000000, 1.000000000000000000, -1.110223024625000000E-016 ) ) ;
#25 = VECTOR ( 'NONE', #254, 1000.000000000000000 ) ;
#26 = FACE_OUTER_BOUND ( 'NONE', #233, .T. ) ;
#27 = CIRCLE ( 'NONE', #3466, 0.4000000000000001900 ) ;
#28 = EDGE_LOOP ( 'NONE', ( #1290, #1496, #148, #944 ) ) ;
#29 = LINE ( 'NONE', #1347, #2340 ) ;
#30 = VERTEX_POINT ( 'NONE', #2799 ) ;
#31 = PLANE ( 'NONE',  #2041 ) ;
#32 = CARTESIAN_POINT ( 'NONE',  ( -5.834999999999999100, -3.999840999999999500, 0.7202359999999999900 ) ) ;
#33 = CYLINDRICAL_SURFACE ( 'NONE', #2662, 0.4000000000000001900 ) ;
#34 = VECTOR ( 'NONE', #2175, 1000.000000000000000 ) ;
#35 = FACE_OUTER_BOUND ( 'NONE', #1924, .T. ) ;
#36 = EDGE_LOOP ( 'NONE', ( #1352, #2560, #3412, #3048, #3148, #2923 ) ) ;
#37 = CARTESIAN_POINT ( 'NONE',  ( -2.830000000000000100, 3.200159000000000600, 8.120236000000000200 ) ) ;
#38 = DIRECTION ( 'NONE',  ( -0.0000000000000000000, 1.000000000000000000, -1.110223024625000000E-016 ) ) ;
#39 = ORIENTED_EDGE ( 'NONE', *, *, #1357, .T. ) ;
#40 = EDGE_CURVE ( 'NONE', #1552, #3757, #697, .T. ) ;
#41 = ADVANCED_FACE ( 'NONE', ( #783 ), #642, .F. ) ;
#42 = VERTEX_POINT ( 'NONE', #2491 ) ;
#43 = EDGE_CURVE ( 'NONE', #2998, #2663, #652, .T. ) ;
#44 = AXIS2_PLACEMENT_3D ( 'NONE', #1285, #1004, #2694 ) ;
#45 = EDGE_CURVE ( 'NONE', #683, #76, #737, .T. ) ;
#46 = PLANE ( 'NONE',  #3554 ) ;
#47 = ORIENTED_EDGE ( 'NONE', *, *, #3480, .T. ) ;
#48 = DIRECTION ( 'NONE',  ( -3.903912049434000100E-032, 1.000000000000000000, -1.372744840601633700E-047 ) ) ;
#49 = DIRECTION ( 'NONE',  ( 0.0000000000000000000, 0.0000000000000000000, -1.000000000000000000 ) ) ;
#50 = AXIS2_PLACEMENT_3D ( 'NONE', #3220, #1489, #271 ) ;
#51 = ORIENTED_EDGE ( 'NONE', *, *, #1564, .F. ) ;
#52 = ORIENTED_EDGE ( 'NONE', *, *, #767, .T. ) ;
#53 = ORIENTED_EDGE ( 'NONE', *, *, #751, .F. ) ;
#54 = CARTESIAN_POINT ( 'NONE',  ( -10.03000000000000100, 2.800159000000000300, 10.15023600000000000 ) ) ;
#55 = ORIENTED_EDGE ( 'NONE', *, *, #3117, .F. ) ;
#56 = CARTESIAN_POINT ( 'NONE',  ( -5.205000000000000100, 2.400159000000000400, 8.120236000000000200 ) ) ;
#57 = CARTESIAN_POINT ( 'NONE',  ( -6.665000000000000000, 4.000159000000000000, 0.7202359999999992100 ) ) ;
#58 = PRODUCT_DEFINITION_SHAPE ( 'NONE', 'NONE',  #621 ) ;
#59 = ADVANCED_FACE ( 'NONE', ( #539 ), #3086, .T. ) ;
#60 = EDGE_CURVE ( 'NONE', #895, #2121, #2420, .T. ) ;
#61 = CARTESIAN_POINT ( 'NONE',  ( 5.835000000000000000, -0.5331743333329999100, 8.750235999999999200 ) ) ;
#62 = CARTESIAN_POINT ( 'NONE',  ( -5.205000000000000100, -3.999840999999999500, 8.120236000000000200 ) ) ;
#63 = CARTESIAN_POINT ( 'NONE',  ( 10.03000000000000100, 0.9334923333330005200, 9.520235999999998800 ) ) ;
#64 = FACE_OUTER_BOUND ( 'NONE', #1727, .T. ) ;
#65 = VECTOR ( 'NONE', #1137, 1000.000000000000000 ) ;
#66 = LINE ( 'NONE', #987, #19 ) ;
#67 = DIRECTION ( 'NONE',  ( 0.0000000000000000000, -1.110223024625000000E-016, -1.000000000000000000 ) ) ;
#68 = VECTOR ( 'NONE', #883, 1000.000000000000000 ) ;
#69 = EDGE_CURVE ( 'NONE', #1660, #551, #586, .T. ) ;
#70 = LINE ( 'NONE', #3812, #1674 ) ;
#71 = DIRECTION ( 'NONE',  ( -3.903912049434000100E-032, 1.000000000000000000, -1.372744840601633700E-047 ) ) ;
#72 = ORIENTED_EDGE ( 'NONE', *, *, #142, .F. ) ;
#73 = ORIENTED_EDGE ( 'NONE', *, *, #1140, .T. ) ;
#74 = EDGE_CURVE ( 'NONE', #3595, #1117, #491, .T. ) ;
#75 = LINE ( 'NONE', #3099, #826 ) ;
#76 = VERTEX_POINT ( 'NONE', #1082 ) ;
#77 = LINE ( 'NONE', #759, #34 ) ;
#78 = CARTESIAN_POINT ( 'NONE',  ( 6.035000000000000100, -3.199841000000000200, 10.15023600000000000 ) ) ;
#79 = CARTESIAN_POINT ( 'NONE',  ( -10.03000000000000100, 0.9334923333330000800, 5.150235999999999600 ) ) ;
#80 = DIRECTION ( 'NONE',  ( 1.000000000000000000, -0.0000000000000000000, 0.0000000000000000000 ) ) ;
#81 = VECTOR ( 'NONE', #1606, 1000.000000000000000 ) ;
#82 = ADVANCED_FACE ( 'NONE', ( #328 ), #2463, .F. ) ;
#83 = ORIENTED_EDGE ( 'NONE', *, *, #556, .T. ) ;
#84 = DIRECTION ( 'NONE',  ( 0.0000000000000000000, -1.110223024625000000E-016, -1.000000000000000000 ) ) ;
#85 = ORIENTED_EDGE ( 'NONE', *, *, #2208, .F. ) ;
#86 = DIRECTION ( 'NONE',  ( -0.0000000000000000000, 1.110223024625000000E-016, 1.000000000000000000 ) ) ;
#87 = DIRECTION ( 'NONE',  ( 0.0000000000000000000, 1.000000000000000000, 0.0000000000000000000 ) ) ;
#88 = CARTESIAN_POINT ( 'NONE',  ( 5.835000000000000000, 1.333492333333000000, 5.150235999999999600 ) ) ;
#89 = PLANE ( 'NONE',  #2852 ) ;
#90 = EDGE_CURVE ( 'NONE', #1652, #3231, #925, .T. ) ;
#91 = CARTESIAN_POINT ( 'NONE',  ( 5.205000000000000100, 1.333492333333000400, 8.120236000000000200 ) ) ;
#92 = PLANE ( 'NONE',  #2088 ) ;
#93 = DIRECTION ( 'NONE',  ( 2.365936668375119900E-032, -1.000000000000000000, -0.0000000000000000000 ) ) ;
#94 = ORIENTED_EDGE ( 'NONE', *, *, #2914, .F. ) ;
#95 = VERTEX_POINT ( 'NONE', #1346 ) ;
#96 = EDGE_CURVE ( 'NONE', #3344, #2160, #3216, .T. ) ;
#97 = DIRECTION ( 'NONE',  ( -1.000000000000000000, -4.487327949786024300E-048, -4.041825696509680000E-032 ) ) ;
#98 = CARTESIAN_POINT ( 'NONE',  ( 5.835000000000000000, -3.999840999999999500, 5.150235999999999600 ) ) ;
#99 = DIRECTION ( 'NONE',  ( 0.0000000000000000000, 1.000000000000000000, -1.110223024625000000E-016 ) ) ;
#100 = ADVANCED_FACE ( 'NONE', ( #168 ), #755, .F. ) ;
#101 = ORIENTED_EDGE ( 'NONE', *, *, #2939, .F. ) ;
#102 = ORIENTED_EDGE ( 'NONE', *, *, #1032, .F. ) ;
#103 = VECTOR ( 'NONE', #641, 1000.000000000000000 ) ;
#104 = DIRECTION ( 'NONE',  ( -2.188556754985000000E-032, -1.000000000000000000, 4.314250887931119000E-048 ) ) ;
#105 = PRESENTATION_STYLE_ASSIGNMENT (( #2380 ) ) ;
#106 = LINE ( 'NONE', #206, #856 ) ;
#107 = DIRECTION ( 'NONE',  ( 2.365936668375119900E-032, -1.000000000000000000, -0.0000000000000000000 ) ) ;
#109 = VERTEX_POINT ( 'NONE', #3635 ) ;
#108 = CARTESIAN_POINT ( 'NONE',  ( 5.204999999999999200, -3.999840999999999500, 5.150235999999999600 ) ) ;
#110 = VECTOR ( 'NONE', #454, 1000.000000000000000 ) ;
#111 = VECTOR ( 'NONE', #2959, 1000.000000000000000 ) ;
#112 = EDGE_CURVE ( 'NONE', #270, #3500, #268, .T. ) ;
#113 = DIRECTION ( 'NONE',  ( -3.063515287996999900E-032, 1.000000000000000000, -8.453369919038202000E-048 ) ) ;
#114 = LINE ( 'NONE', #3291, #3660 ) ;
#115 = VECTOR ( 'NONE', #1879, 1000.000000000000000 ) ;
#116 = DIRECTION ( 'NONE',  ( -7.853897639170090400E-047, -1.564562418826004600E-077, 1.000000000000000000 ) ) ;
#117 = EDGE_CURVE ( 'NONE', #1458, #2494, #1676, .T. ) ;
#118 = CARTESIAN_POINT ( 'NONE',  ( 6.035000000000000100, -0.5331743333330000200, 10.15023600000000000 ) ) ;
#119 = CARTESIAN_POINT ( 'NONE',  ( 10.03000000000000100, -3.199841000000000200, 5.150235999999999600 ) ) ;
#120 = VECTOR ( 'NONE', #3075, 1000.000000000000000 ) ;
#121 = CARTESIAN_POINT ( 'NONE',  ( -11.43000000000000000, -3.999840999999999500, 9.520235999999998800 ) ) ;
#122 = VECTOR ( 'NONE', #356, 1000.000000000000000 ) ;
#123 = VECTOR ( 'NONE', #440, 1000.000000000000000 ) ;
#124 = AXIS2_PLACEMENT_3D ( 'NONE', #462, #1095, #3080 ) ;
#125 = ORIENTED_EDGE ( 'NONE', *, *, #1851, .F. ) ;
#126 = DIRECTION ( 'NONE',  ( 1.000000000000000000, 0.0000000000000000000, 0.0000000000000000000 ) ) ;
#127 = DIRECTION ( 'NONE',  ( -0.0000000000000000000, -1.110223024625000000E-016, -1.000000000000000000 ) ) ;
#128 = LINE ( 'NONE', #3649, #123 ) ;
#129 = ORIENTED_EDGE ( 'NONE', *, *, #769, .T. ) ;
#130 = VECTOR ( 'NONE', #1721, 1000.000000000000000 ) ;
#131 = EDGE_LOOP ( 'NONE', ( #2666, #183, #408, #2439 ) ) ;
#132 = FACE_OUTER_BOUND ( 'NONE', #1328, .T. ) ;
#133 = CARTESIAN_POINT ( 'NONE',  ( 5.835000000000000000, -3.999840999999999500, 8.750235999999999200 ) ) ;
#134 = DIRECTION ( 'NONE',  ( 0.0000000000000000000, 1.000000000000000000, 0.0000000000000000000 ) ) ;
#135 = DIRECTION ( 'NONE',  ( 0.0000000000000000000, 1.110223024625000000E-016, 1.000000000000000000 ) ) ;
#136 = DIRECTION ( 'NONE',  ( 0.0000000000000000000, -1.000000000000000000, 1.110223024625000000E-016 ) ) ;
#137 = EDGE_CURVE ( 'NONE', #1046, #895, #214, .T. ) ;
#138 = VERTEX_POINT ( 'NONE', #2743 ) ;
#139 = EDGE_CURVE ( 'NONE', #937, #683, #173, .T. ) ;
#140 = ORIENTED_EDGE ( 'NONE', *, *, #69, .T. ) ;
#141 = ORIENTED_EDGE ( 'NONE', *, *, #2227, .F. ) ;
#142 = EDGE_CURVE ( 'NONE', #2311, #1007, #3666, .T. ) ;
#143 = VERTEX_POINT ( 'NONE', #1597 ) ;
#144 = ORIENTED_EDGE ( 'NONE', *, *, #2430, .T. ) ;
#145 = DIRECTION ( 'NONE',  ( 0.0000000000000000000, -1.110223024625000000E-016, -1.000000000000000000 ) ) ;
#146 = EDGE_CURVE ( 'NONE', #3388, #2904, #3795, .T. ) ;
#147 = EDGE_CURVE ( 'NONE', #3820, #3130, #3586, .T. ) ;
#148 = ORIENTED_EDGE ( 'NONE', *, *, #1897, .T. ) ;
#149 = CARTESIAN_POINT ( 'NONE',  ( -5.834999999999999100, 4.000159000000000000, 0.7202359999999999900 ) ) ;
#150 = EDGE_LOOP ( 'NONE', ( #2893, #2035, #3376, #1609 ) ) ;
#151 = CARTESIAN_POINT ( 'NONE',  ( 2.830000000000000100, 3.200159000000000200, 8.750235999999999200 ) ) ;
#152 = DIRECTION ( 'NONE',  ( 1.000000000000000000, -0.0000000000000000000, 0.0000000000000000000 ) ) ;
#153 = SURFACE_STYLE_FILL_AREA ( #333 ) ;
#154 = CARTESIAN_POINT ( 'NONE',  ( 5.835000000000000000, 2.400158999999999900, 5.150235999999999600 ) ) ;
#155 = LINE ( 'NONE', #3185, #1972 ) ;
#156 = LINE ( 'NONE', #1899, #1668 ) ;
#157 = CARTESIAN_POINT ( 'NONE',  ( -6.035000000000001000, 2.400158999999999900, 10.15023600000000000 ) ) ;
#158 = VECTOR ( 'NONE', #3472, 1000.000000000000000 ) ;
#159 = CARTESIAN_POINT ( 'NONE',  ( 5.205000000000000100, 4.000159000000000000, 0.7202359999999999900 ) ) ;
#160 = PLANE ( 'NONE',  #1092 ) ;
#161 = ORIENTED_EDGE ( 'NONE', *, *, #1145, .F. ) ;
#162 = LINE ( 'NONE', #2062, #1022 ) ;
#163 = EDGE_CURVE ( 'NONE', #1649, #1007, #3749, .T. ) ;
#164 = VECTOR ( 'NONE', #1349, 1000.000000000000000 ) ;
#165 = DIRECTION ( 'NONE',  ( 0.0000000000000000000, 1.000000000000000000, 0.0000000000000000000 ) ) ;
#166 = CARTESIAN_POINT ( 'NONE',  ( 6.035000000000001000, -3.999840999999999500, 10.15023600000000000 ) ) ;
#167 = LINE ( 'NONE', #3221, #924 ) ;
#168 = FACE_OUTER_BOUND ( 'NONE', #2169, .T. ) ;
#169 = EDGE_CURVE ( 'NONE', #2165, #1419, #3492, .T. ) ;
#170 = CARTESIAN_POINT ( 'NONE',  ( -6.665000000000000000, -0.5331743333330000200, 9.520235999999998800 ) ) ;
#171 = AXIS2_PLACEMENT_3D ( 'NONE', #580, #546, #830 ) ;
#172 = EDGE_CURVE ( 'NONE', #3083, #3653, #3505, .T. ) ;
#173 = LINE ( 'NONE', #414, #3801 ) ;
#174 = ORIENTED_EDGE ( 'NONE', *, *, #187, .F. ) ;
#175 = EDGE_LOOP ( 'NONE', ( #3181, #1265, #2428, #3277 ) ) ;
#176 = ORIENTED_EDGE ( 'NONE', *, *, #1012, .F. ) ;
#177 = DIRECTION ( 'NONE',  ( 9.392633243379530200E-049, -1.000000000000000000, -8.639247820005902700E-065 ) ) ;
#178 = DIRECTION ( 'NONE',  ( -0.0000000000000000000, -1.110223024625000000E-016, -1.000000000000000000 ) ) ;
#179 = DIRECTION ( 'NONE',  ( 0.0000000000000000000, -1.110223024625000000E-016, -1.000000000000000000 ) ) ;
#180 = DIRECTION ( 'NONE',  ( 3.903912049434000100E-032, -1.000000000000000000, 1.372744840601633700E-047 ) ) ;
#181 = CARTESIAN_POINT ( 'NONE',  ( -10.03000000000000100, -3.199841000000000200, 9.520235999999998800 ) ) ;
#182 = VERTEX_POINT ( 'NONE', #2721 ) ;
#183 = ORIENTED_EDGE ( 'NONE', *, *, #1515, .T. ) ;
#184 = ORIENTED_EDGE ( 'NONE', *, *, #2476, .T. ) ;
#185 = VECTOR ( 'NONE', #3353, 1000.000000000000000 ) ;
#186 = CARTESIAN_POINT ( 'NONE',  ( -10.03000000000000100, 3.200159000000000200, 5.150235999999999600 ) ) ;
#187 = EDGE_CURVE ( 'NONE', #388, #2610, #3368, .T. ) ;
#188 = ORIENTED_EDGE ( 'NONE', *, *, #2535, .T. ) ;
#189 = VERTEX_POINT ( 'NONE', #61 ) ;
#190 = ORIENTED_EDGE ( 'NONE', *, *, #10, .T. ) ;
#191 = DIRECTION ( 'NONE',  ( 0.0000000000000000000, 1.110223024625000000E-016, 1.000000000000000000 ) ) ;
#192 = EDGE_LOOP ( 'NONE', ( #1906, #659, #2659, #329 ) ) ;
#193 = AXIS2_PLACEMENT_3D ( 'NONE', #3418, #810, #3700 ) ;
#194 = CARTESIAN_POINT ( 'NONE',  ( -6.665000000000000000, -3.999840999999999500, 5.150235999999999600 ) ) ;
#195 = AXIS2_PLACEMENT_3D ( 'NONE', #1427, #1708, #3732 ) ;
#196 = CARTESIAN_POINT ( 'NONE',  ( -5.835000000000000000, -3.199840999999999700, 5.150235999999999600 ) ) ;
#197 = DIRECTION ( 'NONE',  ( 0.0000000000000000000, 1.000000000000000000, 0.0000000000000000000 ) ) ;
#198 = VECTOR ( 'NONE', #3738, 1000.000000000000000 ) ;
#199 = DIRECTION ( 'NONE',  ( -0.0000000000000000000, 1.110223024625000000E-016, 1.000000000000000000 ) ) ;
#200 = DIRECTION ( 'NONE',  ( -1.199209180814000000E-032, 1.000000000000000000, -1.295327720152991000E-048 ) ) ;
#201 = VECTOR ( 'NONE', #2456, 1000.000000000000000 ) ;
#202 = VECTOR ( 'NONE', #2371, 1000.000000000000000 ) ;
#203 = DIRECTION ( 'NONE',  ( 9.197897539643999400E-017, -0.0000000000000000000, 1.000000000000000000 ) ) ;
#204 = VECTOR ( 'NONE', #384, 1000.000000000000000 ) ;
#205 = ORIENTED_EDGE ( 'NONE', *, *, #3265, .F. ) ;
#206 = CARTESIAN_POINT ( 'NONE',  ( 5.205000000000000100, 2.400158999999999900, 5.150235999999999600 ) ) ;
#207 = CARTESIAN_POINT ( 'NONE',  ( -10.03000000000000100, 0.5334923333330002800, 10.15023600000000000 ) ) ;
#208 = FACE_OUTER_BOUND ( 'NONE', #334, .T. ) ;
#209 = CARTESIAN_POINT ( 'NONE',  ( 6.665000000000000000, -3.999840999999999500, 0.7202359999999999900 ) ) ;
#210 = ORIENTED_EDGE ( 'NONE', *, *, #187, .T. ) ;
#211 = EDGE_CURVE ( 'NONE', #756, #2294, #3272, .T. ) ;
#212 = CARTESIAN_POINT ( 'NONE',  ( -5.835000000000000000, 0.5334923333329999500, 5.150235999999999600 ) ) ;
#213 = LINE ( 'NONE', #393, #1725 ) ;
#214 = LINE ( 'NONE', #3040, #81 ) ;
#215 = CARTESIAN_POINT ( 'NONE',  ( 2.830000000000000100, -0.5331743333330000200, 5.150235999999999600 ) ) ;
#216 = LINE ( 'NONE', #1087, #164 ) ;
#217 = VERTEX_POINT ( 'NONE', #3329 ) ;
#218 = VECTOR ( 'NONE', #97, 1000.000000000000000 ) ;
#219 = PLANE ( 'NONE',  #339 ) ;
#220 = EDGE_CURVE ( 'NONE', #389, #1289, #3123, .T. ) ;
#221 = DIRECTION ( 'NONE',  ( 0.0000000000000000000, 1.000000000000000000, 0.0000000000000000000 ) ) ;
#222 = ORIENTED_EDGE ( 'NONE', *, *, #1292, .F. ) ;
#223 = EDGE_CURVE ( 'NONE', #1960, #3145, #3169, .T. ) ;
#224 = ORIENTED_EDGE ( 'NONE', *, *, #3117, .T. ) ;
#225 = CARTESIAN_POINT ( 'NONE',  ( -6.035000000000000100, -3.999840999999999500, 0.7202359999999999900 ) ) ;
#226 = LINE ( 'NONE', #3607, #545 ) ;
#227 = ORIENTED_EDGE ( 'NONE', *, *, #1058, .T. ) ;
#228 = EDGE_LOOP ( 'NONE', ( #2669, #1860, #562, #1076, #129, #612 ) ) ;
#229 = ORIENTED_EDGE ( 'NONE', *, *, #3458, .F. ) ;
#230 = CARTESIAN_POINT ( 'NONE',  ( 6.035000000000001000, -0.5331743333330000200, 5.150235999999999600 ) ) ;
#231 = DIRECTION ( 'NONE',  ( 0.0000000000000000000, 0.0000000000000000000, -1.000000000000000000 ) ) ;
#232 = CARTESIAN_POINT ( 'NONE',  ( 6.665000000000000900, -3.199840999999999700, 5.150235999999999600 ) ) ;
#233 = EDGE_LOOP ( 'NONE', ( #2730, #1565, #2317, #1105, #174, #600, #1219, #2133, #2434, #1568, #3761, #3137, #2941, #2850, #2325, #2409, #1186, #1630, #699, #1266 ) ) ;
#234 = CARTESIAN_POINT ( 'NONE',  ( 10.03000000000000100, 1.333492333333000000, 10.15023600000000000 ) ) ;
#235 = VERTEX_POINT ( 'NONE', #2128 ) ;
#236 = ORIENTED_EDGE ( 'NONE', *, *, #1824, .T. ) ;
#237 = ORIENTED_EDGE ( 'NONE', *, *, #593, .F. ) ;
#238 = ORIENTED_EDGE ( 'NONE', *, *, #2972, .F. ) ;
#239 = DIRECTION ( 'NONE',  ( 0.0000000000000000000, 1.000000000000000000, 0.0000000000000000000 ) ) ;
#240 = DIRECTION ( 'NONE',  ( 0.0000000000000000000, 1.110223024625000000E-016, 1.000000000000000000 ) ) ;
#241 = CARTESIAN_POINT ( 'NONE',  ( 10.03000000000000100, -0.9331743333330000400, 5.150235999999999600 ) ) ;
#242 = EDGE_CURVE ( 'NONE', #3802, #2119, #3223, .T. ) ;
#243 = ORIENTED_EDGE ( 'NONE', *, *, #502, .F. ) ;
#244 = CARTESIAN_POINT ( 'NONE',  ( 5.935000000000000500, -3.999840999999999500, 0.7202359999999999900 ) ) ;
#245 = DIRECTION ( 'NONE',  ( 0.0000000000000000000, 1.000000000000000000, -1.110223024625000000E-016 ) ) ;
#246 = CARTESIAN_POINT ( 'NONE',  ( -6.035000000000001000, -3.199841000000000200, 10.15023600000000000 ) ) ;
#247 = EDGE_CURVE ( 'NONE', #256, #2607, #3131, .T. ) ;
#248 = AXIS2_PLACEMENT_3D ( 'NONE', #1822, #3556, #1538 ) ;
#249 = EDGE_CURVE ( 'NONE', #2812, #1652, #3072, .T. ) ;
#250 = CARTESIAN_POINT ( 'NONE',  ( 5.205000000000000100, 1.333492333332999800, 5.150235999999999600 ) ) ;
#251 = VECTOR ( 'NONE', #2094, 1000.000000000000000 ) ;
#252 = AXIS2_PLACEMENT_3D ( 'NONE', #1781, #2912, #1233 ) ;
#253 = VECTOR ( 'NONE', #2446, 1000.000000000000000 ) ;
#254 = DIRECTION ( 'NONE',  ( 1.000000000000000000, -0.0000000000000000000, 0.0000000000000000000 ) ) ;
#255 = DIRECTION ( 'NONE',  ( 0.0000000000000000000, -1.110223024625000000E-016, -1.000000000000000000 ) ) ;
#256 = VERTEX_POINT ( 'NONE', #2692 ) ;
#257 = LINE ( 'NONE', #2274, #158 ) ;
#258 = LINE ( 'NONE', #3059, #275 ) ;
#259 = DIRECTION ( 'NONE',  ( 0.0000000000000000000, 1.000000000000000000, 0.0000000000000000000 ) ) ;
#260 = DIRECTION ( 'NONE',  ( 9.392633243379530200E-049, -1.000000000000000000, -8.639247820005902700E-065 ) ) ;
#261 = VERTEX_POINT ( 'NONE', #355 ) ;
#262 = VECTOR ( 'NONE', #1426, 1000.000000000000000 ) ;
#263 = LINE ( 'NONE', #3799, #2416 ) ;
#264 = CARTESIAN_POINT ( 'NONE',  ( -5.205000000000000100, 4.000159000000000900, 8.120236000000000200 ) ) ;
#265 = ORIENTED_EDGE ( 'NONE', *, *, #2314, .T. ) ;
#266 = DIRECTION ( 'NONE',  ( -1.000000000000000000, 0.0000000000000000000, -0.0000000000000000000 ) ) ;
#267 = VECTOR ( 'NONE', #3464, 1000.000000000000000 ) ;
#268 = LINE ( 'NONE', #1887, #185 ) ;
#269 = EDGE_CURVE ( 'NONE', #2551, #1412, #2975, .T. ) ;
#270 = VERTEX_POINT ( 'NONE', #37 ) ;
#271 = DIRECTION ( 'NONE',  ( 0.0000000000000000000, 1.000000000000000000, 0.0000000000000000000 ) ) ;
#272 = CARTESIAN_POINT ( 'NONE',  ( -2.830000000000000100, 2.800159000000000300, 8.750235999999999200 ) ) ;
#273 = CARTESIAN_POINT ( 'NONE',  ( 6.035000000000001000, -3.999840999999999500, 10.15023600000000000 ) ) ;
#274 = VECTOR ( 'NONE', #1068, 1000.000000000000000 ) ;
#275 = VECTOR ( 'NONE', #116, 1000.000000000000000 ) ;
#276 = ORIENTED_EDGE ( 'NONE', *, *, #3229, .F. ) ;
#277 = EDGE_CURVE ( 'NONE', #577, #1639, #2876, .T. ) ;
#278 = DIRECTION ( 'NONE',  ( -1.000000000000000000, -0.0000000000000000000, -0.0000000000000000000 ) ) ;
#279 = CARTESIAN_POINT ( 'NONE',  ( 5.204999999999999200, -3.999840999999999500, 5.150235999999999600 ) ) ;
#280 = FACE_OUTER_BOUND ( 'NONE', #1913, .T. ) ;
#281 = ORIENTED_EDGE ( 'NONE', *, *, #2705, .F. ) ;
#282 = DIRECTION ( 'NONE',  ( -1.000000000000000000, -0.0000000000000000000, -0.0000000000000000000 ) ) ;
#283 = DIRECTION ( 'NONE',  ( 0.0000000000000000000, -1.000000000000000000, 1.110223024625000000E-016 ) ) ;
#284 = AXIS2_PLACEMENT_3D ( 'NONE', #619, #3525, #2618 ) ;
#285 = EDGE_CURVE ( 'NONE', #76, #1637, #2837, .T. ) ;
#286 = ORIENTED_EDGE ( 'NONE', *, *, #1658, .F. ) ;
#287 = VECTOR ( 'NONE', #1059, 1000.000000000000000 ) ;
#288 = ADVANCED_FACE ( 'NONE', ( #2753 ), #2599, .F. ) ;
#289 = CARTESIAN_POINT ( 'NONE',  ( -5.204999999999997400, -3.999840999999999500, 0.7202359999999999900 ) ) ;
#290 = CARTESIAN_POINT ( 'NONE',  ( -6.035000000000000100, 4.000159000000000000, 0.7202359999999995400 ) ) ;
#291 = ORIENTED_EDGE ( 'NONE', *, *, #147, .F. ) ;
#292 = VERTEX_POINT ( 'NONE', #2100 ) ;
#293 = CARTESIAN_POINT ( 'NONE',  ( 5.935000000000000500, -3.999840999999998600, 10.15023600000000000 ) ) ;
#294 = DIRECTION ( 'NONE',  ( -1.000000000000000000, 0.0000000000000000000, -0.0000000000000000000 ) ) ;
#295 = CARTESIAN_POINT ( 'NONE',  ( -10.03000000000000100, -2.799840999999999800, 5.150235999999999600 ) ) ;
#296 = ORIENTED_EDGE ( 'NONE', *, *, #2869, .T. ) ;
#297 = ORIENTED_EDGE ( 'NONE', *, *, #459, .T. ) ;
#298 = CARTESIAN_POINT ( 'NONE',  ( -5.835000000000000000, 1.333492333332999800, 5.150235999999999600 ) ) ;
#299 = CARTESIAN_POINT ( 'NONE',  ( 10.03000000000000100, -2.799840999999999800, 5.150235999999999600 ) ) ;
#300 = EDGE_LOOP ( 'NONE', ( #1740, #2376, #184, #3760 ) ) ;
#301 = LINE ( 'NONE', #1212, #103 ) ;
#302 = CARTESIAN_POINT ( 'NONE',  ( 6.665000000000000900, -2.399841000000000300, 5.150235999999999600 ) ) ;
#303 = ORIENTED_EDGE ( 'NONE', *, *, #3211, .T. ) ;
#304 = DIRECTION ( 'NONE',  ( 2.365936668375119900E-032, -1.000000000000000000, -0.0000000000000000000 ) ) ;
#305 = CARTESIAN_POINT ( 'NONE',  ( -5.205000000000000100, 0.5334923333329999500, 5.150235999999999600 ) ) ;
#306 = EDGE_CURVE ( 'NONE', #3449, #3697, #2647, .T. ) ;
#307 = DIRECTION ( 'NONE',  ( -0.0000000000000000000, 1.000000000000000000, -1.110223024625000000E-016 ) ) ;
#308 = DIRECTION ( 'NONE',  ( 0.0000000000000000000, 1.000000000000000000, 0.0000000000000000000 ) ) ;
#309 = EDGE_CURVE ( 'NONE', #2472, #1400, #2706, .T. ) ;
#310 = ADVANCED_FACE ( 'NONE', ( #2417 ), #1214, .F. ) ;
#311 = FACE_OUTER_BOUND ( 'NONE', #2075, .T. ) ;
#312 = AXIS2_PLACEMENT_3D ( 'NONE', #54, #191, #948 ) ;
#313 = EDGE_CURVE ( 'NONE', #3507, #1230, #2377, .T. ) ;
#314 = PLANE ( 'NONE',  #1144 ) ;
#315 = VECTOR ( 'NONE', #84, 1000.000000000000000 ) ;
#316 = PLANE ( 'NONE',  #1715 ) ;
#317 = LINE ( 'NONE', #2661, #2543 ) ;
#318 = ORIENTED_EDGE ( 'NONE', *, *, #1139, .T. ) ;
#319 = DIRECTION ( 'NONE',  ( 0.0000000000000000000, 1.110223024625000000E-016, 1.000000000000000000 ) ) ;
#320 = CARTESIAN_POINT ( 'NONE',  ( -5.205000000000000100, -3.999840999999999500, 8.120236000000000200 ) ) ;
#321 = LINE ( 'NONE', #2398, #204 ) ;
#322 = ORIENTED_EDGE ( 'NONE', *, *, #2535, .F. ) ;
#323 = DIRECTION ( 'NONE',  ( 0.0000000000000000000, 1.110223024625000000E-016, 1.000000000000000000 ) ) ;
#324 = LINE ( 'NONE', #2202, #3366 ) ;
#325 = DIRECTION ( 'NONE',  ( -1.000000000000000000, -0.0000000000000000000, -0.0000000000000000000 ) ) ;
#326 = VECTOR ( 'NONE', #3561, 1000.000000000000000 ) ;
#327 = LINE ( 'NONE', #1599, #3266 ) ;
#328 = FACE_OUTER_BOUND ( 'NONE', #1024, .T. ) ;
#329 = ORIENTED_EDGE ( 'NONE', *, *, #3350, .T. ) ;
#330 = ORIENTED_EDGE ( 'NONE', *, *, #1783, .F. ) ;
#331 = EDGE_CURVE ( 'NONE', #1516, #1578, #2459, .T. ) ;
#332 = ADVANCED_FACE ( 'NONE', ( #2328 ), #2887, .T. ) ;
#333 = FILL_AREA_STYLE ('',( #2942 ) ) ;
#334 = EDGE_LOOP ( 'NONE', ( #2260, #3445, #3134, #2816, #554, #1901 ) ) ;
#335 = LINE ( 'NONE', #2936, #326 ) ;
#336 = ORIENTED_EDGE ( 'NONE', *, *, #3391, .F. ) ;
#337 = DIRECTION ( 'NONE',  ( -2.409338161078999800E-016, -1.000000000000000000, 1.110223024625000000E-016 ) ) ;
#338 = EDGE_CURVE ( 'NONE', #3388, #2494, #2071, .T. ) ;
#339 = AXIS2_PLACEMENT_3D ( 'NONE', #1182, #2000, #3742 ) ;
#340 = CARTESIAN_POINT ( 'NONE',  ( -2.830000000000000100, -1.333174333333000000, 5.150235999999999600 ) ) ;
#341 = DIRECTION ( 'NONE',  ( 0.0000000000000000000, 1.110223024625000000E-016, 1.000000000000000000 ) ) ;
#342 = EDGE_LOOP ( 'NONE', ( #343, #1210, #1003, #3819, #3420, #3359, #2180, #3170, #1686, #353, #938, #1518, #344, #322, #1909, #350, #3479, #2614, #3457, #2264 ) ) ;
#343 = ORIENTED_EDGE ( 'NONE', *, *, #2566, .T. ) ;
#344 = ORIENTED_EDGE ( 'NONE', *, *, #2997, .F. ) ;
#345 = CARTESIAN_POINT ( 'NONE',  ( -6.035000000000000100, 1.333492333332999500, 0.7202359999999999900 ) ) ;
#346 = EDGE_LOOP ( 'NONE', ( #3282, #3256, #2092, #1541, #1598, #243, #917, #3731, #1875, #205, #1812, #1103, #2270, #2258, #3411, #2190, #2064, #1775, #509, #984 ) ) ;
#347 = SURFACE_SIDE_STYLE ('',( #957 ) ) ;
#348 = CARTESIAN_POINT ( 'NONE',  ( 5.935000000000000500, -3.999840999999998600, 9.520235999999997000 ) ) ;
#349 = ORIENTED_EDGE ( 'NONE', *, *, #3762, .F. ) ;
#350 = ORIENTED_EDGE ( 'NONE', *, *, #2043, .F. ) ;
#351 = CARTESIAN_POINT ( 'NONE',  ( -5.205000000000000100, -3.999840999999998600, 8.120236000000000200 ) ) ;
#352 = ADVANCED_FACE ( 'NONE', ( #2028 ), #2026, .F. ) ;
#353 = ORIENTED_EDGE ( 'NONE', *, *, #1592, .F. ) ;
#354 = EDGE_CURVE ( 'NONE', #3589, #2620, #1982, .T. ) ;
#355 = CARTESIAN_POINT ( 'NONE',  ( 5.835000000000000000, -3.999840999999999500, 0.7202360000000004300 ) ) ;
#356 = DIRECTION ( 'NONE',  ( -3.903912049434000100E-032, 1.000000000000000000, -1.372744840601633700E-047 ) ) ;
#357 = CIRCLE ( 'NONE', #902, 0.4000000000000000800 ) ;
#358 = PLANE ( 'NONE',  #675 ) ;
#359 = EDGE_CURVE ( 'NONE', #1922, #30, #1949, .T. ) ;
#360 = LINE ( 'NONE', #98, #1018 ) ;
#362 = ORIENTED_EDGE ( 'NONE', *, *, #354, .T. ) ;
#361 = CARTESIAN_POINT ( 'NONE',  ( -5.835000000000000000, 3.200158999999999800, 5.150235999999999600 ) ) ;
#363 = EDGE_CURVE ( 'NONE', #3520, #2250, #2922, .T. ) ;
#364 = AXIS2_PLACEMENT_3D ( 'NONE', #3661, #3639, #3421 ) ;
#365 = EDGE_CURVE ( 'NONE', #1960, #3697, #1937, .T. ) ;
#366 = LINE ( 'NONE', #530, #2588 ) ;
#367 = VECTOR ( 'NONE', #451, 1000.000000000000000 ) ;
#368 = DIRECTION ( 'NONE',  ( 1.000000000000000000, -0.0000000000000000000, 0.0000000000000000000 ) ) ;
#369 = CARTESIAN_POINT ( 'NONE',  ( 11.43000000000000000, 4.000159000000000900, 9.520235999999998800 ) ) ;
#370 = CARTESIAN_POINT ( 'NONE',  ( -10.03000000000000100, -3.199841000000000200, 5.150235999999999600 ) ) ;
#371 = FACE_OUTER_BOUND ( 'NONE', #3800, .T. ) ;
#372 = DIRECTION ( 'NONE',  ( 0.0000000000000000000, -1.110223024625000000E-016, -1.000000000000000000 ) ) ;
#373 = ORIENTED_EDGE ( 'NONE', *, *, #3458, .T. ) ;
#374 = ADVANCED_FACE ( 'NONE', ( #2034 ), #219, .F. ) ;
#375 = DIRECTION ( 'NONE',  ( 0.0000000000000000000, 1.000000000000000000, 0.0000000000000000000 ) ) ;
#376 = FACE_OUTER_BOUND ( 'NONE', #1594, .T. ) ;
#377 = VECTOR ( 'NONE', #113, 1000.000000000000000 ) ;
#378 = VECTOR ( 'NONE', #1908, 1000.000000000000000 ) ;
#379 = LINE ( 'NONE', #1572, #218 ) ;
#380 = VERTEX_POINT ( 'NONE', #3175 ) ;
#381 = ORIENTED_EDGE ( 'NONE', *, *, #1787, .F. ) ;
#382 = VECTOR ( 'NONE', #1825, 1000.000000000000000 ) ;
#383 = EDGE_LOOP ( 'NONE', ( #2287, #1054, #904, #2619 ) ) ;
#384 = DIRECTION ( 'NONE',  ( 1.000000000000000000, 0.0000000000000000000, 0.0000000000000000000 ) ) ;
#385 = DIRECTION ( 'NONE',  ( 7.853897639170090400E-047, 1.564562418826004600E-077, -1.000000000000000000 ) ) ;
#386 = CARTESIAN_POINT ( 'NONE',  ( 5.835000000000000000, -3.199840999999999700, 5.150235999999999600 ) ) ;
#387 = CARTESIAN_POINT ( 'NONE',  ( 6.665000000000000000, -3.999840999999999500, 9.520235999999998800 ) ) ;
#388 = VERTEX_POINT ( 'NONE', #1442 ) ;
#389 = VERTEX_POINT ( 'NONE', #3160 ) ;
#390 = LINE ( 'NONE', #1923, #1930 ) ;
#391 = EDGE_CURVE ( 'NONE', #2806, #3423, #1816, .T. ) ;
#392 = DIRECTION ( 'NONE',  ( -1.000000000000000000, 0.0000000000000000000, -0.0000000000000000000 ) ) ;
#393 = CARTESIAN_POINT ( 'NONE',  ( 5.205000000000000100, -3.999840999999999500, 8.120236000000000200 ) ) ;
#394 = CARTESIAN_POINT ( 'NONE',  ( -10.03000000000000100, 1.333492333333000400, 8.120236000000000200 ) ) ;
#395 = ORIENTED_EDGE ( 'NONE', *, *, #449, .F. ) ;
#396 = EDGE_CURVE ( 'NONE', #2643, #2607, #1808, .T. ) ;
#397 = AXIS2_PLACEMENT_3D ( 'NONE', #993, #2593, #259 ) ;
#398 = EDGE_CURVE ( 'NONE', #683, #3360, #1723, .T. ) ;
#399 = CARTESIAN_POINT ( 'NONE',  ( -5.835000000000000000, -3.999840999999999500, 0.7202360000000004300 ) ) ;
#400 = VERTEX_POINT ( 'NONE', #3733 ) ;
#401 = ADVANCED_FACE ( 'NONE', ( #1629 ), #1429, .F. ) ;
#402 = EDGE_LOOP ( 'NONE', ( #1803, #2835, #2490, #746 ) ) ;
#403 = CARTESIAN_POINT ( 'NONE',  ( 6.665000000000000900, -3.199841000000000200, 9.520235999999998800 ) ) ;
#404 = CARTESIAN_POINT ( 'NONE',  ( 10.03000000000000100, -2.399841000000000300, 5.150235999999999600 ) ) ;
#405 = AXIS2_PLACEMENT_3D ( 'NONE', #1530, #1273, #3290 ) ;
#406 = VERTEX_POINT ( 'NONE', #2267 ) ;
#407 = ORIENTED_EDGE ( 'NONE', *, *, #3031, .T. ) ;
#408 = ORIENTED_EDGE ( 'NONE', *, *, #354, .F. ) ;
#409 = VECTOR ( 'NONE', #745, 1000.000000000000000 ) ;
#410 = CARTESIAN_POINT ( 'NONE',  ( -5.935000000000000500, -3.999840999999999500, -0.009763999999999996600 ) ) ;
#411 = CARTESIAN_POINT ( 'NONE',  ( 5.835000000000000000, 4.000159000000000900, 8.750235999999997500 ) ) ;
#412 = DIRECTION ( 'NONE',  ( 1.992084046299499900E-031, -1.000000000000000000, -0.0000000000000000000 ) ) ;
#413 = EDGE_CURVE ( 'NONE', #2121, #270, #1902, .T. ) ;
#414 = CARTESIAN_POINT ( 'NONE',  ( 6.035000000000000100, -3.999840999999999500, 5.150235999999999600 ) ) ;
#415 = CARTESIAN_POINT ( 'NONE',  ( 10.03000000000000100, -0.5331743333329996800, 8.120236000000000200 ) ) ;
#416 = DIRECTION ( 'NONE',  ( 0.0000000000000000000, 1.110223024625000000E-016, 1.000000000000000000 ) ) ;
#417 = LINE ( 'NONE', #3730, #3355 ) ;
#418 = ORIENTED_EDGE ( 'NONE', *, *, #420, .T. ) ;
#419 = CARTESIAN_POINT ( 'NONE',  ( -10.03000000000000100, 3.200159000000000200, 9.520235999999998800 ) ) ;
#420 = EDGE_CURVE ( 'NONE', #2610, #1857, #1586, .T. ) ;
#421 = ADVANCED_FACE ( 'NONE', ( #1632 ), #3141, .F. ) ;
#422 = VECTOR ( 'NONE', #1648, 1000.000000000000000 ) ;
#423 = CYLINDRICAL_SURFACE ( 'NONE', #1618, 0.4000000000000001900 ) ;
#424 = CARTESIAN_POINT ( 'NONE',  ( -6.665000000000000000, 3.200159000000000200, 0.7202359999999999900 ) ) ;
#425 = AXIS2_PLACEMENT_3D ( 'NONE', #2503, #1109, #3405 ) ;
#426 = VERTEX_POINT ( 'NONE', #2256 ) ;
#427 = ORIENTED_EDGE ( 'NONE', *, *, #2055, .T. ) ;
#428 = LINE ( 'NONE', #387, #2960 ) ;
#429 = DIRECTION ( 'NONE',  ( -0.0000000000000000000, 1.110223024625000000E-016, 1.000000000000000000 ) ) ;
#430 = VECTOR ( 'NONE', #2137, 1000.000000000000000 ) ;
#431 = LINE ( 'NONE', #3763, #130 ) ;
#432 = CARTESIAN_POINT ( 'NONE',  ( -11.43000000000000100, -3.999840999999998600, 9.520235999999998800 ) ) ;
#433 = ORIENTED_EDGE ( 'NONE', *, *, #2798, .F. ) ;
#434 = AXIS2_PLACEMENT_3D ( 'NONE', #2617, #926, #2906 ) ;
#435 = FACE_OUTER_BOUND ( 'NONE', #3124, .T. ) ;
#436 = VECTOR ( 'NONE', #3386, 1000.000000000000000 ) ;
#437 = CARTESIAN_POINT ( 'NONE',  ( -6.035000000000000100, 2.400158999999999900, 10.15023600000000000 ) ) ;
#438 = CIRCLE ( 'NONE', #1850, 0.1000000000000000500 ) ;
#439 = VERTEX_POINT ( 'NONE', #2246 ) ;
#440 = DIRECTION ( 'NONE',  ( 1.000000000000000000, 0.0000000000000000000, 0.0000000000000000000 ) ) ;
#441 = LINE ( 'NONE', #3696, #3450 ) ;
#442 = VECTOR ( 'NONE', #3657, 1000.000000000000000 ) ;
#443 = VERTEX_POINT ( 'NONE', #1414 ) ;
#444 = VECTOR ( 'NONE', #907, 1000.000000000000000 ) ;
#445 = CARTESIAN_POINT ( 'NONE',  ( 10.03000000000000100, 2.800159000000000300, 10.15023600000000000 ) ) ;
#446 = DIRECTION ( 'NONE',  ( 1.000000000000000000, 4.487327949786024300E-048, 4.041825696509680000E-032 ) ) ;
#447 = ORIENTED_EDGE ( 'NONE', *, *, #1682, .T. ) ;
#448 = DIRECTION ( 'NONE',  ( 0.0000000000000000000, -1.110223024625000000E-016, -1.000000000000000000 ) ) ;
#449 = EDGE_CURVE ( 'NONE', #1987, #3653, #1540, .T. ) ;
#450 = ORIENTED_EDGE ( 'NONE', *, *, #2983, .F. ) ;
#451 = DIRECTION ( 'NONE',  ( 0.0000000000000000000, 1.110223024625000000E-016, 1.000000000000000000 ) ) ;
#452 = ORIENTED_EDGE ( 'NONE', *, *, #1490, .T. ) ;
#453 = ORIENTED_EDGE ( 'NONE', *, *, #2381, .T. ) ;
#454 = DIRECTION ( 'NONE',  ( 0.0000000000000000000, -1.110223024625000000E-016, -1.000000000000000000 ) ) ;
#455 = CARTESIAN_POINT ( 'NONE',  ( 5.935000000000000500, -3.999840999999999500, 0.6202359999999999000 ) ) ;
#456 = EDGE_CURVE ( 'NONE', #3675, #966, #1546, .T. ) ;
#457 = ORIENTED_EDGE ( 'NONE', *, *, #398, .T. ) ;
#458 = AXIS2_PLACEMENT_3D ( 'NONE', #3667, #3724, #3755 ) ;
#459 = EDGE_CURVE ( 'NONE', #439, #2119, #1416, .T. ) ;
#460 = ORIENTED_EDGE ( 'NONE', *, *, #1944, .F. ) ;
#461 = PLANE ( 'NONE',  #3000 ) ;
#462 = CARTESIAN_POINT ( 'NONE',  ( 5.205000000000000100, -3.999840999999999500, 8.120236000000000200 ) ) ;
#463 = DIRECTION ( 'NONE',  ( 0.0000000000000000000, 1.000000000000000000, -1.110223024625000000E-016 ) ) ;
#464 = VERTEX_POINT ( 'NONE', #2234 ) ;
#465 = ORIENTED_EDGE ( 'NONE', *, *, #3739, .T. ) ;
#466 = PLANE ( 'NONE',  #171 ) ;
#467 = EDGE_LOOP ( 'NONE', ( #1611, #2248, #2181, #2140, #3714, #602 ) ) ;
#468 = CARTESIAN_POINT ( 'NONE',  ( -5.204999999999999200, -3.199840999999998800, 5.150235999999999600 ) ) ;
#469 = CARTESIAN_POINT ( 'NONE',  ( -5.935000000000000500, -3.999840999999999500, 0.7202359999999999900 ) ) ;
#470 = DIRECTION ( 'NONE',  ( 1.000000000000000000, -2.409338161078999800E-016, 0.0000000000000000000 ) ) ;
#471 = VECTOR ( 'NONE', #2903, 1000.000000000000000 ) ;
#472 = CARTESIAN_POINT ( 'NONE',  ( -6.665000000000000000, -3.999840999999999500, 5.150235999999999600 ) ) ;
#473 = DIRECTION ( 'NONE',  ( -1.199209180814000000E-032, 1.000000000000000000, -1.295327720152991000E-048 ) ) ;
#474 = LINE ( 'NONE', #2579, #65 ) ;
#475 = VECTOR ( 'NONE', #2158, 1000.000000000000000 ) ;
#476 = EDGE_CURVE ( 'NONE', #3222, #3595, #1294, .T. ) ;
#477 = CARTESIAN_POINT ( 'NONE',  ( -10.03000000000000100, 2.800158999999999800, 5.150235999999999600 ) ) ;
#478 = FACE_OUTER_BOUND ( 'NONE', #1748, .T. ) ;
#479 = FACE_OUTER_BOUND ( 'NONE', #1645, .T. ) ;
#480 = VERTEX_POINT ( 'NONE', #508 ) ;
#481 = EDGE_CURVE ( 'NONE', #464, #928, #1849, .T. ) ;
#482 = CIRCLE ( 'NONE', #1225, 0.3999999999999999700 ) ;
#483 = AXIS2_PLACEMENT_3D ( 'NONE', #2391, #3287, #1271 ) ;
#484 = EDGE_CURVE ( 'NONE', #3083, #3236, #1204, .T. ) ;
#485 = CARTESIAN_POINT ( 'NONE',  ( -6.665000000000000000, 3.200159000000000200, 9.520235999999998800 ) ) ;
#486 = VECTOR ( 'NONE', #2301, 1000.000000000000000 ) ;
#487 = ORIENTED_EDGE ( 'NONE', *, *, #2430, .F. ) ;
#488 = ORIENTED_EDGE ( 'NONE', *, *, #2244, .T. ) ;
#489 = CARTESIAN_POINT ( 'NONE',  ( -6.665000000000000000, -2.399841000000000300, 0.7202359999999999900 ) ) ;
#490 = LINE ( 'NONE', #3305, #1209 ) ;
#491 = LINE ( 'NONE', #1368, #442 ) ;
#492 = LINE ( 'NONE', #1360, #367 ) ;
#493 = STYLED_ITEM ( 'NONE', ( #2403 ), #3715 ) ;
#494 = ORIENTED_EDGE ( 'NONE', *, *, #2632, .F. ) ;
#495 = LINE ( 'NONE', #3278, #382 ) ;
#496 = DIRECTION ( 'NONE',  ( 0.0000000000000000000, -1.110223024625000000E-016, -1.000000000000000000 ) ) ;
#497 = ORIENTED_EDGE ( 'NONE', *, *, #249, .T. ) ;
#498 = DIRECTION ( 'NONE',  ( 1.000000000000000000, -0.0000000000000000000, 0.0000000000000000000 ) ) ;
#499 = VERTEX_POINT ( 'NONE', #1672 ) ;
#500 = ORIENTED_EDGE ( 'NONE', *, *, #3508, .F. ) ;
#501 = CARTESIAN_POINT ( 'NONE',  ( 10.03000000000000100, -1.333174333333000000, 5.150235999999999600 ) ) ;
#502 = EDGE_CURVE ( 'NONE', #189, #2797, #1121, .T. ) ;
#503 = CARTESIAN_POINT ( 'NONE',  ( -5.205000000000000100, 4.000159000000000000, 0.7202359999999999900 ) ) ;
#504 = CARTESIAN_POINT ( 'NONE',  ( 5.205000000000000100, 0.5334923333330001700, 8.120236000000000200 ) ) ;
#505 = EDGE_CURVE ( 'NONE', #2480, #2494, #1374, .T. ) ;
#506 = EDGE_LOOP ( 'NONE', ( #2090, #2429, #3298, #2793 ) ) ;
#507 = EDGE_CURVE ( 'NONE', #1353, #1400, #1029, .T. ) ;
#508 = CARTESIAN_POINT ( 'NONE',  ( 6.035000000000001000, 1.333492333332999800, 5.150235999999999600 ) ) ;
#509 = ORIENTED_EDGE ( 'NONE', *, *, #1406, .T. ) ;
#510 = ORIENTED_EDGE ( 'NONE', *, *, #1716, .F. ) ;
#511 = AXIS2_PLACEMENT_3D ( 'NONE', #2636, #1511, #3535 ) ;
#512 = EDGE_CURVE ( 'NONE', #3360, #1412, #1161, .T. ) ;
#513 = ORIENTED_EDGE ( 'NONE', *, *, #597, .T. ) ;
#514 = CARTESIAN_POINT ( 'NONE',  ( 5.935000000000000500, 4.000159000000000900, 10.15023600000000000 ) ) ;
#515 = DIRECTION ( 'NONE',  ( 0.0000000000000000000, 1.110223024625000000E-016, 1.000000000000000000 ) ) ;
#516 = VERTEX_POINT ( 'NONE', #2788 ) ;
#517 = DIRECTION ( 'NONE',  ( 7.853897639170090400E-047, 1.564562418826004600E-077, -1.000000000000000000 ) ) ;
#518 = DIRECTION ( 'NONE',  ( -2.365936668375119900E-032, 1.000000000000000000, 0.0000000000000000000 ) ) ;
#519 = LINE ( 'NONE', #2151, #2736 ) ;
#520 = CARTESIAN_POINT ( 'NONE',  ( 10.03000000000000100, -3.199841000000000200, 5.150235999999999600 ) ) ;
#521 = CARTESIAN_POINT ( 'NONE',  ( -6.665000000000000000, -3.999840999999999500, 9.520235999999997000 ) ) ;
#522 = VECTOR ( 'NONE', #2513, 1000.000000000000000 ) ;
#523 = CARTESIAN_POINT ( 'NONE',  ( 10.03000000000000100, -2.399841000000000300, 5.150235999999999600 ) ) ;
#524 = VECTOR ( 'NONE', #3227, 1000.000000000000000 ) ;
#525 = ORIENTED_EDGE ( 'NONE', *, *, #3694, .T. ) ;
#526 = LINE ( 'NONE', #3299, #3534 ) ;
#527 = EDGE_CURVE ( 'NONE', #2438, #1600, #968, .T. ) ;
#528 = LINE ( 'NONE', #2191, #378 ) ;
#529 = CARTESIAN_POINT ( 'NONE',  ( -6.035000000000001000, 3.200158999999999800, 5.150235999999999600 ) ) ;
#530 = CARTESIAN_POINT ( 'NONE',  ( 5.835000000000000000, -3.999840999999999500, 5.150235999999999600 ) ) ;
#531 = DIRECTION ( 'NONE',  ( 1.992084046299499900E-031, -1.000000000000000000, -0.0000000000000000000 ) ) ;
#532 = LINE ( 'NONE', #1351, #2833 ) ;
#533 = VECTOR ( 'NONE', #1920, 1000.000000000000000 ) ;
#534 = EDGE_CURVE ( 'NONE', #590, #2304, #787, .T. ) ;
#535 = VECTOR ( 'NONE', #1838, 1000.000000000000000 ) ;
#536 = DIRECTION ( 'NONE',  ( -1.000000000000000000, 0.0000000000000000000, -0.0000000000000000000 ) ) ;
#537 = AXIS2_PLACEMENT_3D ( 'NONE', #3725, #3692, #3625 ) ;
#538 = EDGE_CURVE ( 'NONE', #2998, #1031, #698, .T. ) ;
#539 = FACE_OUTER_BOUND ( 'NONE', #300, .T. ) ;
#540 = LINE ( 'NONE', #2200, #533 ) ;
#541 = ORIENTED_EDGE ( 'NONE', *, *, #2057, .F. ) ;
#542 = ORIENTED_EDGE ( 'NONE', *, *, #2150, .T. ) ;
#543 = CARTESIAN_POINT ( 'NONE',  ( -5.835000000000000000, -1.333174333333000000, 8.750235999999999200 ) ) ;
#544 = VERTEX_POINT ( 'NONE', #468 ) ;
#545 = VECTOR ( 'NONE', #1601, 1000.000000000000000 ) ;
#546 = DIRECTION ( 'NONE',  ( 2.409338161078999800E-016, -1.000000000000000000, 1.110223024625000000E-016 ) ) ;
#547 = ORIENTED_EDGE ( 'NONE', *, *, #2629, .F. ) ;
#548 = CARTESIAN_POINT ( 'NONE',  ( 10.03000000000000100, 0.5334923333329999500, 5.150235999999999600 ) ) ;
#549 = DIRECTION ( 'NONE',  ( 0.0000000000000000000, 1.110223024625000000E-016, 1.000000000000000000 ) ) ;
#550 = ORIENTED_EDGE ( 'NONE', *, *, #220, .T. ) ;
#551 = VERTEX_POINT ( 'NONE', #2495 ) ;
#552 = DIRECTION ( 'NONE',  ( 1.000000000000000000, -0.0000000000000000000, 0.0000000000000000000 ) ) ;
#553 = EDGE_CURVE ( 'NONE', #1946, #2790, #540, .T. ) ;
#554 = ORIENTED_EDGE ( 'NONE', *, *, #3395, .T. ) ;
#555 = CARTESIAN_POINT ( 'NONE',  ( -10.03000000000000100, -2.399840999999999900, 9.520235999999998800 ) ) ;
#556 = EDGE_CURVE ( 'NONE', #1637, #1472, #691, .T. ) ;
#557 = ORIENTED_EDGE ( 'NONE', *, *, #1386, .F. ) ;
#558 = ORIENTED_EDGE ( 'NONE', *, *, #1787, .T. ) ;
#559 = AXIS2_PLACEMENT_3D ( 'NONE', #1974, #3723, #1697 ) ;
#560 = DIRECTION ( 'NONE',  ( 1.000000000000000000, 0.0000000000000000000, 0.0000000000000000000 ) ) ;
#561 = CARTESIAN_POINT ( 'NONE',  ( 5.205000000000000100, -2.399840999999999900, 8.120236000000000200 ) ) ;
#562 = ORIENTED_EDGE ( 'NONE', *, *, #1179, .F. ) ;
#563 = AXIS2_PLACEMENT_3D ( 'NONE', #3389, #1926, #135 ) ;
#564 = CARTESIAN_POINT ( 'NONE',  ( -6.035000000000001000, 1.333492333332999500, 10.15023600000000000 ) ) ;
#565 = LINE ( 'NONE', #1211, #1446 ) ;
#566 = DIRECTION ( 'NONE',  ( 0.0000000000000000000, 1.110223024625000000E-016, 1.000000000000000000 ) ) ;
#567 = DIRECTION ( 'NONE',  ( 0.0000000000000000000, -1.110223024625000000E-016, -1.000000000000000000 ) ) ;
#568 = FACE_OUTER_BOUND ( 'NONE', #720, .T. ) ;
#569 = VECTOR ( 'NONE', #725, 1000.000000000000000 ) ;
#570 = CARTESIAN_POINT ( 'NONE',  ( -5.935000000000000500, -3.999840999999999500, 0.7202359999999999900 ) ) ;
#571 = CARTESIAN_POINT ( 'NONE',  ( -5.835000000000000000, -2.399841000000000300, 5.150235999999999600 ) ) ;
#572 = CARTESIAN_POINT ( 'NONE',  ( -6.035000000000001000, 4.000159000000000000, 0.7202359999999999900 ) ) ;
#573 = VECTOR ( 'NONE', #3378, 1000.000000000000000 ) ;
#574 = DIRECTION ( 'NONE',  ( 9.392633243379530200E-049, -1.000000000000000000, -8.639247820005902700E-065 ) ) ;
#575 = CIRCLE ( 'NONE', #3241, 0.7299999999999999800 ) ;
#576 = EDGE_CURVE ( 'NONE', #3555, #2165, #687, .T. ) ;
#577 = VERTEX_POINT ( 'NONE', #3396 ) ;
#578 = CARTESIAN_POINT ( 'NONE',  ( 5.935000000000000500, 4.000159000000000900, 0.7202359999999991000 ) ) ;
#579 = VECTOR ( 'NONE', #1737, 1000.000000000000000 ) ;
#580 = CARTESIAN_POINT ( 'NONE',  ( -10.03000000000000100, -3.199841000000000200, 5.150235999999999600 ) ) ;
#581 = ORIENTED_EDGE ( 'NONE', *, *, #1218, .F. ) ;
#582 = EDGE_CURVE ( 'NONE', #3576, #1388, #492, .T. ) ;
#583 = EDGE_CURVE ( 'NONE', #1102, #1595, #528, .T. ) ;
#584 = CARTESIAN_POINT ( 'NONE',  ( 6.665000000000000900, -1.333174333333000200, 5.150235999999999600 ) ) ;
#585 = FACE_OUTER_BOUND ( 'NONE', #1778, .T. ) ;
#586 = CIRCLE ( 'NONE', #3810, 0.4000000000000001900 ) ;
#587 = CARTESIAN_POINT ( 'NONE',  ( -6.665000000000000000, 0.5334923333330000600, 9.520235999999998800 ) ) ;
#588 = ORIENTED_EDGE ( 'NONE', *, *, #1845, .T. ) ;
#589 = LINE ( 'NONE', #293, #535 ) ;
#590 = VERTEX_POINT ( 'NONE', #1621 ) ;
#591 = CARTESIAN_POINT ( 'NONE',  ( 5.835000000000000000, -3.999840999999999500, 8.750235999999999200 ) ) ;
#592 = CARTESIAN_POINT ( 'NONE',  ( 10.03000000000000100, 0.9334923333330000800, 5.150235999999999600 ) ) ;
#593 = EDGE_CURVE ( 'NONE', #937, #1637, #216, .T. ) ;
#594 = VECTOR ( 'NONE', #1927, 1000.000000000000000 ) ;
#595 = ORIENTED_EDGE ( 'NONE', *, *, #1953, .F. ) ;
#596 = VECTOR ( 'NONE', #2383, 1000.000000000000000 ) ;
#597 = EDGE_CURVE ( 'NONE', #946, #2527, #258, .T. ) ;
#598 = EDGE_LOOP ( 'NONE', ( #1943, #3267, #1703, #635, #1034, #3690 ) ) ;
#599 = DIRECTION ( 'NONE',  ( 0.0000000000000000000, 1.110223024625000000E-016, 1.000000000000000000 ) ) ;
#600 = ORIENTED_EDGE ( 'NONE', *, *, #1536, .F. ) ;
#601 = VECTOR ( 'NONE', #2122, 1000.000000000000000 ) ;
#602 = ORIENTED_EDGE ( 'NONE', *, *, #2623, .T. ) ;
#603 = DIRECTION ( 'NONE',  ( 0.0000000000000000000, -1.000000000000000000, 1.110223024625000000E-016 ) ) ;
#604 = DIRECTION ( 'NONE',  ( 0.0000000000000000000, 1.000000000000000000, -1.110223024625000000E-016 ) ) ;
#605 = CARTESIAN_POINT ( 'NONE',  ( 10.03000000000000100, -0.9331743333330000400, 5.150235999999999600 ) ) ;
#606 = ORIENTED_EDGE ( 'NONE', *, *, #2714, .F. ) ;
#607 = ORIENTED_EDGE ( 'NONE', *, *, #2665, .F. ) ;
#608 = CARTESIAN_POINT ( 'NONE',  ( -11.43000000000000000, 4.000159000000000900, 10.15023600000000000 ) ) ;
#609 = VERTEX_POINT ( 'NONE', #3370 ) ;
#610 = DIRECTION ( 'NONE',  ( 0.0000000000000000000, -1.000000000000000000, 1.110223024625000000E-016 ) ) ;
#611 = EDGE_LOOP ( 'NONE', ( #1125, #1525, #1835, #2484, #3592, #1305, #1383, #1745, #1867, #2048, #3504, #2302, #2996, #291, #2974, #550, #1401, #2435, #3294, #932, #1554, #1439, #2715, #3728 ) ) ;
#612 = ORIENTED_EDGE ( 'NONE', *, *, #2575, .T. ) ;
#613 = EDGE_CURVE ( 'NONE', #1660, #762, #77, .T. ) ;
#614 = ORIENTED_EDGE ( 'NONE', *, *, #704, .T. ) ;
#615 = CARTESIAN_POINT ( 'NONE',  ( -6.665000000000000000, -3.999840999999999500, 0.7202360000000001000 ) ) ;
#616 = EDGE_CURVE ( 'NONE', #1857, #1184, #128, .T. ) ;
#617 = AXIS2_PLACEMENT_3D ( 'NONE', #79, #864, #3747 ) ;
#618 = EDGE_CURVE ( 'NONE', #2551, #3192, #3796, .T. ) ;
#619 = CARTESIAN_POINT ( 'NONE',  ( 10.03000000000000100, 0.9334923333330000800, 5.150235999999999600 ) ) ;
#620 = VECTOR ( 'NONE', #2681, 1000.000000000000000 ) ;
#621 = PRODUCT_DEFINITION ( 'UNKNOWN', '', #828, #2717 ) ;
#622 = LINE ( 'NONE', #159, #3616 ) ;
#623 = DIRECTION ( 'NONE',  ( 0.0000000000000000000, -1.110223024625000000E-016, -1.000000000000000000 ) ) ;
#624 = CARTESIAN_POINT ( 'NONE',  ( 10.03000000000000100, 2.800158999999999800, 5.150235999999999600 ) ) ;
#625 = CIRCLE ( 'NONE', #1066, 0.4000000000000000800 ) ;
#626 = CARTESIAN_POINT ( 'NONE',  ( 10.03000000000000100, -2.799840999999999400, 9.520235999999998800 ) ) ;
#627 = CARTESIAN_POINT ( 'NONE',  ( -10.03000000000000100, 2.400158999999999900, 5.150235999999999600 ) ) ;
#628 = DIRECTION ( 'NONE',  ( 0.0000000000000000000, 1.000000000000000000, 0.0000000000000000000 ) ) ;
#629 = ORIENTED_EDGE ( 'NONE', *, *, #1569, .T. ) ;
#630 = LINE ( 'NONE', #394, #2275 ) ;
#631 = LINE ( 'NONE', #1534, #3624 ) ;
#632 = VECTOR ( 'NONE', #2481, 1000.000000000000000 ) ;
#633 = DIRECTION ( 'NONE',  ( 1.000000000000000000, 0.0000000000000000000, 0.0000000000000000000 ) ) ;
#634 = VECTOR ( 'NONE', #878, 1000.000000000000000 ) ;
#635 = ORIENTED_EDGE ( 'NONE', *, *, #1471, .T. ) ;
#636 = VECTOR ( 'NONE', #470, 1000.000000000000000 ) ;
#637 = EDGE_CURVE ( 'NONE', #138, #1563, #3713, .T. ) ;
#638 = ORIENTED_EDGE ( 'NONE', *, *, #2892, .F. ) ;
#639 = ADVANCED_FACE ( 'NONE', ( #3807 ), #1190, .F. ) ;
#640 = CARTESIAN_POINT ( 'NONE',  ( -6.035000000000000100, -0.5331743333330000200, 10.15023600000000000 ) ) ;
#641 = DIRECTION ( 'NONE',  ( -7.853897639170090400E-047, -1.564562418826004600E-077, 1.000000000000000000 ) ) ;
#642 = CYLINDRICAL_SURFACE ( 'NONE', #425, 0.4000000000000001900 ) ;
#643 = VECTOR ( 'NONE', #800, 1000.000000000000000 ) ;
#644 = EDGE_CURVE ( 'NONE', #3145, #3675, #3591, .T. ) ;
#645 = ORIENTED_EDGE ( 'NONE', *, *, #2136, .T. ) ;
#646 = VERTEX_POINT ( 'NONE', #91 ) ;
#647 = AXIS2_PLACEMENT_3D ( 'NONE', #477, #1098, #2772 ) ;
#648 = ORIENTED_EDGE ( 'NONE', *, *, #839, .F. ) ;
#649 = CARTESIAN_POINT ( 'NONE',  ( 10.03000000000000100, 3.200159000000000200, 5.150235999999999600 ) ) ;
#650 = AXIS2_PLACEMENT_3D ( 'NONE', #3501, #1756, #3773 ) ;
#651 = ORIENTED_EDGE ( 'NONE', *, *, #3085, .F. ) ;
#652 = LINE ( 'NONE', #3101, #594 ) ;
#653 = CARTESIAN_POINT ( 'NONE',  ( 6.665000000000000900, -0.5331743333330000200, 9.520235999999998800 ) ) ;
#654 = VERTEX_POINT ( 'NONE', #419 ) ;
#655 = EDGE_LOOP ( 'NONE', ( #1251, #1664, #140, #2331 ) ) ;
#656 = VECTOR ( 'NONE', #126, 1000.000000000000000 ) ;
#657 = CARTESIAN_POINT ( 'NONE',  ( 2.830000000000000100, 1.333492333333000200, 8.750235999999999200 ) ) ;
#658 = DIRECTION ( 'NONE',  ( 0.0000000000000000000, -1.000000000000000000, 1.110223024625000000E-016 ) ) ;
#659 = ORIENTED_EDGE ( 'NONE', *, *, #2925, .T. ) ;
#660 = ADVANCED_FACE ( 'NONE', ( #3628 ), #2571, .F. ) ;
#661 = ORIENTED_EDGE ( 'NONE', *, *, #583, .F. ) ;
#662 = DIRECTION ( 'NONE',  ( -0.0000000000000000000, -1.110223024625000000E-016, -1.000000000000000000 ) ) ;
#663 = EDGE_LOOP ( 'NONE', ( #1282, #2577, #2938, #2708, #3111, #52, #3127, #2873, #891, #447, #1090, #812, #2120, #2220, #2532, #3764, #2255, #3002, #2679, #2167, #2080, #716, #362, #994 ) ) ;
#664 = ORIENTED_EDGE ( 'NONE', *, *, #1953, .T. ) ;
#665 = CIRCLE ( 'NONE', #3063, 0.4000000000000000800 ) ;
#666 = CARTESIAN_POINT ( 'NONE',  ( -2.830000000000000100, -0.9331743333330000400, 5.150235999999999600 ) ) ;
#667 = EDGE_CURVE ( 'NONE', #261, #464, #3541, .T. ) ;
#668 = CARTESIAN_POINT ( 'NONE',  ( 2.830000000000000100, -1.333174333333000000, 5.150235999999999600 ) ) ;
#669 =( LENGTH_UNIT ( ) NAMED_UNIT ( * ) SI_UNIT ( .MILLI., .METRE. ) );
#670 = EDGE_CURVE ( 'NONE', #2261, #406, #3511, .T. ) ;
#671 = DIRECTION ( 'NONE',  ( 1.000000000000000000, 2.409338161078999800E-016, 0.0000000000000000000 ) ) ;
#672 = CARTESIAN_POINT ( 'NONE',  ( -6.665000000000000000, -1.333174333333000200, 9.520235999999997000 ) ) ;
#673 = EDGE_CURVE ( 'NONE', #1765, #2840, #3262, .T. ) ;
#674 = VECTOR ( 'NONE', #2036, 1000.000000000000000 ) ;
#675 = AXIS2_PLACEMENT_3D ( 'NONE', #2567, #463, #515 ) ;
#676 = EDGE_CURVE ( 'NONE', #3500, #2091, #3225, .T. ) ;
#677 = CARTESIAN_POINT ( 'NONE',  ( 6.665000000000000000, 4.000159000000000900, 9.520235999999997000 ) ) ;
#678 = CARTESIAN_POINT ( 'NONE',  ( 10.03000000000000100, -1.333174333332999500, 8.120236000000000200 ) ) ;
#679 = LINE ( 'NONE', #3608, #569 ) ;
#680 = ADVANCED_FACE ( 'NONE', ( #2982 ), #1312, .F. ) ;
#681 =( LENGTH_UNIT ( ) NAMED_UNIT ( * ) SI_UNIT ( .MILLI., .METRE. ) );
#682 = CYLINDRICAL_SURFACE ( 'NONE', #2831, 0.7299999999999999800 ) ;
#683 = VERTEX_POINT ( 'NONE', #3781 ) ;
#684 = CARTESIAN_POINT ( 'NONE',  ( 5.835000000000000900, -3.999840999999999500, 0.7202360000000008800 ) ) ;
#685 = CIRCLE ( 'NONE', #2135, 0.7299999999999999800 ) ;
#686 = CARTESIAN_POINT ( 'NONE',  ( 10.03000000000000100, -2.799840999999999800, 5.150235999999999600 ) ) ;
#687 = LINE ( 'NONE', #3073, #436 ) ;
#688 = CARTESIAN_POINT ( 'NONE',  ( -5.835000000000000000, -3.999840999999999500, 8.750235999999999200 ) ) ;
#689 = VECTOR ( 'NONE', #136, 1000.000000000000000 ) ;
#690 = VECTOR ( 'NONE', #1384, 1000.000000000000000 ) ;
#691 = LINE ( 'NONE', #3659, #632 ) ;
#692 = DIRECTION ( 'NONE',  ( 2.759369261892999800E-016, -0.0000000000000000000, -1.000000000000000000 ) ) ;
#693 = EDGE_LOOP ( 'NONE', ( #1827, #1886, #3032, #2348 ) ) ;
#694 = LINE ( 'NONE', #2396, #601 ) ;
#695 = ORIENTED_EDGE ( 'NONE', *, *, #396, .T. ) ;
#696 = EDGE_CURVE ( 'NONE', #3632, #1872, #3128, .T. ) ;
#697 = LINE ( 'NONE', #1659, #690 ) ;
#698 = LINE ( 'NONE', #1370, #643 ) ;
#699 = ORIENTED_EDGE ( 'NONE', *, *, #2719, .F. ) ;
#700 = LINE ( 'NONE', #684, #596 ) ;
#701 = EDGE_CURVE ( 'NONE', #2091, #3057, #3136, .T. ) ;
#702 = AXIS2_PLACEMENT_3D ( 'NONE', #2954, #973, #2670 ) ;
#703 = ORIENTED_EDGE ( 'NONE', *, *, #3312, .T. ) ;
#704 = EDGE_CURVE ( 'NONE', #1989, #182, #2879, .T. ) ;
#705 = ORIENTED_EDGE ( 'NONE', *, *, #2427, .T. ) ;
#706 = ADVANCED_FACE ( 'NONE', ( #2977 ), #711, .F. ) ;
#707 = DIRECTION ( 'NONE',  ( 0.0000000000000000000, -1.000000000000000000, 1.110223024625000000E-016 ) ) ;
#708 = CARTESIAN_POINT ( 'NONE',  ( 10.03000000000000100, -0.5331743333329999100, 5.150235999999999600 ) ) ;
#709 = AXIS2_PLACEMENT_3D ( 'NONE', #3788, #2627, #3805 ) ;
#710 = ORIENTED_EDGE ( 'NONE', *, *, #1889, .F. ) ;
#711 = PLANE ( 'NONE',  #3486 ) ;
#712 = ORIENTED_EDGE ( 'NONE', *, *, #2308, .T. ) ;
#713 = ORIENTED_EDGE ( 'NONE', *, *, #1454, .F. ) ;
#714 = DIRECTION ( 'NONE',  ( 0.0000000000000000000, 1.000000000000000000, 0.0000000000000000000 ) ) ;
#715 = VERTEX_POINT ( 'NONE', #2709 ) ;
#716 = ORIENTED_EDGE ( 'NONE', *, *, #3139, .T. ) ;
#717 = ORIENTED_EDGE ( 'NONE', *, *, #1308, .F. ) ;
#718 = CARTESIAN_POINT ( 'NONE',  ( -2.830000000000000100, 0.5334923333330000600, 5.150235999999999600 ) ) ;
#719 = EDGE_CURVE ( 'NONE', #885, #3083, #2839, .T. ) ;
#720 = EDGE_LOOP ( 'NONE', ( #607, #125, #1081, #557, #1817, #2522 ) ) ;
#721 = DIRECTION ( 'NONE',  ( 1.971276677246000000E-016, 0.0000000000000000000, 1.000000000000000000 ) ) ;
#722 = ADVANCED_FACE ( 'NONE', ( #2606 ), #3316, .F. ) ;
#723 = EDGE_CURVE ( 'NONE', #464, #1688, #2558, .T. ) ;
#724 = FACE_OUTER_BOUND ( 'NONE', #3219, .T. ) ;
#725 = DIRECTION ( 'NONE',  ( 1.000000000000000000, 0.0000000000000000000, 0.0000000000000000000 ) ) ;
#726 = EDGE_CURVE ( 'NONE', #3192, #76, #2711, .T. ) ;
#727 = VECTOR ( 'NONE', #2310, 1000.000000000000000 ) ;
#728 = CARTESIAN_POINT ( 'NONE',  ( -10.03000000000000100, -0.5331743333329999100, 5.150235999999999600 ) ) ;
#729 = ORIENTED_EDGE ( 'NONE', *, *, #1487, .F. ) ;
#730 = DIRECTION ( 'NONE',  ( -0.0000000000000000000, 1.110223024625000000E-016, 1.000000000000000000 ) ) ;
#731 = CARTESIAN_POINT ( 'NONE',  ( -5.835000000000000000, 2.400158999999999900, 5.150235999999999600 ) ) ;
#732 = CIRCLE ( 'NONE', #1319, 0.4000000000000001900 ) ;
#733 = VECTOR ( 'NONE', #498, 1000.000000000000000 ) ;
#734 = ORIENTED_EDGE ( 'NONE', *, *, #1242, .F. ) ;
#735 = VECTOR ( 'NONE', #3677, 1000.000000000000000 ) ;
#736 = DIRECTION ( 'NONE',  ( 0.0000000000000000000, -1.110223024625000000E-016, -1.000000000000000000 ) ) ;
#737 = LINE ( 'NONE', #3671, #875 ) ;
#738 = ADVANCED_FACE ( 'NONE', ( #2521 ), #3569, .F. ) ;
#739 = ORIENTED_EDGE ( 'NONE', *, *, #2914, .T. ) ;
#740 = CARTESIAN_POINT ( 'NONE',  ( 6.665000000000000900, -3.999840999999999500, 5.150235999999999600 ) ) ;
#741 = DIRECTION ( 'NONE',  ( -1.000000000000000000, -0.0000000000000000000, -0.0000000000000000000 ) ) ;
#742 = ORIENTED_EDGE ( 'NONE', *, *, #1492, .T. ) ;
#743 = EDGE_CURVE ( 'NONE', #2643, #871, #2608, .T. ) ;
#744 = DIRECTION ( 'NONE',  ( 0.0000000000000000000, -1.000000000000000000, 1.110223024625000000E-016 ) ) ;
#745 = DIRECTION ( 'NONE',  ( 1.000000000000000000, 2.409338161078999800E-016, 0.0000000000000000000 ) ) ;
#746 = ORIENTED_EDGE ( 'NONE', *, *, #449, .T. ) ;
#747 = CARTESIAN_POINT ( 'NONE',  ( 5.935000000000000500, 4.000159000000000900, 0.7202359999999991000 ) ) ;
#748 = EDGE_CURVE ( 'NONE', #1132, #1458, #2214, .T. ) ;
#749 = CYLINDRICAL_SURFACE ( 'NONE', #1341, 0.3999999999999999700 ) ;
#750 = AXIS2_PLACEMENT_3D ( 'NONE', #63, #127, #221 ) ;
#751 = EDGE_CURVE ( 'NONE', #3820, #389, #2249, .T. ) ;
#752 = ORIENTED_EDGE ( 'NONE', *, *, #96, .T. ) ;
#753 = ORIENTED_EDGE ( 'NONE', *, *, #1711, .F. ) ;
#754 = CYLINDRICAL_SURFACE ( 'NONE', #193, 0.1000000000000000500 ) ;
#755 = PLANE ( 'NONE',  #1615 ) ;
#756 = VERTEX_POINT ( 'NONE', #2102 ) ;
#757 = ORIENTED_EDGE ( 'NONE', *, *, #2528, .F. ) ;
#758 = VERTEX_POINT ( 'NONE', #1258 ) ;
#759 = CARTESIAN_POINT ( 'NONE',  ( 2.830000000000000100, -2.399840999999999900, 5.150235999999999600 ) ) ;
#760 = ADVANCED_FACE ( 'NONE', ( #2168 ), #1894, .F. ) ;
#761 = ORIENTED_EDGE ( 'NONE', *, *, #3688, .F. ) ;
#762 = VERTEX_POINT ( 'NONE', #3016 ) ;
#763 = VECTOR ( 'NONE', #2568, 1000.000000000000000 ) ;
#764 = CARTESIAN_POINT ( 'NONE',  ( -6.665000000000000000, -0.5331743333330000200, 5.150235999999999600 ) ) ;
#765 = VERTEX_POINT ( 'NONE', #1042 ) ;
#766 = CARTESIAN_POINT ( 'NONE',  ( -5.835000000000000000, 1.333492333332999500, 8.750235999999999200 ) ) ;
#767 = EDGE_CURVE ( 'NONE', #2250, #3193, #1821, .T. ) ;
#768 = VECTOR ( 'NONE', #3454, 1000.000000000000000 ) ;
#769 = EDGE_CURVE ( 'NONE', #1175, #109, #1947, .T. ) ;
#770 = DIRECTION ( 'NONE',  ( -4.041825696509680000E-032, 1.110223024625000000E-016, 1.000000000000000000 ) ) ;
#771 = VECTOR ( 'NONE', #1304, 1000.000000000000000 ) ;
#772 = CARTESIAN_POINT ( 'NONE',  ( -6.665000000000000000, -3.999840999999999500, 9.520235999999997000 ) ) ;
#773 = AXIS2_PLACEMENT_3D ( 'NONE', #548, #3153, #1157 ) ;
#774 = DIRECTION ( 'NONE',  ( 0.0000000000000000000, -1.000000000000000000, 1.110223024625000000E-016 ) ) ;
#775 = DIRECTION ( 'NONE',  ( 0.0000000000000000000, 0.0000000000000000000, 1.000000000000000000 ) ) ;
#776 = LINE ( 'NONE', #2233, #3665 ) ;
#777 = ORIENTED_EDGE ( 'NONE', *, *, #112, .T. ) ;
#778 = AXIS2_PLACEMENT_3D ( 'NONE', #825, #2818, #1146 ) ;
#779 = LINE ( 'NONE', #1914, #3752 ) ;
#780 = DIRECTION ( 'NONE',  ( -0.0000000000000000000, 1.000000000000000000, -1.110223024625000000E-016 ) ) ;
#781 = ORIENTED_EDGE ( 'NONE', *, *, #1145, .T. ) ;
#782 = CYLINDRICAL_SURFACE ( 'NONE', #458, 0.1000000000000000500 ) ;
#783 = FACE_OUTER_BOUND ( 'NONE', #655, .T. ) ;
#784 = ORIENTED_EDGE ( 'NONE', *, *, #844, .F. ) ;
#785 = CARTESIAN_POINT ( 'NONE',  ( -5.835000000000000000, 3.200158999999999800, 8.750235999999999200 ) ) ;
#786 = DIRECTION ( 'NONE',  ( 0.0000000000000000000, 0.0000000000000000000, -1.000000000000000000 ) ) ;
#787 = CIRCLE ( 'NONE', #1734, 0.3999999999999999700 ) ;
#788 = VECTOR ( 'NONE', #2134, 1000.000000000000000 ) ;
#789 = VERTEX_POINT ( 'NONE', #399 ) ;
#790 = ORIENTED_EDGE ( 'NONE', *, *, #3064, .T. ) ;
#791 = DIRECTION ( 'NONE',  ( 1.992084046299499900E-031, -1.000000000000000000, -0.0000000000000000000 ) ) ;
#792 = CARTESIAN_POINT ( 'NONE',  ( -5.205000000000000100, -3.999840999999999500, 0.7202359999999999900 ) ) ;
#793 = EDGE_CURVE ( 'NONE', #1037, #400, #1678, .T. ) ;
#794 = ORIENTED_EDGE ( 'NONE', *, *, #456, .T. ) ;
#795 = ORIENTED_EDGE ( 'NONE', *, *, #2939, .T. ) ;
#796 = DIRECTION ( 'NONE',  ( 1.000000000000000000, 0.0000000000000000000, 0.0000000000000000000 ) ) ;
#797 = EDGE_CURVE ( 'NONE', #1987, #2624, #1687, .T. ) ;
#798 = EDGE_CURVE ( 'NONE', #1435, #3286, #2042, .T. ) ;
#799 = ORIENTED_EDGE ( 'NONE', *, *, #613, .T. ) ;
#800 = DIRECTION ( 'NONE',  ( -3.903912049434000100E-032, 1.000000000000000000, -1.372744840601633700E-047 ) ) ;
#801 = CARTESIAN_POINT ( 'NONE',  ( 6.035000000000001000, 0.5334923333330000600, 5.150235999999999600 ) ) ;
#802 = ORIENTED_EDGE ( 'NONE', *, *, #1575, .T. ) ;
#803 = ORIENTED_EDGE ( 'NONE', *, *, #1663, .F. ) ;
#804 = AXIS2_PLACEMENT_3D ( 'NONE', #1967, #1361, #1174 ) ;
#805 = EDGE_CURVE ( 'NONE', #946, #1652, #1638, .T. ) ;
#806 = ORIENTED_EDGE ( 'NONE', *, *, #1585, .F. ) ;
#807 = DIRECTION ( 'NONE',  ( 7.853897639170090400E-047, 1.564562418826004600E-077, -1.000000000000000000 ) ) ;
#808 = ORIENTED_EDGE ( 'NONE', *, *, #3758, .T. ) ;
#809 = ORIENTED_EDGE ( 'NONE', *, *, #616, .T. ) ;
#810 = DIRECTION ( 'NONE',  ( 0.0000000000000000000, -1.000000000000000000, 1.110223024625000000E-016 ) ) ;
#811 = CARTESIAN_POINT ( 'NONE',  ( 5.205000000000000100, -3.999840999999998600, 8.120236000000000200 ) ) ;
#812 = ORIENTED_EDGE ( 'NONE', *, *, #956, .T. ) ;
#813 = ORIENTED_EDGE ( 'NONE', *, *, #2845, .T. ) ;
#814 = VECTOR ( 'NONE', #3655, 1000.000000000000000 ) ;
#815 = EDGE_CURVE ( 'NONE', #3053, #1939, #1510, .T. ) ;
#816 = CARTESIAN_POINT ( 'NONE',  ( 2.830000000000000100, 0.5334923333330001700, 8.750235999999999200 ) ) ;
#817 = LINE ( 'NONE', #3431, #3012 ) ;
#818 = LINE ( 'NONE', #587, #727 ) ;
#819 = DIRECTION ( 'NONE',  ( 0.0000000000000000000, 1.000000000000000000, 0.0000000000000000000 ) ) ;
#820 = ORIENTED_EDGE ( 'NONE', *, *, #43, .F. ) ;
#821 = AXIS2_PLACEMENT_3D ( 'NONE', #2112, #1089, #1411 ) ;
#822 = EDGE_CURVE ( 'NONE', #3687, #1132, #1420, .T. ) ;
#823 = FACE_OUTER_BOUND ( 'NONE', #228, .T. ) ;
#824 = ORIENTED_EDGE ( 'NONE', *, *, #398, .F. ) ;
#825 = CARTESIAN_POINT ( 'NONE',  ( 10.03000000000000100, 2.800159000000000300, 9.520235999999998800 ) ) ;
#826 = VECTOR ( 'NONE', #3252, 1000.000000000000000 ) ;
#827 = VERTEX_POINT ( 'NONE', #657 ) ;
#828 = PRODUCT_DEFINITION_FORMATION_WITH_SPECIFIED_SOURCE ( 'ANY', '', #1839, .NOT_KNOWN. ) ;
#829 = ORIENTED_EDGE ( 'NONE', *, *, #898, .T. ) ;
#830 = DIRECTION ( 'NONE',  ( 1.000000000000000000, 2.409338161078999800E-016, 0.0000000000000000000 ) ) ;
#831 = VECTOR ( 'NONE', #3683, 1000.000000000000000 ) ;
#832 = CARTESIAN_POINT ( 'NONE',  ( -6.035000000000000100, -3.999840999999999500, 0.7202359999999999900 ) ) ;
#833 = LINE ( 'NONE', #2687, #1030 ) ;
#834 = VERTEX_POINT ( 'NONE', #3550 ) ;
#835 = VECTOR ( 'NONE', #2300, 1000.000000000000000 ) ;
#836 = LINE ( 'NONE', #1942, #831 ) ;
#837 = DIRECTION ( 'NONE',  ( -0.0000000000000000000, -1.110223024625000000E-016, -1.000000000000000000 ) ) ;
#838 = VERTEX_POINT ( 'NONE', #2949 ) ;
#839 = EDGE_CURVE ( 'NONE', #2946, #1743, #1171, .T. ) ;
#840 = VECTOR ( 'NONE', #1395, 1000.000000000000000 ) ;
#841 = ORIENTED_EDGE ( 'NONE', *, *, #2570, .F. ) ;
#842 = CARTESIAN_POINT ( 'NONE',  ( 2.830000000000000100, 2.400158999999999900, 8.750235999999999200 ) ) ;
#843 = CARTESIAN_POINT ( 'NONE',  ( -5.935000000000000500, -3.999840999999999500, 0.7202359999999999900 ) ) ;
#844 = EDGE_CURVE ( 'NONE', #789, #2438, #1213, .T. ) ;
#845 = VERTEX_POINT ( 'NONE', #1799 ) ;
#846 = VERTEX_POINT ( 'NONE', #3542 ) ;
#847 = ORIENTED_EDGE ( 'NONE', *, *, #1179, .T. ) ;
#848 = AXIS2_PLACEMENT_3D ( 'NONE', #854, #1998, #1170 ) ;
#849 = ORIENTED_EDGE ( 'NONE', *, *, #2576, .F. ) ;
#850 = ORIENTED_EDGE ( 'NONE', *, *, #146, .F. ) ;
#851 = VECTOR ( 'NONE', #741, 1000.000000000000000 ) ;
#852 = DIRECTION ( 'NONE',  ( -1.000000000000000000, 0.0000000000000000000, -0.0000000000000000000 ) ) ;
#853 = CARTESIAN_POINT ( 'NONE',  ( -2.830000000000000100, -2.399840999999999900, 8.120236000000000200 ) ) ;
#854 = CARTESIAN_POINT ( 'NONE',  ( -5.935000000000000500, -3.999840999999999500, 0.7202359999999999900 ) ) ;
#855 = DIRECTION ( 'NONE',  ( -0.0000000000000000000, -1.110223024625000000E-016, -1.000000000000000000 ) ) ;
#856 = VECTOR ( 'NONE', #3167, 1000.000000000000000 ) ;
#857 = CIRCLE ( 'NONE', #1038, 0.4000000000000001900 ) ;
#858 = FACE_OUTER_BOUND ( 'NONE', #402, .T. ) ;
#859 = CARTESIAN_POINT ( 'NONE',  ( -6.665000000000000000, 2.400158999999999900, 5.150235999999999600 ) ) ;
#860 = EDGE_CURVE ( 'NONE', #1353, #762, #1297, .T. ) ;
#861 = VECTOR ( 'NONE', #1707, 1000.000000000000000 ) ;
#862 = LINE ( 'NONE', #2505, #3071 ) ;
#863 = EDGE_CURVE ( 'NONE', #1529, #1987, #1250, .T. ) ;
#864 = DIRECTION ( 'NONE',  ( -0.0000000000000000000, -1.110223024625000000E-016, -1.000000000000000000 ) ) ;
#866 = ORIENTED_EDGE ( 'NONE', *, *, #3367, .F. ) ;
#865 = CARTESIAN_POINT ( 'NONE',  ( 5.935000000000000500, -3.999840999999998600, 10.15023600000000000 ) ) ;
#867 = DIRECTION ( 'NONE',  ( 0.0000000000000000000, -1.000000000000000000, 1.110223024625000000E-016 ) ) ;
#868 = LINE ( 'NONE', #2001, #2870 ) ;
#869 = DIRECTION ( 'NONE',  ( 0.0000000000000000000, -1.000000000000000000, 1.110223024625000000E-016 ) ) ;
#870 = EDGE_CURVE ( 'NONE', #2226, #1335, #1557, .T. ) ;
#871 = VERTEX_POINT ( 'NONE', #2918 ) ;
#872 = DIRECTION ( 'NONE',  ( 1.000000000000000000, 0.0000000000000000000, 0.0000000000000000000 ) ) ;
#873 = EDGE_CURVE ( 'NONE', #1102, #3496, #980, .T. ) ;
#874 = CIRCLE ( 'NONE', #3652, 0.4000000000000001900 ) ;
#875 = VECTOR ( 'NONE', #796, 1000.000000000000000 ) ;
#876 = VERTEX_POINT ( 'NONE', #1771 ) ;
#877 = CARTESIAN_POINT ( 'NONE',  ( -5.205000000000000100, 3.200159000000000600, 8.120236000000000200 ) ) ;
#878 = DIRECTION ( 'NONE',  ( 0.0000000000000000000, -1.110223024625000000E-016, -1.000000000000000000 ) ) ;
#879 = ORIENTED_EDGE ( 'NONE', *, *, #748, .T. ) ;
#880 = VECTOR ( 'NONE', #995, 1000.000000000000000 ) ;
#881 = DIRECTION ( 'NONE',  ( 0.0000000000000000000, -1.110223024625000000E-016, -1.000000000000000000 ) ) ;
#882 = DIRECTION ( 'NONE',  ( 1.992084046299499900E-031, -1.000000000000000000, -0.0000000000000000000 ) ) ;
#883 = DIRECTION ( 'NONE',  ( -1.000000000000000000, -4.487327949786024300E-048, -4.041825696509680000E-032 ) ) ;
#884 = DIRECTION ( 'NONE',  ( 0.0000000000000000000, 1.000000000000000000, 0.0000000000000000000 ) ) ;
#885 = VERTEX_POINT ( 'NONE', #3772 ) ;
#886 = VECTOR ( 'NONE', #1694, 1000.000000000000000 ) ;
#887 = FACE_OUTER_BOUND ( 'NONE', #1342, .T. ) ;
#888 = DIRECTION ( 'NONE',  ( 0.0000000000000000000, 0.0000000000000000000, -1.000000000000000000 ) ) ;
#889 = EDGE_CURVE ( 'NONE', #2812, #1633, #1127, .T. ) ;
#890 = ORIENTED_EDGE ( 'NONE', *, *, #955, .F. ) ;
#891 = ORIENTED_EDGE ( 'NONE', *, *, #2754, .T. ) ;
#892 = DIRECTION ( 'NONE',  ( 0.0000000000000000000, 1.000000000000000000, 0.0000000000000000000 ) ) ;
#893 = DIRECTION ( 'NONE',  ( -9.197897539643999400E-017, 0.0000000000000000000, -1.000000000000000000 ) ) ;
#894 = EDGE_CURVE ( 'NONE', #1223, #388, #833, .T. ) ;
#895 = VERTEX_POINT ( 'NONE', #56 ) ;
#896 = ORIENTED_EDGE ( 'NONE', *, *, #1641, .F. ) ;
#897 = AXIS2_PLACEMENT_3D ( 'NONE', #3245, #307, #2641 ) ;
#898 = EDGE_CURVE ( 'NONE', #3820, #261, #700, .T. ) ;
#899 = DIRECTION ( 'NONE',  ( -0.0000000000000000000, 1.110223024625000000E-016, 1.000000000000000000 ) ) ;
#900 = CARTESIAN_POINT ( 'NONE',  ( -5.835000000000000000, 0.5334923333330000600, 8.750235999999999200 ) ) ;
#901 = ORIENTED_EDGE ( 'NONE', *, *, #1208, .T. ) ;
#902 = AXIS2_PLACEMENT_3D ( 'NONE', #2078, #319, #2355 ) ;
#903 = CARTESIAN_POINT ( 'NONE',  ( 5.205000000000000100, 3.200158999999999800, 5.150235999999999600 ) ) ;
#904 = ORIENTED_EDGE ( 'NONE', *, *, #1944, .T. ) ;
#905 = CARTESIAN_POINT ( 'NONE',  ( 6.665000000000000000, 0.5334923333330000600, 9.520235999999998800 ) ) ;
#906 = LINE ( 'NONE', #2364, #3614 ) ;
#907 = DIRECTION ( 'NONE',  ( -1.000000000000000000, 0.0000000000000000000, -0.0000000000000000000 ) ) ;
#908 = CARTESIAN_POINT ( 'NONE',  ( -5.205000000000000100, 1.333492333333000200, 8.120236000000000200 ) ) ;
#909 = CARTESIAN_POINT ( 'NONE',  ( -10.03000000000000100, 1.333492333333000000, 5.150235999999999600 ) ) ;
#910 = VECTOR ( 'NONE', #3402, 1000.000000000000000 ) ;
#911 = CARTESIAN_POINT ( 'NONE',  ( 10.03000000000000100, 0.5334923333329999500, 5.150235999999999600 ) ) ;
#912 = DIRECTION ( 'NONE',  ( 0.0000000000000000000, -1.110223024625000000E-016, -1.000000000000000000 ) ) ;
#913 = ORIENTED_EDGE ( 'NONE', *, *, #2059, .T. ) ;
#914 = LINE ( 'NONE', #1287, #422 ) ;
#915 = VECTOR ( 'NONE', #567, 1000.000000000000000 ) ;
#916 = EDGE_CURVE ( 'NONE', #3192, #1348, #694, .T. ) ;
#917 = ORIENTED_EDGE ( 'NONE', *, *, #2432, .T. ) ;
#918 = VECTOR ( 'NONE', #662, 1000.000000000000000 ) ;
#919 = ORIENTED_EDGE ( 'NONE', *, *, #2983, .T. ) ;
#920 = EDGE_CURVE ( 'NONE', #1633, #143, #589, .T. ) ;
#921 = EDGE_CURVE ( 'NONE', #1398, #1960, #1084, .T. ) ;
#922 = EDGE_CURVE ( 'NONE', #2597, #1289, #495, .T. ) ;
#923 = DIRECTION ( 'NONE',  ( -0.0000000000000000000, 1.110223024625000000E-016, 1.000000000000000000 ) ) ;
#924 = VECTOR ( 'NONE', #2944, 1000.000000000000000 ) ;
#925 = LINE ( 'NONE', #1905, #377 ) ;
#926 = DIRECTION ( 'NONE',  ( 0.0000000000000000000, 1.110223024625000000E-016, 1.000000000000000000 ) ) ;
#927 = ORIENTED_EDGE ( 'NONE', *, *, #2101, .F. ) ;
#928 = VERTEX_POINT ( 'NONE', #1543 ) ;
#929 = CARTESIAN_POINT ( 'NONE',  ( -2.830000000000000100, -0.9331743333329995900, 8.750235999999999200 ) ) ;
#930 = VECTOR ( 'NONE', #2810, 1000.000000000000000 ) ;
#931 = VECTOR ( 'NONE', #1387, 1000.000000000000000 ) ;
#932 = ORIENTED_EDGE ( 'NONE', *, *, #2150, .F. ) ;
#933 = EDGE_CURVE ( 'NONE', #1184, #2765, #335, .T. ) ;
#934 = ORIENTED_EDGE ( 'NONE', *, *, #1635, .T. ) ;
#935 = LINE ( 'NONE', #503, #930 ) ;
#936 = PLANE ( 'NONE',  #252 ) ;
#937 = VERTEX_POINT ( 'NONE', #3296 ) ;
#938 = ORIENTED_EDGE ( 'NONE', *, *, #1041, .T. ) ;
#939 = DIRECTION ( 'NONE',  ( -0.0000000000000000000, -1.110223024625000000E-016, -1.000000000000000000 ) ) ;
#940 = ORIENTED_EDGE ( 'NONE', *, *, #3480, .F. ) ;
#941 = CARTESIAN_POINT ( 'NONE',  ( -10.03000000000000100, 0.5334923333329999500, 5.150235999999999600 ) ) ;
#942 = DIRECTION ( 'NONE',  ( 0.0000000000000000000, 1.110223024625000000E-016, 1.000000000000000000 ) ) ;
#943 = ADVANCED_FACE ( 'NONE', ( #280 ), #31, .T. ) ;
#944 = ORIENTED_EDGE ( 'NONE', *, *, #2017, .F. ) ;
#945 = ORIENTED_EDGE ( 'NONE', *, *, #2777, .F. ) ;
#946 = VERTEX_POINT ( 'NONE', #2407 ) ;
#947 = CARTESIAN_POINT ( 'NONE',  ( -10.03000000000000100, -0.9331743333330000400, 5.150235999999999600 ) ) ;
#948 = DIRECTION ( 'NONE',  ( 0.0000000000000000000, 1.000000000000000000, 0.0000000000000000000 ) ) ;
#949 = EDGE_CURVE ( 'NONE', #1988, #217, #379, .T. ) ;
#950 = ORIENTED_EDGE ( 'NONE', *, *, #1868, .T. ) ;
#951 = ORIENTED_EDGE ( 'NONE', *, *, #2381, .F. ) ;
#952 = LINE ( 'NONE', #370, #409 ) ;
#953 = DIRECTION ( 'NONE',  ( -1.000000000000000000, 2.674902700537559800E-032, -2.969738566768390300E-048 ) ) ;
#954 = DIRECTION ( 'NONE',  ( 0.0000000000000000000, 1.000000000000000000, -1.110223024625000000E-016 ) ) ;
#955 = EDGE_CURVE ( 'NONE', #715, #3029, #226, .T. ) ;
#956 = EDGE_CURVE ( 'NONE', #2072, #261, #438, .T. ) ;
#957 = SURFACE_STYLE_FILL_AREA ( #2106 ) ;
#958 = CARTESIAN_POINT ( 'NONE',  ( 5.935000000000000500, -3.999840999999999500, 0.6202359999999999000 ) ) ;
#959 = ADVANCED_FACE ( 'NONE', ( #132 ), #2645, .T. ) ;
#960 = FACE_OUTER_BOUND ( 'NONE', #506, .T. ) ;
#961 = CARTESIAN_POINT ( 'NONE',  ( -6.035000000000000100, 1.333492333332999500, 10.15023600000000000 ) ) ;
#962 = DIRECTION ( 'NONE',  ( 0.0000000000000000000, -1.000000000000000000, 1.110223024625000000E-016 ) ) ;
#963 = VECTOR ( 'NONE', #2821, 1000.000000000000000 ) ;
#964 = CIRCLE ( 'NONE', #1992, 0.1000000000000000500 ) ;
#965 = ORIENTED_EDGE ( 'NONE', *, *, #3179, .T. ) ;
#966 = VERTEX_POINT ( 'NONE', #1617 ) ;
#967 = LINE ( 'NONE', #740, #1720 ) ;
#968 = CIRCLE ( 'NONE', #1542, 0.1000000000000000500 ) ;
#969 = CARTESIAN_POINT ( 'NONE',  ( 5.205000000000000100, -2.399841000000000300, 5.150235999999999600 ) ) ;
#970 = ORIENTED_EDGE ( 'NONE', *, *, #277, .F. ) ;
#971 = VECTOR ( 'NONE', #2268, 1000.000000000000000 ) ;
#972 = EDGE_CURVE ( 'NONE', #292, #3022, #2152, .T. ) ;
#973 = DIRECTION ( 'NONE',  ( 0.0000000000000000000, -1.000000000000000000, 1.110223024625000000E-016 ) ) ;
#974 = SURFACE_STYLE_USAGE ( .BOTH. , #2672 ) ;
#975 = CARTESIAN_POINT ( 'NONE',  ( 5.835000000000000000, 4.000159000000000900, 0.7202359999999999900 ) ) ;
#976 = LINE ( 'NONE', #415, #2375 ) ;
#977 = LINE ( 'NONE', #1669, #840 ) ;
#978 = EDGE_CURVE ( 'NONE', #1, #2098, #1719, .T. ) ;
#979 = ORIENTED_EDGE ( 'NONE', *, *, #538, .T. ) ;
#980 = LINE ( 'NONE', #1220, #880 ) ;
#981 = CARTESIAN_POINT ( 'NONE',  ( -10.03000000000000100, 0.5334923333329999500, 5.150235999999999600 ) ) ;
#982 = LINE ( 'NONE', #1955, #886 ) ;
#983 = ADVANCED_FACE ( 'NONE', ( #35 ), #1797, .F. ) ;
#984 = ORIENTED_EDGE ( 'NONE', *, *, #1315, .F. ) ;
#985 = CARTESIAN_POINT ( 'NONE',  ( 5.835000000000000000, 2.400158999999999900, 8.750235999999999200 ) ) ;
#986 = CARTESIAN_POINT ( 'NONE',  ( -10.03000000000000100, 2.800158999999999800, 5.150235999999999600 ) ) ;
#987 = CARTESIAN_POINT ( 'NONE',  ( 5.205000000000000100, -3.999840999999999500, 8.120236000000000200 ) ) ;
#988 = AXIS2_PLACEMENT_3D ( 'NONE', #1378, #1655, #3680 ) ;
#989 = ORIENTED_EDGE ( 'NONE', *, *, #1685, .T. ) ;
#990 = CARTESIAN_POINT ( 'NONE',  ( 11.43000000000000000, -3.999840999999999500, 9.520235999999998800 ) ) ;
#991 = CARTESIAN_POINT ( 'NONE',  ( -10.03000000000000100, -0.5331743333329999100, 5.150235999999999600 ) ) ;
#992 =( NAMED_UNIT ( * ) SI_UNIT ( $, .STERADIAN. ) SOLID_ANGLE_UNIT ( ) );
#993 = CARTESIAN_POINT ( 'NONE',  ( -10.03000000000000100, 0.9334923333330006300, 10.15023600000000000 ) ) ;
#994 = ORIENTED_EDGE ( 'NONE', *, *, #2714, .T. ) ;
#995 = DIRECTION ( 'NONE',  ( -0.0000000000000000000, -1.000000000000000000, 1.110223024625000000E-016 ) ) ;
#996 = DIRECTION ( 'NONE',  ( 0.0000000000000000000, 1.000000000000000000, 0.0000000000000000000 ) ) ;
#997 = ORIENTED_EDGE ( 'NONE', *, *, #1308, .T. ) ;
#998 = ORIENTED_EDGE ( 'NONE', *, *, #309, .F. ) ;
#999 = CARTESIAN_POINT ( 'NONE',  ( -2.830000000000000100, -2.799840999999999400, 8.750235999999999200 ) ) ;
#1000 = EDGE_CURVE ( 'NONE', #1649, #1184, #1806, .T. ) ;
#1001 = CARTESIAN_POINT ( 'NONE',  ( -6.035000000000000100, -3.199841000000000200, 0.7202359999999999900 ) ) ;
#1002 = ORIENTED_EDGE ( 'NONE', *, *, #313, .T. ) ;
#1003 = ORIENTED_EDGE ( 'NONE', *, *, #1086, .T. ) ;
#1004 = DIRECTION ( 'NONE',  ( 0.0000000000000000000, 1.000000000000000000, -1.110223024625000000E-016 ) ) ;
#1005 = EDGE_CURVE ( 'NONE', #3394, #1907, #3121, .T. ) ;
#1006 = ADVANCED_FACE ( 'NONE', ( #2108 ), #461, .F. ) ;
#1007 = VERTEX_POINT ( 'NONE', #3654 ) ;
#1008 = CARTESIAN_POINT ( 'NONE',  ( 6.665000000000000900, 0.5334923333330000600, 5.150235999999999600 ) ) ;
#1009 = EDGE_CURVE ( 'NONE', #762, #1, #1757, .T. ) ;
#1010 = CARTESIAN_POINT ( 'NONE',  ( -10.03000000000000100, -0.5331743333329996800, 8.120236000000000200 ) ) ;
#1011 = CARTESIAN_POINT ( 'NONE',  ( 6.665000000000000000, -3.999840999999999500, 9.520235999999998800 ) ) ;
#1012 = EDGE_CURVE ( 'NONE', #1046, #1230, #2783, .T. ) ;
#1013 = VECTOR ( 'NONE', #2652, 1000.000000000000000 ) ;
#1014 = EDGE_CURVE ( 'NONE', #1117, #3239, #2021, .T. ) ;
#1015 = CARTESIAN_POINT ( 'NONE',  ( 10.03000000000000100, 2.400158999999999900, 9.520235999999998800 ) ) ;
#1016 = DIRECTION ( 'NONE',  ( -3.903912049434000100E-032, 1.000000000000000000, -1.372744840601633700E-047 ) ) ;
#1017 = LINE ( 'NONE', #2985, #262 ) ;
#1018 = VECTOR ( 'NONE', #3363, 1000.000000000000000 ) ;
#1019 = FACE_OUTER_BOUND ( 'NONE', #1692, .T. ) ;
#1020 = LINE ( 'NONE', #2011, #2413 ) ;
#1021 = CARTESIAN_POINT ( 'NONE',  ( 10.03000000000000100, -2.399840999999999900, 9.520235999999998800 ) ) ;
#1022 = VECTOR ( 'NONE', #2926, 1000.000000000000000 ) ;
#1023 = CARTESIAN_POINT ( 'NONE',  ( -5.204999999999999200, 4.000159000000000900, 0.7202359999999995400 ) ) ;
#1024 = EDGE_LOOP ( 'NONE', ( #3816, #951, #1726, #265, #1742, #3793, #970, #188, #1509, #1376, #2004, #3209, #2339, #3693, #3054, #1517, #336, #2002, #3644, #841, #94, #1462, #1432, #1878, #3069, #3322, #3609, #3736, #1380, #330, #1654, #3509, #3335, #2951, #1375, #1409 ) ) ;
#1025 = ADVANCED_FACE ( 'NONE', ( #2237 ), #1106, .T. ) ;
#1026 = CARTESIAN_POINT ( 'NONE',  ( 2.830000000000000100, 0.9334923333330005200, 8.750235999999999200 ) ) ;
#1027 = VECTOR ( 'NONE', #3526, 1000.000000000000000 ) ;
#1028 = ORIENTED_EDGE ( 'NONE', *, *, #172, .T. ) ;
#1029 = LINE ( 'NONE', #1661, #931 ) ;
#1030 = VECTOR ( 'NONE', #3577, 1000.000000000000000 ) ;
#1031 = VERTEX_POINT ( 'NONE', #1365 ) ;
#1032 = EDGE_CURVE ( 'NONE', #1335, #480, #2695, .T. ) ;
#1033 = DIRECTION ( 'NONE',  ( 1.971276677246000000E-016, 0.0000000000000000000, 1.000000000000000000 ) ) ;
#1034 = ORIENTED_EDGE ( 'NONE', *, *, #1284, .T. ) ;
#1035 = ORIENTED_EDGE ( 'NONE', *, *, #285, .F. ) ;
#1036 = EDGE_CURVE ( 'NONE', #1472, #3103, #2582, .T. ) ;
#1037 = VERTEX_POINT ( 'NONE', #853 ) ;
#1038 = AXIS2_PLACEMENT_3D ( 'NONE', #3330, #3140, #2284 ) ;
#1039 = ORIENTED_EDGE ( 'NONE', *, *, #2686, .T. ) ;
#1040 = VECTOR ( 'NONE', #1244, 1000.000000000000000 ) ;
#1041 = EDGE_CURVE ( 'NONE', #1733, #30, #2590, .T. ) ;
#1042 = CARTESIAN_POINT ( 'NONE',  ( 6.665000000000000000, 4.000159000000000000, 0.7202359999999995400 ) ) ;
#1043 = DIRECTION ( 'NONE',  ( 1.000000000000000000, -2.409338161078999800E-016, 0.0000000000000000000 ) ) ;
#1044 = FACE_OUTER_BOUND ( 'NONE', #2228, .T. ) ;
#1045 = DIRECTION ( 'NONE',  ( 0.0000000000000000000, 1.110223024625000000E-016, 1.000000000000000000 ) ) ;
#1046 = VERTEX_POINT ( 'NONE', #908 ) ;
#1047 = CARTESIAN_POINT ( 'NONE',  ( -6.035000000000000100, -3.999840999999999500, 10.15023600000000000 ) ) ;
#1048 = PRODUCT_RELATED_PRODUCT_CATEGORY ( 'part', '', ( #1839 ) ) ;
#1049 = ORIENTED_EDGE ( 'NONE', *, *, #2450, .F. ) ;
#1050 = ADVANCED_FACE ( 'NONE', ( #2114 ), #466, .F. ) ;
#1051 = ORIENTED_EDGE ( 'NONE', *, *, #676, .T. ) ;
#1052 = CARTESIAN_POINT ( 'NONE',  ( -2.830000000000000100, -2.799840999999999400, 8.120236000000000200 ) ) ;
#1053 = ORIENTED_EDGE ( 'NONE', *, *, #860, .F. ) ;
#1054 = ORIENTED_EDGE ( 'NONE', *, *, #3094, .T. ) ;
#1055 = CARTESIAN_POINT ( 'NONE',  ( -6.665000000000000000, -3.999840999999999500, 5.150235999999999600 ) ) ;
#1056 = VERTEX_POINT ( 'NONE', #3791 ) ;
#1057 = CARTESIAN_POINT ( 'NONE',  ( -5.935000000000000500, -3.999840999999999500, 0.7202359999999999900 ) ) ;
#1058 = EDGE_CURVE ( 'NONE', #609, #3802, #428, .T. ) ;
#1059 = DIRECTION ( 'NONE',  ( 1.000000000000000000, -0.0000000000000000000, 0.0000000000000000000 ) ) ;
#1060 = CARTESIAN_POINT ( 'NONE',  ( 6.665000000000000000, -3.999840999999999500, 9.520235999999998800 ) ) ;
#1061 = CARTESIAN_POINT ( 'NONE',  ( 6.035000000000000100, 0.5334923333330000600, 10.15023600000000000 ) ) ;
#1062 = LINE ( 'NONE', #2252, #3247 ) ;
#1063 = DIRECTION ( 'NONE',  ( -0.0000000000000000000, 1.000000000000000000, -1.110223024625000000E-016 ) ) ;
#1064 = CARTESIAN_POINT ( 'NONE',  ( -5.935000000000000500, -3.999840999999999500, 0.6202359999999999000 ) ) ;
#1065 = ADVANCED_FACE ( 'NONE', ( #2779 ), #2318, .F. ) ;
#1066 = AXIS2_PLACEMENT_3D ( 'NONE', #2635, #942, #2921 ) ;
#1067 = LINE ( 'NONE', #340, #202 ) ;
#1068 = DIRECTION ( 'NONE',  ( -1.000000000000000000, 0.0000000000000000000, -0.0000000000000000000 ) ) ;
#1069 = ORIENTED_EDGE ( 'NONE', *, *, #1605, .T. ) ;
#1070 = DIRECTION ( 'NONE',  ( 0.0000000000000000000, 1.110223024625000000E-016, 1.000000000000000000 ) ) ;
#1071 = VECTOR ( 'NONE', #1045, 1000.000000000000000 ) ;
#1072 = VECTOR ( 'NONE', #2224, 1000.000000000000000 ) ;
#1073 = CARTESIAN_POINT ( 'NONE',  ( 5.835000000000000000, -2.399841000000000300, 5.150235999999999600 ) ) ;
#1074 = CARTESIAN_POINT ( 'NONE',  ( 10.03000000000000100, 1.333492333333000400, 8.120236000000000200 ) ) ;
#1075 = VECTOR ( 'NONE', #1129, 1000.000000000000000 ) ;
#1076 = ORIENTED_EDGE ( 'NONE', *, *, #1086, .F. ) ;
#1077 = CARTESIAN_POINT ( 'NONE',  ( -5.835000000000000000, -3.999840999999999500, 8.750235999999999200 ) ) ;
#1078 = VECTOR ( 'NONE', #2815, 1000.000000000000000 ) ;
#1079 = ORIENTED_EDGE ( 'NONE', *, *, #2594, .F. ) ;
#1080 = ORIENTED_EDGE ( 'NONE', *, *, #2406, .T. ) ;
#1081 = ORIENTED_EDGE ( 'NONE', *, *, #793, .F. ) ;
#1082 = CARTESIAN_POINT ( 'NONE',  ( 6.665000000000000900, 2.400158999999999900, 5.150235999999999600 ) ) ;
#1083 = EDGE_CURVE ( 'NONE', #966, #1046, #630, .T. ) ;
#1084 = LINE ( 'NONE', #1010, #444 ) ;
#1085 = ORIENTED_EDGE ( 'NONE', *, *, #3688, .T. ) ;
#1086 = EDGE_CURVE ( 'NONE', #1175, #1056, #1163, .T. ) ;
#1087 = CARTESIAN_POINT ( 'NONE',  ( 10.03000000000000100, 3.200159000000000200, 5.150235999999999600 ) ) ;
#1088 = CARTESIAN_POINT ( 'NONE',  ( 5.935000000000000500, 4.000159000000000900, 9.520235999999997000 ) ) ;
#1089 = DIRECTION ( 'NONE',  ( 0.0000000000000000000, 1.110223024625000000E-016, 1.000000000000000000 ) ) ;
#1090 = ORIENTED_EDGE ( 'NONE', *, *, #2737, .T. ) ;
#1091 = EDGE_CURVE ( 'NONE', #2663, #2098, #66, .T. ) ;
#1092 = AXIS2_PLACEMENT_3D ( 'NONE', #299, #67, #99 ) ;
#1093 = EDGE_CURVE ( 'NONE', #499, #1814, #3490, .T. ) ;
#1094 = CARTESIAN_POINT ( 'NONE',  ( -5.205000000000000100, 1.333492333333000000, 5.150235999999999600 ) ) ;
#1095 = DIRECTION ( 'NONE',  ( 1.000000000000000000, 1.372744840601630000E-047, -3.516331370222999900E-016 ) ) ;
#1096 = ORIENTED_EDGE ( 'NONE', *, *, #873, .F. ) ;
#1097 = EDGE_LOOP ( 'NONE', ( #705, #2347, #2657, #2884, #850, #739 ) ) ;
#1098 = DIRECTION ( 'NONE',  ( -0.0000000000000000000, 1.110223024625000000E-016, 1.000000000000000000 ) ) ;
#1099 = ORIENTED_EDGE ( 'NONE', *, *, #1208, .F. ) ;
#1100 = ORIENTED_EDGE ( 'NONE', *, *, #142, .T. ) ;
#1101 = DIRECTION ( 'NONE',  ( 0.0000000000000000000, 1.110223024625000000E-016, 1.000000000000000000 ) ) ;
#1102 = VERTEX_POINT ( 'NONE', #157 ) ;
#1103 = ORIENTED_EDGE ( 'NONE', *, *, #3191, .F. ) ;
#1104 = DIRECTION ( 'NONE',  ( -1.000000000000000000, 0.0000000000000000000, -0.0000000000000000000 ) ) ;
#1105 = ORIENTED_EDGE ( 'NONE', *, *, #420, .F. ) ;
#1106 = PLANE ( 'NONE',  #3606 ) ;
#1107 = CARTESIAN_POINT ( 'NONE',  ( -5.835000000000000000, -2.399840999999999900, 8.750235999999999200 ) ) ;
#1108 = EDGE_CURVE ( 'NONE', #2177, #2806, #2366, .T. ) ;
#1109 = DIRECTION ( 'NONE',  ( -0.0000000000000000000, -1.110223024625000000E-016, -1.000000000000000000 ) ) ;
#1110 = LINE ( 'NONE', #961, #3202 ) ;
#1111 = LINE ( 'NONE', #1064, #2502 ) ;
#1112 = CARTESIAN_POINT ( 'NONE',  ( -10.03000000000000100, 1.333492333333000000, 5.150235999999999600 ) ) ;
#1113 = AXIS2_PLACEMENT_3D ( 'NONE', #1531, #2358, #1253 ) ;
#1114 = EDGE_CURVE ( 'NONE', #1359, #1874, #3703, .T. ) ;
#1115 = VECTOR ( 'NONE', #2857, 1000.000000000000000 ) ;
#1116 = ORIENTED_EDGE ( 'NONE', *, *, #1981, .F. ) ;
#1117 = VERTEX_POINT ( 'NONE', #764 ) ;
#1118 = AXIS2_PLACEMENT_3D ( 'NONE', #947, #2933, #2066 ) ;
#1119 = VECTOR ( 'NONE', #1498, 1000.000000000000000 ) ;
#1120 = FACE_OUTER_BOUND ( 'NONE', #2986, .T. ) ;
#1121 = LINE ( 'NONE', #3114, #1072 ) ;
#1122 = ORIENTED_EDGE ( 'NONE', *, *, #1873, .T. ) ;
#1123 = CARTESIAN_POINT ( 'NONE',  ( 6.035000000000000100, 2.400158999999999900, 10.15023600000000000 ) ) ;
#1124 = LINE ( 'NONE', #3201, #3126 ) ;
#1125 = ORIENTED_EDGE ( 'NONE', *, *, #2401, .F. ) ;
#1126 = VECTOR ( 'NONE', #3685, 1000.000000000000000 ) ;
#1127 = LINE ( 'NONE', #2699, #788 ) ;
#1128 = ORIENTED_EDGE ( 'NONE', *, *, #1794, .T. ) ;
#1129 = DIRECTION ( 'NONE',  ( 1.000000000000000000, 0.0000000000000000000, 0.0000000000000000000 ) ) ;
#1130 = EDGE_LOOP ( 'NONE', ( #1696, #2337, #695, #2808 ) ) ;
#1131 = VECTOR ( 'NONE', #953, 1000.000000000000000 ) ;
#1132 = VERTEX_POINT ( 'NONE', #151 ) ;
#1133 = VECTOR ( 'NONE', #323, 1000.000000000000000 ) ;
#1134 = DIRECTION ( 'NONE',  ( 0.0000000000000000000, -1.000000000000000000, 1.110223024625000000E-016 ) ) ;
#1135 = EDGE_CURVE ( 'NONE', #1948, #1037, #2154, .T. ) ;
#1136 = ORIENTED_EDGE ( 'NONE', *, *, #1005, .T. ) ;
#1137 = DIRECTION ( 'NONE',  ( -1.199209180814000000E-032, 1.000000000000000000, -1.295327720152991000E-048 ) ) ;
#1138 = DIRECTION ( 'NONE',  ( -1.971276677246000000E-016, -0.0000000000000000000, -1.000000000000000000 ) ) ;
#1139 = EDGE_CURVE ( 'NONE', #1814, #2095, #2501, .T. ) ;
#1140 = EDGE_CURVE ( 'NONE', #3507, #3145, #3751, .T. ) ;
#1141 = EDGE_LOOP ( 'NONE', ( #2515, #1571, #488, #1680 ) ) ;
#1142 = CARTESIAN_POINT ( 'NONE',  ( -2.830000000000000100, 0.9334923333330004100, 8.120236000000000200 ) ) ;
#1143 = ORIENTED_EDGE ( 'NONE', *, *, #978, .F. ) ;
#1144 = AXIS2_PLACEMENT_3D ( 'NONE', #649, #3545, #1802 ) ;
#1145 = EDGE_CURVE ( 'NONE', #1962, #2472, #2025, .T. ) ;
#1146 = DIRECTION ( 'NONE',  ( 0.0000000000000000000, 1.000000000000000000, 0.0000000000000000000 ) ) ;
#1147 = ORIENTED_EDGE ( 'NONE', *, *, #1634, .T. ) ;
#1148 = VERTEX_POINT ( 'NONE', #608 ) ;
#1149 = CARTESIAN_POINT ( 'NONE',  ( 5.205000000000000100, -3.999840999999999500, 8.120236000000000200 ) ) ;
#1150 = ORIENTED_EDGE ( 'NONE', *, *, #2432, .F. ) ;
#1151 = DIRECTION ( 'NONE',  ( 0.0000000000000000000, -1.000000000000000000, 1.110223024625000000E-016 ) ) ;
#1152 = LINE ( 'NONE', #543, #1713 ) ;
#1153 = EDGE_CURVE ( 'NONE', #443, #756, #857, .T. ) ;
#1154 = DIRECTION ( 'NONE',  ( 0.0000000000000000000, 0.0000000000000000000, -1.000000000000000000 ) ) ;
#1155 = VECTOR ( 'NONE', #2297, 1000.000000000000000 ) ;
#1156 = FACE_OUTER_BOUND ( 'NONE', #383, .T. ) ;
#1157 = DIRECTION ( 'NONE',  ( 0.0000000000000000000, -1.110223024625000000E-016, -1.000000000000000000 ) ) ;
#1158 = PLANE ( 'NONE',  #1207 ) ;
#1159 = EDGE_CURVE ( 'NONE', #3381, #2896, #482, .T. ) ;
#1160 = LINE ( 'NONE', #1583, #1801 ) ;
#1161 = LINE ( 'NONE', #1123, #733 ) ;
#1162 = DIRECTION ( 'NONE',  ( 0.0000000000000000000, 1.110223024625000000E-016, 1.000000000000000000 ) ) ;
#1163 = LINE ( 'NONE', #212, #110 ) ;
#1164 = CARTESIAN_POINT ( 'NONE',  ( -2.830000000000000100, 1.333492333333000000, 8.750235999999999200 ) ) ;
#1165 = LINE ( 'NONE', #1088, #1075 ) ;
#1166 = VECTOR ( 'NONE', #1399, 1000.000000000000000 ) ;
#1167 = DIRECTION ( 'NONE',  ( 0.0000000000000000000, 1.000000000000000000, -1.110223024625000000E-016 ) ) ;
#1168 = VECTOR ( 'NONE', #1070, 1000.000000000000000 ) ;
#1169 = ORIENTED_EDGE ( 'NONE', *, *, #2545, .T. ) ;
#1170 = DIRECTION ( 'NONE',  ( 0.0000000000000000000, 0.0000000000000000000, -1.000000000000000000 ) ) ;
#1171 = LINE ( 'NONE', #2660, #1133 ) ;
#1172 = CARTESIAN_POINT ( 'NONE',  ( 11.43000000000000000, -3.999840999999999500, 9.520235999999998800 ) ) ;
#1173 = CARTESIAN_POINT ( 'NONE',  ( -2.830000000000000100, -0.5331743333329997900, 8.750235999999999200 ) ) ;
#1174 = DIRECTION ( 'NONE',  ( 0.0000000000000000000, 1.000000000000000000, -1.110223024625000000E-016 ) ) ;
#1175 = VERTEX_POINT ( 'NONE', #3171 ) ;
#1176 = VERTEX_POINT ( 'NONE', #290 ) ;
#1177 = EDGE_LOOP ( 'NONE', ( #513, #989, #85, #465, #497, #1985 ) ) ;
#1178 = CARTESIAN_POINT ( 'NONE',  ( 6.665000000000000900, 1.333492333332999500, 9.520235999999998800 ) ) ;
#1179 = EDGE_CURVE ( 'NONE', #1056, #3507, #1017, .T. ) ;
#1180 = CARTESIAN_POINT ( 'NONE',  ( 6.035000000000001000, -3.999840999999999500, 10.15023600000000000 ) ) ;
#1181 = AXIS2_PLACEMENT_3D ( 'NONE', #1142, #2814, #819 ) ;
#1182 = CARTESIAN_POINT ( 'NONE',  ( -10.03000000000000100, -3.199841000000000200, 5.150235999999999600 ) ) ;
#1183 = CARTESIAN_POINT ( 'NONE',  ( 2.830000000000000100, 2.400158999999999900, 5.150235999999999600 ) ) ;
#1184 = VERTEX_POINT ( 'NONE', #3771 ) ;
#1185 = CARTESIAN_POINT ( 'NONE',  ( -2.830000000000000100, -0.5331743333329996800, 8.120236000000000200 ) ) ;
#1186 = ORIENTED_EDGE ( 'NONE', *, *, #3295, .F. ) ;
#1187 = ORIENTED_EDGE ( 'NONE', *, *, #3211, .F. ) ;
#1188 = CARTESIAN_POINT ( 'NONE',  ( 5.935000000000000500, 4.000159000000000900, -0.009764000000000864000 ) ) ;
#1189 = ORIENTED_EDGE ( 'NONE', *, *, #582, .T. ) ;
#1190 = PLANE ( 'NONE',  #2290 ) ;
#1191 = CARTESIAN_POINT ( 'NONE',  ( 5.204999999999999200, -3.999840999999999500, 5.150235999999999600 ) ) ;
#1192 = CARTESIAN_POINT ( 'NONE',  ( 6.035000000000000100, 0.5334923333330000600, 0.7202359999999999900 ) ) ;
#1193 = CARTESIAN_POINT ( 'NONE',  ( -5.205000000000000100, -0.5331743333329999100, 5.150235999999999600 ) ) ;
#1194 = CARTESIAN_POINT ( 'NONE',  ( -6.035000000000001000, -0.5331743333330000200, 5.150235999999999600 ) ) ;
#1195 = CYLINDRICAL_SURFACE ( 'NONE', #50, 0.3999999999999999700 ) ;
#1196 = DIRECTION ( 'NONE',  ( 2.188556754985000000E-032, 1.000000000000000000, -4.314250887931119000E-048 ) ) ;
#1197 = EDGE_CURVE ( 'NONE', #480, #426, #1978, .T. ) ;
#1198 = VECTOR ( 'NONE', #1327, 1000.000000000000000 ) ;
#1199 = CIRCLE ( 'NONE', #3815, 0.1000000000000000500 ) ;
#1200 = EDGE_CURVE ( 'NONE', #789, #30, #1325, .T. ) ;
#1201 = CARTESIAN_POINT ( 'NONE',  ( -2.830000000000000100, 1.333492333333000000, 5.150235999999999600 ) ) ;
#1202 = DIRECTION ( 'NONE',  ( -1.199209180814000000E-032, 1.000000000000000000, -1.295327720152991000E-048 ) ) ;
#1203 = LINE ( 'NONE', #3200, #1283 ) ;
#1204 = LINE ( 'NONE', #166, #1505 ) ;
#1205 = DIRECTION ( 'NONE',  ( 0.0000000000000000000, 1.000000000000000000, -1.110223024625000000E-016 ) ) ;
#1206 = ORIENTED_EDGE ( 'NONE', *, *, #3154, .T. ) ;
#1207 = AXIS2_PLACEMENT_3D ( 'NONE', #3060, #3686, #179 ) ;
#1208 = EDGE_CURVE ( 'NONE', #2896, #3595, #1847, .T. ) ;
#1209 = VECTOR ( 'NONE', #3489, 1000.000000000000000 ) ;
#1210 = ORIENTED_EDGE ( 'NONE', *, *, #2330, .F. ) ;
#1211 = CARTESIAN_POINT ( 'NONE',  ( 6.665000000000000900, -3.999840999999999500, 5.150235999999999600 ) ) ;
#1212 = CARTESIAN_POINT ( 'NONE',  ( -6.665000000000000000, 0.5334923333330000600, 0.7202359999999999900 ) ) ;
#1213 = CIRCLE ( 'NONE', #897, 0.1000000000000000500 ) ;
#1214 = PLANE ( 'NONE',  #2357 ) ;
#1215 = CARTESIAN_POINT ( 'NONE',  ( -10.03000000000000100, -0.5331743333329999100, 5.150235999999999600 ) ) ;
#1216 = ORIENTED_EDGE ( 'NONE', *, *, #2132, .T. ) ;
#1217 = CARTESIAN_POINT ( 'NONE',  ( -6.665000000000000000, 4.000159000000000000, 0.7202359999999999900 ) ) ;
#1218 = EDGE_CURVE ( 'NONE', #1814, #1649, #1452, .T. ) ;
#1219 = ORIENTED_EDGE ( 'NONE', *, *, #2308, .F. ) ;
#1220 = CARTESIAN_POINT ( 'NONE',  ( -6.035000000000000100, -3.999840999999999500, 10.15023600000000000 ) ) ;
#1221 = CARTESIAN_POINT ( 'NONE',  ( -10.03000000000000100, 2.400158999999999900, 5.150235999999999600 ) ) ;
#1222 = CARTESIAN_POINT ( 'NONE',  ( -10.03000000000000100, -0.5331743333329997900, 9.520235999999998800 ) ) ;
#1223 = VERTEX_POINT ( 'NONE', #1804 ) ;
#1224 = ORIENTED_EDGE ( 'NONE', *, *, #2739, .T. ) ;
#1225 = AXIS2_PLACEMENT_3D ( 'NONE', #2007, #2334, #884 ) ;
#1226 = EDGE_CURVE ( 'NONE', #3757, #895, #914, .T. ) ;
#1227 = ORIENTED_EDGE ( 'NONE', *, *, #1763, .F. ) ;
#1228 = DIRECTION ( 'NONE',  ( 0.0000000000000000000, 1.000000000000000000, 0.0000000000000000000 ) ) ;
#1229 = DIRECTION ( 'NONE',  ( 1.992084046299499900E-031, -1.000000000000000000, -0.0000000000000000000 ) ) ;
#1230 = VERTEX_POINT ( 'NONE', #2356 ) ;
#1231 = LINE ( 'NONE', #905, #851 ) ;
#1232 = ADVANCED_FACE ( 'NONE', ( #1019 ), #1747, .F. ) ;
#1233 = DIRECTION ( 'NONE',  ( 0.0000000000000000000, -1.000000000000000000, 1.110223024625000000E-016 ) ) ;
#1234 = LINE ( 'NONE', #2105, #3439 ) ;
#1235 = DIRECTION ( 'NONE',  ( 9.392633243379530200E-049, -1.000000000000000000, -8.639247820005902700E-065 ) ) ;
#1236 = VECTOR ( 'NONE', #1958, 1000.000000000000000 ) ;
#1237 = LINE ( 'NONE', #3235, #1322 ) ;
#1238 = EDGE_CURVE ( 'NONE', #2946, #2995, #2748, .T. ) ;
#1239 = ORIENTED_EDGE ( 'NONE', *, *, #396, .F. ) ;
#1240 = LINE ( 'NONE', #209, #3808 ) ;
#1241 = VECTOR ( 'NONE', #368, 1000.000000000000000 ) ;
#1242 = EDGE_CURVE ( 'NONE', #138, #1872, #3314, .T. ) ;
#1243 = AXIS2_PLACEMENT_3D ( 'NONE', #2477, #448, #2188 ) ;
#1244 = DIRECTION ( 'NONE',  ( -1.000000000000000000, 0.0000000000000000000, -0.0000000000000000000 ) ) ;
#1245 = FACE_OUTER_BOUND ( 'NONE', #3189, .T. ) ;
#1246 = ADVANCED_FACE ( 'NONE', ( #568 ), #1984, .F. ) ;
#1247 = CARTESIAN_POINT ( 'NONE',  ( -10.03000000000000100, -0.9331743333329994800, 10.15023600000000000 ) ) ;
#1248 = ORIENTED_EDGE ( 'NONE', *, *, #1333, .F. ) ;
#1249 = ORIENTED_EDGE ( 'NONE', *, *, #242, .T. ) ;
#1250 = CIRCLE ( 'NONE', #1475, 0.4000000000000001900 ) ;
#1251 = ORIENTED_EDGE ( 'NONE', *, *, #1009, .F. ) ;
#1252 = CARTESIAN_POINT ( 'NONE',  ( 2.830000000000000100, 1.333492333333000400, 8.120236000000000200 ) ) ;
#1253 = DIRECTION ( 'NONE',  ( 0.0000000000000000000, 0.0000000000000000000, -1.000000000000000000 ) ) ;
#1254 = CARTESIAN_POINT ( 'NONE',  ( 10.03000000000000100, 2.800158999999999800, 5.150235999999999600 ) ) ;
#1255 = DIRECTION ( 'NONE',  ( 0.0000000000000000000, -1.110223024625000000E-016, -1.000000000000000000 ) ) ;
#1256 = ORIENTED_EDGE ( 'NONE', *, *, #2845, .F. ) ;
#1257 = EDGE_LOOP ( 'NONE', ( #2008, #1556, #2485, #237 ) ) ;
#1258 = CARTESIAN_POINT ( 'NONE',  ( 6.035000000000001000, -1.333174333333000200, 5.150235999999999600 ) ) ;
#1259 = ADVANCED_FACE ( 'NONE', ( #2823 ), #2031, .F. ) ;
#1260 = ORIENTED_EDGE ( 'NONE', *, *, #3400, .F. ) ;
#1261 =( NAMED_UNIT ( * ) PLANE_ANGLE_UNIT ( ) SI_UNIT ( $, .RADIAN. ) );
#1262 =( NAMED_UNIT ( * ) PLANE_ANGLE_UNIT ( ) SI_UNIT ( $, .RADIAN. ) );
#1263 = DIRECTION ( 'NONE',  ( 0.0000000000000000000, 1.110223024625000000E-016, 1.000000000000000000 ) ) ;
#1264 = EDGE_CURVE ( 'NONE', #3416, #2904, #474, .T. ) ;
#1265 = ORIENTED_EDGE ( 'NONE', *, *, #2427, .F. ) ;
#1266 = ORIENTED_EDGE ( 'NONE', *, *, #1014, .F. ) ;
#1267 = PLANE ( 'NONE',  #2762 ) ;
#1268 = EDGE_CURVE ( 'NONE', #2095, #1223, #2586, .T. ) ;
#1269 = ORIENTED_EDGE ( 'NONE', *, *, #359, .F. ) ;
#1270 = DIRECTION ( 'NONE',  ( 1.000000000000000000, -0.0000000000000000000, 0.0000000000000000000 ) ) ;
#1271 = DIRECTION ( 'NONE',  ( 0.0000000000000000000, -1.110223024625000000E-016, -1.000000000000000000 ) ) ;
#1272 = FACE_OUTER_BOUND ( 'NONE', #150, .T. ) ;
#1273 = DIRECTION ( 'NONE',  ( 0.0000000000000000000, 0.0000000000000000000, 1.000000000000000000 ) ) ;
#1274 = LINE ( 'NONE', #1884, #1844 ) ;
#1275 = DIRECTION ( 'NONE',  ( 0.0000000000000000000, -1.110223024625000000E-016, -1.000000000000000000 ) ) ;
#1276 = ADVANCED_FACE ( 'NONE', ( #2411 ), #2800, .F. ) ;
#1277 = VECTOR ( 'NONE', #574, 1000.000000000000000 ) ;
#1278 = VECTOR ( 'NONE', #3447, 1000.000000000000000 ) ;
#1279 = VECTOR ( 'NONE', #1956, 1000.000000000000000 ) ;
#1280 = DIRECTION ( 'NONE',  ( 0.0000000000000000000, 1.000000000000000000, 0.0000000000000000000 ) ) ;
#1281 = LINE ( 'NONE', #627, #634 ) ;
#1282 = ORIENTED_EDGE ( 'NONE', *, *, #3255, .T. ) ;
#1283 = VECTOR ( 'NONE', #3488, 1000.000000000000000 ) ;
#1284 = EDGE_CURVE ( 'NONE', #609, #1578, #2454, .T. ) ;
#1285 = CARTESIAN_POINT ( 'NONE',  ( 10.03000000000000100, 1.333492333333000000, 5.150235999999999600 ) ) ;
#1286 = ORIENTED_EDGE ( 'NONE', *, *, #2055, .F. ) ;
#1287 = CARTESIAN_POINT ( 'NONE',  ( -5.205000000000000100, 2.400158999999999900, 5.150235999999999600 ) ) ;
#1288 = LINE ( 'NONE', #3707, #3499 ) ;
#1289 = VERTEX_POINT ( 'NONE', #3046 ) ;
#1290 = ORIENTED_EDGE ( 'NONE', *, *, #1829, .T. ) ;
#1291 = AXIS2_PLACEMENT_3D ( 'NONE', #666, #3271, #2309 ) ;
#1292 = EDGE_CURVE ( 'NONE', #1595, #1507, #1761, .T. ) ;
#1293 = DIRECTION ( 'NONE',  ( 0.0000000000000000000, -1.000000000000000000, 1.110223024625000000E-016 ) ) ;
#1294 = LINE ( 'NONE', #2523, #1279 ) ;
#1295 = VECTOR ( 'NONE', #3258, 1000.000000000000000 ) ;
#1296 = ORIENTED_EDGE ( 'NONE', *, *, #223, .F. ) ;
#1297 = LINE ( 'NONE', #2085, #1131 ) ;
#1298 = CARTESIAN_POINT ( 'NONE',  ( -5.205000000000000100, -3.999840999999999500, 8.120236000000000200 ) ) ;
#1299 = PRESENTATION_LAYER_ASSIGNMENT (  '', '', ( #493 ) ) ;
#1300 = ORIENTED_EDGE ( 'NONE', *, *, #2853, .T. ) ;
#1301 = VERTEX_POINT ( 'NONE', #3208 ) ;
#1302 = DIRECTION ( 'NONE',  ( -0.0000000000000000000, -1.000000000000000000, 1.110223024625000000E-016 ) ) ;
#1303 = ADVANCED_FACE ( 'NONE', ( #1622 ), #2412, .T. ) ;
#1304 = DIRECTION ( 'NONE',  ( -0.0000000000000000000, 1.110223024625000000E-016, 1.000000000000000000 ) ) ;
#1305 = ORIENTED_EDGE ( 'NONE', *, *, #1868, .F. ) ;
#1306 = ORIENTED_EDGE ( 'NONE', *, *, #3184, .T. ) ;
#1307 = DIRECTION ( 'NONE',  ( 0.0000000000000000000, 1.000000000000000000, 0.0000000000000000000 ) ) ;
#1308 = EDGE_CURVE ( 'NONE', #1031, #1948, #114, .T. ) ;
#1309 = DIRECTION ( 'NONE',  ( 1.000000000000000000, -0.0000000000000000000, 0.0000000000000000000 ) ) ;
#1310 = ORIENTED_EDGE ( 'NONE', *, *, #223, .T. ) ;
#1311 = VERTEX_POINT ( 'NONE', #3244 ) ;
#1312 = PLANE ( 'NONE',  #3092 ) ;
#1313 = EDGE_CURVE ( 'NONE', #1223, #499, #155, .T. ) ;
#1314 = ORIENTED_EDGE ( 'NONE', *, *, #1750, .T. ) ;
#1315 = EDGE_CURVE ( 'NONE', #2480, #235, #817, .T. ) ;
#1316 = CARTESIAN_POINT ( 'NONE',  ( 6.665000000000000000, -3.999840999999999500, 0.7202359999999999900 ) ) ;
#1317 = ADVANCED_FACE ( 'NONE', ( #2069 ), #3513, .F. ) ;
#1318 = VECTOR ( 'NONE', #2969, 1000.000000000000000 ) ;
#1319 = AXIS2_PLACEMENT_3D ( 'NONE', #999, #2984, #1280 ) ;
#1320 = DIRECTION ( 'NONE',  ( 1.000000000000000000, 0.0000000000000000000, 0.0000000000000000000 ) ) ;
#1321 = FACE_OUTER_BOUND ( 'NONE', #3226, .T. ) ;
#1322 = VECTOR ( 'NONE', #3794, 1000.000000000000000 ) ;
#1323 = DIRECTION ( 'NONE',  ( -0.0000000000000000000, -1.110223024625000000E-016, -1.000000000000000000 ) ) ;
#1324 = ORIENTED_EDGE ( 'NONE', *, *, #90, .T. ) ;
#1325 = LINE ( 'NONE', #3701, #963 ) ;
#1326 = VECTOR ( 'NONE', #1842, 1000.000000000000000 ) ;
#1327 = DIRECTION ( 'NONE',  ( 1.992084046299499900E-031, -1.000000000000000000, -0.0000000000000000000 ) ) ;
#1328 = EDGE_LOOP ( 'NONE', ( #3019, #3710, #3104, #3581 ) ) ;
#1329 = DIRECTION ( 'NONE',  ( -2.674902700537562600E-032, -1.110223024625000000E-016, -1.000000000000000000 ) ) ;
#1330 = FACE_OUTER_BOUND ( 'NONE', #3050, .T. ) ;
#1331 = CARTESIAN_POINT ( 'NONE',  ( 5.205000000000000100, -1.333174333332999500, 8.120236000000000200 ) ) ;
#1332 = ORIENTED_EDGE ( 'NONE', *, *, #3328, .F. ) ;
#1333 = EDGE_CURVE ( 'NONE', #3653, #834, #3610, .T. ) ;
#1334 = DIRECTION ( 'NONE',  ( -1.000000000000000000, -0.0000000000000000000, -0.0000000000000000000 ) ) ;
#1335 = VERTEX_POINT ( 'NONE', #3459 ) ;
#1336 = ADVANCED_FACE ( 'NONE', ( #2731 ), #3717, .F. ) ;
#1337 = EDGE_CURVE ( 'NONE', #2527, #380, #3055, .T. ) ;
#1338 = EDGE_LOOP ( 'NONE', ( #2164, #901, #1413, #2844, #1100, #2117 ) ) ;
#1339 = DIRECTION ( 'NONE',  ( 2.674902700537562600E-032, -1.110223024625000000E-016, -1.000000000000000000 ) ) ;
#1340 = CARTESIAN_POINT ( 'NONE',  ( -5.835000000000000000, -1.333174333332999700, 8.750235999999999200 ) ) ;
#1341 = AXIS2_PLACEMENT_3D ( 'NONE', #241, #3814, #375 ) ;
#1342 = EDGE_LOOP ( 'NONE', ( #2201, #742, #1440, #3026 ) ) ;
#1343 = EDGE_CURVE ( 'NONE', #3022, #3449, #3108, .T. ) ;
#1344 = ORIENTED_EDGE ( 'NONE', *, *, #2037, .F. ) ;
#1345 = DIRECTION ( 'NONE',  ( 0.0000000000000000000, -1.000000000000000000, 1.110223024625000000E-016 ) ) ;
#1346 = CARTESIAN_POINT ( 'NONE',  ( -5.204999999999999200, -3.999840999999999500, 0.7202359999999999900 ) ) ;
#1347 = CARTESIAN_POINT ( 'NONE',  ( 6.665000000000000000, -3.999840999999999500, 9.520235999999998800 ) ) ;
#1348 = VERTEX_POINT ( 'NONE', #1178 ) ;
#1349 = DIRECTION ( 'NONE',  ( 1.000000000000000000, -0.0000000000000000000, 0.0000000000000000000 ) ) ;
#1350 = CARTESIAN_POINT ( 'NONE',  ( -6.665000000000000000, -3.999840999999999500, 0.7202359999999999900 ) ) ;
#1351 = CARTESIAN_POINT ( 'NONE',  ( 11.43000000000000000, -3.999840999999999500, 10.15023600000000000 ) ) ;
#1352 = ORIENTED_EDGE ( 'NONE', *, *, #3435, .F. ) ;
#1353 = VERTEX_POINT ( 'NONE', #561 ) ;
#1354 = CARTESIAN_POINT ( 'NONE',  ( 6.035000000000000100, -2.399841000000000300, 10.15023600000000000 ) ) ;
#1355 = EDGE_LOOP ( 'NONE', ( #896, #3598, #1421, #3734, #83, #3224 ) ) ;
#1356 = ORIENTED_EDGE ( 'NONE', *, *, #1083, .T. ) ;
#1357 = EDGE_CURVE ( 'NONE', #439, #1946, #3152, .T. ) ;
#1358 = DIRECTION ( 'NONE',  ( 0.0000000000000000000, 1.110223024625000000E-016, 1.000000000000000000 ) ) ;
#1359 = VERTEX_POINT ( 'NONE', #3745 ) ;
#1360 = CARTESIAN_POINT ( 'NONE',  ( 5.205000000000000100, 3.200159000000000200, 5.150235999999999600 ) ) ;
#1361 = DIRECTION ( 'NONE',  ( 0.0000000000000000000, -1.110223024625000000E-016, -1.000000000000000000 ) ) ;
#1362 = AXIS2_PLACEMENT_3D ( 'NONE', #1710, #1151, #2826 ) ;
#1363 = PLANE ( 'NONE',  #2780 ) ;
#1364 = LINE ( 'NONE', #2046, #3563 ) ;
#1365 = CARTESIAN_POINT ( 'NONE',  ( -5.205000000000000100, -3.199840999999998800, 8.120236000000000200 ) ) ;
#1366 = AXIS2_PLACEMENT_3D ( 'NONE', #2497, #1393, #2795 ) ;
#1367 = VECTOR ( 'NONE', #1043, 1000.000000000000000 ) ;
#1368 = CARTESIAN_POINT ( 'NONE',  ( -6.665000000000000000, -0.5331743333330000200, 0.7202359999999999900 ) ) ;
#1369 = VECTOR ( 'NONE', #3702, 1000.000000000000000 ) ;
#1370 = CARTESIAN_POINT ( 'NONE',  ( -5.205000000000000100, -3.999840999999999500, 8.120236000000000200 ) ) ;
#1371 = CARTESIAN_POINT ( 'NONE',  ( -6.665000000000000000, -3.999840999999999500, 9.520235999999998800 ) ) ;
#1372 = DIRECTION ( 'NONE',  ( -1.000000000000000000, -1.199209180814000000E-032, -1.080151603970999900E-016 ) ) ;
#1373 = LINE ( 'NONE', #1183, #579 ) ;
#1374 = LINE ( 'NONE', #154, #1126 ) ;
#1375 = ORIENTED_EDGE ( 'NONE', *, *, #769, .F. ) ;
#1376 = ORIENTED_EDGE ( 'NONE', *, *, #481, .T. ) ;
#1377 = DIRECTION ( 'NONE',  ( 0.0000000000000000000, -1.000000000000000000, 1.110223024625000000E-016 ) ) ;
#1378 = CARTESIAN_POINT ( 'NONE',  ( 10.03000000000000100, -2.399841000000000300, 5.150235999999999600 ) ) ;
#1379 = VECTOR ( 'NONE', #3643, 1000.000000000000000 ) ;
#1380 = ORIENTED_EDGE ( 'NONE', *, *, #96, .F. ) ;
#1381 = EDGE_CURVE ( 'NONE', #1789, #380, #2631, .T. ) ;
#1382 = VECTOR ( 'NONE', #178, 1000.000000000000000 ) ;
#1383 = ORIENTED_EDGE ( 'NONE', *, *, #2017, .T. ) ;
#1384 = DIRECTION ( 'NONE',  ( 1.000000000000000000, 0.0000000000000000000, 0.0000000000000000000 ) ) ;
#1385 = VERTEX_POINT ( 'NONE', #1417 ) ;
#1386 = EDGE_CURVE ( 'NONE', #1435, #1037, #2352, .T. ) ;
#1387 = DIRECTION ( 'NONE',  ( -0.0000000000000000000, 1.000000000000000000, -1.110223024625000000E-016 ) ) ;
#1388 = VERTEX_POINT ( 'NONE', #2213 ) ;
#1389 = ORIENTED_EDGE ( 'NONE', *, *, #2819, .T. ) ;
#1390 = EDGE_LOOP ( 'NONE', ( #144, #3774, #2333, #3269 ) ) ;
#1391 = AXIS2_PLACEMENT_3D ( 'NONE', #1991, #1162, #2843 ) ;
#1392 = EDGE_CURVE ( 'NONE', #3360, #1335, #3821, .T. ) ;
#1393 = DIRECTION ( 'NONE',  ( -0.0000000000000000000, -1.110223024625000000E-016, -1.000000000000000000 ) ) ;
#1394 = ORIENTED_EDGE ( 'NONE', *, *, #1783, .T. ) ;
#1395 = DIRECTION ( 'NONE',  ( 1.992084046299499900E-031, -1.000000000000000000, -0.0000000000000000000 ) ) ;
#1396 = CARTESIAN_POINT ( 'NONE',  ( -10.03000000000000100, -2.399841000000000300, 5.150235999999999600 ) ) ;
#1397 = ORIENTED_EDGE ( 'NONE', *, *, #2173, .T. ) ;
#1398 = VERTEX_POINT ( 'NONE', #1185 ) ;
#1399 = DIRECTION ( 'NONE',  ( -1.199209180814000000E-032, 1.000000000000000000, -1.295327720152991000E-048 ) ) ;
#1400 = VERTEX_POINT ( 'NONE', #1331 ) ;
#1401 = ORIENTED_EDGE ( 'NONE', *, *, #3023, .F. ) ;
#1402 = ORIENTED_EDGE ( 'NONE', *, *, #211, .T. ) ;
#1403 = EDGE_CURVE ( 'NONE', #1230, #2400, #2902, .T. ) ;
#1404 = VECTOR ( 'NONE', #22, 1000.000000000000000 ) ;
#1405 = CIRCLE ( 'NONE', #778, 0.4000000000000001900 ) ;
#1406 = EDGE_CURVE ( 'NONE', #3687, #235, #2054, .T. ) ;
#1407 = LINE ( 'NONE', #279, #2063 ) ;
#1408 = DIRECTION ( 'NONE',  ( -1.000000000000000000, -0.0000000000000000000, -0.0000000000000000000 ) ) ;
#1409 = ORIENTED_EDGE ( 'NONE', *, *, #2330, .T. ) ;
#1410 = LINE ( 'NONE', #2994, #430 ) ;
#1411 = DIRECTION ( 'NONE',  ( 0.0000000000000000000, 1.000000000000000000, 0.0000000000000000000 ) ) ;
#1412 = VERTEX_POINT ( 'NONE', #2232 ) ;
#1413 = ORIENTED_EDGE ( 'NONE', *, *, #74, .T. ) ;
#1414 = CARTESIAN_POINT ( 'NONE',  ( 2.830000000000000100, 3.200159000000000600, 8.120236000000000200 ) ) ;
#1415 = LINE ( 'NONE', #485, #2162 ) ;
#1416 = LINE ( 'NONE', #3125, #1382 ) ;
#1417 = CARTESIAN_POINT ( 'NONE',  ( -6.665000000000000000, -2.399841000000000300, 5.150235999999999600 ) ) ;
#1418 = ORIENTED_EDGE ( 'NONE', *, *, #2629, .T. ) ;
#1419 = VERTEX_POINT ( 'NONE', #1473 ) ;
#1420 = LINE ( 'NONE', #1815, #1295 ) ;
#1421 = ORIENTED_EDGE ( 'NONE', *, *, #2500, .T. ) ;
#1422 = CARTESIAN_POINT ( 'NONE',  ( -10.03000000000000100, -1.333174333332999700, 9.520235999999998800 ) ) ;
#1423 = EDGE_CURVE ( 'NONE', #2129, #1693, #1614, .T. ) ;
#1424 = ORIENTED_EDGE ( 'NONE', *, *, #2735, .F. ) ;
#1425 = ORIENTED_EDGE ( 'NONE', *, *, #331, .T. ) ;
#1426 = DIRECTION ( 'NONE',  ( 1.000000000000000000, 0.0000000000000000000, 0.0000000000000000000 ) ) ;
#1427 = CARTESIAN_POINT ( 'NONE',  ( 6.035000000000000100, -3.999840999999999500, 10.15023600000000000 ) ) ;
#1428 = AXIS2_PLACEMENT_3D ( 'NONE', #2707, #707, #2399 ) ;
#1429 = PLANE ( 'NONE',  #773 ) ;
#1430 = UNCERTAINTY_MEASURE_WITH_UNIT (LENGTH_MEASURE( 1.000000000000000100E-005 ), #681, 'distance_accuracy_value', 'NONE');
#1431 = DIRECTION ( 'NONE',  ( -0.0000000000000000000, -1.110223024625000000E-016, -1.000000000000000000 ) ) ;
#1432 = ORIENTED_EDGE ( 'NONE', *, *, #117, .F. ) ;
#1433 = DIRECTION ( 'NONE',  ( 1.000000000000000000, -0.0000000000000000000, 0.0000000000000000000 ) ) ;
#1434 = ORIENTED_EDGE ( 'NONE', *, *, #1284, .F. ) ;
#1435 = VERTEX_POINT ( 'NONE', #2050 ) ;
#1436 = ORIENTED_EDGE ( 'NONE', *, *, #1093, .T. ) ;
#1437 = CARTESIAN_POINT ( 'NONE',  ( -6.035000000000001000, 0.5334923333330000600, 10.15023600000000000 ) ) ;
#1438 = DIRECTION ( 'NONE',  ( -0.0000000000000000000, 1.000000000000000000, -1.110223024625000000E-016 ) ) ;
#1439 = ORIENTED_EDGE ( 'NONE', *, *, #3514, .F. ) ;
#1440 = ORIENTED_EDGE ( 'NONE', *, *, #2737, .F. ) ;
#1441 = CIRCLE ( 'NONE', #312, 0.4000000000000001900 ) ;
#1442 = CARTESIAN_POINT ( 'NONE',  ( -6.665000000000000000, 1.333492333332999500, 9.520235999999997000 ) ) ;
#1443 = ORIENTED_EDGE ( 'NONE', *, *, #3508, .T. ) ;
#1444 = DIRECTION ( 'NONE',  ( 1.000000000000000000, 0.0000000000000000000, 0.0000000000000000000 ) ) ;
#1445 = DIRECTION ( 'NONE',  ( 0.0000000000000000000, -1.110223024625000000E-016, -1.000000000000000000 ) ) ;
#1446 = VECTOR ( 'NONE', #3205, 1000.000000000000000 ) ;
#1447 = EDGE_CURVE ( 'NONE', #834, #1529, #2187, .T. ) ;
#1448 = VECTOR ( 'NONE', #2716, 1000.000000000000000 ) ;
#1449 = DIRECTION ( 'NONE',  ( 0.0000000000000000000, 0.0000000000000000000, -1.000000000000000000 ) ) ;
#1450 = CARTESIAN_POINT ( 'NONE',  ( 5.205000000000000100, 2.400159000000000400, 8.120236000000000200 ) ) ;
#1451 = ORIENTED_EDGE ( 'NONE', *, *, #1492, .F. ) ;
#1452 = LINE ( 'NONE', #2464, #861 ) ;
#1453 = AXIS2_PLACEMENT_3D ( 'NONE', #2612, #2524, #2539 ) ;
#1454 = EDGE_CURVE ( 'NONE', #2868, #3232, #1441, .T. ) ;
#1455 = FACE_OUTER_BOUND ( 'NONE', #2536, .T. ) ;
#1456 = CARTESIAN_POINT ( 'NONE',  ( 5.935000000000000500, -3.999840999999999500, -0.009763999999999996600 ) ) ;
#1457 = LINE ( 'NONE', #1464, #3494 ) ;
#1458 = VERTEX_POINT ( 'NONE', #842 ) ;
#1459 = VECTOR ( 'NONE', #180, 1000.000000000000000 ) ;
#1460 = ORIENTED_EDGE ( 'NONE', *, *, #3023, .T. ) ;
#1461 = CARTESIAN_POINT ( 'NONE',  ( -6.665000000000000000, 3.200158999999999800, 5.150235999999999600 ) ) ;
#1462 = ORIENTED_EDGE ( 'NONE', *, *, #338, .T. ) ;
#1463 = DIRECTION ( 'NONE',  ( 0.0000000000000000000, 1.110223024625000000E-016, 1.000000000000000000 ) ) ;
#1464 = CARTESIAN_POINT ( 'NONE',  ( -5.835000000000000000, -3.999840999999999500, 8.750235999999999200 ) ) ;
#1465 = CARTESIAN_POINT ( 'NONE',  ( -10.03000000000000100, -2.399841000000000300, 5.150235999999999600 ) ) ;
#1466 = ORIENTED_EDGE ( 'NONE', *, *, #512, .T. ) ;
#1467 = ORIENTED_EDGE ( 'NONE', *, *, #3229, .T. ) ;
#1468 = DIRECTION ( 'NONE',  ( 0.0000000000000000000, -1.110223024625000000E-016, -1.000000000000000000 ) ) ;
#1469 = ORIENTED_EDGE ( 'NONE', *, *, #1114, .F. ) ;
#1470 = VECTOR ( 'NONE', #671, 1000.000000000000000 ) ;
#1471 = EDGE_CURVE ( 'NONE', #1311, #609, #1231, .T. ) ;
#1472 = VERTEX_POINT ( 'NONE', #3809 ) ;
#1473 = CARTESIAN_POINT ( 'NONE',  ( 5.205000000000000100, -2.399841000000000300, 5.150235999999999600 ) ) ;
#1474 = CARTESIAN_POINT ( 'NONE',  ( 2.830000000000000100, 0.5334923333330002800, 8.120236000000000200 ) ) ;
#1475 = AXIS2_PLACEMENT_3D ( 'NONE', #626, #3234, #2633 ) ;
#1476 = EDGE_CURVE ( 'NONE', #3374, #544, #952, .T. ) ;
#1477 = ORIENTED_EDGE ( 'NONE', *, *, #1754, .T. ) ;
#1478 = MECHANICAL_DESIGN_GEOMETRIC_PRESENTATION_REPRESENTATION (  '', ( #493 ), #1667 ) ;
#1479 = ORIENTED_EDGE ( 'NONE', *, *, #1091, .F. ) ;
#1480 = ORIENTED_EDGE ( 'NONE', *, *, #797, .T. ) ;
#1481 = ORIENTED_EDGE ( 'NONE', *, *, #1644, .T. ) ;
#1482 = CARTESIAN_POINT ( 'NONE',  ( 5.835000000000000000, 3.200159000000000200, 5.150235999999999600 ) ) ;
#1483 = CARTESIAN_POINT ( 'NONE',  ( -6.035000000000000100, -1.333174333333000000, 10.15023600000000000 ) ) ;
#1484 = ORIENTED_EDGE ( 'NONE', *, *, #1000, .F. ) ;
#1485 = DIRECTION ( 'NONE',  ( 1.000000000000000000, 0.0000000000000000000, 0.0000000000000000000 ) ) ;
#1486 = PLANE ( 'NONE',  #3518 ) ;
#1487 = EDGE_CURVE ( 'NONE', #1673, #1311, #1966, .T. ) ;
#1488 = VECTOR ( 'NONE', #473, 1000.000000000000000 ) ;
#1489 = DIRECTION ( 'NONE',  ( -0.0000000000000000000, -1.110223024625000000E-016, -1.000000000000000000 ) ) ;
#1490 = EDGE_CURVE ( 'NONE', #1857, #3222, #301, .T. ) ;
#1491 = LINE ( 'NONE', #1483, #3618 ) ;
#1492 = EDGE_CURVE ( 'NONE', #389, #2072, #3546, .T. ) ;
#1493 = DIRECTION ( 'NONE',  ( 0.0000000000000000000, -1.000000000000000000, 1.110223024625000000E-016 ) ) ;
#1494 = ADVANCED_FACE ( 'NONE', ( #2385 ), #749, .F. ) ;
#1495 = LINE ( 'NONE', #1819, #1584 ) ;
#1496 = ORIENTED_EDGE ( 'NONE', *, *, #1871, .F. ) ;
#1497 = ORIENTED_EDGE ( 'NONE', *, *, #2101, .T. ) ;
#1498 = DIRECTION ( 'NONE',  ( 0.0000000000000000000, -1.000000000000000000, 1.110223024625000000E-016 ) ) ;
#1499 = AXIS2_PLACEMENT_3D ( 'NONE', #2, #2952, #1255 ) ;
#1500 = LINE ( 'NONE', #3061, #2920 ) ;
#1501 = VECTOR ( 'NONE', #3705, 1000.000000000000000 ) ;
#1502 = ORIENTED_EDGE ( 'NONE', *, *, #2705, .T. ) ;
#1503 = CARTESIAN_POINT ( 'NONE',  ( 2.830000000000000100, 3.200159000000000200, 5.150235999999999600 ) ) ;
#1504 = ORIENTED_EDGE ( 'NONE', *, *, #1268, .T. ) ;
#1505 = VECTOR ( 'NONE', #2802, 1000.000000000000000 ) ;
#1506 = VERTEX_POINT ( 'NONE', #555 ) ;
#1507 = VERTEX_POINT ( 'NONE', #529 ) ;
#1508 = DIRECTION ( 'NONE',  ( 1.000000000000000000, 0.0000000000000000000, 0.0000000000000000000 ) ) ;
#1509 = ORIENTED_EDGE ( 'NONE', *, *, #723, .F. ) ;
#1510 = CIRCLE ( 'NONE', #1113, 0.7299999999999999800 ) ;
#1511 = DIRECTION ( 'NONE',  ( -2.409338161078999800E-016, -1.000000000000000000, 1.110223024625000000E-016 ) ) ;
#1512 = EDGE_LOOP ( 'NONE', ( #3650, #3676, #3178, #1965 ) ) ;
#1513 = VECTOR ( 'NONE', #3573, 1000.000000000000000 ) ;
#1514 = ADVANCED_FACE ( 'NONE', ( #2257 ), #2916, .T. ) ;
#1515 = EDGE_CURVE ( 'NONE', #1939, #2620, #3384, .T. ) ;
#1516 = VERTEX_POINT ( 'NONE', #801 ) ;
#1517 = ORIENTED_EDGE ( 'NONE', *, *, #534, .F. ) ;
#1518 = ORIENTED_EDGE ( 'NONE', *, *, #1200, .F. ) ;
#1519 = PLANE ( 'NONE',  #2184 ) ;
#1520 = VERTEX_POINT ( 'NONE', #181 ) ;
#1521 = AXIS2_PLACEMENT_3D ( 'NONE', #469, #2616, #49 ) ;
#1522 = EDGE_CURVE ( 'NONE', #3232, #217, #1281, .T. ) ;
#1523 = DIRECTION ( 'NONE',  ( 0.0000000000000000000, 1.000000000000000000, 0.0000000000000000000 ) ) ;
#1524 = CARTESIAN_POINT ( 'NONE',  ( -10.03000000000000100, -0.5331743333329999100, 5.150235999999999600 ) ) ;
#1525 = ORIENTED_EDGE ( 'NONE', *, *, #3, .F. ) ;
#1526 = ORIENTED_EDGE ( 'NONE', *, *, #3514, .T. ) ;
#1527 = VECTOR ( 'NONE', #266, 1000.000000000000000 ) ;
#1528 = DIRECTION ( 'NONE',  ( -1.000000000000000000, 0.0000000000000000000, -0.0000000000000000000 ) ) ;
#1529 = VERTEX_POINT ( 'NONE', #1021 ) ;
#1530 = CARTESIAN_POINT ( 'NONE',  ( 0.0000000000000000000, 0.0000000000000000000, 0.0000000000000000000 ) ) ;
#1531 = CARTESIAN_POINT ( 'NONE',  ( -5.935000000000000500, 4.000159000000000900, 0.7202359999999991000 ) ) ;
#1532 = ADVANCED_FACE ( 'NONE', ( #479 ), #316, .F. ) ;
#1533 = LINE ( 'NONE', #3478, #2193 ) ;
#1534 = CARTESIAN_POINT ( 'NONE',  ( -5.835000000000000000, -3.999840999999999500, 5.150235999999999600 ) ) ;
#1535 = VECTOR ( 'NONE', #1275, 1000.000000000000000 ) ;
#1536 = EDGE_CURVE ( 'NONE', #1988, #388, #3406, .T. ) ;
#1537 = LINE ( 'NONE', #2020, #763 ) ;
#1538 = DIRECTION ( 'NONE',  ( 0.0000000000000000000, 1.000000000000000000, 0.0000000000000000000 ) ) ;
#1539 = VECTOR ( 'NONE', #1138, 1000.000000000000000 ) ;
#1540 = LINE ( 'NONE', #520, #1501 ) ;
#1541 = ORIENTED_EDGE ( 'NONE', *, *, #1264, .F. ) ;
#1542 = AXIS2_PLACEMENT_3D ( 'NONE', #1931, #3673, #1651 ) ;
#1543 = CARTESIAN_POINT ( 'NONE',  ( 5.835000000000000000, -3.199840999999999700, 8.750235999999999200 ) ) ;
#1544 = LINE ( 'NONE', #3292, #2283 ) ;
#1545 = DIRECTION ( 'NONE',  ( 0.0000000000000000000, -1.000000000000000000, 1.110223024625000000E-016 ) ) ;
#1546 = CIRCLE ( 'NONE', #1181, 0.4000000000000000800 ) ;
#1547 = LINE ( 'NONE', #289, #1459 ) ;
#1548 = EDGE_LOOP ( 'NONE', ( #2763, #1526, #629, #2989 ) ) ;
#1549 = VECTOR ( 'NONE', #531, 1000.000000000000000 ) ;
#1550 = DIRECTION ( 'NONE',  ( 2.188556754985000000E-032, 1.000000000000000000, -4.314250887931119000E-048 ) ) ;
#1551 = AXIS2_PLACEMENT_3D ( 'NONE', #501, #1134, #3119 ) ;
#1552 = VERTEX_POINT ( 'NONE', #731 ) ;
#1553 = VECTOR ( 'NONE', #2676, 1000.000000000000000 ) ;
#1554 = ORIENTED_EDGE ( 'NONE', *, *, #2127, .F. ) ;
#1555 = ADVANCED_FACE ( 'NONE', ( #2018 ), #92, .F. ) ;
#1556 = ORIENTED_EDGE ( 'NONE', *, *, #45, .T. ) ;
#1557 = LINE ( 'NONE', #1792, #1040 ) ;
#1558 = ORIENTED_EDGE ( 'NONE', *, *, #616, .F. ) ;
#1559 = PRODUCT_CONTEXT ( 'NONE', #23, 'mechanical' ) ;
#1560 = ORIENTED_EDGE ( 'NONE', *, *, #1487, .T. ) ;
#1561 = DIRECTION ( 'NONE',  ( 0.0000000000000000000, -1.000000000000000000, 1.110223024625000000E-016 ) ) ;
#1562 = CARTESIAN_POINT ( 'NONE',  ( -6.665000000000000000, -3.199841000000000200, 9.520235999999997000 ) ) ;
#1563 = VERTEX_POINT ( 'NONE', #584 ) ;
#1564 = EDGE_CURVE ( 'NONE', #1412, #2561, #2159, .T. ) ;
#1565 = ORIENTED_EDGE ( 'NONE', *, *, #476, .F. ) ;
#1566 = CARTESIAN_POINT ( 'NONE',  ( 6.035000000000000100, -3.199841000000000200, 0.7202359999999999900 ) ) ;
#1567 = ORIENTED_EDGE ( 'NONE', *, *, #1644, .F. ) ;
#1568 = ORIENTED_EDGE ( 'NONE', *, *, #1794, .F. ) ;
#1569 = EDGE_CURVE ( 'NONE', #765, #2250, #1240, .T. ) ;
#1570 = ORIENTED_EDGE ( 'NONE', *, *, #3285, .T. ) ;
#1571 = ORIENTED_EDGE ( 'NONE', *, *, #2208, .T. ) ;
#1572 = CARTESIAN_POINT ( 'NONE',  ( -6.665000000000000000, 2.400158999999999900, 9.520235999999998800 ) ) ;
#1573 = ADVANCED_FACE ( 'NONE', ( #2254 ), #33, .F. ) ;
#1574 = AXIS2_PLACEMENT_3D ( 'NONE', #1371, #770, #610 ) ;
#1575 = EDGE_CURVE ( 'NONE', #1388, #1301, #3138, .T. ) ;
#1576 = ORIENTED_EDGE ( 'NONE', *, *, #1851, .T. ) ;
#1577 = CARTESIAN_POINT ( 'NONE',  ( 6.665000000000000000, -0.5331743333330000200, 9.520235999999998800 ) ) ;
#1578 = VERTEX_POINT ( 'NONE', #1008 ) ;
#1579 = CARTESIAN_POINT ( 'NONE',  ( 10.03000000000000100, 0.5334923333329999500, 5.150235999999999600 ) ) ;
#1580 = LINE ( 'NONE', #1077, #814 ) ;
#1581 = CARTESIAN_POINT ( 'NONE',  ( -5.205000000000000100, -3.999840999999999500, 8.120236000000000200 ) ) ;
#1582 = CIRCLE ( 'NONE', #650, 0.3999999999999999700 ) ;
#1583 = CARTESIAN_POINT ( 'NONE',  ( -6.035000000000000100, -3.999840999999999500, 10.15023600000000000 ) ) ;
#1584 = VECTOR ( 'NONE', #15, 1000.000000000000000 ) ;
#1585 = EDGE_CURVE ( 'NONE', #2281, #2217, #3532, .T. ) ;
#1586 = LINE ( 'NONE', #194, #1549 ) ;
#1587 = DIRECTION ( 'NONE',  ( -0.0000000000000000000, -1.110223024625000000E-016, -1.000000000000000000 ) ) ;
#1588 = ORIENTED_EDGE ( 'NONE', *, *, #2285, .T. ) ;
#1589 = ADVANCED_FACE ( 'NONE', ( #26 ), #89, .F. ) ;
#1590 = LINE ( 'NONE', #1061, #735 ) ;
#1591 = ORIENTED_EDGE ( 'NONE', *, *, #2576, .T. ) ;
#1592 = EDGE_CURVE ( 'NONE', #1733, #2160, #1537, .T. ) ;
#1593 = ORIENTED_EDGE ( 'NONE', *, *, #2684, .T. ) ;
#1594 = EDGE_LOOP ( 'NONE', ( #3759, #2442, #210, #2079, #808, #1085 ) ) ;
#1595 = VERTEX_POINT ( 'NONE', #2866 ) ;
#1596 = CARTESIAN_POINT ( 'NONE',  ( -2.830000000000000100, 2.800158999999999800, 5.150235999999999600 ) ) ;
#1597 = CARTESIAN_POINT ( 'NONE',  ( -11.43000000000000100, -3.999840999999998600, 10.15023600000000000 ) ) ;
#1598 = ORIENTED_EDGE ( 'NONE', *, *, #2227, .T. ) ;
#1599 = CARTESIAN_POINT ( 'NONE',  ( 10.03000000000000100, -1.333174333333000000, 5.150235999999999600 ) ) ;
#1600 = VERTEX_POINT ( 'NONE', #2953 ) ;
#1601 = DIRECTION ( 'NONE',  ( -0.0000000000000000000, 1.110223024625000000E-016, 1.000000000000000000 ) ) ;
#1602 = ADVANCED_FACE ( 'NONE', ( #1044 ), #2189, .F. ) ;
#1603 = ORIENTED_EDGE ( 'NONE', *, *, #3285, .F. ) ;
#1604 = PLANE ( 'NONE',  #2436 ) ;
#1605 = EDGE_CURVE ( 'NONE', #1578, #426, #3035, .T. ) ;
#1606 = DIRECTION ( 'NONE',  ( -3.903912049434000100E-032, 1.000000000000000000, -1.372744840601633700E-047 ) ) ;
#1607 = ORIENTED_EDGE ( 'NONE', *, *, #1917, .F. ) ;
#1608 = ORIENTED_EDGE ( 'NONE', *, *, #172, .F. ) ;
#1609 = ORIENTED_EDGE ( 'NONE', *, *, #1343, .T. ) ;
#1610 = CARTESIAN_POINT ( 'NONE',  ( 6.665000000000000000, 2.400158999999999900, 9.520235999999998800 ) ) ;
#1611 = ORIENTED_EDGE ( 'NONE', *, *, #60, .F. ) ;
#1612 = PLANE ( 'NONE',  #804 ) ;
#1613 = EDGE_LOOP ( 'NONE', ( #3797, #998, #2424, #2130, #890, #595 ) ) ;
#1614 = LINE ( 'NONE', #1619, #1527 ) ;
#1615 = AXIS2_PLACEMENT_3D ( 'NONE', #2755, #2448, #2174 ) ;
#1616 = DIRECTION ( 'NONE',  ( -1.080151603970999900E-016, 0.0000000000000000000, 1.000000000000000000 ) ) ;
#1617 = CARTESIAN_POINT ( 'NONE',  ( -2.830000000000000100, 1.333492333333000400, 8.120236000000000200 ) ) ;
#1618 = AXIS2_PLACEMENT_3D ( 'NONE', #295, #2321, #628 ) ;
#1619 = CARTESIAN_POINT ( 'NONE',  ( -6.035000000000000100, -2.399841000000000300, 10.15023600000000000 ) ) ;
#1620 = VECTOR ( 'NONE', #1444, 1000.000000000000000 ) ;
#1621 = CARTESIAN_POINT ( 'NONE',  ( 2.830000000000000100, -0.5331743333329997900, 8.750235999999999200 ) ) ;
#1622 = FACE_OUTER_BOUND ( 'NONE', #1548, .T. ) ;
#1623 = VECTOR ( 'NONE', #2384, 1000.000000000000000 ) ;
#1624 = DIRECTION ( 'NONE',  ( -0.0000000000000000000, -1.110223024625000000E-016, -1.000000000000000000 ) ) ;
#1625 = CARTESIAN_POINT ( 'NONE',  ( -6.035000000000001000, -1.333174333333000200, 5.150235999999999600 ) ) ;
#1626 = CARTESIAN_POINT ( 'NONE',  ( -6.035000000000000100, 0.5334923333330000600, 0.7202359999999999900 ) ) ;
#1627 = CYLINDRICAL_SURFACE ( 'NONE', #2251, 0.4000000000000001900 ) ;
#1628 = DIRECTION ( 'NONE',  ( -1.000000000000000000, 0.0000000000000000000, -0.0000000000000000000 ) ) ;
#1629 = FACE_OUTER_BOUND ( 'NONE', #1862, .T. ) ;
#1630 = ORIENTED_EDGE ( 'NONE', *, *, #10, .F. ) ;
#1631 = FACE_OUTER_BOUND ( 'NONE', #3467, .T. ) ;
#1632 = FACE_OUTER_BOUND ( 'NONE', #467, .T. ) ;
#1633 = VERTEX_POINT ( 'NONE', #3203 ) ;
#1634 = EDGE_CURVE ( 'NONE', #2904, #2323, #3014, .T. ) ;
#1635 = EDGE_CURVE ( 'NONE', #2261, #1398, #431, .T. ) ;
#1636 = LINE ( 'NONE', #437, #25 ) ;
#1637 = VERTEX_POINT ( 'NONE', #1928 ) ;
#1638 = LINE ( 'NONE', #2369, #1470 ) ;
#1639 = VERTEX_POINT ( 'NONE', #2015 ) ;
#1640 = CARTESIAN_POINT ( 'NONE',  ( 10.03000000000000100, -0.5331743333329999100, 5.150235999999999600 ) ) ;
#1641 = EDGE_CURVE ( 'NONE', #2561, #3103, #390, .T. ) ;
#1642 = VECTOR ( 'NONE', #203, 1000.000000000000000 ) ;
#1643 = ORIENTED_EDGE ( 'NONE', *, *, #2512, .F. ) ;
#1644 = EDGE_CURVE ( 'NONE', #2469, #1472, #29, .T. ) ;
#1645 = EDGE_LOOP ( 'NONE', ( #1770, #1227, #648, #3678, #1150, #2332 ) ) ;
#1646 = CARTESIAN_POINT ( 'NONE',  ( -10.03000000000000100, 0.9334923333330000800, 5.150235999999999600 ) ) ;
#1647 = VECTOR ( 'NONE', #3630, 1000.000000000000000 ) ;
#1648 = DIRECTION ( 'NONE',  ( -0.0000000000000000000, 1.110223024625000000E-016, 1.000000000000000000 ) ) ;
#1649 = VERTEX_POINT ( 'NONE', #1437 ) ;
#1650 = ORIENTED_EDGE ( 'NONE', *, *, #949, .T. ) ;
#1651 = DIRECTION ( 'NONE',  ( 0.0000000000000000000, 0.0000000000000000000, -1.000000000000000000 ) ) ;
#1652 = VERTEX_POINT ( 'NONE', #2039 ) ;
#1653 = ORIENTED_EDGE ( 'NONE', *, *, #1114, .T. ) ;
#1654 = ORIENTED_EDGE ( 'NONE', *, *, #673, .F. ) ;
#1655 = DIRECTION ( 'NONE',  ( 2.674902700537559800E-032, 1.000000000000000000, -1.110223024625000000E-016 ) ) ;
#1656 = ORIENTED_EDGE ( 'NONE', *, *, #2680, .T. ) ;
#1657 = ORIENTED_EDGE ( 'NONE', *, *, #12, .T. ) ;
#1658 = EDGE_CURVE ( 'NONE', #838, #1398, #665, .T. ) ;
#1659 = CARTESIAN_POINT ( 'NONE',  ( -10.03000000000000100, 2.400158999999999900, 5.150235999999999600 ) ) ;
#1660 = VERTEX_POINT ( 'NONE', #1995 ) ;
#1661 = CARTESIAN_POINT ( 'NONE',  ( 5.205000000000000100, -3.999840999999999500, 8.120236000000000200 ) ) ;
#1662 = CARTESIAN_POINT ( 'NONE',  ( -5.835000000000000000, 3.200159000000000200, 5.150235999999999600 ) ) ;
#1663 = EDGE_CURVE ( 'NONE', #217, #654, #27, .T. ) ;
#1664 = ORIENTED_EDGE ( 'NONE', *, *, #613, .F. ) ;
#1665 = COLOUR_RGB ( '',0.0000000000000000000, 0.0000000000000000000, 0.0000000000000000000 ) ;
#1666 = CARTESIAN_POINT ( 'NONE',  ( -5.204999999999999200, -3.999840999999999500, 5.150235999999999600 ) ) ;
#1667 =( GEOMETRIC_REPRESENTATION_CONTEXT ( 3 ) GLOBAL_UNCERTAINTY_ASSIGNED_CONTEXT ( ( #3033 ) ) GLOBAL_UNIT_ASSIGNED_CONTEXT ( ( #2956, #1261, #3273 ) ) REPRESENTATION_CONTEXT ( 'NONE', 'WORKASPACE' ) );
#1668 = VECTOR ( 'NONE', #2183, 1000.000000000000000 ) ;
#1669 = CARTESIAN_POINT ( 'NONE',  ( -6.665000000000000000, -3.999840999999999500, 9.520235999999997000 ) ) ;
#1670 = DIRECTION ( 'NONE',  ( -1.000000000000000000, -2.674902700537559800E-032, 2.969738566768390300E-048 ) ) ;
#1671 = LINE ( 'NONE', #1744, #68 ) ;
#1672 = CARTESIAN_POINT ( 'NONE',  ( -10.03000000000000100, 1.333492333333000000, 10.15023600000000000 ) ) ;
#1673 = VERTEX_POINT ( 'NONE', #1837 ) ;
#1674 = VECTOR ( 'NONE', #2349, 1000.000000000000000 ) ;
#1675 = LINE ( 'NONE', #3091, #3415 ) ;
#1676 = LINE ( 'NONE', #3056, #287 ) ;
#1677 = EDGE_CURVE ( 'NONE', #577, #3374, #3162, .T. ) ;
#1678 = LINE ( 'NONE', #1863, #1647 ) ;
#1679 = ORIENTED_EDGE ( 'NONE', *, *, #1139, .F. ) ;
#1680 = ORIENTED_EDGE ( 'NONE', *, *, #2338, .T. ) ;
#1681 = PLANE ( 'NONE',  #3038 ) ;
#1682 = EDGE_CURVE ( 'NONE', #3236, #2597, #2460, .T. ) ;
#1683 = ORIENTED_EDGE ( 'NONE', *, *, #365, .F. ) ;
#1684 = ORIENTED_EDGE ( 'NONE', *, *, #3529, .F. ) ;
#1685 = EDGE_CURVE ( 'NONE', #2527, #1520, #441, .T. ) ;
#1686 = ORIENTED_EDGE ( 'NONE', *, *, #2156, .T. ) ;
#1687 = LINE ( 'NONE', #2727, #1983 ) ;
#1688 = VERTEX_POINT ( 'NONE', #2320 ) ;
#1689 = AXIS2_PLACEMENT_3D ( 'NONE', #1026, #3004, #1307 ) ;
#1690 = PLANE ( 'NONE',  #2113 ) ;
#1691 = ORIENTED_EDGE ( 'NONE', *, *, #696, .T. ) ;
#1692 = EDGE_LOOP ( 'NONE', ( #712, #1650, #2086, #558, #2231, #2931 ) ) ;
#1693 = VERTEX_POINT ( 'NONE', #2493 ) ;
#1694 = DIRECTION ( 'NONE',  ( 0.0000000000000000000, -1.110223024625000000E-016, -1.000000000000000000 ) ) ;
#1695 = DIRECTION ( 'NONE',  ( -1.000000000000000000, -3.063515287996999900E-032, -2.759369261892999800E-016 ) ) ;
#1696 = ORIENTED_EDGE ( 'NONE', *, *, #2083, .T. ) ;
#1697 = DIRECTION ( 'NONE',  ( 0.0000000000000000000, 1.000000000000000000, 0.0000000000000000000 ) ) ;
#1698 = ORIENTED_EDGE ( 'NONE', *, *, #313, .F. ) ;
#1699 = ORIENTED_EDGE ( 'NONE', *, *, #2500, .F. ) ;
#1700 = CARTESIAN_POINT ( 'NONE',  ( -10.03000000000000100, 0.9334923333330005200, 9.520235999999998800 ) ) ;
#1701 = VERTEX_POINT ( 'NONE', #2504 ) ;
#1702 = ORIENTED_EDGE ( 'NONE', *, *, #2890, .F. ) ;
#1703 = ORIENTED_EDGE ( 'NONE', *, *, #3179, .F. ) ;
#1704 = VECTOR ( 'NONE', #1729, 1000.000000000000000 ) ;
#1705 = CARTESIAN_POINT ( 'NONE',  ( 5.835000000000000000, 1.333492333332999800, 8.750235999999999200 ) ) ;
#1706 = EDGE_CURVE ( 'NONE', #2400, #1907, #1900, .T. ) ;
#1707 = DIRECTION ( 'NONE',  ( 1.000000000000000000, -0.0000000000000000000, 0.0000000000000000000 ) ) ;
#1708 = DIRECTION ( 'NONE',  ( 0.0000000000000000000, -1.110223024625000000E-016, -1.000000000000000000 ) ) ;
#1709 = COLOUR_RGB ( '',0.0000000000000000000, 0.0000000000000000000, 0.0000000000000000000 ) ;
#1710 = CARTESIAN_POINT ( 'NONE',  ( -10.03000000000000100, 2.400158999999999900, 5.150235999999999600 ) ) ;
#1711 = EDGE_CURVE ( 'NONE', #3394, #966, #3371, .T. ) ;
#1712 = DIRECTION ( 'NONE',  ( 1.000000000000000000, 0.0000000000000000000, 0.0000000000000000000 ) ) ;
#1713 = VECTOR ( 'NONE', #1433, 1000.000000000000000 ) ;
#1714 = CARTESIAN_POINT ( 'NONE',  ( -5.835000000000000000, 1.333492333333000000, 5.150235999999999600 ) ) ;
#1715 = AXIS2_PLACEMENT_3D ( 'NONE', #708, #245, #416 ) ;
#1716 = EDGE_CURVE ( 'NONE', #654, #2868, #2656, .T. ) ;
#1717 = LINE ( 'NONE', #2423, #1367 ) ;
#1718 = CARTESIAN_POINT ( 'NONE',  ( 10.03000000000000100, -2.399841000000000300, 5.150235999999999600 ) ) ;
#1719 = LINE ( 'NONE', #2182, #201 ) ;
#1720 = VECTOR ( 'NONE', #2437, 1000.000000000000000 ) ;
#1721 = DIRECTION ( 'NONE',  ( -0.0000000000000000000, -1.110223024625000000E-016, -1.000000000000000000 ) ) ;
#1722 = VECTOR ( 'NONE', #549, 1000.000000000000000 ) ;
#1723 = LINE ( 'NONE', #2278, #1642 ) ;
#1724 = DIRECTION ( 'NONE',  ( 0.0000000000000000000, -1.000000000000000000, 1.110223024625000000E-016 ) ) ;
#1725 = VECTOR ( 'NONE', #38, 1000.000000000000000 ) ;
#1726 = ORIENTED_EDGE ( 'NONE', *, *, #3395, .F. ) ;
#1727 = EDGE_LOOP ( 'NONE', ( #3536, #2425, #1189, #802, #703, #806, #2172, #2555, #1657, #638, #2889, #2724, #2945, #3682, #2542, #1314, #3722, #866, #1397, #1784 ) ) ;
#1728 = CARTESIAN_POINT ( 'NONE',  ( -5.205000000000000100, -1.333174333333000200, 5.150235999999999600 ) ) ;
#1729 = DIRECTION ( 'NONE',  ( -0.0000000000000000000, -1.110223024625000000E-016, -1.000000000000000000 ) ) ;
#1730 = EDGE_CURVE ( 'NONE', #758, #1563, #327, .T. ) ;
#1731 = VECTOR ( 'NONE', #2848, 1000.000000000000000 ) ;
#1732 = VECTOR ( 'NONE', #3333, 1000.000000000000000 ) ;
#1733 = VERTEX_POINT ( 'NONE', #3397 ) ;
#1734 = AXIS2_PLACEMENT_3D ( 'NONE', #3089, #1101, #2775 ) ;
#1735 = ORIENTED_EDGE ( 'NONE', *, *, #12, .F. ) ;
#1736 = CARTESIAN_POINT ( 'NONE',  ( -5.935000000000000500, 4.000159000000000900, 0.7202359999999991000 ) ) ;
#1737 = DIRECTION ( 'NONE',  ( 0.0000000000000000000, -1.110223024625000000E-016, -1.000000000000000000 ) ) ;
#1738 = DIRECTION ( 'NONE',  ( -0.0000000000000000000, 1.110223024625000000E-016, 1.000000000000000000 ) ) ;
#1739 = DIRECTION ( 'NONE',  ( 0.0000000000000000000, 1.110223024625000000E-016, 1.000000000000000000 ) ) ;
#1740 = ORIENTED_EDGE ( 'NONE', *, *, #2528, .T. ) ;
#1741 = DIRECTION ( 'NONE',  ( -0.0000000000000000000, -1.110223024625000000E-016, -1.000000000000000000 ) ) ;
#1742 = ORIENTED_EDGE ( 'NONE', *, *, #798, .F. ) ;
#1743 = VERTEX_POINT ( 'NONE', #2744 ) ;
#1744 = CARTESIAN_POINT ( 'NONE',  ( -6.665000000000000000, -1.333174333333000000, 9.520235999999998800 ) ) ;
#1745 = ORIENTED_EDGE ( 'NONE', *, *, #3345, .F. ) ;
#1746 = ORIENTED_EDGE ( 'NONE', *, *, #1471, .F. ) ;
#1747 = PLANE ( 'NONE',  #1786 ) ;
#1748 = EDGE_LOOP ( 'NONE', ( #3049, #2682, #373, #2279 ) ) ;
#1749 = VECTOR ( 'NONE', #1431, 1000.000000000000000 ) ;
#1750 = EDGE_CURVE ( 'NONE', #1743, #2678, #213, .T. ) ;
#1751 = CARTESIAN_POINT ( 'NONE',  ( -10.03000000000000100, 3.200159000000000200, 5.150235999999999600 ) ) ;
#1752 = DIRECTION ( 'NONE',  ( -1.000000000000000000, 0.0000000000000000000, -0.0000000000000000000 ) ) ;
#1753 = LINE ( 'NONE', #1503, #1013 ) ;
#1754 = EDGE_CURVE ( 'NONE', #400, #2421, #2465, .T. ) ;
#1755 = CARTESIAN_POINT ( 'NONE',  ( 10.03000000000000100, 1.333492333333000000, 5.150235999999999600 ) ) ;
#1756 = DIRECTION ( 'NONE',  ( -0.0000000000000000000, -1.110223024625000000E-016, -1.000000000000000000 ) ) ;
#1757 = CIRCLE ( 'NONE', #2405, 0.4000000000000001900 ) ;
#1758 = VECTOR ( 'NONE', #2458, 1000.000000000000000 ) ;
#1759 = DIRECTION ( 'NONE',  ( -3.903912049434000100E-032, 1.000000000000000000, -1.372744840601633700E-047 ) ) ;
#1760 = CARTESIAN_POINT ( 'NONE',  ( -10.03000000000000100, 3.200159000000000200, 5.150235999999999600 ) ) ;
#1761 = LINE ( 'NONE', #2929, #2827 ) ;
#1762 = AXIS2_PLACEMENT_3D ( 'NONE', #2550, #855, #2849 ) ;
#1763 = EDGE_CURVE ( 'NONE', #1743, #1962, #976, .T. ) ;
#1764 = VECTOR ( 'NONE', #3174, 1000.000000000000000 ) ;
#1765 = VERTEX_POINT ( 'NONE', #3313 ) ;
#1766 = DIRECTION ( 'NONE',  ( 0.0000000000000000000, 1.000000000000000000, -1.110223024625000000E-016 ) ) ;
#1767 = FACE_OUTER_BOUND ( 'NONE', #2388, .T. ) ;
#1768 = DIRECTION ( 'NONE',  ( 0.0000000000000000000, -1.000000000000000000, 1.110223024625000000E-016 ) ) ;
#1769 = VECTOR ( 'NONE', #2548, 1000.000000000000000 ) ;
#1770 = ORIENTED_EDGE ( 'NONE', *, *, #2771, .T. ) ;
#1771 = CARTESIAN_POINT ( 'NONE',  ( -5.835000000000000000, -2.399841000000000300, 5.150235999999999600 ) ) ;
#1772 = LINE ( 'NONE', #3512, #1027 ) ;
#1773 = ORIENTED_EDGE ( 'NONE', *, *, #553, .F. ) ;
#1774 = DIRECTION ( 'NONE',  ( 1.372744840601630000E-047, -1.000000000000000000, -4.827025746319283200E-063 ) ) ;
#1775 = ORIENTED_EDGE ( 'NONE', *, *, #1968, .F. ) ;
#1776 = ORIENTED_EDGE ( 'NONE', *, *, #1515, .F. ) ;
#1777 = DIRECTION ( 'NONE',  ( 0.0000000000000000000, 1.000000000000000000, -1.110223024625000000E-016 ) ) ;
#1778 = EDGE_LOOP ( 'NONE', ( #3672, #3470, #2766, #3228 ) ) ;
#1779 = ORIENTED_EDGE ( 'NONE', *, *, #3400, .T. ) ;
#1780 = VERTEX_POINT ( 'NONE', #386 ) ;
#1781 = CARTESIAN_POINT ( 'NONE',  ( -10.03000000000000100, -0.9331743333330000400, 5.150235999999999600 ) ) ;
#1782 = EDGE_LOOP ( 'NONE', ( #2628, #224, #1855, #1260, #303, #2433 ) ) ;
#1783 = EDGE_CURVE ( 'NONE', #2840, #3344, #874, .T. ) ;
#1784 = ORIENTED_EDGE ( 'NONE', *, *, #2240, .T. ) ;
#1785 = CARTESIAN_POINT ( 'NONE',  ( 5.835000000000000000, 1.333492333332999800, 5.150235999999999600 ) ) ;
#1786 = AXIS2_PLACEMENT_3D ( 'NONE', #1221, #2525, #1445 ) ;
#1787 = EDGE_CURVE ( 'NONE', #3232, #1102, #1636, .T. ) ;
#1788 = CLOSED_SHELL ( 'NONE', ( #1514, #959, #1793, #11, #82, #2932, #760, #2161, #1246, #3365, #1050, #2644, #2410, #41, #3250, #3325, #3582, #1532, #401, #3303, #3557, #1317, #1573, #352, #738, #3544, #2625, #421, #1809, #3527, #2447, #2689, #3602, #1602, #3798, #943, #2671, #1589, #2176, #2103, #2710, #2065, #2124, #2729, #639, #680, #1303, #3237, #310, #2354, #660, #1846, #59, #1025, #2747, #2950, #1259, #2992, #3617, #1882, #1232, #332, #2373, #374, #3347, #3037, #1336, #3638, #2907, #1865, #288, #1065, #983, #1276, #1555, #2431, #3817, #1826, #3280, #100, #2142, #2087, #706, #2335, #722, #2968, #2392, #1494, #3011, #1006 ) ) ;
#1789 = VERTEX_POINT ( 'NONE', #432 ) ;
#1790 = ORIENTED_EDGE ( 'NONE', *, *, #1763, .T. ) ;
#1791 = ORIENTED_EDGE ( 'NONE', *, *, #1447, .F. ) ;
#1792 = CARTESIAN_POINT ( 'NONE',  ( 6.035000000000000100, 1.333492333332999500, 10.15023600000000000 ) ) ;
#1793 = ADVANCED_FACE ( 'NONE', ( #3081 ), #782, .F. ) ;
#1794 = EDGE_CURVE ( 'NONE', #516, #2177, #2286, .T. ) ;
#1795 = CYLINDRICAL_SURFACE ( 'NONE', #2488, 0.4000000000000001900 ) ;
#1796 = CARTESIAN_POINT ( 'NONE',  ( -2.830000000000000100, 0.5334923333330002800, 8.120236000000000200 ) ) ;
#1797 = CYLINDRICAL_SURFACE ( 'NONE', #2804, 0.1000000000000000500 ) ;
#1798 = FACE_OUTER_BOUND ( 'NONE', #693, .T. ) ;
#1799 = CARTESIAN_POINT ( 'NONE',  ( 6.035000000000001000, 3.200158999999999800, 10.15023600000000000 ) ) ;
#1800 = CARTESIAN_POINT ( 'NONE',  ( 5.205000000000000100, -0.5331743333330000200, 5.150235999999999600 ) ) ;
#1801 = VECTOR ( 'NONE', #1866, 1000.000000000000000 ) ;
#1802 = DIRECTION ( 'NONE',  ( 0.0000000000000000000, 1.110223024625000000E-016, 1.000000000000000000 ) ) ;
#1803 = ORIENTED_EDGE ( 'NONE', *, *, #1333, .T. ) ;
#1804 = CARTESIAN_POINT ( 'NONE',  ( -10.03000000000000100, 1.333492333333000000, 9.520235999999998800 ) ) ;
#1805 = AXIS2_PLACEMENT_3D ( 'NONE', #2345, #954, #2937 ) ;
#1806 = LINE ( 'NONE', #1626, #573 ) ;
#1807 = FACE_OUTER_BOUND ( 'NONE', #2378, .T. ) ;
#1808 = LINE ( 'NONE', #1172, #1769 ) ;
#1809 = ADVANCED_FACE ( 'NONE', ( #3172 ), #358, .F. ) ;
#1810 = CARTESIAN_POINT ( 'NONE',  ( -10.03000000000000100, -1.333174333332999500, 8.120236000000000200 ) ) ;
#1811 = VECTOR ( 'NONE', #412, 1000.000000000000000 ) ;
#1812 = ORIENTED_EDGE ( 'NONE', *, *, #576, .T. ) ;
#1813 = EDGE_LOOP ( 'NONE', ( #2511, #1310, #3408, #794, #1356, #2206, #2722, #2049, #777, #2991, #3238, #3107, #3426, #2600, #1402, #3517, #913, #3105, #2216, #2875, #1790, #781, #2675, #2626, #3242, #2712, #2778, #1479, #820, #979, #997, #1891, #3042, #1477, #525, #2801 ) ) ;
#1814 = VERTEX_POINT ( 'NONE', #207 ) ;
#1815 = CARTESIAN_POINT ( 'NONE',  ( -5.835000000000000000, 3.200159000000000200, 8.750235999999999200 ) ) ;
#1816 = LINE ( 'NONE', #3462, #1731 ) ;
#1817 = ORIENTED_EDGE ( 'NONE', *, *, #798, .T. ) ;
#1818 = VECTOR ( 'NONE', #3587, 1000.000000000000000 ) ;
#1819 = CARTESIAN_POINT ( 'NONE',  ( -6.035000000000000100, 3.200159000000000200, 0.7202359999999999900 ) ) ;
#1820 = CARTESIAN_POINT ( 'NONE',  ( -5.205000000000000100, -0.9331743333330000400, 5.150235999999999600 ) ) ;
#1821 = LINE ( 'NONE', #1316, #1732 ) ;
#1822 = CARTESIAN_POINT ( 'NONE',  ( 2.830000000000000100, 2.800159000000000300, 8.750235999999999200 ) ) ;
#1823 = DIRECTION ( 'NONE',  ( 1.000000000000000000, -0.0000000000000000000, 0.0000000000000000000 ) ) ;
#1824 = EDGE_CURVE ( 'NONE', #3087, #95, #1547, .T. ) ;
#1825 = DIRECTION ( 'NONE',  ( -9.392633243379530200E-049, 1.000000000000000000, 8.639247820005902700E-065 ) ) ;
#1826 = ADVANCED_FACE ( 'NONE', ( #2209 ), #160, .F. ) ;
#1827 = ORIENTED_EDGE ( 'NONE', *, *, #1564, .T. ) ;
#1828 = AXIS2_PLACEMENT_3D ( 'NONE', #2509, #2621, #3106 ) ;
#1829 = EDGE_CURVE ( 'NONE', #2981, #1789, #3756, .T. ) ;
#1830 = DIRECTION ( 'NONE',  ( -0.0000000000000000000, 1.110223024625000000E-016, 1.000000000000000000 ) ) ;
#1831 = ORIENTED_EDGE ( 'NONE', *, *, #2963, .T. ) ;
#1832 = DIRECTION ( 'NONE',  ( -0.0000000000000000000, 1.110223024625000000E-016, 1.000000000000000000 ) ) ;
#1833 = EDGE_LOOP ( 'NONE', ( #3473, #3385, #2967, #1702, #1344, #1300, #3336, #2038, #3456, #1653, #276, #1248, #1608, #3558, #3461, #3025, #1831, #1502, #1424, #51 ) ) ;
#1834 = DIRECTION ( 'NONE',  ( -1.971276677246000000E-016, -0.0000000000000000000, -1.000000000000000000 ) ) ;
#1835 = ORIENTED_EDGE ( 'NONE', *, *, #2262, .F. ) ;
#1836 = APPLICATION_PROTOCOL_DEFINITION ( 'draft international standard', 'automotive_design', 1998, #3570 ) ;
#1837 = CARTESIAN_POINT ( 'NONE',  ( 10.03000000000000100, 1.333492333333000000, 9.520235999999998800 ) ) ;
#1838 = DIRECTION ( 'NONE',  ( -1.000000000000000000, -0.0000000000000000000, -0.0000000000000000000 ) ) ;
#1839 = PRODUCT ( '573100D00000G', '573100D00000G', '', ( #1559 ) ) ;
#1840 = CARTESIAN_POINT ( 'NONE',  ( 6.035000000000000100, 4.000159000000000000, 0.7202359999999999900 ) ) ;
#1841 = LINE ( 'NONE', #640, #3481 ) ;
#1842 = DIRECTION ( 'NONE',  ( 2.365936668375119900E-032, -1.000000000000000000, -0.0000000000000000000 ) ) ;
#1843 = DIRECTION ( 'NONE',  ( 1.000000000000000000, 0.0000000000000000000, 0.0000000000000000000 ) ) ;
#1844 = VECTOR ( 'NONE', #86, 1000.000000000000000 ) ;
#1845 = EDGE_CURVE ( 'NONE', #2400, #1056, #2973, .T. ) ;
#1846 = ADVANCED_FACE ( 'NONE', ( #585 ), #2585, .F. ) ;
#1847 = LINE ( 'NONE', #170, #2203 ) ;
#1848 = LINE ( 'NONE', #865, #1115 ) ;
#1849 = LINE ( 'NONE', #3695, #1166 ) ;
#1850 = AXIS2_PLACEMENT_3D ( 'NONE', #244, #1063, #3051 ) ;
#1851 = EDGE_CURVE ( 'NONE', #400, #1921, #3584, .T. ) ;
#1852 = VECTOR ( 'NONE', #2313, 1000.000000000000000 ) ;
#1853 = DIRECTION ( 'NONE',  ( 0.0000000000000000000, 1.110223024625000000E-016, 1.000000000000000000 ) ) ;
#1854 = VECTOR ( 'NONE', #3593, 1000.000000000000000 ) ;
#1855 = ORIENTED_EDGE ( 'NONE', *, *, #3295, .T. ) ;
#1856 = DIRECTION ( 'NONE',  ( 1.000000000000000000, 0.0000000000000000000, 0.0000000000000000000 ) ) ;
#1857 = VERTEX_POINT ( 'NONE', #2482 ) ;
#1858 = CARTESIAN_POINT ( 'NONE',  ( -6.035000000000000100, -3.999840999999999500, 10.15023600000000000 ) ) ;
#1859 = VECTOR ( 'NONE', #2012, 1000.000000000000000 ) ;
#1860 = ORIENTED_EDGE ( 'NONE', *, *, #1140, .F. ) ;
#1861 = CARTESIAN_POINT ( 'NONE',  ( -2.830000000000000100, -2.399841000000000300, 5.150235999999999600 ) ) ;
#1862 = EDGE_LOOP ( 'NONE', ( #2856, #2851, #3120, #3813, #141, #2479 ) ) ;
#1863 = CARTESIAN_POINT ( 'NONE',  ( -10.03000000000000100, -2.399840999999999900, 8.120236000000000200 ) ) ;
#1864 = CARTESIAN_POINT ( 'NONE',  ( 10.03000000000000100, 3.200159000000000200, 9.520235999999998800 ) ) ;
#1865 = ADVANCED_FACE ( 'NONE', ( #2789 ), #2553, .F. ) ;
#1866 = DIRECTION ( 'NONE',  ( -0.0000000000000000000, -1.000000000000000000, 1.110223024625000000E-016 ) ) ;
#1867 = ORIENTED_EDGE ( 'NONE', *, *, #2198, .F. ) ;
#1868 = EDGE_CURVE ( 'NONE', #2981, #516, #2032, .T. ) ;
#1869 = DIRECTION ( 'NONE',  ( -0.0000000000000000000, -0.0000000000000000000, -1.000000000000000000 ) ) ;
#1870 = DIRECTION ( 'NONE',  ( -1.000000000000000000, 0.0000000000000000000, -0.0000000000000000000 ) ) ;
#1871 = EDGE_CURVE ( 'NONE', #143, #1789, #1288, .T. ) ;
#1872 = VERTEX_POINT ( 'NONE', #2492 ) ;
#1873 = EDGE_CURVE ( 'NONE', #551, #928, #490, .T. ) ;
#1874 = VERTEX_POINT ( 'NONE', #3430 ) ;
#1875 = ORIENTED_EDGE ( 'NONE', *, *, #955, .T. ) ;
#1876 = ORIENTED_EDGE ( 'NONE', *, *, #2680, .F. ) ;
#1877 = CARTESIAN_POINT ( 'NONE',  ( -6.665000000000000000, -2.399841000000000300, 9.520235999999998800 ) ) ;
#1878 = ORIENTED_EDGE ( 'NONE', *, *, #748, .F. ) ;
#1879 = DIRECTION ( 'NONE',  ( -0.0000000000000000000, -1.110223024625000000E-016, -1.000000000000000000 ) ) ;
#1880 = DIRECTION ( 'NONE',  ( 9.392633243379530200E-049, -1.000000000000000000, -8.639247820005902700E-065 ) ) ;
#1881 = DIRECTION ( 'NONE',  ( 1.000000000000000000, 0.0000000000000000000, 0.0000000000000000000 ) ) ;
#1882 = ADVANCED_FACE ( 'NONE', ( #376 ), #3390, .F. ) ;
#1883 = VECTOR ( 'NONE', #3424, 1000.000000000000000 ) ;
#1884 = CARTESIAN_POINT ( 'NONE',  ( 10.03000000000000100, 0.5334923333329999500, 5.150235999999999600 ) ) ;
#1885 = FACE_OUTER_BOUND ( 'NONE', #2394, .T. ) ;
#1886 = ORIENTED_EDGE ( 'NONE', *, *, #1641, .T. ) ;
#1887 = CARTESIAN_POINT ( 'NONE',  ( -10.03000000000000100, 3.200159000000000600, 8.120236000000000200 ) ) ;
#1888 = LINE ( 'NONE', #718, #3362 ) ;
#1889 = EDGE_CURVE ( 'NONE', #235, #3576, #1945, .T. ) ;
#1890 = CARTESIAN_POINT ( 'NONE',  ( 6.665000000000000000, -1.333174333333000000, 0.7202359999999999900 ) ) ;
#1891 = ORIENTED_EDGE ( 'NONE', *, *, #1135, .T. ) ;
#1892 = CARTESIAN_POINT ( 'NONE',  ( 5.205000000000000100, -3.199840999999998800, 5.150235999999999600 ) ) ;
#1893 = VECTOR ( 'NONE', #3076, 1000.000000000000000 ) ;
#1894 = CYLINDRICAL_SURFACE ( 'NONE', #1291, 0.3999999999999999700 ) ;
#1895 = ORIENTED_EDGE ( 'NONE', *, *, #3337, .F. ) ;
#1896 = AXIS2_PLACEMENT_3D ( 'NONE', #445, #566, #714 ) ;
#1897 = EDGE_CURVE ( 'NONE', #143, #1148, #2703, .T. ) ;
#1898 = CARTESIAN_POINT ( 'NONE',  ( 5.935000000000000500, -3.999840999999999500, 0.7202359999999999900 ) ) ;
#1899 = CARTESIAN_POINT ( 'NONE',  ( -6.035000000000000100, -2.399841000000000300, 0.7202359999999999900 ) ) ;
#1900 = LINE ( 'NONE', #1714, #1168 ) ;
#1901 = ORIENTED_EDGE ( 'NONE', *, *, #2972, .T. ) ;
#1902 = CIRCLE ( 'NONE', #559, 0.4000000000000001900 ) ;
#1903 = ORIENTED_EDGE ( 'NONE', *, *, #2198, .T. ) ;
#1904 = ORIENTED_EDGE ( 'NONE', *, *, #676, .F. ) ;
#1905 = CARTESIAN_POINT ( 'NONE',  ( -6.035000000000001000, -3.999840999999999500, 5.150235999999999600 ) ) ;
#1906 = ORIENTED_EDGE ( 'NONE', *, *, #391, .T. ) ;
#1907 = VERTEX_POINT ( 'NONE', #3567 ) ;
#1908 = DIRECTION ( 'NONE',  ( 2.759369261892999800E-016, -0.0000000000000000000, -1.000000000000000000 ) ) ;
#1909 = ORIENTED_EDGE ( 'NONE', *, *, #1677, .T. ) ;
#1910 = ORIENTED_EDGE ( 'NONE', *, *, #169, .F. ) ;
#1911 = DIRECTION ( 'NONE',  ( -0.0000000000000000000, -1.000000000000000000, 1.110223024625000000E-016 ) ) ;
#1912 = VECTOR ( 'NONE', #603, 1000.000000000000000 ) ;
#1913 = EDGE_LOOP ( 'NONE', ( #3034, #2993, #2901, #2329 ) ) ;
#1914 = CARTESIAN_POINT ( 'NONE',  ( 5.835000000000000000, 0.5334923333329999500, 5.150235999999999600 ) ) ;
#1915 = CARTESIAN_POINT ( 'NONE',  ( 11.43000000000000000, -3.999840999999999500, 9.520235999999998800 ) ) ;
#1916 = CARTESIAN_POINT ( 'NONE',  ( 6.035000000000001000, -3.999840999999998600, 10.15023600000000000 ) ) ;
#1917 = EDGE_CURVE ( 'NONE', #1872, #1529, #2596, .T. ) ;
#1918 = ORIENTED_EDGE ( 'NONE', *, *, #916, .F. ) ;
#1919 = ORIENTED_EDGE ( 'NONE', *, *, #701, .F. ) ;
#1920 = DIRECTION ( 'NONE',  ( -9.197897539643999400E-017, 0.0000000000000000000, -1.000000000000000000 ) ) ;
#1921 = VERTEX_POINT ( 'NONE', #3444 ) ;
#1922 = VERTEX_POINT ( 'NONE', #3455 ) ;
#1923 = CARTESIAN_POINT ( 'NONE',  ( 10.03000000000000100, 3.200159000000000200, 5.150235999999999600 ) ) ;
#1924 = EDGE_LOOP ( 'NONE', ( #1451, #53, #829, #3600 ) ) ;
#1925 = DIRECTION ( 'NONE',  ( 0.0000000000000000000, 1.110223024625000000E-016, 1.000000000000000000 ) ) ;
#1926 = DIRECTION ( 'NONE',  ( 2.674902700537559800E-032, 1.000000000000000000, -1.110223024625000000E-016 ) ) ;
#1927 = DIRECTION ( 'NONE',  ( 1.000000000000000000, 0.0000000000000000000, 0.0000000000000000000 ) ) ;
#1928 = CARTESIAN_POINT ( 'NONE',  ( 6.665000000000000900, 3.200158999999999800, 5.150235999999999600 ) ) ;
#1929 = LINE ( 'NONE', #1217, #2690 ) ;
#1930 = VECTOR ( 'NONE', #1624, 1000.000000000000000 ) ;
#1931 = CARTESIAN_POINT ( 'NONE',  ( -5.935000000000000500, -3.999840999999999500, 0.7202359999999999900 ) ) ;
#1932 = LINE ( 'NONE', #3352, #3404 ) ;
#1933 = VECTOR ( 'NONE', #199, 1000.000000000000000 ) ;
#1934 = VECTOR ( 'NONE', #791, 1000.000000000000000 ) ;
#1935 = LINE ( 'NONE', #1986, #1278 ) ;
#1936 = CARTESIAN_POINT ( 'NONE',  ( 6.035000000000000100, -3.999840999999999500, 5.150235999999999600 ) ) ;
#1937 = LINE ( 'NONE', #1193, #1859 ) ;
#1938 = EDGE_CURVE ( 'NONE', #2698, #2842, #1772, .T. ) ;
#1939 = VERTEX_POINT ( 'NONE', #3414 ) ;
#1940 = ORIENTED_EDGE ( 'NONE', *, *, #1159, .F. ) ;
#1941 = FACE_OUTER_BOUND ( 'NONE', #2526, .T. ) ;
#1942 = CARTESIAN_POINT ( 'NONE',  ( 5.205000000000000100, -3.199840999999998800, 5.150235999999999600 ) ) ;
#1943 = ORIENTED_EDGE ( 'NONE', *, *, #2798, .T. ) ;
#1944 = EDGE_CURVE ( 'NONE', #2076, #2311, #2514, .T. ) ;
#1945 = LINE ( 'NONE', #3599, #1379 ) ;
#1946 = VERTEX_POINT ( 'NONE', #3409 ) ;
#1947 = LINE ( 'NONE', #2422, #1950 ) ;
#1948 = VERTEX_POINT ( 'NONE', #3403 ) ;
#1949 = CIRCLE ( 'NONE', #3375, 0.1000000000000000500 ) ;
#1950 = VECTOR ( 'NONE', #2146, 1000.000000000000000 ) ;
#1951 = AXIS2_PLACEMENT_3D ( 'NONE', #3463, #1724, #3743 ) ;
#1952 = ORIENTED_EDGE ( 'NONE', *, *, #2406, .F. ) ;
#1953 = EDGE_CURVE ( 'NONE', #2995, #715, #3215, .T. ) ;
#1954 = EDGE_LOOP ( 'NONE', ( #717, #1952, #3084, #2350, #3720, #2935 ) ) ;
#1955 = CARTESIAN_POINT ( 'NONE',  ( -5.835000000000000000, -1.333174333333000000, 5.150235999999999600 ) ) ;
#1956 = DIRECTION ( 'NONE',  ( 1.992084046299499900E-031, -1.000000000000000000, -0.0000000000000000000 ) ) ;
#1957 = ORIENTED_EDGE ( 'NONE', *, *, #3670, .F. ) ;
#1958 = DIRECTION ( 'NONE',  ( -3.903912049434000100E-032, 1.000000000000000000, -1.372744840601633700E-047 ) ) ;
#1959 = ORIENTED_EDGE ( 'NONE', *, *, #3804, .F. ) ;
#1960 = VERTEX_POINT ( 'NONE', #3045 ) ;
#1961 = EDGE_CURVE ( 'NONE', #3193, #2643, #167, .T. ) ;
#1962 = VERTEX_POINT ( 'NONE', #3284 ) ;
#1963 = EDGE_CURVE ( 'NONE', #1388, #443, #1124, .T. ) ;
#1964 = CARTESIAN_POINT ( 'NONE',  ( -5.835000000000000000, -3.999840999999999500, 8.750235999999999200 ) ) ;
#1965 = ORIENTED_EDGE ( 'NONE', *, *, #1716, .T. ) ;
#1966 = CIRCLE ( 'NONE', #750, 0.3999999999999999700 ) ;
#1967 = CARTESIAN_POINT ( 'NONE',  ( 10.03000000000000100, -0.9331743333330000400, 5.150235999999999600 ) ) ;
#1968 = EDGE_CURVE ( 'NONE', #3687, #3130, #1675, .T. ) ;
#1969 = FACE_OUTER_BOUND ( 'NONE', #1813, .T. ) ;
#1970 = DIRECTION ( 'NONE',  ( 0.0000000000000000000, -1.000000000000000000, 1.110223024625000000E-016 ) ) ;
#1971 = LINE ( 'NONE', #186, #1883 ) ;
#1972 = VECTOR ( 'NONE', #3437, 1000.000000000000000 ) ;
#1973 = LINE ( 'NONE', #3531, #2640 ) ;
#1974 = CARTESIAN_POINT ( 'NONE',  ( -2.830000000000000100, 2.800159000000000300, 8.120236000000000200 ) ) ;
#1975 = ORIENTED_EDGE ( 'NONE', *, *, #3255, .F. ) ;
#1976 = VECTOR ( 'NONE', #2634, 1000.000000000000000 ) ;
#1977 = CIRCLE ( 'NONE', #1689, 0.3999999999999999700 ) ;
#1978 = LINE ( 'NONE', #18, #2461 ) ;
#1979 = DIRECTION ( 'NONE',  ( 1.372744840601630000E-047, -1.000000000000000000, -4.827025746319283200E-063 ) ) ;
#1980 = LINE ( 'NONE', #3030, #2549 ) ;
#1981 = EDGE_CURVE ( 'NONE', #2489, #138, #75, .T. ) ;
#1982 = CIRCLE ( 'NONE', #2948, 0.7299999999999999800 ) ;
#1983 = VECTOR ( 'NONE', #278, 1000.000000000000000 ) ;
#1984 = PLANE ( 'NONE',  #2155 ) ;
#1985 = ORIENTED_EDGE ( 'NONE', *, *, #805, .F. ) ;
#1986 = CARTESIAN_POINT ( 'NONE',  ( 6.035000000000000100, 3.200159000000000200, 10.15023600000000000 ) ) ;
#1987 = VERTEX_POINT ( 'NONE', #3005 ) ;
#1988 = VERTEX_POINT ( 'NONE', #3041 ) ;
#1989 = VERTEX_POINT ( 'NONE', #2999 ) ;
#1990 = ORIENTED_EDGE ( 'NONE', *, *, #242, .F. ) ;
#1991 = CARTESIAN_POINT ( 'NONE',  ( -2.830000000000000100, 0.9334923333330005200, 8.750235999999999200 ) ) ;
#1992 = AXIS2_PLACEMENT_3D ( 'NONE', #3297, #1561, #3579 ) ;
#1993 = CARTESIAN_POINT ( 'NONE',  ( 5.835000000000000000, 0.5334923333330000600, 5.150235999999999600 ) ) ;
#1994 = ORIENTED_EDGE ( 'NONE', *, *, #112, .F. ) ;
#1995 = CARTESIAN_POINT ( 'NONE',  ( 2.830000000000000100, -2.399840999999999900, 8.750235999999999200 ) ) ;
#1996 = EDGE_LOOP ( 'NONE', ( #2886, #3428, #1394, #1039 ) ) ;
#1997 = CARTESIAN_POINT ( 'NONE',  ( -6.665000000000000000, -3.999840999999999500, 9.520235999999997000 ) ) ;
#1998 = DIRECTION ( 'NONE',  ( 0.0000000000000000000, -1.000000000000000000, 1.110223024625000000E-016 ) ) ;
#1999 = ORIENTED_EDGE ( 'NONE', *, *, #1197, .F. ) ;
#2000 = DIRECTION ( 'NONE',  ( 2.409338161078999800E-016, -1.000000000000000000, 1.110223024625000000E-016 ) ) ;
#2001 = CARTESIAN_POINT ( 'NONE',  ( 10.03000000000000100, 0.5334923333330002800, 8.120236000000000200 ) ) ;
#2002 = ORIENTED_EDGE ( 'NONE', *, *, #502, .T. ) ;
#2003 = ORIENTED_EDGE ( 'NONE', *, *, #2825, .F. ) ;
#2004 = ORIENTED_EDGE ( 'NONE', *, *, #1873, .F. ) ;
#2005 = ORIENTED_EDGE ( 'NONE', *, *, #3318, .F. ) ;
#2006 = DIRECTION ( 'NONE',  ( 3.063515287996999900E-032, -1.000000000000000000, 8.453369919038202000E-048 ) ) ;
#2007 = CARTESIAN_POINT ( 'NONE',  ( -10.03000000000000100, -0.9331743333329995900, 9.520235999999998800 ) ) ;
#2008 = ORIENTED_EDGE ( 'NONE', *, *, #139, .T. ) ;
#2009 = EDGE_CURVE ( 'NONE', #2217, #3515, #2326, .T. ) ;
#2010 = DIRECTION ( 'NONE',  ( -1.000000000000000000, 0.0000000000000000000, -0.0000000000000000000 ) ) ;
#2011 = CARTESIAN_POINT ( 'NONE',  ( 5.835000000000000000, -3.199840999999999300, 5.150235999999999600 ) ) ;
#2012 = DIRECTION ( 'NONE',  ( -0.0000000000000000000, -1.110223024625000000E-016, -1.000000000000000000 ) ) ;
#2013 = CARTESIAN_POINT ( 'NONE',  ( 6.035000000000001000, 4.000159000000000900, 10.15023600000000000 ) ) ;
#2014 = LINE ( 'NONE', #2611, #471 ) ;
#2015 = CARTESIAN_POINT ( 'NONE',  ( -2.830000000000000100, -3.199841000000000200, 8.750235999999999200 ) ) ;
#2016 = AXIS2_PLACEMENT_3D ( 'NONE', #747, #774, #786 ) ;
#2017 = EDGE_CURVE ( 'NONE', #2981, #1148, #3021, .T. ) ;
#2018 = FACE_OUTER_BOUND ( 'NONE', #1257, .T. ) ;
#2019 = VECTOR ( 'NONE', #3334, 1000.000000000000000 ) ;
#2020 = CARTESIAN_POINT ( 'NONE',  ( -5.835000000000000000, -3.999840999999999500, 8.750235999999999200 ) ) ;
#2021 = LINE ( 'NONE', #472, #1934 ) ;
#2022 = VECTOR ( 'NONE', #177, 1000.000000000000000 ) ;
#2023 = CARTESIAN_POINT ( 'NONE',  ( 5.935000000000000500, -3.999840999999999500, 0.7202359999999999900 ) ) ;
#2024 = CARTESIAN_POINT ( 'NONE',  ( 6.035000000000000100, -2.399841000000000300, 0.7202359999999999900 ) ) ;
#2025 = CIRCLE ( 'NONE', #821, 0.4000000000000000800 ) ;
#2026 = PLANE ( 'NONE',  #3159 ) ;
#2027 = LINE ( 'NONE', #3475, #486 ) ;
#2028 = FACE_OUTER_BOUND ( 'NONE', #3524, .T. ) ;
#2029 = PLANE ( 'NONE',  #2718 ) ;
#2030 = ORIENTED_EDGE ( 'NONE', *, *, #1730, .T. ) ;
#2031 = PLANE ( 'NONE',  #2534 ) ;
#2032 = LINE ( 'NONE', #2713, #2874 ) ;
#2033 = ORIENTED_EDGE ( 'NONE', *, *, #2507, .T. ) ;
#2034 = FACE_OUTER_BOUND ( 'NONE', #1177, .T. ) ;
#2035 = ORIENTED_EDGE ( 'NONE', *, *, #3762, .T. ) ;
#2036 = DIRECTION ( 'NONE',  ( -1.000000000000000000, 0.0000000000000000000, -0.0000000000000000000 ) ) ;
#2037 = EDGE_CURVE ( 'NONE', #2351, #2940, #1590, .T. ) ;
#2038 = ORIENTED_EDGE ( 'NONE', *, *, #3648, .F. ) ;
#2039 = CARTESIAN_POINT ( 'NONE',  ( -6.035000000000001000, -3.199840999999999700, 5.150235999999999600 ) ) ;
#2040 = DIRECTION ( 'NONE',  ( -1.000000000000000000, -0.0000000000000000000, -0.0000000000000000000 ) ) ;
#2041 = AXIS2_PLACEMENT_3D ( 'NONE', #2615, #429, #2170 ) ;
#2042 = LINE ( 'NONE', #2958, #1553 ) ;
#2043 = EDGE_CURVE ( 'NONE', #876, #3374, #1500, .T. ) ;
#2044 = CARTESIAN_POINT ( 'NONE',  ( 6.035000000000001000, 0.5334923333330000600, 10.15023600000000000 ) ) ;
#2045 = VERTEX_POINT ( 'NONE', #3651 ) ;
#2046 = CARTESIAN_POINT ( 'NONE',  ( 5.205000000000000100, -3.999840999999999500, 0.7202359999999999900 ) ) ;
#2047 = DIRECTION ( 'NONE',  ( -0.0000000000000000000, -1.110223024625000000E-016, -1.000000000000000000 ) ) ;
#2048 = ORIENTED_EDGE ( 'NONE', *, *, #3001, .T. ) ;
#2049 = ORIENTED_EDGE ( 'NONE', *, *, #413, .T. ) ;
#2050 = CARTESIAN_POINT ( 'NONE',  ( -2.830000000000000100, -2.399840999999999900, 8.750235999999999200 ) ) ;
#2051 = EDGE_LOOP ( 'NONE', ( #510, #2858, #2911, #3588, #2346, #2589 ) ) ;
#2052 = ORIENTED_EDGE ( 'NONE', *, *, #1032, .T. ) ;
#2053 = VERTEX_POINT ( 'NONE', #1340 ) ;
#2054 = LINE ( 'NONE', #1482, #1749 ) ;
#2055 = EDGE_CURVE ( 'NONE', #885, #2298, #3792, .T. ) ;
#2056 = CARTESIAN_POINT ( 'NONE',  ( -6.665000000000000000, -3.999840999999999500, 0.7202359999999999900 ) ) ;
#2057 = EDGE_CURVE ( 'NONE', #654, #2177, #1415, .T. ) ;
#2058 = LINE ( 'NONE', #345, #1318 ) ;
#2059 = EDGE_CURVE ( 'NONE', #646, #3806, #3627, .T. ) ;
#2060 = DIRECTION ( 'NONE',  ( -1.000000000000000000, 0.0000000000000000000, -0.0000000000000000000 ) ) ;
#2061 = CYLINDRICAL_SURFACE ( 'NONE', #1366, 0.3999999999999999700 ) ;
#2062 = CARTESIAN_POINT ( 'NONE',  ( -5.205000000000000100, -3.199840999999998800, 5.150235999999999600 ) ) ;
#2063 = VECTOR ( 'NONE', #1774, 1000.000000000000000 ) ;
#2064 = ORIENTED_EDGE ( 'NONE', *, *, #147, .T. ) ;
#2065 = ADVANCED_FACE ( 'NONE', ( #3712 ), #1363, .F. ) ;
#2066 = DIRECTION ( 'NONE',  ( 0.0000000000000000000, 1.000000000000000000, 0.0000000000000000000 ) ) ;
#2067 = VECTOR ( 'NONE', #2691, 1000.000000000000000 ) ;
#2068 = ORIENTED_EDGE ( 'NONE', *, *, #873, .T. ) ;
#2069 = FACE_OUTER_BOUND ( 'NONE', #36, .T. ) ;
#2070 = VECTOR ( 'NONE', #1104, 1000.000000000000000 ) ;
#2071 = LINE ( 'NONE', #591, #2199 ) ;
#2072 = VERTEX_POINT ( 'NONE', #455 ) ;
#2073 = ORIENTED_EDGE ( 'NONE', *, *, #3758, .F. ) ;
#2074 = ORIENTED_EDGE ( 'NONE', *, *, #1093, .F. ) ;
#2075 = EDGE_LOOP ( 'NONE', ( #2145, #2005, #2033, #21 ) ) ;
#2076 = VERTEX_POINT ( 'NONE', #1625 ) ;
#2077 = ADVANCED_BREP_SHAPE_REPRESENTATION ( '573100D00000G', ( #3715, #405 ), #2415 ) ;
#2078 = CARTESIAN_POINT ( 'NONE',  ( 10.03000000000000100, -0.9331743333329994800, 10.15023600000000000 ) ) ;
#2079 = ORIENTED_EDGE ( 'NONE', *, *, #2863, .F. ) ;
#2080 = ORIENTED_EDGE ( 'NONE', *, *, #1381, .T. ) ;
#2081 = DIRECTION ( 'NONE',  ( 1.971276677246000000E-016, 0.0000000000000000000, 1.000000000000000000 ) ) ;
#2082 = DIRECTION ( 'NONE',  ( -1.000000000000000000, -4.487327949786024300E-048, -4.041825696509680000E-032 ) ) ;
#2083 = EDGE_CURVE ( 'NONE', #256, #871, #532, .T. ) ;
#2084 = VERTEX_POINT ( 'NONE', #1892 ) ;
#2085 = CARTESIAN_POINT ( 'NONE',  ( 10.03000000000000100, -2.399840999999999900, 8.120236000000000200 ) ) ;
#2086 = ORIENTED_EDGE ( 'NONE', *, *, #1522, .F. ) ;
#2087 = ADVANCED_FACE ( 'NONE', ( #1330 ), #2166, .F. ) ;
#2088 = AXIS2_PLACEMENT_3D ( 'NONE', #624, #255, #24 ) ;
#2089 = EDGE_CURVE ( 'NONE', #1693, #2215, #3537, .T. ) ;
#2090 = ORIENTED_EDGE ( 'NONE', *, *, #456, .F. ) ;
#2091 = VERTEX_POINT ( 'NONE', #2204 ) ;
#2092 = ORIENTED_EDGE ( 'NONE', *, *, #146, .T. ) ;
#2093 = ORIENTED_EDGE ( 'NONE', *, *, #2853, .F. ) ;
#2094 = DIRECTION ( 'NONE',  ( 1.000000000000000000, 0.0000000000000000000, 0.0000000000000000000 ) ) ;
#2095 = VERTEX_POINT ( 'NONE', #2444 ) ;
#2096 = VERTEX_POINT ( 'NONE', #2471 ) ;
#2097 = CARTESIAN_POINT ( 'NONE',  ( -6.035000000000000100, -1.333174333333000000, 0.7202359999999999900 ) ) ;
#2098 = VERTEX_POINT ( 'NONE', #2453 ) ;
#2099 = CARTESIAN_POINT ( 'NONE',  ( 5.205000000000000100, 2.400158999999999900, 5.150235999999999600 ) ) ;
#2100 = CARTESIAN_POINT ( 'NONE',  ( -5.835000000000000000, -0.5331743333330000200, 5.150235999999999600 ) ) ;
#2101 = EDGE_CURVE ( 'NONE', #1701, #3802, #2650, .T. ) ;
#2102 = CARTESIAN_POINT ( 'NONE',  ( 2.830000000000000100, 2.400159000000000400, 8.120236000000000200 ) ) ;
#2103 = ADVANCED_FACE ( 'NONE', ( #435 ), #3047, .F. ) ;
#2104 = FACE_OUTER_BOUND ( 'NONE', #2443, .T. ) ;
#2105 = CARTESIAN_POINT ( 'NONE',  ( 6.035000000000000100, -3.999840999999999500, 5.150235999999999600 ) ) ;
#2106 = FILL_AREA_STYLE ('',( #2673 ) ) ;
#2107 = VECTOR ( 'NONE', #71, 1000.000000000000000 ) ;
#2108 = FACE_OUTER_BOUND ( 'NONE', #1130, .T. ) ;
#2109 = LINE ( 'NONE', #2530, #2022 ) ;
#2110 = DIRECTION ( 'NONE',  ( -9.197897539643999400E-017, 0.0000000000000000000, -1.000000000000000000 ) ) ;
#2111 = ORIENTED_EDGE ( 'NONE', *, *, #933, .T. ) ;
#2112 = CARTESIAN_POINT ( 'NONE',  ( 2.830000000000000100, -0.9331743333329997100, 8.120236000000000200 ) ) ;
#2113 = AXIS2_PLACEMENT_3D ( 'NONE', #3434, #3711, #1970 ) ;
#2114 = FACE_OUTER_BOUND ( 'NONE', #1954, .T. ) ;
#2115 = VECTOR ( 'NONE', #3187, 1000.000000000000000 ) ;
#2116 = DIRECTION ( 'NONE',  ( -1.000000000000000000, 0.0000000000000000000, -0.0000000000000000000 ) ) ;
#2117 = ORIENTED_EDGE ( 'NONE', *, *, #3620, .T. ) ;
#2118 = VECTOR ( 'NONE', #304, 1000.000000000000000 ) ;
#2119 = VERTEX_POINT ( 'NONE', #3663 ) ;
#2120 = ORIENTED_EDGE ( 'NONE', *, *, #667, .T. ) ;
#2121 = VERTEX_POINT ( 'NONE', #3626 ) ;
#2122 = DIRECTION ( 'NONE',  ( 0.0000000000000000000, -1.000000000000000000, 1.110223024625000000E-016 ) ) ;
#2123 = CARTESIAN_POINT ( 'NONE',  ( -5.835000000000000000, -1.333174333333000200, 5.150235999999999600 ) ) ;
#2124 = ADVANCED_FACE ( 'NONE', ( #1245 ), #3640, .F. ) ;
#2125 = ORIENTED_EDGE ( 'NONE', *, *, #1423, .F. ) ;
#2126 = ORIENTED_EDGE ( 'NONE', *, *, #949, .F. ) ;
#2127 = EDGE_CURVE ( 'NONE', #765, #2469, #2750, .T. ) ;
#2128 = CARTESIAN_POINT ( 'NONE',  ( 5.835000000000000000, 3.200158999999999800, 5.150235999999999600 ) ) ;
#2129 = VERTEX_POINT ( 'NONE', #2841 ) ;
#2130 = ORIENTED_EDGE ( 'NONE', *, *, #2655, .T. ) ;
#2131 = CARTESIAN_POINT ( 'NONE',  ( -5.835000000000000000, -3.999840999999999500, 8.750235999999999200 ) ) ;
#2132 = EDGE_CURVE ( 'NONE', #2489, #42, #1980, .T. ) ;
#2133 = ORIENTED_EDGE ( 'NONE', *, *, #391, .F. ) ;
#2134 = DIRECTION ( 'NONE',  ( -0.0000000000000000000, -1.000000000000000000, 1.110223024625000000E-016 ) ) ;
#2135 = AXIS2_PLACEMENT_3D ( 'NONE', #2564, #869, #2860 ) ;
#2136 = EDGE_CURVE ( 'NONE', #2096, #3416, #324, .T. ) ;
#2137 = DIRECTION ( 'NONE',  ( 0.0000000000000000000, 1.110223024625000000E-016, 1.000000000000000000 ) ) ;
#2138 = CARTESIAN_POINT ( 'NONE',  ( 10.03000000000000100, 2.400159000000000400, 8.120236000000000200 ) ) ;
#2139 = ORIENTED_EDGE ( 'NONE', *, *, #2719, .T. ) ;
#2140 = ORIENTED_EDGE ( 'NONE', *, *, #2781, .F. ) ;
#2141 = CARTESIAN_POINT ( 'NONE',  ( -10.03000000000000100, 3.200159000000000200, 5.150235999999999600 ) ) ;
#2142 = ADVANCED_FACE ( 'NONE', ( #1807 ), #1612, .F. ) ;
#2143 = ORIENTED_EDGE ( 'NONE', *, *, #1635, .F. ) ;
#2144 = VECTOR ( 'NONE', #1235, 1000.000000000000000 ) ;
#2145 = ORIENTED_EDGE ( 'NONE', *, *, #1135, .F. ) ;
#2146 = DIRECTION ( 'NONE',  ( 1.000000000000000000, -0.0000000000000000000, 0.0000000000000000000 ) ) ;
#2147 = LINE ( 'NONE', #668, #1404 ) ;
#2148 = CARTESIAN_POINT ( 'NONE',  ( 6.035000000000000100, -3.999840999999999500, 0.7202359999999999900 ) ) ;
#2149 = FACE_OUTER_BOUND ( 'NONE', #175, .T. ) ;
#2150 = EDGE_CURVE ( 'NONE', #2469, #2607, #1165, .T. ) ;
#2151 = CARTESIAN_POINT ( 'NONE',  ( 6.665000000000000000, 1.333492333332999500, 0.7202359999999999900 ) ) ;
#2152 = LINE ( 'NONE', #3361, #3786 ) ;
#2153 = VECTOR ( 'NONE', #2040, 1000.000000000000000 ) ;
#2154 = CIRCLE ( 'NONE', #3784, 0.4000000000000001900 ) ;
#2155 = AXIS2_PLACEMENT_3D ( 'NONE', #1465, #2263, #1739 ) ;
#2156 = EDGE_CURVE ( 'NONE', #3057, #2160, #3259, .T. ) ;
#2157 = VECTOR ( 'NONE', #2110, 1000.000000000000000 ) ;
#2158 = DIRECTION ( 'NONE',  ( 1.000000000000000000, 4.487327949786024300E-048, 4.041825696509680000E-032 ) ) ;
#2159 = CIRCLE ( 'NONE', #1896, 0.4000000000000001900 ) ;
#2160 = VERTEX_POINT ( 'NONE', #785 ) ;
#2161 = ADVANCED_FACE ( 'NONE', ( #208 ), #1158, .F. ) ;
#2162 = VECTOR ( 'NONE', #446, 1000.000000000000000 ) ;
#2163 = CARTESIAN_POINT ( 'NONE',  ( -6.035000000000000100, -0.5331743333330000200, 0.7202359999999999900 ) ) ;
#2164 = ORIENTED_EDGE ( 'NONE', *, *, #2603, .F. ) ;
#2165 = VERTEX_POINT ( 'NONE', #1073 ) ;
#2166 = PLANE ( 'NONE',  #3190 ) ;
#2167 = ORIENTED_EDGE ( 'NONE', *, *, #1871, .T. ) ;
#2168 = FACE_OUTER_BOUND ( 'NONE', #2855, .T. ) ;
#2169 = EDGE_LOOP ( 'NONE', ( #795, #1169, #3469, #3522, #3210, #3010 ) ) ;
#2170 = DIRECTION ( 'NONE',  ( 0.0000000000000000000, -1.000000000000000000, 1.110223024625000000E-016 ) ) ;
#2171 = CARTESIAN_POINT ( 'NONE',  ( -5.835000000000000000, 4.000159000000000900, 8.750235999999997500 ) ) ;
#2172 = ORIENTED_EDGE ( 'NONE', *, *, #3565, .F. ) ;
#2173 = EDGE_CURVE ( 'NONE', #2323, #646, #2462, .T. ) ;
#2174 = DIRECTION ( 'NONE',  ( 0.0000000000000000000, -1.110223024625000000E-016, -1.000000000000000000 ) ) ;
#2175 = DIRECTION ( 'NONE',  ( -0.0000000000000000000, -1.110223024625000000E-016, -1.000000000000000000 ) ) ;
#2176 = ADVANCED_FACE ( 'NONE', ( #1631 ), #2552, .F. ) ;
#2177 = VERTEX_POINT ( 'NONE', #2470 ) ;
#2178 = AXIS2_PLACEMENT_3D ( 'NONE', #986, #3199, #3566 ) ;
#2179 = DIRECTION ( 'NONE',  ( 0.0000000000000000000, 1.000000000000000000, -1.110223024625000000E-016 ) ) ;
#2180 = ORIENTED_EDGE ( 'NONE', *, *, #2781, .T. ) ;
#2181 = ORIENTED_EDGE ( 'NONE', *, *, #40, .F. ) ;
#2182 = CARTESIAN_POINT ( 'NONE',  ( 10.03000000000000100, -3.199840999999999700, 8.120236000000000200 ) ) ;
#2183 = DIRECTION ( 'NONE',  ( -2.759369261892999800E-016, 0.0000000000000000000, 1.000000000000000000 ) ) ;
#2184 = AXIS2_PLACEMENT_3D ( 'NONE', #3822, #2359, #658 ) ;
#2185 = EDGE_LOOP ( 'NONE', ( #2322, #1147, #3270, #645 ) ) ;
#2186 = ORIENTED_EDGE ( 'NONE', *, *, #3345, .T. ) ;
#2187 = LINE ( 'NONE', #523, #1704 ) ;
#2188 = DIRECTION ( 'NONE',  ( 0.0000000000000000000, 1.000000000000000000, -1.110223024625000000E-016 ) ) ;
#2189 = PLANE ( 'NONE',  #3264 ) ;
#2190 = ORIENTED_EDGE ( 'NONE', *, *, #898, .F. ) ;
#2191 = CARTESIAN_POINT ( 'NONE',  ( -6.035000000000000100, 2.400158999999999900, 0.7202359999999999900 ) ) ;
#2192 = DIRECTION ( 'NONE',  ( 0.0000000000000000000, 1.110223024625000000E-016, 1.000000000000000000 ) ) ;
#2193 = VECTOR ( 'NONE', #1741, 1000.000000000000000 ) ;
#2194 = PLANE ( 'NONE',  #124 ) ;
#2195 = LINE ( 'NONE', #2408, #1448 ) ;
#2196 = CARTESIAN_POINT ( 'NONE',  ( -10.03000000000000100, 2.400159000000000400, 8.120236000000000200 ) ) ;
#2197 = LINE ( 'NONE', #2519, #1539 ) ;
#2198 = EDGE_CURVE ( 'NONE', #1176, #1989, #3168, .T. ) ;
#2199 = VECTOR ( 'NONE', #1202, 1000.000000000000000 ) ;
#2200 = CARTESIAN_POINT ( 'NONE',  ( 6.035000000000000100, -0.5331743333330000200, 0.7202359999999999900 ) ) ;
#2201 = ORIENTED_EDGE ( 'NONE', *, *, #220, .F. ) ;
#2202 = CARTESIAN_POINT ( 'NONE',  ( 10.03000000000000100, 0.5334923333329999500, 5.150235999999999600 ) ) ;
#2203 = VECTOR ( 'NONE', #3623, 1000.000000000000000 ) ;
#2204 = CARTESIAN_POINT ( 'NONE',  ( -5.205000000000000100, 3.200158999999999800, 5.150235999999999600 ) ) ;
#2205 = CIRCLE ( 'NONE', #1951, 0.7299999999999999800 ) ;
#2206 = ORIENTED_EDGE ( 'NONE', *, *, #137, .T. ) ;
#2207 = AXIS2_PLACEMENT_3D ( 'NONE', #3636, #3622, #3603 ) ;
#2208 = EDGE_CURVE ( 'NONE', #2215, #1520, #2370, .T. ) ;
#2209 = FACE_OUTER_BOUND ( 'NONE', #3213, .T. ) ;
#2210 = ORIENTED_EDGE ( 'NONE', *, *, #704, .F. ) ;
#2211 = ORIENTED_EDGE ( 'NONE', *, *, #1218, .T. ) ;
#2212 = ORIENTED_EDGE ( 'NONE', *, *, #1153, .F. ) ;
#2213 = CARTESIAN_POINT ( 'NONE',  ( 5.205000000000000100, 3.200159000000000600, 8.120236000000000200 ) ) ;
#2214 = CIRCLE ( 'NONE', #248, 0.4000000000000001900 ) ;
#2215 = VERTEX_POINT ( 'NONE', #2315 ) ;
#2216 = ORIENTED_EDGE ( 'NONE', *, *, #2269, .T. ) ;
#2217 = VERTEX_POINT ( 'NONE', #3349 ) ;
#2218 = ORIENTED_EDGE ( 'NONE', *, *, #637, .F. ) ;
#2219 = CARTESIAN_POINT ( 'NONE',  ( 6.665000000000000000, -0.5331743333330000200, 0.7202359999999999900 ) ) ;
#2220 = ORIENTED_EDGE ( 'NONE', *, *, #723, .T. ) ;
#2221 = ORIENTED_EDGE ( 'NONE', *, *, #2805, .F. ) ;
#2222 = EDGE_CURVE ( 'NONE', #109, #3394, #20, .T. ) ;
#2223 = DIRECTION ( 'NONE',  ( 0.0000000000000000000, -1.000000000000000000, 1.110223024625000000E-016 ) ) ;
#2224 = DIRECTION ( 'NONE',  ( -1.199209180814000000E-032, 1.000000000000000000, -1.295327720152991000E-048 ) ) ;
#2225 = ORIENTED_EDGE ( 'NONE', *, *, #805, .T. ) ;
#2226 = VERTEX_POINT ( 'NONE', #234 ) ;
#2227 = EDGE_CURVE ( 'NONE', #3416, #2797, #779, .T. ) ;
#2228 = EDGE_LOOP ( 'NONE', ( #2809, #3348, #790, #2878, #1576, #1332, #1080, #3647, #1975, #3276, #2440, #651, #1051, #757, #3436, #3684, #2934, #1698, #73, #1296 ) ) ;
#2229 = DIRECTION ( 'NONE',  ( 0.0000000000000000000, -1.110223024625000000E-016, -1.000000000000000000 ) ) ;
#2230 = AXIS2_PLACEMENT_3D ( 'NONE', #320, #2653, #962 ) ;
#2231 = ORIENTED_EDGE ( 'NONE', *, *, #583, .T. ) ;
#2232 = CARTESIAN_POINT ( 'NONE',  ( 10.03000000000000100, 2.400158999999999900, 10.15023600000000000 ) ) ;
#2233 = CARTESIAN_POINT ( 'NONE',  ( 10.03000000000000100, -0.5331743333329999100, 5.150235999999999600 ) ) ;
#2234 = CARTESIAN_POINT ( 'NONE',  ( 5.835000000000000000, -3.999840999999999500, 8.750235999999999200 ) ) ;
#2235 = VECTOR ( 'NONE', #807, 1000.000000000000000 ) ;
#2236 = SHAPE_DEFINITION_REPRESENTATION ( #58, #2077 ) ;
#2237 = FACE_OUTER_BOUND ( 'NONE', #2529, .T. ) ;
#2238 = VECTOR ( 'NONE', #260, 1000.000000000000000 ) ;
#2239 = CARTESIAN_POINT ( 'NONE',  ( -2.830000000000000100, 3.200159000000000200, 8.750235999999999200 ) ) ;
#2240 = EDGE_CURVE ( 'NONE', #646, #2294, #1544, .T. ) ;
#2241 = VECTOR ( 'NONE', #517, 1000.000000000000000 ) ;
#2242 = LINE ( 'NONE', #969, #3709 ) ;
#2243 = DIRECTION ( 'NONE',  ( 1.000000000000000000, 2.365936668375119900E-032, 2.555570287239189900E-048 ) ) ;
#2244 = EDGE_CURVE ( 'NONE', #1520, #1506, #2965, .T. ) ;
#2245 = EDGE_CURVE ( 'NONE', #2281, #3520, #2205, .T. ) ;
#2246 = CARTESIAN_POINT ( 'NONE',  ( 10.03000000000000100, -0.5331743333329997900, 10.15023600000000000 ) ) ;
#2247 = VECTOR ( 'NONE', #3102, 1000.000000000000000 ) ;
#2248 = ORIENTED_EDGE ( 'NONE', *, *, #1226, .F. ) ;
#2249 = CIRCLE ( 'NONE', #702, 0.1000000000000000500 ) ;
#2250 = VERTEX_POINT ( 'NONE', #2970 ) ;
#2251 = AXIS2_PLACEMENT_3D ( 'NONE', #1596, #3619, #87 ) ;
#2252 = CARTESIAN_POINT ( 'NONE',  ( -5.835000000000000000, -0.5331743333330000200, 8.750235999999999200 ) ) ;
#2253 = ORIENTED_EDGE ( 'NONE', *, *, #3110, .F. ) ;
#2254 = FACE_OUTER_BOUND ( 'NONE', #3502, .T. ) ;
#2255 = ORIENTED_EDGE ( 'NONE', *, *, #527, .T. ) ;
#2256 = CARTESIAN_POINT ( 'NONE',  ( 6.665000000000000900, 1.333492333332999800, 5.150235999999999600 ) ) ;
#2257 = FACE_OUTER_BOUND ( 'NONE', #131, .T. ) ;
#2258 = ORIENTED_EDGE ( 'NONE', *, *, #481, .F. ) ;
#2259 = EDGE_LOOP ( 'NONE', ( #2139, #2649, #1643, #296, #919, #3769 ) ) ;
#2260 = ORIENTED_EDGE ( 'NONE', *, *, #3694, .F. ) ;
#2261 = VERTEX_POINT ( 'NONE', #1173 ) ;
#2262 = EDGE_CURVE ( 'NONE', #1939, #3087, #685, .T. ) ;
#2263 = DIRECTION ( 'NONE',  ( -2.674902700537559800E-032, 1.000000000000000000, -1.110223024625000000E-016 ) ) ;
#2264 = ORIENTED_EDGE ( 'NONE', *, *, #972, .F. ) ;
#2265 = ORIENTED_EDGE ( 'NONE', *, *, #922, .F. ) ;
#2266 = VECTOR ( 'NONE', #1323, 1000.000000000000000 ) ;
#2267 = CARTESIAN_POINT ( 'NONE',  ( -5.835000000000000000, -0.5331743333329999100, 8.750235999999999200 ) ) ;
#2268 = DIRECTION ( 'NONE',  ( -0.0000000000000000000, 1.110223024625000000E-016, 1.000000000000000000 ) ) ;
#2269 = EDGE_CURVE ( 'NONE', #2842, #2678, #868, .T. ) ;
#2270 = ORIENTED_EDGE ( 'NONE', *, *, #2777, .T. ) ;
#2271 = CARTESIAN_POINT ( 'NONE',  ( -10.03000000000000100, -0.5331743333329997900, 10.15023600000000000 ) ) ;
#2272 = VECTOR ( 'NONE', #2006, 1000.000000000000000 ) ;
#2273 = ORIENTED_EDGE ( 'NONE', *, *, #1829, .F. ) ;
#2274 = CARTESIAN_POINT ( 'NONE',  ( -5.835000000000000000, -2.399841000000000300, 8.750235999999999200 ) ) ;
#2275 = VECTOR ( 'NONE', #294, 1000.000000000000000 ) ;
#2276 = CYLINDRICAL_SURFACE ( 'NONE', #3380, 0.4000000000000001900 ) ;
#2277 = VECTOR ( 'NONE', #2010, 1000.000000000000000 ) ;
#2278 = CARTESIAN_POINT ( 'NONE',  ( 6.035000000000000100, 2.400158999999999900, 0.7202359999999999900 ) ) ;
#2279 = ORIENTED_EDGE ( 'NONE', *, *, #527, .F. ) ;
#2280 = FACE_OUTER_BOUND ( 'NONE', #3373, .T. ) ;
#2281 = VERTEX_POINT ( 'NONE', #3176 ) ;
#2282 = CARTESIAN_POINT ( 'NONE',  ( 6.035000000000000100, -3.999840999999999500, 5.150235999999999600 ) ) ;
#2283 = VECTOR ( 'NONE', #2382, 1000.000000000000000 ) ;
#2284 = DIRECTION ( 'NONE',  ( 0.0000000000000000000, 1.000000000000000000, 0.0000000000000000000 ) ) ;
#2285 = EDGE_CURVE ( 'NONE', #1458, #756, #1373, .T. ) ;
#2286 = LINE ( 'NONE', #521, #1811 ) ;
#2287 = ORIENTED_EDGE ( 'NONE', *, *, #1014, .T. ) ;
#2288 = DIRECTION ( 'NONE',  ( 2.674902700537562600E-032, 1.110223024625000000E-016, 1.000000000000000000 ) ) ;
#2289 = ORIENTED_EDGE ( 'NONE', *, *, #2455, .F. ) ;
#2290 = AXIS2_PLACEMENT_3D ( 'NONE', #1060, #2746, #744 ) ;
#2291 = DIRECTION ( 'NONE',  ( 0.0000000000000000000, -1.000000000000000000, 1.110223024625000000E-016 ) ) ;
#2292 = VECTOR ( 'NONE', #3503, 1000.000000000000000 ) ;
#2293 = VERTEX_POINT ( 'NONE', #2013 ) ;
#2294 = VERTEX_POINT ( 'NONE', #1450 ) ;
#2295 = AXIS2_PLACEMENT_3D ( 'NONE', #578, #2578, #888 ) ;
#2296 = DIRECTION ( 'NONE',  ( -0.0000000000000000000, -1.110223024625000000E-016, -1.000000000000000000 ) ) ;
#2297 = DIRECTION ( 'NONE',  ( 1.372744840601630000E-047, -1.000000000000000000, -4.827025746319283200E-063 ) ) ;
#2298 = VERTEX_POINT ( 'NONE', #232 ) ;
#2299 = DIRECTION ( 'NONE',  ( 0.0000000000000000000, -1.000000000000000000, 1.110223024625000000E-016 ) ) ;
#2300 = DIRECTION ( 'NONE',  ( -0.0000000000000000000, 1.000000000000000000, -1.110223024625000000E-016 ) ) ;
#2301 = DIRECTION ( 'NONE',  ( 2.365936668375119900E-032, -1.000000000000000000, -0.0000000000000000000 ) ) ;
#2302 = ORIENTED_EDGE ( 'NONE', *, *, #1041, .F. ) ;
#2303 = EDGE_CURVE ( 'NONE', #876, #3286, #3578, .T. ) ;
#2304 = VERTEX_POINT ( 'NONE', #3753 ) ;
#2305 = ORIENTED_EDGE ( 'NONE', *, *, #1313, .T. ) ;
#2306 = DIRECTION ( 'NONE',  ( 0.0000000000000000000, 1.000000000000000000, -1.110223024625000000E-016 ) ) ;
#2307 = ORIENTED_EDGE ( 'NONE', *, *, #2565, .F. ) ;
#2308 = EDGE_CURVE ( 'NONE', #3423, #1988, #3669, .T. ) ;
#2309 = DIRECTION ( 'NONE',  ( 0.0000000000000000000, 1.000000000000000000, 0.0000000000000000000 ) ) ;
#2310 = DIRECTION ( 'NONE',  ( -1.000000000000000000, -4.487327949786024300E-048, -4.041825696509680000E-032 ) ) ;
#2311 = VERTEX_POINT ( 'NONE', #1194 ) ;
#2312 = CARTESIAN_POINT ( 'NONE',  ( -10.03000000000000100, 2.800158999999999800, 5.150235999999999600 ) ) ;
#2313 = DIRECTION ( 'NONE',  ( 1.000000000000000000, -0.0000000000000000000, 0.0000000000000000000 ) ) ;
#2314 = EDGE_CURVE ( 'NONE', #2053, #3286, #1457, .T. ) ;
#2315 = CARTESIAN_POINT ( 'NONE',  ( -10.03000000000000100, -3.199841000000000200, 10.15023600000000000 ) ) ;
#2316 = LINE ( 'NONE', #2486, #1488 ) ;
#2317 = ORIENTED_EDGE ( 'NONE', *, *, #1490, .F. ) ;
#2318 = CYLINDRICAL_SURFACE ( 'NONE', #617, 0.3999999999999999700 ) ;
#2319 = VECTOR ( 'NONE', #3483, 1000.000000000000000 ) ;
#2320 = CARTESIAN_POINT ( 'NONE',  ( -5.835000000000000000, -3.999840999999999500, 8.750235999999999200 ) ) ;
#2322 = ORIENTED_EDGE ( 'NONE', *, *, #1264, .T. ) ;
#2321 = DIRECTION ( 'NONE',  ( -0.0000000000000000000, -1.110223024625000000E-016, -1.000000000000000000 ) ) ;
#2323 = VERTEX_POINT ( 'NONE', #250 ) ;
#2324 = FACE_OUTER_BOUND ( 'NONE', #1355, .T. ) ;
#2325 = ORIENTED_EDGE ( 'NONE', *, *, #597, .F. ) ;
#2326 = CIRCLE ( 'NONE', #2016, 0.7299999999999999800 ) ;
#2327 = ORIENTED_EDGE ( 'NONE', *, *, #2863, .T. ) ;
#2328 = FACE_OUTER_BOUND ( 'NONE', #192, .T. ) ;
#2329 = ORIENTED_EDGE ( 'NONE', *, *, #1476, .T. ) ;
#2330 = EDGE_CURVE ( 'NONE', #1175, #406, #2027, .T. ) ;
#2331 = ORIENTED_EDGE ( 'NONE', *, *, #2632, .T. ) ;
#2332 = ORIENTED_EDGE ( 'NONE', *, *, #3391, .T. ) ;
#2333 = ORIENTED_EDGE ( 'NONE', *, *, #1159, .T. ) ;
#2334 = DIRECTION ( 'NONE',  ( -0.0000000000000000000, -1.110223024625000000E-016, -1.000000000000000000 ) ) ;
#2335 = ADVANCED_FACE ( 'NONE', ( #1941 ), #2029, .F. ) ;
#2336 = AXIS2_PLACEMENT_3D ( 'NONE', #1700, #2047, #3612 ) ;
#2337 = ORIENTED_EDGE ( 'NONE', *, *, #743, .F. ) ;
#2338 = EDGE_CURVE ( 'NONE', #1506, #1693, #1203, .T. ) ;
#2339 = ORIENTED_EDGE ( 'NONE', *, *, #2774, .F. ) ;
#2340 = VECTOR ( 'NONE', #1493, 1000.000000000000000 ) ;
#2341 = CARTESIAN_POINT ( 'NONE',  ( -5.205000000000000100, -1.333174333332999500, 8.120236000000000200 ) ) ;
#2342 = UNCERTAINTY_MEASURE_WITH_UNIT (LENGTH_MEASURE( 1.000000000000000100E-005 ), #669, 'distance_accuracy_value', 'NONE');
#2343 = ORIENTED_EDGE ( 'NONE', *, *, #3804, .T. ) ;
#2344 = ORIENTED_EDGE ( 'NONE', *, *, #1536, .T. ) ;
#2345 = CARTESIAN_POINT ( 'NONE',  ( -10.03000000000000100, -0.5331743333329999100, 5.150235999999999600 ) ) ;
#2346 = ORIENTED_EDGE ( 'NONE', *, *, #2450, .T. ) ;
#2347 = ORIENTED_EDGE ( 'NONE', *, *, #2059, .F. ) ;
#2348 = ORIENTED_EDGE ( 'NONE', *, *, #269, .T. ) ;
#2349 = DIRECTION ( 'NONE',  ( -0.0000000000000000000, -1.110223024625000000E-016, -1.000000000000000000 ) ) ;
#2350 = ORIENTED_EDGE ( 'NONE', *, *, #1677, .F. ) ;
#2351 = VERTEX_POINT ( 'NONE', #2044 ) ;
#2352 = LINE ( 'NONE', #1861, #2266 ) ;
#2353 = EDGE_CURVE ( 'NONE', #2698, #2797, #2592, .T. ) ;
#2354 = ADVANCED_FACE ( 'NONE', ( #371 ), #2605, .F. ) ;
#2355 = DIRECTION ( 'NONE',  ( 0.0000000000000000000, 1.000000000000000000, 0.0000000000000000000 ) ) ;
#2356 = CARTESIAN_POINT ( 'NONE',  ( -5.205000000000000100, 1.333492333332999800, 5.150235999999999600 ) ) ;
#2357 = AXIS2_PLACEMENT_3D ( 'NONE', #2898, #2604, #604 ) ;
#2358 = DIRECTION ( 'NONE',  ( 0.0000000000000000000, -1.000000000000000000, 1.110223024625000000E-016 ) ) ;
#2359 = DIRECTION ( 'NONE',  ( -0.0000000000000000000, 1.110223024625000000E-016, 1.000000000000000000 ) ) ;
#2360 = VECTOR ( 'NONE', #552, 1000.000000000000000 ) ;
#2361 = CARTESIAN_POINT ( 'NONE',  ( 5.835000000000000000, -0.5331743333329999100, 5.150235999999999600 ) ) ;
#2362 = CARTESIAN_POINT ( 'NONE',  ( 6.665000000000000000, -3.999840999999999500, 9.520235999999998800 ) ) ;
#2363 = LINE ( 'NONE', #1011, #3746 ) ;
#2364 = CARTESIAN_POINT ( 'NONE',  ( -6.035000000000000100, -3.199841000000000200, 10.15023600000000000 ) ) ;
#2365 = DIRECTION ( 'NONE',  ( 1.000000000000000000, -2.409338161078999800E-016, 0.0000000000000000000 ) ) ;
#2366 = LINE ( 'NONE', #424, #2241 ) ;
#2367 = FACE_OUTER_BOUND ( 'NONE', #663, .T. ) ;
#2368 = VECTOR ( 'NONE', #2668, 1000.000000000000000 ) ;
#2369 = CARTESIAN_POINT ( 'NONE',  ( -10.03000000000000100, -3.199841000000000200, 5.150235999999999600 ) ) ;
#2370 = LINE ( 'NONE', #3754, #3077 ) ;
#2371 = DIRECTION ( 'NONE',  ( -0.0000000000000000000, -1.110223024625000000E-016, -1.000000000000000000 ) ) ;
#2372 = VERTEX_POINT ( 'NONE', #264 ) ;
#2373 = ADVANCED_FACE ( 'NONE', ( #3315 ), #1486, .F. ) ;
#2374 = CARTESIAN_POINT ( 'NONE',  ( 5.835000000000000000, 2.400158999999999900, 5.150235999999999600 ) ) ;
#2375 = VECTOR ( 'NONE', #536, 1000.000000000000000 ) ;
#2376 = ORIENTED_EDGE ( 'NONE', *, *, #701, .T. ) ;
#2377 = LINE ( 'NONE', #3776, #2520 ) ;
#2378 = EDGE_LOOP ( 'NONE', ( #47, #2030, #3372, #1876 ) ) ;
#2379 = CARTESIAN_POINT ( 'NONE',  ( -5.204999999999999200, 2.400158999999999900, 5.150235999999999600 ) ) ;
#2380 = SURFACE_STYLE_USAGE ( .BOTH. , #347 ) ;
#2381 = EDGE_CURVE ( 'NONE', #2897, #2261, #3410, .T. ) ;
#2382 = DIRECTION ( 'NONE',  ( -0.0000000000000000000, 1.000000000000000000, -1.110223024625000000E-016 ) ) ;
#2383 = DIRECTION ( 'NONE',  ( 1.199209180814000000E-032, -1.000000000000000000, 1.295327720152991000E-048 ) ) ;
#2384 = DIRECTION ( 'NONE',  ( 0.0000000000000000000, -1.110223024625000000E-016, -1.000000000000000000 ) ) ;
#2385 = FACE_OUTER_BOUND ( 'NONE', #3451, .T. ) ;
#2386 = EDGE_CURVE ( 'NONE', #2311, #1117, #2700, .T. ) ;
#2387 = CARTESIAN_POINT ( 'NONE',  ( -10.03000000000000100, -1.333174333333000000, 5.150235999999999600 ) ) ;
#2388 = EDGE_LOOP ( 'NONE', ( #1735, #1143, #494, #1122, #945, #2253 ) ) ;
#2389 = CARTESIAN_POINT ( 'NONE',  ( -5.835000000000000000, -3.199841000000000200, 8.750235999999999200 ) ) ;
#2390 = ORIENTED_EDGE ( 'NONE', *, *, #920, .F. ) ;
#2391 = CARTESIAN_POINT ( 'NONE',  ( 5.935000000000000500, 4.000159000000000000, 0.7202359999999999900 ) ) ;
#2392 = ADVANCED_FACE ( 'NONE', ( #1120 ), #3212, .F. ) ;
#2393 = EDGE_LOOP ( 'NONE', ( #3263, #1028, #395, #1480, #1593, #1286 ) ) ;
#2394 = EDGE_LOOP ( 'NONE', ( #349, #1683, #3144, #2143, #3331, #2508 ) ) ;
#2395 = ORIENTED_EDGE ( 'NONE', *, *, #1406, .F. ) ;
#2396 = CARTESIAN_POINT ( 'NONE',  ( 6.665000000000000000, -3.999840999999999500, 9.520235999999998800 ) ) ;
#2397 = ORIENTED_EDGE ( 'NONE', *, *, #163, .F. ) ;
#2398 = CARTESIAN_POINT ( 'NONE',  ( 6.665000000000000000, 1.333492333332999500, 9.520235999999998800 ) ) ;
#2399 = DIRECTION ( 'NONE',  ( 0.0000000000000000000, 0.0000000000000000000, -1.000000000000000000 ) ) ;
#2400 = VERTEX_POINT ( 'NONE', #298 ) ;
#2401 = EDGE_CURVE ( 'NONE', #2372, #1301, #263, .T. ) ;
#2402 = DIRECTION ( 'NONE',  ( 0.0000000000000000000, -1.000000000000000000, 1.110223024625000000E-016 ) ) ;
#2403 = PRESENTATION_STYLE_ASSIGNMENT (( #974 ) ) ;
#2404 = VECTOR ( 'NONE', #1628, 1000.000000000000000 ) ;
#2405 = AXIS2_PLACEMENT_3D ( 'NONE', #3664, #1925, #134 ) ;
#2406 = EDGE_CURVE ( 'NONE', #544, #1031, #162, .T. ) ;
#2407 = CARTESIAN_POINT ( 'NONE',  ( -6.665000000000000000, -3.199840999999999700, 5.150235999999999600 ) ) ;
#2409 = ORIENTED_EDGE ( 'NONE', *, *, #3143, .F. ) ;
#2408 = CARTESIAN_POINT ( 'NONE',  ( 5.205000000000000100, -1.333174333333000000, 5.150235999999999600 ) ) ;
#2410 = ADVANCED_FACE ( 'NONE', ( #1767 ), #3240, .F. ) ;
#2411 = FACE_OUTER_BOUND ( 'NONE', #3095, .T. ) ;
#2412 = CYLINDRICAL_SURFACE ( 'NONE', #3533, 0.7299999999999999800 ) ;
#2413 = VECTOR ( 'NONE', #2288, 1000.000000000000000 ) ;
#2414 = CARTESIAN_POINT ( 'NONE',  ( -6.665000000000000000, 1.333492333332999500, 0.7202359999999999900 ) ) ;
#2415 =( GEOMETRIC_REPRESENTATION_CONTEXT ( 3 ) GLOBAL_UNCERTAINTY_ASSIGNED_CONTEXT ( ( #2342 ) ) GLOBAL_UNIT_ASSIGNED_CONTEXT ( ( #669, #1262, #3275 ) ) REPRESENTATION_CONTEXT ( 'NONE', 'WORKASPACE' ) );
#2416 = VECTOR ( 'NONE', #633, 1000.000000000000000 ) ;
#2417 = FACE_OUTER_BOUND ( 'NONE', #2734, .T. ) ;
#2418 = CARTESIAN_POINT ( 'NONE',  ( 6.665000000000000000, -2.399841000000000300, 0.7202359999999999900 ) ) ;
#2419 = VECTOR ( 'NONE', #3195, 1000.000000000000000 ) ;
#2420 = LINE ( 'NONE', #2196, #656 ) ;
#2421 = VERTEX_POINT ( 'NONE', #2341 ) ;
#2422 = CARTESIAN_POINT ( 'NONE',  ( -5.835000000000000000, 0.5334923333330000600, 8.750235999999999200 ) ) ;
#2423 = CARTESIAN_POINT ( 'NONE',  ( 10.03000000000000100, -3.199841000000000200, 5.150235999999999600 ) ) ;
#2424 = ORIENTED_EDGE ( 'NONE', *, *, #3716, .F. ) ;
#2425 = ORIENTED_EDGE ( 'NONE', *, *, #3206, .F. ) ;
#2426 = CARTESIAN_POINT ( 'NONE',  ( -6.665000000000000000, 1.333492333332999800, 5.150235999999999600 ) ) ;
#2427 = EDGE_CURVE ( 'NONE', #827, #3806, #70, .T. ) ;
#2428 = ORIENTED_EDGE ( 'NONE', *, *, #2570, .T. ) ;
#2429 = ORIENTED_EDGE ( 'NONE', *, *, #2575, .F. ) ;
#2430 = EDGE_CURVE ( 'NONE', #3429, #3327, #3122, .T. ) ;
#2431 = ADVANCED_FACE ( 'NONE', ( #2324 ), #314, .F. ) ;
#2432 = EDGE_CURVE ( 'NONE', #189, #2045, #3789, .T. ) ;
#2433 = ORIENTED_EDGE ( 'NONE', *, *, #1423, .T. ) ;
#2434 = ORIENTED_EDGE ( 'NONE', *, *, #1108, .F. ) ;
#2435 = ORIENTED_EDGE ( 'NONE', *, *, #2963, .F. ) ;
#2436 = AXIS2_PLACEMENT_3D ( 'NONE', #3634, #2223, #496 ) ;
#2437 = DIRECTION ( 'NONE',  ( 2.188556754985000000E-032, 1.000000000000000000, -4.314250887931119000E-048 ) ) ;
#2438 = VERTEX_POINT ( 'NONE', #2648 ) ;
#2439 = ORIENTED_EDGE ( 'NONE', *, *, #2894, .T. ) ;
#2440 = ORIENTED_EDGE ( 'NONE', *, *, #3, .T. ) ;
#2441 = CARTESIAN_POINT ( 'NONE',  ( -10.03000000000000100, 0.5334923333330002800, 8.120236000000000200 ) ) ;
#2442 = ORIENTED_EDGE ( 'NONE', *, *, #894, .T. ) ;
#2443 = EDGE_LOOP ( 'NONE', ( #1919, #1904, #1994, #3324, #752, #2569 ) ) ;
#2444 = CARTESIAN_POINT ( 'NONE',  ( -10.03000000000000100, 0.5334923333330002800, 9.520235999999998800 ) ) ;
#2445 = CARTESIAN_POINT ( 'NONE',  ( -5.205000000000000100, 3.200159000000000200, 5.150235999999999600 ) ) ;
#2446 = DIRECTION ( 'NONE',  ( 1.000000000000000000, -0.0000000000000000000, 0.0000000000000000000 ) ) ;
#2447 = ADVANCED_FACE ( 'NONE', ( #823 ), #2667, .F. ) ;
#2448 = DIRECTION ( 'NONE',  ( 0.0000000000000000000, -1.000000000000000000, 1.110223024625000000E-016 ) ) ;
#2449 = LINE ( 'NONE', #2559, #1620 ) ;
#2450 = EDGE_CURVE ( 'NONE', #1507, #182, #1495, .T. ) ;
#2451 = VECTOR ( 'NONE', #2613, 1000.000000000000000 ) ;
#2452 = CYLINDRICAL_SURFACE ( 'NONE', #2556, 0.4000000000000001900 ) ;
#2453 = CARTESIAN_POINT ( 'NONE',  ( 5.205000000000000100, -3.199840999999998800, 8.120236000000000200 ) ) ;
#2454 = LINE ( 'NONE', #2919, #2451 ) ;
#2455 = EDGE_CURVE ( 'NONE', #1419, #1353, #2242, .T. ) ;
#2456 = DIRECTION ( 'NONE',  ( 1.000000000000000000, -2.409338161078999800E-016, 0.0000000000000000000 ) ) ;
#2457 = LINE ( 'NONE', #3338, #115 ) ;
#2458 = DIRECTION ( 'NONE',  ( 1.372744840601630000E-047, -1.000000000000000000, -4.827025746319283200E-063 ) ) ;
#2459 = LINE ( 'NONE', #911, #2292 ) ;
#2460 = LINE ( 'NONE', #3358, #1513 ) ;
#2461 = VECTOR ( 'NONE', #3383, 1000.000000000000000 ) ;
#2462 = LINE ( 'NONE', #3161, #120 ) ;
#2463 = PLANE ( 'NONE',  #1243 ) ;
#2464 = CARTESIAN_POINT ( 'NONE',  ( -6.035000000000000100, 0.5334923333330000600, 10.15023600000000000 ) ) ;
#2465 = LINE ( 'NONE', #62, #122 ) ;
#2466 = ORIENTED_EDGE ( 'NONE', *, *, #1238, .T. ) ;
#2467 = VECTOR ( 'NONE', #1485, 1000.000000000000000 ) ;
#2468 = VERTEX_POINT ( 'NONE', #2099 ) ;
#2469 = VERTEX_POINT ( 'NONE', #677 ) ;
#2470 = CARTESIAN_POINT ( 'NONE',  ( -6.665000000000000000, 3.200158999999999800, 9.520235999999997000 ) ) ;
#2471 = CARTESIAN_POINT ( 'NONE',  ( 5.205000000000000100, 0.5334923333330000600, 5.150235999999999600 ) ) ;
#2472 = VERTEX_POINT ( 'NONE', #2677 ) ;
#2473 = VECTOR ( 'NONE', #2966, 1000.000000000000000 ) ;
#2474 = DIRECTION ( 'NONE',  ( -1.000000000000000000, 0.0000000000000000000, 0.0000000000000000000 ) ) ;
#2475 = CARTESIAN_POINT ( 'NONE',  ( -6.665000000000000000, -1.333174333333000200, 5.150235999999999600 ) ) ;
#2476 = EDGE_CURVE ( 'NONE', #3057, #1552, #631, .T. ) ;
#2477 = CARTESIAN_POINT ( 'NONE',  ( -5.835000000000000000, -3.999840999999999500, 8.750235999999999200 ) ) ;
#2478 = DIRECTION ( 'NONE',  ( -0.0000000000000000000, -1.110223024625000000E-016, -1.000000000000000000 ) ) ;
#2479 = ORIENTED_EDGE ( 'NONE', *, *, #2136, .F. ) ;
#2480 = VERTEX_POINT ( 'NONE', #2374 ) ;
#2481 = DIRECTION ( 'NONE',  ( 1.971276677246000000E-016, 0.0000000000000000000, 1.000000000000000000 ) ) ;
#2482 = CARTESIAN_POINT ( 'NONE',  ( -6.665000000000000000, 0.5334923333330000600, 5.150235999999999600 ) ) ;
#2483 = CARTESIAN_POINT ( 'NONE',  ( -10.03000000000000100, -2.799840999999999400, 10.15023600000000000 ) ) ;
#2484 = ORIENTED_EDGE ( 'NONE', *, *, #815, .F. ) ;
#2485 = ORIENTED_EDGE ( 'NONE', *, *, #285, .T. ) ;
#2486 = CARTESIAN_POINT ( 'NONE',  ( 5.835000000000000000, -3.999840999999999500, 8.750235999999999200 ) ) ;
#2487 = CARTESIAN_POINT ( 'NONE',  ( -5.205000000000000100, -2.399841000000000300, 5.150235999999999600 ) ) ;
#2488 = AXIS2_PLACEMENT_3D ( 'NONE', #2538, #837, #3135 ) ;
#2489 = VERTEX_POINT ( 'NONE', #3281 ) ;
#2490 = ORIENTED_EDGE ( 'NONE', *, *, #863, .T. ) ;
#2491 = CARTESIAN_POINT ( 'NONE',  ( 10.03000000000000100, -1.333174333332999700, 10.15023600000000000 ) ) ;
#2492 = CARTESIAN_POINT ( 'NONE',  ( 6.665000000000000900, -2.399841000000000300, 9.520235999999998800 ) ) ;
#2493 = CARTESIAN_POINT ( 'NONE',  ( -10.03000000000000100, -2.399840999999999900, 10.15023600000000000 ) ) ;
#2494 = VERTEX_POINT ( 'NONE', #985 ) ;
#2495 = CARTESIAN_POINT ( 'NONE',  ( 2.830000000000000100, -3.199840999999999300, 8.750235999999999200 ) ) ;
#2496 = CYLINDRICAL_SURFACE ( 'NONE', #1118, 0.3999999999999999700 ) ;
#2497 = CARTESIAN_POINT ( 'NONE',  ( 2.830000000000000100, 0.9334923333330000800, 5.150235999999999600 ) ) ;
#2498 = VECTOR ( 'NONE', #882, 1000.000000000000000 ) ;
#2499 = DIRECTION ( 'NONE',  ( 1.000000000000000000, 0.0000000000000000000, 0.0000000000000000000 ) ) ;
#2500 = EDGE_CURVE ( 'NONE', #845, #937, #2828, .T. ) ;
#2501 = LINE ( 'NONE', #941, #315 ) ;
#2502 = VECTOR ( 'NONE', #1345, 1000.000000000000000 ) ;
#2503 = CARTESIAN_POINT ( 'NONE',  ( 2.830000000000000100, -2.799840999999999800, 5.150235999999999600 ) ) ;
#2504 = CARTESIAN_POINT ( 'NONE',  ( 6.665000000000000900, -0.5331743333330000200, 5.150235999999999600 ) ) ;
#2505 = CARTESIAN_POINT ( 'NONE',  ( -5.835000000000000000, -1.333174333333000000, 8.750235999999999200 ) ) ;
#2506 = LINE ( 'NONE', #2562, #915 ) ;
#2507 = EDGE_CURVE ( 'NONE', #1639, #1435, #732, .T. ) ;
#2508 = ORIENTED_EDGE ( 'NONE', *, *, #2566, .F. ) ;
#2509 = CARTESIAN_POINT ( 'NONE',  ( -11.43000000000000000, -3.999840999999999500, 9.520235999999998800 ) ) ;
#2510 = VECTOR ( 'NONE', #282, 1000.000000000000000 ) ;
#2511 = ORIENTED_EDGE ( 'NONE', *, *, #921, .T. ) ;
#2512 = EDGE_CURVE ( 'NONE', #3327, #3381, #2913, .T. ) ;
#2513 = DIRECTION ( 'NONE',  ( -0.0000000000000000000, -1.110223024625000000E-016, -1.000000000000000000 ) ) ;
#2514 = LINE ( 'NONE', #3340, #3319 ) ;
#2515 = ORIENTED_EDGE ( 'NONE', *, *, #2089, .T. ) ;
#2516 = VECTOR ( 'NONE', #1834, 1000.000000000000000 ) ;
#2517 = DIRECTION ( 'NONE',  ( -0.0000000000000000000, -1.110223024625000000E-016, -1.000000000000000000 ) ) ;
#2518 = ORIENTED_EDGE ( 'NONE', *, *, #2262, .T. ) ;
#2519 = CARTESIAN_POINT ( 'NONE',  ( 6.665000000000000000, -3.199841000000000200, 0.7202359999999999900 ) ) ;
#2520 = VECTOR ( 'NONE', #1759, 1000.000000000000000 ) ;
#2521 = FACE_OUTER_BOUND ( 'NONE', #611, .T. ) ;
#2522 = ORIENTED_EDGE ( 'NONE', *, *, #2303, .F. ) ;
#2523 = CARTESIAN_POINT ( 'NONE',  ( -6.665000000000000000, -3.999840999999999500, 9.520235999999997000 ) ) ;
#2524 = DIRECTION ( 'NONE',  ( 0.0000000000000000000, -1.110223024625000000E-016, -1.000000000000000000 ) ) ;
#2525 = DIRECTION ( 'NONE',  ( 0.0000000000000000000, -1.000000000000000000, 1.110223024625000000E-016 ) ) ;
#2526 = EDGE_LOOP ( 'NONE', ( #1570, #1425, #1069, #1999 ) ) ;
#2527 = VERTEX_POINT ( 'NONE', #1562 ) ;
#2528 = EDGE_CURVE ( 'NONE', #3757, #2091, #526, .T. ) ;
#2529 = EDGE_LOOP ( 'NONE', ( #1002, #3668, #588, #847 ) ) ;
#2530 = CARTESIAN_POINT ( 'NONE',  ( 6.035000000000001000, -3.999840999999999500, 10.15023600000000000 ) ) ;
#2531 = ORIENTED_EDGE ( 'NONE', *, *, #1083, .F. ) ;
#2532 = ORIENTED_EDGE ( 'NONE', *, *, #2997, .T. ) ;
#2533 = ORIENTED_EDGE ( 'NONE', *, *, #726, .F. ) ;
#2534 = AXIS2_PLACEMENT_3D ( 'NONE', #1524, #1167, #2654 ) ;
#2535 = EDGE_CURVE ( 'NONE', #577, #1688, #3017, .T. ) ;
#2536 = EDGE_LOOP ( 'NONE', ( #72, #460, #450, #1591, #1187, #3351, #3369, #3540, #2307, #229, #1903, #614, #1049, #222, #661, #2068, #2073, #2767, #1484, #2978 ) ) ;
#2537 = ORIENTED_EDGE ( 'NONE', *, *, #3739, .F. ) ;
#2538 = CARTESIAN_POINT ( 'NONE',  ( -2.830000000000000100, -2.799840999999999800, 5.150235999999999600 ) ) ;
#2539 = DIRECTION ( 'NONE',  ( 0.0000000000000000000, 1.000000000000000000, -1.110223024625000000E-016 ) ) ;
#2540 = CARTESIAN_POINT ( 'NONE',  ( -6.665000000000000000, -1.333174333333000000, 0.7202359999999999900 ) ) ;
#2541 = LINE ( 'NONE', #2544, #198 ) ;
#2542 = ORIENTED_EDGE ( 'NONE', *, *, #839, .T. ) ;
#2543 = VECTOR ( 'NONE', #325, 1000.000000000000000 ) ;
#2544 = CARTESIAN_POINT ( 'NONE',  ( -10.03000000000000100, -2.399841000000000300, 5.150235999999999600 ) ) ;
#2545 = EDGE_CURVE ( 'NONE', #1359, #42, #2745, .T. ) ;
#2546 = LINE ( 'NONE', #728, #1071 ) ;
#2547 = ORIENTED_EDGE ( 'NONE', *, *, #3780, .T. ) ;
#2548 = DIRECTION ( 'NONE',  ( -0.0000000000000000000, 1.000000000000000000, -1.110223024625000000E-016 ) ) ;
#2549 = VECTOR ( 'NONE', #1738, 1000.000000000000000 ) ;
#2550 = CARTESIAN_POINT ( 'NONE',  ( -10.03000000000000100, -2.799840999999999400, 9.520235999999998800 ) ) ;
#2551 = VERTEX_POINT ( 'NONE', #1015 ) ;
#2552 = PLANE ( 'NONE',  #1574 ) ;
#2553 = PLANE ( 'NONE',  #1828 ) ;
#2554 = VECTOR ( 'NONE', #2517, 1000.000000000000000 ) ;
#2555 = ORIENTED_EDGE ( 'NONE', *, *, #1091, .T. ) ;
#2556 = AXIS2_PLACEMENT_3D ( 'NONE', #1254, #3260, #308 ) ;
#2557 = ORIENTED_EDGE ( 'NONE', *, *, #889, .F. ) ;
#2558 = LINE ( 'NONE', #2131, #2664 ) ;
#2559 = CARTESIAN_POINT ( 'NONE',  ( 10.03000000000000100, 2.400158999999999900, 5.150235999999999600 ) ) ;
#2560 = ORIENTED_EDGE ( 'NONE', *, *, #211, .F. ) ;
#2561 = VERTEX_POINT ( 'NONE', #2702 ) ;
#2562 = CARTESIAN_POINT ( 'NONE',  ( -5.835000000000000000, 2.400158999999999900, 5.150235999999999600 ) ) ;
#2563 = DIRECTION ( 'NONE',  ( 0.0000000000000000000, 0.0000000000000000000, -1.000000000000000000 ) ) ;
#2564 = CARTESIAN_POINT ( 'NONE',  ( -5.935000000000000500, 4.000159000000000900, 0.7202359999999991000 ) ) ;
#2565 = EDGE_CURVE ( 'NONE', #1600, #1633, #3446, .T. ) ;
#2566 = EDGE_CURVE ( 'NONE', #292, #406, #1410, .T. ) ;
#2567 = CARTESIAN_POINT ( 'NONE',  ( -10.03000000000000100, 1.333492333333000000, 5.150235999999999600 ) ) ;
#2568 = DIRECTION ( 'NONE',  ( 2.365936668375119900E-032, -1.000000000000000000, -0.0000000000000000000 ) ) ;
#2569 = ORIENTED_EDGE ( 'NONE', *, *, #2156, .F. ) ;
#2570 = EDGE_CURVE ( 'NONE', #827, #2698, #1977, .T. ) ;
#2571 = PLANE ( 'NONE',  #2685 ) ;
#2572 = ORIENTED_EDGE ( 'NONE', *, *, #1000, .T. ) ;
#2573 = ORIENTED_EDGE ( 'NONE', *, *, #696, .F. ) ;
#2574 = DIRECTION ( 'NONE',  ( 0.0000000000000000000, 1.110223024625000000E-016, 1.000000000000000000 ) ) ;
#2575 = EDGE_CURVE ( 'NONE', #109, #3675, #1888, .T. ) ;
#2576 = EDGE_CURVE ( 'NONE', #3079, #2129, #1160, .T. ) ;
#2577 = ORIENTED_EDGE ( 'NONE', *, *, #43, .T. ) ;
#2578 = DIRECTION ( 'NONE',  ( 0.0000000000000000000, -1.000000000000000000, 1.110223024625000000E-016 ) ) ;
#2579 = CARTESIAN_POINT ( 'NONE',  ( 5.835000000000000000, -3.999840999999999500, 5.150235999999999600 ) ) ;
#2580 = FACE_OUTER_BOUND ( 'NONE', #3718, .T. ) ;
#2581 = DIRECTION ( 'NONE',  ( -1.992084046299499900E-031, 1.000000000000000000, 0.0000000000000000000 ) ) ;
#2582 = LINE ( 'NONE', #3679, #2368 ) ;
#2583 = LINE ( 'NONE', #2171, #253 ) ;
#2584 = DIRECTION ( 'NONE',  ( 0.0000000000000000000, -1.000000000000000000, 1.110223024625000000E-016 ) ) ;
#2585 = PLANE ( 'NONE',  #1453 ) ;
#2586 = CIRCLE ( 'NONE', #2336, 0.3999999999999999700 ) ;
#2587 = DIRECTION ( 'NONE',  ( 0.0000000000000000000, 1.110223024625000000E-016, 1.000000000000000000 ) ) ;
#2588 = VECTOR ( 'NONE', #200, 1000.000000000000000 ) ;
#2589 = ORIENTED_EDGE ( 'NONE', *, *, #3529, .T. ) ;
#2590 = LINE ( 'NONE', #149, #3484 ) ;
#2591 = CARTESIAN_POINT ( 'NONE',  ( 10.03000000000000100, 1.333492333333000000, 5.150235999999999600 ) ) ;
#2592 = LINE ( 'NONE', #900, #1852 ) ;
#2593 = DIRECTION ( 'NONE',  ( 0.0000000000000000000, 1.110223024625000000E-016, 1.000000000000000000 ) ) ;
#2594 = EDGE_CURVE ( 'NONE', #1348, #1673, #321, .T. ) ;
#2595 = CARTESIAN_POINT ( 'NONE',  ( -2.830000000000000100, -0.9331743333329997100, 8.120236000000000200 ) ) ;
#2596 = LINE ( 'NONE', #3506, #267 ) ;
#2597 = VERTEX_POINT ( 'NONE', #2148 ) ;
#2598 = CARTESIAN_POINT ( 'NONE',  ( 6.035000000000001000, -3.999840999999999500, 10.15023600000000000 ) ) ;
#2599 = CYLINDRICAL_SURFACE ( 'NONE', #2178, 0.4000000000000001900 ) ;
#2600 = ORIENTED_EDGE ( 'NONE', *, *, #1153, .T. ) ;
#2601 = ORIENTED_EDGE ( 'NONE', *, *, #2244, .F. ) ;
#2602 = AXIS2_PLACEMENT_3D ( 'NONE', #2023, #2299, #2885 ) ;
#2603 = EDGE_CURVE ( 'NONE', #2896, #3429, #2546, .T. ) ;
#2604 = DIRECTION ( 'NONE',  ( 0.0000000000000000000, -1.110223024625000000E-016, -1.000000000000000000 ) ) ;
#2605 = PLANE ( 'NONE',  #3116 ) ;
#2606 = FACE_OUTER_BOUND ( 'NONE', #3803, .T. ) ;
#2607 = VERTEX_POINT ( 'NONE', #2732 ) ;
#2608 = LINE ( 'NONE', #990, #2473 ) ;
#2609 = AXIS2_PLACEMENT_3D ( 'NONE', #6, #337, #2365 ) ;
#2610 = VERTEX_POINT ( 'NONE', #2426 ) ;
#2611 = CARTESIAN_POINT ( 'NONE',  ( 5.935000000000000500, -3.999840999999999500, -0.009763999999999996600 ) ) ;
#2612 = CARTESIAN_POINT ( 'NONE',  ( 10.03000000000000100, 2.800158999999999800, 5.150235999999999600 ) ) ;
#2613 = DIRECTION ( 'NONE',  ( -1.971276677246000000E-016, -0.0000000000000000000, -1.000000000000000000 ) ) ;
#2614 = ORIENTED_EDGE ( 'NONE', *, *, #2314, .F. ) ;
#2615 = CARTESIAN_POINT ( 'NONE',  ( -10.03000000000000100, -2.799840999999999800, 5.150235999999999600 ) ) ;
#2616 = DIRECTION ( 'NONE',  ( 0.0000000000000000000, -1.000000000000000000, 1.110223024625000000E-016 ) ) ;
#2617 = CARTESIAN_POINT ( 'NONE',  ( 10.03000000000000100, 0.9334923333330006300, 10.15023600000000000 ) ) ;
#2618 = DIRECTION ( 'NONE',  ( 0.0000000000000000000, 1.000000000000000000, 0.0000000000000000000 ) ) ;
#2619 = ORIENTED_EDGE ( 'NONE', *, *, #2386, .T. ) ;
#2620 = VERTEX_POINT ( 'NONE', #3020 ) ;
#2621 = DIRECTION ( 'NONE',  ( 1.000000000000000000, 0.0000000000000000000, 0.0000000000000000000 ) ) ;
#2622 = ORIENTED_EDGE ( 'NONE', *, *, #1685, .F. ) ;
#2623 = EDGE_CURVE ( 'NONE', #2840, #2121, #2457, .T. ) ;
#2624 = VERTEX_POINT ( 'NONE', #403 ) ;
#2625 = ADVANCED_FACE ( 'NONE', ( #3253 ), #1627, .F. ) ;
#2626 = ORIENTED_EDGE ( 'NONE', *, *, #507, .F. ) ;
#2627 = DIRECTION ( 'NONE',  ( -0.0000000000000000000, 1.110223024625000000E-016, 1.000000000000000000 ) ) ;
#2628 = ORIENTED_EDGE ( 'NONE', *, *, #2338, .F. ) ;
#2629 = EDGE_CURVE ( 'NONE', #2298, #3632, #967, .T. ) ;
#2630 = ORIENTED_EDGE ( 'NONE', *, *, #1337, .T. ) ;
#2631 = LINE ( 'NONE', #348, #3477 ) ;
#2632 = EDGE_CURVE ( 'NONE', #551, #1, #3165, .T. ) ;
#2633 = DIRECTION ( 'NONE',  ( 0.0000000000000000000, 1.000000000000000000, 0.0000000000000000000 ) ) ;
#2634 = DIRECTION ( 'NONE',  ( -0.0000000000000000000, 1.000000000000000000, -1.110223024625000000E-016 ) ) ;
#2635 = CARTESIAN_POINT ( 'NONE',  ( 2.830000000000000100, 0.9334923333330004100, 8.120236000000000200 ) ) ;
#2636 = CARTESIAN_POINT ( 'NONE',  ( 10.03000000000000100, -3.199841000000000200, 5.150235999999999600 ) ) ;
#2637 = FACE_OUTER_BOUND ( 'NONE', #2393, .T. ) ;
#2638 = VECTOR ( 'NONE', #1408, 1000.000000000000000 ) ;
#2639 = DIRECTION ( 'NONE',  ( -1.000000000000000000, 0.0000000000000000000, -0.0000000000000000000 ) ) ;
#2640 = VECTOR ( 'NONE', #1508, 1000.000000000000000 ) ;
#2641 = DIRECTION ( 'NONE',  ( 0.0000000000000000000, 0.0000000000000000000, -1.000000000000000000 ) ) ;
#2642 = CARTESIAN_POINT ( 'NONE',  ( 6.035000000000000100, -1.333174333333000000, 0.7202359999999999900 ) ) ;
#2643 = VERTEX_POINT ( 'NONE', #3039 ) ;
#2644 = ADVANCED_FACE ( 'NONE', ( #2367 ), #1604, .T. ) ;
#2645 = CYLINDRICAL_SURFACE ( 'NONE', #2602, 0.7299999999999999800 ) ;
#2646 = VECTOR ( 'NONE', #3597, 1000.000000000000000 ) ;
#2647 = LINE ( 'NONE', #1820, #2651 ) ;
#2648 = CARTESIAN_POINT ( 'NONE',  ( -5.935000000000000500, -3.999840999999999500, 0.6202359999999999000 ) ) ;
#2649 = ORIENTED_EDGE ( 'NONE', *, *, #2805, .T. ) ;
#2650 = LINE ( 'NONE', #2219, #1893 ) ;
#2651 = VECTOR ( 'NONE', #17, 1000.000000000000000 ) ;
#2652 = DIRECTION ( 'NONE',  ( -0.0000000000000000000, -1.110223024625000000E-016, -1.000000000000000000 ) ) ;
#2653 = DIRECTION ( 'NONE',  ( -1.850076795760510100E-032, 1.110223024625000000E-016, 1.000000000000000000 ) ) ;
#2654 = DIRECTION ( 'NONE',  ( 0.0000000000000000000, 1.110223024625000000E-016, 1.000000000000000000 ) ) ;
#2655 = EDGE_CURVE ( 'NONE', #2304, #3029, #862, .T. ) ;
#2656 = LINE ( 'NONE', #3214, #1078 ) ;
#2657 = ORIENTED_EDGE ( 'NONE', *, *, #2173, .F. ) ;
#2658 = ORIENTED_EDGE ( 'NONE', *, *, #1605, .F. ) ;
#2659 = ORIENTED_EDGE ( 'NONE', *, *, #1292, .T. ) ;
#2660 = CARTESIAN_POINT ( 'NONE',  ( 5.205000000000000100, -0.5331743333329999100, 5.150235999999999600 ) ) ;
#2661 = CARTESIAN_POINT ( 'NONE',  ( 5.935000000000000500, 4.000159000000000900, 10.15023600000000000 ) ) ;
#2662 = AXIS2_PLACEMENT_3D ( 'NONE', #3495, #939, #892 ) ;
#2663 = VERTEX_POINT ( 'NONE', #811 ) ;
#2664 = VECTOR ( 'NONE', #2116, 1000.000000000000000 ) ;
#2665 = EDGE_CURVE ( 'NONE', #1921, #876, #3748, .T. ) ;
#2666 = ORIENTED_EDGE ( 'NONE', *, *, #815, .T. ) ;
#2667 = PLANE ( 'NONE',  #1499 ) ;
#2668 = DIRECTION ( 'NONE',  ( 1.000000000000000000, 0.0000000000000000000, 0.0000000000000000000 ) ) ;
#2669 = ORIENTED_EDGE ( 'NONE', *, *, #644, .F. ) ;
#2670 = DIRECTION ( 'NONE',  ( 0.0000000000000000000, 0.0000000000000000000, -1.000000000000000000 ) ) ;
#2671 = ADVANCED_FACE ( 'NONE', ( #2280 ), #682, .T. ) ;
#2672 = SURFACE_SIDE_STYLE ('',( #153 ) ) ;
#2673 = FILL_AREA_STYLE_COLOUR ( '', #1709 ) ;
#2674 = CARTESIAN_POINT ( 'NONE',  ( -5.835000000000000000, -3.999840999999999500, 5.150235999999999600 ) ) ;
#2675 = ORIENTED_EDGE ( 'NONE', *, *, #309, .T. ) ;
#2676 = DIRECTION ( 'NONE',  ( -1.000000000000000000, 0.0000000000000000000, -0.0000000000000000000 ) ) ;
#2677 = CARTESIAN_POINT ( 'NONE',  ( 2.830000000000000100, -1.333174333332999500, 8.120236000000000200 ) ) ;
#2678 = VERTEX_POINT ( 'NONE', #504 ) ;
#2679 = ORIENTED_EDGE ( 'NONE', *, *, #920, .T. ) ;
#2680 = EDGE_CURVE ( 'NONE', #2790, #1701, #776, .T. ) ;
#2681 = DIRECTION ( 'NONE',  ( -1.000000000000000000, 0.0000000000000000000, -0.0000000000000000000 ) ) ;
#2682 = ORIENTED_EDGE ( 'NONE', *, *, #3001, .F. ) ;
#2683 =( NAMED_UNIT ( * ) PLANE_ANGLE_UNIT ( ) SI_UNIT ( $, .RADIAN. ) );
#2684 = EDGE_CURVE ( 'NONE', #2624, #2298, #2197, .T. ) ;
#2685 = AXIS2_PLACEMENT_3D ( 'NONE', #3346, #881, #2865 ) ;
#2686 = EDGE_CURVE ( 'NONE', #3344, #270, #2864, .T. ) ;
#2687 = CARTESIAN_POINT ( 'NONE',  ( -6.665000000000000000, 1.333492333332999500, 9.520235999999998800 ) ) ;
#2688 = DIRECTION ( 'NONE',  ( -0.0000000000000000000, -1.110223024625000000E-016, -1.000000000000000000 ) ) ;
#2689 = ADVANCED_FACE ( 'NONE', ( #3572 ), #1681, .F. ) ;
#2690 = VECTOR ( 'NONE', #623, 1000.000000000000000 ) ;
#2691 = DIRECTION ( 'NONE',  ( 0.0000000000000000000, -1.110223024625000000E-016, -1.000000000000000000 ) ) ;
#2692 = CARTESIAN_POINT ( 'NONE',  ( 11.43000000000000100, 4.000159000000000900, 10.15023600000000000 ) ) ;
#2693 = VECTOR ( 'NONE', #736, 1000.000000000000000 ) ;
#2694 = DIRECTION ( 'NONE',  ( 0.0000000000000000000, 1.110223024625000000E-016, 1.000000000000000000 ) ) ;
#2695 = LINE ( 'NONE', #3401, #13 ) ;
#2696 = CARTESIAN_POINT ( 'NONE',  ( -11.43000000000000000, -3.999840999999999500, 10.15023600000000000 ) ) ;
#2697 = FACE_OUTER_BOUND ( 'NONE', #1833, .T. ) ;
#2698 = VERTEX_POINT ( 'NONE', #816 ) ;
#2699 = CARTESIAN_POINT ( 'NONE',  ( -6.035000000000000100, -3.999840999999999500, 10.15023600000000000 ) ) ;
#2700 = LINE ( 'NONE', #1215, #2510 ) ;
#2701 = CARTESIAN_POINT ( 'NONE',  ( 5.835000000000000000, -1.333174333332999700, 8.750235999999999200 ) ) ;
#2702 = CARTESIAN_POINT ( 'NONE',  ( 10.03000000000000100, 3.200159000000000200, 10.15023600000000000 ) ) ;
#2703 = LINE ( 'NONE', #2696, #1854 ) ;
#2704 = ORIENTED_EDGE ( 'NONE', *, *, #1200, .T. ) ;
#2705 = EDGE_CURVE ( 'NONE', #2293, #845, #2109, .T. ) ;
#2706 = LINE ( 'NONE', #678, #2467 ) ;
#2707 = CARTESIAN_POINT ( 'NONE',  ( 5.935000000000000500, 4.000159000000000900, 0.7202359999999991000 ) ) ;
#2708 = ORIENTED_EDGE ( 'NONE', *, *, #2245, .T. ) ;
#2709 = CARTESIAN_POINT ( 'NONE',  ( 5.835000000000000000, -1.333174333333000200, 5.150235999999999600 ) ) ;
#2710 = ADVANCED_FACE ( 'NONE', ( #1455 ), #3438, .F. ) ;
#2711 = LINE ( 'NONE', #2988, #2516 ) ;
#2712 = ORIENTED_EDGE ( 'NONE', *, *, #1009, .T. ) ;
#2713 = CARTESIAN_POINT ( 'NONE',  ( 5.935000000000000500, 4.000159000000000900, 9.520235999999997000 ) ) ;
#2714 = EDGE_CURVE ( 'NONE', #2620, #95, #575, .T. ) ;
#2715 = ORIENTED_EDGE ( 'NONE', *, *, #2009, .F. ) ;
#2716 = DIRECTION ( 'NONE',  ( 0.0000000000000000000, -1.110223024625000000E-016, -1.000000000000000000 ) ) ;
#2717 = PRODUCT_DEFINITION_CONTEXT ( 'detailed design', #3570, 'design' ) ;
#2718 = AXIS2_PLACEMENT_3D ( 'NONE', #592, #2888, #1205 ) ;
#2719 = EDGE_CURVE ( 'NONE', #3239, #2976, #2784, .T. ) ;
#2720 = DIRECTION ( 'NONE',  ( -0.0000000000000000000, -1.110223024625000000E-016, -1.000000000000000000 ) ) ;
#2721 = CARTESIAN_POINT ( 'NONE',  ( -6.035000000000001000, 3.200158999999999800, 10.15023600000000000 ) ) ;
#2722 = ORIENTED_EDGE ( 'NONE', *, *, #60, .T. ) ;
#2723 = DIRECTION ( 'NONE',  ( -1.000000000000000000, 2.188556754985000000E-032, 1.971276677246000000E-016 ) ) ;
#2724 = ORIENTED_EDGE ( 'NONE', *, *, #507, .T. ) ;
#2725 = ORIENTED_EDGE ( 'NONE', *, *, #576, .F. ) ;
#2726 = ORIENTED_EDGE ( 'NONE', *, *, #45, .F. ) ;
#2727 = CARTESIAN_POINT ( 'NONE',  ( 6.665000000000000000, -3.199841000000000200, 9.520235999999998800 ) ) ;
#2728 = CARTESIAN_POINT ( 'NONE',  ( -6.665000000000000000, -3.999840999999999500, 0.7202359999999999900 ) ) ;
#2729 = ADVANCED_FACE ( 'NONE', ( #2697 ), #3149, .F. ) ;
#2730 = ORIENTED_EDGE ( 'NONE', *, *, #74, .F. ) ;
#2731 = FACE_OUTER_BOUND ( 'NONE', #2259, .T. ) ;
#2732 = CARTESIAN_POINT ( 'NONE',  ( 11.43000000000000000, 4.000159000000000900, 9.520235999999997000 ) ) ;
#2733 = DIRECTION ( 'NONE',  ( -0.0000000000000000000, -1.110223024625000000E-016, -1.000000000000000000 ) ) ;
#2734 = EDGE_LOOP ( 'NONE', ( #3790, #3129, #3043, #2854 ) ) ;
#2735 = EDGE_CURVE ( 'NONE', #2561, #845, #1935, .T. ) ;
#2736 = VECTOR ( 'NONE', #2081, 1000.000000000000000 ) ;
#2737 = EDGE_CURVE ( 'NONE', #2597, #2072, #1199, .T. ) ;
#2738 = LINE ( 'NONE', #1666, #1236 ) ;
#2739 = EDGE_CURVE ( 'NONE', #715, #2045, #366, .T. ) ;
#2740 = VECTOR ( 'NONE', #3246, 1000.000000000000000 ) ;
#2741 = CARTESIAN_POINT ( 'NONE',  ( 2.830000000000000100, -3.199840999999998400, 5.150235999999999600 ) ) ;
#2742 = ORIENTED_EDGE ( 'NONE', *, *, #1569, .F. ) ;
#2743 = CARTESIAN_POINT ( 'NONE',  ( 6.665000000000000900, -1.333174333333000200, 9.520235999999998800 ) ) ;
#2744 = CARTESIAN_POINT ( 'NONE',  ( 5.205000000000000100, -0.5331743333329996800, 8.120236000000000200 ) ) ;
#2745 = LINE ( 'NONE', #3583, #1241 ) ;
#2746 = DIRECTION ( 'NONE',  ( -0.0000000000000000000, 1.110223024625000000E-016, 1.000000000000000000 ) ) ;
#2747 = ADVANCED_FACE ( 'NONE', ( #478 ), #3310, .F. ) ;
#2748 = LINE ( 'NONE', #1191, #1155 ) ;
#2749 = DIRECTION ( 'NONE',  ( 0.0000000000000000000, 1.110223024625000000E-016, 1.000000000000000000 ) ) ;
#2750 = LINE ( 'NONE', #3044, #3448 ) ;
#2751 = CARTESIAN_POINT ( 'NONE',  ( -5.835000000000000000, -0.5331743333330000200, 8.750235999999999200 ) ) ;
#2752 = EDGE_LOOP ( 'NONE', ( #1436, #318, #1504, #2305 ) ) ;
#2753 = FACE_OUTER_BOUND ( 'NONE', #1512, .T. ) ;
#2754 = EDGE_CURVE ( 'NONE', #871, #3236, #1848, .T. ) ;
#2755 = CARTESIAN_POINT ( 'NONE',  ( 10.03000000000000100, -1.333174333333000000, 5.150235999999999600 ) ) ;
#2756 = ORIENTED_EDGE ( 'NONE', *, *, #2890, .T. ) ;
#2757 = DIRECTION ( 'NONE',  ( -1.971276677246000000E-016, -0.0000000000000000000, -1.000000000000000000 ) ) ;
#2758 = AXIS2_PLACEMENT_3D ( 'NONE', #2312, #899, #2584 ) ;
#2759 = DIRECTION ( 'NONE',  ( 0.0000000000000000000, 1.000000000000000000, 0.0000000000000000000 ) ) ;
#2760 = DIRECTION ( 'NONE',  ( 0.0000000000000000000, -1.000000000000000000, 1.110223024625000000E-016 ) ) ;
#2761 = CARTESIAN_POINT ( 'NONE',  ( -6.665000000000000000, 0.5334923333330000600, 9.520235999999997000 ) ) ;
#2762 = AXIS2_PLACEMENT_3D ( 'NONE', #981, #1545, #3562 ) ;
#2763 = ORIENTED_EDGE ( 'NONE', *, *, #3574, .F. ) ;
#2764 = ORIENTED_EDGE ( 'NONE', *, *, #822, .T. ) ;
#2765 = VERTEX_POINT ( 'NONE', #3741 ) ;
#2766 = ORIENTED_EDGE ( 'NONE', *, *, #3206, .T. ) ;
#2767 = ORIENTED_EDGE ( 'NONE', *, *, #933, .F. ) ;
#2768 = ORIENTED_EDGE ( 'NONE', *, *, #2771, .F. ) ;
#2769 = DIRECTION ( 'NONE',  ( -0.0000000000000000000, -1.110223024625000000E-016, -1.000000000000000000 ) ) ;
#2770 = PLANE ( 'NONE',  #563 ) ;
#2771 = EDGE_CURVE ( 'NONE', #590, #1962, #3407, .T. ) ;
#2772 = DIRECTION ( 'NONE',  ( 0.0000000000000000000, -1.000000000000000000, 1.110223024625000000E-016 ) ) ;
#2773 = FACE_OUTER_BOUND ( 'NONE', #1097, .T. ) ;
#2774 = EDGE_CURVE ( 'NONE', #3555, #1660, #257, .T. ) ;
#2775 = DIRECTION ( 'NONE',  ( 0.0000000000000000000, 1.000000000000000000, 0.0000000000000000000 ) ) ;
#2776 = LINE ( 'NONE', #1877, #475 ) ;
#2777 = EDGE_CURVE ( 'NONE', #1780, #928, #1020, .T. ) ;
#2778 = ORIENTED_EDGE ( 'NONE', *, *, #978, .T. ) ;
#2779 = FACE_OUTER_BOUND ( 'NONE', #2752, .T. ) ;
#2780 = AXIS2_PLACEMENT_3D ( 'NONE', #133, #1372, #1616 ) ;
#2781 = EDGE_CURVE ( 'NONE', #1765, #1552, #2506, .T. ) ;
#2782 = DIRECTION ( 'NONE',  ( -9.197897539643999400E-017, 0.0000000000000000000, -1.000000000000000000 ) ) ;
#2783 = LINE ( 'NONE', #1094, #3571 ) ;
#2784 = LINE ( 'NONE', #2540, #3491 ) ;
#2785 = DIRECTION ( 'NONE',  ( -0.0000000000000000000, 1.110223024625000000E-016, 1.000000000000000000 ) ) ;
#2786 = DIRECTION ( 'NONE',  ( -1.199209180814000000E-032, 1.000000000000000000, -1.295327720152991000E-048 ) ) ;
#2787 = VECTOR ( 'NONE', #2574, 1000.000000000000000 ) ;
#2788 = CARTESIAN_POINT ( 'NONE',  ( -6.665000000000000000, 4.000159000000000900, 9.520235999999997000 ) ) ;
#2789 = FACE_OUTER_BOUND ( 'NONE', #28, .T. ) ;
#2790 = VERTEX_POINT ( 'NONE', #230 ) ;
#2791 = ORIENTED_EDGE ( 'NONE', *, *, #2127, .T. ) ;
#2792 = VECTOR ( 'NONE', #3302, 1000.000000000000000 ) ;
#2793 = ORIENTED_EDGE ( 'NONE', *, *, #1711, .T. ) ;
#2794 = VECTOR ( 'NONE', #1302, 1000.000000000000000 ) ;
#2795 = DIRECTION ( 'NONE',  ( 0.0000000000000000000, 1.000000000000000000, 0.0000000000000000000 ) ) ;
#2796 = DIRECTION ( 'NONE',  ( 1.000000000000000000, 0.0000000000000000000, 0.0000000000000000000 ) ) ;
#2797 = VERTEX_POINT ( 'NONE', #2867 ) ;
#2798 = EDGE_CURVE ( 'NONE', #1516, #2351, #3207, .T. ) ;
#2799 = CARTESIAN_POINT ( 'NONE',  ( -5.835000000000000000, 4.000159000000000000, 0.7202359999999999900 ) ) ;
#2800 = PLANE ( 'NONE',  #3142 ) ;
#2801 = ORIENTED_EDGE ( 'NONE', *, *, #1658, .T. ) ;
#2802 = DIRECTION ( 'NONE',  ( 9.392633243379530200E-049, -1.000000000000000000, -8.639247820005902700E-065 ) ) ;
#2803 = DIRECTION ( 'NONE',  ( 0.0000000000000000000, 1.000000000000000000, 0.0000000000000000000 ) ) ;
#2804 = AXIS2_PLACEMENT_3D ( 'NONE', #1898, #2760, #3641 ) ;
#2805 = EDGE_CURVE ( 'NONE', #2976, #3381, #1671, .T. ) ;
#2806 = VERTEX_POINT ( 'NONE', #1461 ) ;
#2807 = CARTESIAN_POINT ( 'NONE',  ( -10.03000000000000100, -1.333174333332999700, 10.15023600000000000 ) ) ;
#2808 = ORIENTED_EDGE ( 'NONE', *, *, #247, .F. ) ;
#2809 = ORIENTED_EDGE ( 'NONE', *, *, #365, .T. ) ;
#2810 = DIRECTION ( 'NONE',  ( -0.0000000000000000000, 1.110223024625000000E-016, 1.000000000000000000 ) ) ;
#2811 = DIRECTION ( 'NONE',  ( 1.000000000000000000, -0.0000000000000000000, 0.0000000000000000000 ) ) ;
#2812 = VERTEX_POINT ( 'NONE', #246 ) ;
#2813 = VECTOR ( 'NONE', #1752, 1000.000000000000000 ) ;
#2814 = DIRECTION ( 'NONE',  ( 0.0000000000000000000, 1.110223024625000000E-016, 1.000000000000000000 ) ) ;
#2815 = DIRECTION ( 'NONE',  ( 0.0000000000000000000, 1.110223024625000000E-016, 1.000000000000000000 ) ) ;
#2816 = ORIENTED_EDGE ( 'NONE', *, *, #8, .F. ) ;
#2817 = LINE ( 'NONE', #991, #620 ) ;
#2818 = DIRECTION ( 'NONE',  ( -0.0000000000000000000, -1.110223024625000000E-016, -1.000000000000000000 ) ) ;
#2819 = EDGE_CURVE ( 'NONE', #1874, #3689, #3118, .T. ) ;
#2820 = LINE ( 'NONE', #3109, #522 ) ;
#2821 = DIRECTION ( 'NONE',  ( -2.365936668375119900E-032, 1.000000000000000000, 0.0000000000000000000 ) ) ;
#2822 = DIRECTION ( 'NONE',  ( -7.853897639170090400E-047, -1.564562418826004600E-077, 1.000000000000000000 ) ) ;
#2823 = FACE_OUTER_BOUND ( 'NONE', #1338, .T. ) ;
#2824 = LINE ( 'NONE', #615, #524 ) ;
#2825 = EDGE_CURVE ( 'NONE', #2119, #2489, #1582, .T. ) ;
#2826 = DIRECTION ( 'NONE',  ( 0.0000000000000000000, -1.110223024625000000E-016, -1.000000000000000000 ) ) ;
#2827 = VECTOR ( 'NONE', #3070, 1000.000000000000000 ) ;
#2828 = LINE ( 'NONE', #3564, #2157 ) ;
#2829 = VECTOR ( 'NONE', #1270, 1000.000000000000000 ) ;
#2830 = VECTOR ( 'NONE', #1196, 1000.000000000000000 ) ;
#2831 = AXIS2_PLACEMENT_3D ( 'NONE', #1057, #3112, #3419 ) ;
#2832 = CARTESIAN_POINT ( 'NONE',  ( 6.035000000000000100, 2.400158999999999900, 10.15023600000000000 ) ) ;
#2833 = VECTOR ( 'NONE', #1911, 1000.000000000000000 ) ;
#2834 = ORIENTED_EDGE ( 'NONE', *, *, #2869, .F. ) ;
#2835 = ORIENTED_EDGE ( 'NONE', *, *, #1447, .T. ) ;
#2836 = DIRECTION ( 'NONE',  ( 0.0000000000000000000, -1.000000000000000000, 1.110223024625000000E-016 ) ) ;
#2837 = LINE ( 'NONE', #3283, #2881 ) ;
#2838 = ORIENTED_EDGE ( 'NONE', *, *, #2594, .T. ) ;
#2839 = LINE ( 'NONE', #1566, #2792 ) ;
#2840 = VERTEX_POINT ( 'NONE', #3186 ) ;
#2841 = CARTESIAN_POINT ( 'NONE',  ( -6.035000000000001000, -2.399841000000000300, 10.15023600000000000 ) ) ;
#2842 = VERTEX_POINT ( 'NONE', #1474 ) ;
#2843 = DIRECTION ( 'NONE',  ( 0.0000000000000000000, 1.000000000000000000, 0.0000000000000000000 ) ) ;
#2844 = ORIENTED_EDGE ( 'NONE', *, *, #2386, .F. ) ;
#2845 = EDGE_CURVE ( 'NONE', #3222, #2095, #818, .T. ) ;
#2846 = ORIENTED_EDGE ( 'NONE', *, *, #870, .T. ) ;
#2847 = ORIENTED_EDGE ( 'NONE', *, *, #269, .F. ) ;
#2848 = DIRECTION ( 'NONE',  ( 1.992084046299499900E-031, -1.000000000000000000, -0.0000000000000000000 ) ) ;
#2849 = DIRECTION ( 'NONE',  ( 0.0000000000000000000, 1.000000000000000000, 0.0000000000000000000 ) ) ;
#2850 = ORIENTED_EDGE ( 'NONE', *, *, #1337, .F. ) ;
#2851 = ORIENTED_EDGE ( 'NONE', *, *, #2269, .F. ) ;
#2852 = AXIS2_PLACEMENT_3D ( 'NONE', #1350, #3254, #2581 ) ;
#2853 = EDGE_CURVE ( 'NONE', #2351, #1946, #3787, .T. ) ;
#2854 = ORIENTED_EDGE ( 'NONE', *, *, #3110, .T. ) ;
#2855 = EDGE_LOOP ( 'NONE', ( #286, #238, #453, #934 ) ) ;
#2856 = ORIENTED_EDGE ( 'NONE', *, *, #3113, .F. ) ;
#2857 = DIRECTION ( 'NONE',  ( -1.000000000000000000, -0.0000000000000000000, -0.0000000000000000000 ) ) ;
#2858 = ORIENTED_EDGE ( 'NONE', *, *, #2057, .T. ) ;
#2859 = CARTESIAN_POINT ( 'NONE',  ( 5.935000000000000500, -3.999840999999999500, 0.7202359999999999900 ) ) ;
#2860 = DIRECTION ( 'NONE',  ( 0.0000000000000000000, 0.0000000000000000000, -1.000000000000000000 ) ) ;
#2861 = CYLINDRICAL_SURFACE ( 'NONE', #2877, 0.3999999999999999700 ) ;
#2862 = LINE ( 'NONE', #1581, #2107 ) ;
#2863 = EDGE_CURVE ( 'NONE', #2765, #2610, #3704, .T. ) ;
#2864 = LINE ( 'NONE', #3427, #1369 ) ;
#2865 = DIRECTION ( 'NONE',  ( 0.0000000000000000000, 1.000000000000000000, -1.110223024625000000E-016 ) ) ;
#2866 = CARTESIAN_POINT ( 'NONE',  ( -6.035000000000001000, 2.400158999999999900, 5.150235999999999600 ) ) ;
#2867 = CARTESIAN_POINT ( 'NONE',  ( 5.835000000000000000, 0.5334923333330001700, 8.750235999999999200 ) ) ;
#2868 = VERTEX_POINT ( 'NONE', #2895 ) ;
#2869 = EDGE_CURVE ( 'NONE', #3327, #3079, #1491, .T. ) ;
#2870 = VECTOR ( 'NONE', #560, 1000.000000000000000 ) ;
#2871 = VECTOR ( 'NONE', #1830, 1000.000000000000000 ) ;
#2872 = CARTESIAN_POINT ( 'NONE',  ( -6.665000000000000000, 2.400158999999999900, 0.7202359999999999900 ) ) ;
#2873 = ORIENTED_EDGE ( 'NONE', *, *, #743, .T. ) ;
#2874 = VECTOR ( 'NONE', #2499, 1000.000000000000000 ) ;
#2875 = ORIENTED_EDGE ( 'NONE', *, *, #1750, .F. ) ;
#2876 = LINE ( 'NONE', #2389, #2829 ) ;
#2877 = AXIS2_PLACEMENT_3D ( 'NONE', #2880, #2296, #239 ) ;
#2878 = ORIENTED_EDGE ( 'NONE', *, *, #1754, .F. ) ;
#2879 = LINE ( 'NONE', #1858, #2794 ) ;
#2880 = CARTESIAN_POINT ( 'NONE',  ( -2.830000000000000100, 0.9334923333330000800, 5.150235999999999600 ) ) ;
#2881 = VECTOR ( 'NONE', #1550, 1000.000000000000000 ) ;
#2882 = VECTOR ( 'NONE', #1033, 1000.000000000000000 ) ;
#2883 = ORIENTED_EDGE ( 'NONE', *, *, #863, .F. ) ;
#2884 = ORIENTED_EDGE ( 'NONE', *, *, #1634, .F. ) ;
#2885 = DIRECTION ( 'NONE',  ( 0.0000000000000000000, 0.0000000000000000000, -1.000000000000000000 ) ) ;
#2886 = ORIENTED_EDGE ( 'NONE', *, *, #413, .F. ) ;
#2887 = PLANE ( 'NONE',  #2758 ) ;
#2888 = DIRECTION ( 'NONE',  ( 0.0000000000000000000, -1.110223024625000000E-016, -1.000000000000000000 ) ) ;
#2889 = ORIENTED_EDGE ( 'NONE', *, *, #2455, .T. ) ;
#2890 = EDGE_CURVE ( 'NONE', #2940, #2226, #2910, .T. ) ;
#2891 = CARTESIAN_POINT ( 'NONE',  ( 5.835000000000000000, -2.399840999999999900, 8.750235999999999200 ) ) ;
#2892 = EDGE_CURVE ( 'NONE', #1419, #2084, #1407, .T. ) ;
#2893 = ORIENTED_EDGE ( 'NONE', *, *, #306, .T. ) ;
#2894 = EDGE_CURVE ( 'NONE', #3589, #3053, #2824, .T. ) ;
#2895 = CARTESIAN_POINT ( 'NONE',  ( -10.03000000000000100, 3.200159000000000200, 10.15023600000000000 ) ) ;
#2896 = VERTEX_POINT ( 'NONE', #1222 ) ;
#2897 = VERTEX_POINT ( 'NONE', #3523 ) ;
#2898 = CARTESIAN_POINT ( 'NONE',  ( 10.03000000000000100, -2.799840999999999800, 5.150235999999999600 ) ) ;
#2899 = DIRECTION ( 'NONE',  ( 0.0000000000000000000, 1.000000000000000000, -1.110223024625000000E-016 ) ) ;
#2900 = EDGE_CURVE ( 'NONE', #3806, #2842, #625, .T. ) ;
#2901 = ORIENTED_EDGE ( 'NONE', *, *, #2043, .T. ) ;
#2902 = LINE ( 'NONE', #1112, #3737 ) ;
#2903 = DIRECTION ( 'NONE',  ( 0.0000000000000000000, -1.000000000000000000, 1.110223024625000000E-016 ) ) ;
#2904 = VERTEX_POINT ( 'NONE', #1785 ) ;
#2905 = CARTESIAN_POINT ( 'NONE',  ( 5.935000000000000500, -3.999840999999999500, 0.7202359999999999900 ) ) ;
#2906 = DIRECTION ( 'NONE',  ( 0.0000000000000000000, 1.000000000000000000, 0.0000000000000000000 ) ) ;
#2907 = ADVANCED_FACE ( 'NONE', ( #3530 ), #423, .F. ) ;
#2908 = LINE ( 'NONE', #489, #2235 ) ;
#2909 = DIRECTION ( 'NONE',  ( 0.0000000000000000000, 1.110223024625000000E-016, 1.000000000000000000 ) ) ;
#2910 = CIRCLE ( 'NONE', #434, 0.4000000000000000800 ) ;
#2911 = ORIENTED_EDGE ( 'NONE', *, *, #1108, .T. ) ;
#2912 = DIRECTION ( 'NONE',  ( -0.0000000000000000000, 1.110223024625000000E-016, 1.000000000000000000 ) ) ;
#2913 = LINE ( 'NONE', #2387, #2067 ) ;
#2914 = EDGE_CURVE ( 'NONE', #3388, #827, #1237, .T. ) ;
#2915 = VECTOR ( 'NONE', #692, 1000.000000000000000 ) ;
#2916 = CYLINDRICAL_SURFACE ( 'NONE', #1521, 0.7299999999999999800 ) ;
#2917 = ORIENTED_EDGE ( 'NONE', *, *, #582, .F. ) ;
#2918 = CARTESIAN_POINT ( 'NONE',  ( 11.43000000000000100, -3.999840999999998600, 10.15023600000000000 ) ) ;
#2919 = CARTESIAN_POINT ( 'NONE',  ( 6.665000000000000000, 0.5334923333330000600, 0.7202359999999999900 ) ) ;
#2920 = VECTOR ( 'NONE', #93, 1000.000000000000000 ) ;
#2921 = DIRECTION ( 'NONE',  ( 0.0000000000000000000, 1.000000000000000000, 0.0000000000000000000 ) ) ;
#2922 = CIRCLE ( 'NONE', #3549, 0.7299999999999999800 ) ;
#2923 = ORIENTED_EDGE ( 'NONE', *, *, #3440, .F. ) ;
#2924 = AXIS2_PLACEMENT_3D ( 'NONE', #3750, #3553, #3708 ) ;
#2925 = EDGE_CURVE ( 'NONE', #3423, #1595, #1973, .T. ) ;
#2926 = DIRECTION ( 'NONE',  ( -2.674902700537562600E-032, 1.110223024625000000E-016, 1.000000000000000000 ) ) ;
#2927 = ORIENTED_EDGE ( 'NONE', *, *, #1242, .T. ) ;
#2928 = VECTOR ( 'NONE', #1869, 1000.000000000000000 ) ;
#2929 = CARTESIAN_POINT ( 'NONE',  ( -6.035000000000001000, -3.999840999999999500, 5.150235999999999600 ) ) ;
#2930 = ORIENTED_EDGE ( 'NONE', *, *, #553, .T. ) ;
#2931 = ORIENTED_EDGE ( 'NONE', *, *, #2925, .F. ) ;
#2932 = ADVANCED_FACE ( 'NONE', ( #1885 ), #3811, .F. ) ;
#2933 = DIRECTION ( 'NONE',  ( -0.0000000000000000000, -1.110223024625000000E-016, -1.000000000000000000 ) ) ;
#2934 = ORIENTED_EDGE ( 'NONE', *, *, #1012, .T. ) ;
#2935 = ORIENTED_EDGE ( 'NONE', *, *, #3318, .T. ) ;
#2936 = CARTESIAN_POINT ( 'NONE',  ( -6.035000000000001000, -3.999840999999999500, 5.150235999999999600 ) ) ;
#2937 = DIRECTION ( 'NONE',  ( 0.0000000000000000000, 1.110223024625000000E-016, 1.000000000000000000 ) ) ;
#2938 = ORIENTED_EDGE ( 'NONE', *, *, #3565, .T. ) ;
#2939 = EDGE_CURVE ( 'NONE', #758, #1359, #3443, .T. ) ;
#2940 = VERTEX_POINT ( 'NONE', #3543 ) ;
#2941 = ORIENTED_EDGE ( 'NONE', *, *, #3139, .F. ) ;
#2942 = FILL_AREA_STYLE_COLOUR ( '', #1665 ) ;
#2943 = PLANE ( 'NONE',  #2609 ) ;
#2944 = DIRECTION ( 'NONE',  ( 1.000000000000000000, 0.0000000000000000000, 0.0000000000000000000 ) ) ;
#2945 = ORIENTED_EDGE ( 'NONE', *, *, #3058, .T. ) ;
#2946 = VERTEX_POINT ( 'NONE', #1800 ) ;
#2947 = VECTOR ( 'NONE', #872, 1000.000000000000000 ) ;
#2948 = AXIS2_PLACEMENT_3D ( 'NONE', #570, #2291, #231 ) ;
#2949 = CARTESIAN_POINT ( 'NONE',  ( -2.830000000000000100, -1.333174333332999500, 8.120236000000000200 ) ) ;
#2950 = ADVANCED_FACE ( 'NONE', ( #1156 ), #1519, .T. ) ;
#2951 = ORIENTED_EDGE ( 'NONE', *, *, #2222, .F. ) ;
#2952 = DIRECTION ( 'NONE',  ( 0.0000000000000000000, -1.000000000000000000, 1.110223024625000000E-016 ) ) ;
#2953 = CARTESIAN_POINT ( 'NONE',  ( -6.035000000000000100, -3.999840999999999500, 0.7202359999999999900 ) ) ;
#2954 = CARTESIAN_POINT ( 'NONE',  ( 5.935000000000000500, 4.000159000000000900, 0.7202359999999991000 ) ) ;
#2955 = LINE ( 'NONE', #3770, #674 ) ;
#2956 =( LENGTH_UNIT ( ) NAMED_UNIT ( * ) SI_UNIT ( .MILLI., .METRE. ) );
#2957 = LINE ( 'NONE', #3309, #771 ) ;
#2958 = CARTESIAN_POINT ( 'NONE',  ( -5.835000000000000000, -2.399841000000000300, 8.750235999999999200 ) ) ;
#2959 = DIRECTION ( 'NONE',  ( 2.759369261892999800E-016, -0.0000000000000000000, -1.000000000000000000 ) ) ;
#2960 = VECTOR ( 'NONE', #1768, 1000.000000000000000 ) ;
#2961 = VECTOR ( 'NONE', #1670, 1000.000000000000000 ) ;
#2962 = DIRECTION ( 'NONE',  ( 2.365936668375119900E-032, -1.000000000000000000, -0.0000000000000000000 ) ) ;
#2963 = EDGE_CURVE ( 'NONE', #256, #2293, #317, .T. ) ;
#2964 = ORIENTED_EDGE ( 'NONE', *, *, #3648, .T. ) ;
#2965 = CIRCLE ( 'NONE', #1762, 0.4000000000000001900 ) ;
#2966 = DIRECTION ( 'NONE',  ( 0.0000000000000000000, 0.0000000000000000000, 1.000000000000000000 ) ) ;
#2967 = ORIENTED_EDGE ( 'NONE', *, *, #870, .F. ) ;
#2968 = ADVANCED_FACE ( 'NONE', ( #1798 ), #2452, .F. ) ;
#2969 = DIRECTION ( 'NONE',  ( -2.759369261892999800E-016, 0.0000000000000000000, 1.000000000000000000 ) ) ;
#2970 = CARTESIAN_POINT ( 'NONE',  ( 6.665000000000000000, -3.999840999999999500, 0.7202359999999999900 ) ) ;
#2971 = DIRECTION ( 'NONE',  ( 0.0000000000000000000, 0.0000000000000000000, -1.000000000000000000 ) ) ;
#2972 = EDGE_CURVE ( 'NONE', #2897, #838, #1067, .T. ) ;
#2973 = LINE ( 'NONE', #2674, #2118 ) ;
#2974 = ORIENTED_EDGE ( 'NONE', *, *, #751, .T. ) ;
#2975 = LINE ( 'NONE', #3300, #2871 ) ;
#2976 = VERTEX_POINT ( 'NONE', #672 ) ;
#2977 = FACE_OUTER_BOUND ( 'NONE', #598, .T. ) ;
#2978 = ORIENTED_EDGE ( 'NONE', *, *, #163, .T. ) ;
#2979 = VECTOR ( 'NONE', #1843, 1000.000000000000000 ) ;
#2980 = AXIS2_PLACEMENT_3D ( 'NONE', #2483, #2749, #2759 ) ;
#2981 = VERTEX_POINT ( 'NONE', #3551 ) ;
#2982 = FACE_OUTER_BOUND ( 'NONE', #3274, .T. ) ;
#2983 = EDGE_CURVE ( 'NONE', #3079, #2076, #3249, .T. ) ;
#2984 = DIRECTION ( 'NONE',  ( 0.0000000000000000000, 1.110223024625000000E-016, 1.000000000000000000 ) ) ;
#2985 = CARTESIAN_POINT ( 'NONE',  ( -10.03000000000000100, 0.5334923333329999500, 5.150235999999999600 ) ) ;
#2986 = EDGE_LOOP ( 'NONE', ( #2756, #1443, #1560, #965 ) ) ;
#2987 = ORIENTED_EDGE ( 'NONE', *, *, #2684, .F. ) ;
#2988 = CARTESIAN_POINT ( 'NONE',  ( 6.665000000000000000, 2.400158999999999900, 0.7202359999999999900 ) ) ;
#2989 = ORIENTED_EDGE ( 'NONE', *, *, #363, .F. ) ;
#2990 = CARTESIAN_POINT ( 'NONE',  ( -10.03000000000000100, -2.399841000000000300, 5.150235999999999600 ) ) ;
#2991 = ORIENTED_EDGE ( 'NONE', *, *, #3085, .T. ) ;
#2992 = ADVANCED_FACE ( 'NONE', ( #3158 ), #1267, .F. ) ;
#2993 = ORIENTED_EDGE ( 'NONE', *, *, #2665, .T. ) ;
#2994 = CARTESIAN_POINT ( 'NONE',  ( -5.835000000000000000, -0.5331743333329999100, 5.150235999999999600 ) ) ;
#2995 = VERTEX_POINT ( 'NONE', #3279 ) ;
#2996 = ORIENTED_EDGE ( 'NONE', *, *, #3183, .T. ) ;
#2997 = EDGE_CURVE ( 'NONE', #1688, #789, #3357, .T. ) ;
#2998 = VERTEX_POINT ( 'NONE', #351 ) ;
#2999 = CARTESIAN_POINT ( 'NONE',  ( -6.035000000000001000, 4.000159000000000900, 10.15023600000000000 ) ) ;
#3000 = AXIS2_PLACEMENT_3D ( 'NONE', #1915, #2474, #775 ) ;
#3001 = EDGE_CURVE ( 'NONE', #1176, #1922, #964, .T. ) ;
#3002 = ORIENTED_EDGE ( 'NONE', *, *, #2565, .T. ) ;
#3003 = CARTESIAN_POINT ( 'NONE',  ( -6.035000000000001000, -1.333174333333000200, 10.15023600000000000 ) ) ;
#3004 = DIRECTION ( 'NONE',  ( 0.0000000000000000000, 1.110223024625000000E-016, 1.000000000000000000 ) ) ;
#3005 = CARTESIAN_POINT ( 'NONE',  ( 10.03000000000000100, -3.199841000000000200, 9.520235999999998800 ) ) ;
#3006 = CARTESIAN_POINT ( 'NONE',  ( 10.03000000000000100, 2.400158999999999900, 5.150235999999999600 ) ) ;
#3007 = STYLED_ITEM ( 'NONE', ( #105 ), #2077 ) ;
#3008 = LINE ( 'NONE', #792, #3783 ) ;
#3009 = CARTESIAN_POINT ( 'NONE',  ( 6.665000000000000000, -3.999840999999999500, 0.7202359999999999900 ) ) ;
#3010 = ORIENTED_EDGE ( 'NONE', *, *, #1730, .F. ) ;
#3011 = ADVANCED_FACE ( 'NONE', ( #858 ), #2276, .F. ) ;
#3012 = VECTOR ( 'NONE', #3301, 1000.000000000000000 ) ;
#3013 = VECTOR ( 'NONE', #893, 1000.000000000000000 ) ;
#3014 = LINE ( 'NONE', #1755, #2277 ) ;
#3015 = EDGE_LOOP ( 'NONE', ( #799, #1053, #2289, #1910, #2725, #3151 ) ) ;
#3016 = CARTESIAN_POINT ( 'NONE',  ( 2.830000000000000100, -2.399840999999999900, 8.120236000000000200 ) ) ;
#3017 = LINE ( 'NONE', #688, #1326 ) ;
#3018 = CARTESIAN_POINT ( 'NONE',  ( 5.205000000000000100, 0.5334923333329999500, 5.150235999999999600 ) ) ;
#3019 = ORIENTED_EDGE ( 'NONE', *, *, #2009, .T. ) ;
#3020 = CARTESIAN_POINT ( 'NONE',  ( -5.935000000000000500, -3.999840999999999500, -0.009763999999999996600 ) ) ;
#3021 = LINE ( 'NONE', #3317, #2247 ) ;
#3022 = VERTEX_POINT ( 'NONE', #2123 ) ;
#3023 = EDGE_CURVE ( 'NONE', #2293, #1289, #9, .T. ) ;
#3024 = CARTESIAN_POINT ( 'NONE',  ( 5.835000000000000000, 4.000159000000000000, 0.7202359999999999900 ) ) ;
#3025 = ORIENTED_EDGE ( 'NONE', *, *, #2083, .F. ) ;
#3026 = ORIENTED_EDGE ( 'NONE', *, *, #922, .T. ) ;
#3027 = ORIENTED_EDGE ( 'NONE', *, *, #618, .T. ) ;
#3028 = VECTOR ( 'NONE', #392, 1000.000000000000000 ) ;
#3029 = VERTEX_POINT ( 'NONE', #2701 ) ;
#3030 = CARTESIAN_POINT ( 'NONE',  ( 10.03000000000000100, -1.333174333333000000, 5.150235999999999600 ) ) ;
#3031 = EDGE_CURVE ( 'NONE', #2624, #3193, #2363, .T. ) ;
#3032 = ORIENTED_EDGE ( 'NONE', *, *, #3337, .T. ) ;
#3033 = UNCERTAINTY_MEASURE_WITH_UNIT (LENGTH_MEASURE( 1.000000000000000100E-005 ), #2956, 'distance_accuracy_value', 'NONE');
#3034 = ORIENTED_EDGE ( 'NONE', *, *, #3328, .T. ) ;
#3035 = LINE ( 'NONE', #3615, #2830 ) ;
#3036 = CARTESIAN_POINT ( 'NONE',  ( -5.205000000000000100, 0.5334923333330001700, 8.120236000000000200 ) ) ;
#3037 = ADVANCED_FACE ( 'NONE', ( #3067 ), #46, .F. ) ;
#3038 = AXIS2_PLACEMENT_3D ( 'NONE', #1964, #2243, #518 ) ;
#3039 = CARTESIAN_POINT ( 'NONE',  ( 11.43000000000000100, -3.999840999999998600, 9.520235999999998800 ) ) ;
#3040 = CARTESIAN_POINT ( 'NONE',  ( -5.205000000000000100, -3.999840999999999500, 8.120236000000000200 ) ) ;
#3041 = CARTESIAN_POINT ( 'NONE',  ( -6.665000000000000000, 2.400158999999999900, 9.520235999999998800 ) ) ;
#3042 = ORIENTED_EDGE ( 'NONE', *, *, #793, .T. ) ;
#3043 = ORIENTED_EDGE ( 'NONE', *, *, #2892, .T. ) ;
#3044 = CARTESIAN_POINT ( 'NONE',  ( 6.665000000000000000, 4.000159000000000000, 0.7202359999999999900 ) ) ;
#3045 = CARTESIAN_POINT ( 'NONE',  ( -5.205000000000000100, -0.5331743333329996800, 8.120236000000000200 ) ) ;
#3046 = CARTESIAN_POINT ( 'NONE',  ( 6.035000000000000100, 4.000159000000000000, 0.7202359999999995400 ) ) ;
#3047 = PLANE ( 'NONE',  #3768 ) ;
#3048 = ORIENTED_EDGE ( 'NONE', *, *, #117, .T. ) ;
#3049 = ORIENTED_EDGE ( 'NONE', *, *, #3184, .F. ) ;
#3050 = EDGE_LOOP ( 'NONE', ( #3432, #39, #2930, #1656, #1497, #1249 ) ) ;
#3051 = DIRECTION ( 'NONE',  ( 0.0000000000000000000, 0.0000000000000000000, -1.000000000000000000 ) ) ;
#3052 = CARTESIAN_POINT ( 'NONE',  ( 6.665000000000000900, 2.400158999999999900, 9.520235999999998800 ) ) ;
#3053 = VERTEX_POINT ( 'NONE', #57 ) ;
#3054 = ORIENTED_EDGE ( 'NONE', *, *, #2655, .F. ) ;
#3055 = LINE ( 'NONE', #1997, #3433 ) ;
#3056 = CARTESIAN_POINT ( 'NONE',  ( -5.835000000000000000, 2.400158999999999900, 8.750235999999999200 ) ) ;
#3057 = VERTEX_POINT ( 'NONE', #361 ) ;
#3058 = EDGE_CURVE ( 'NONE', #1400, #2995, #2195, .T. ) ;
#3059 = CARTESIAN_POINT ( 'NONE',  ( -6.665000000000000000, -3.199841000000000200, 0.7202359999999999900 ) ) ;
#3060 = CARTESIAN_POINT ( 'NONE',  ( -10.03000000000000100, -1.333174333333000000, 5.150235999999999600 ) ) ;
#3061 = CARTESIAN_POINT ( 'NONE',  ( -5.835000000000000000, -3.999840999999999500, 5.150235999999999600 ) ) ;
#3062 = LINE ( 'NONE', #2282, #768 ) ;
#3063 = AXIS2_PLACEMENT_3D ( 'NONE', #2595, #2587, #2803 ) ;
#3064 = EDGE_CURVE ( 'NONE', #3449, #2421, #2957, .T. ) ;
#3065 = DIRECTION ( 'NONE',  ( -1.000000000000000000, 0.0000000000000000000, -0.0000000000000000000 ) ) ;
#3066 = CARTESIAN_POINT ( 'NONE',  ( -10.03000000000000100, 2.400158999999999900, 10.15023600000000000 ) ) ;
#3067 = FACE_OUTER_BOUND ( 'NONE', #1782, .T. ) ;
#3068 = DIRECTION ( 'NONE',  ( 0.0000000000000000000, 1.000000000000000000, 0.0000000000000000000 ) ) ;
#3069 = ORIENTED_EDGE ( 'NONE', *, *, #822, .F. ) ;
#3070 = DIRECTION ( 'NONE',  ( -3.063515287996999900E-032, 1.000000000000000000, -8.453369919038202000E-048 ) ) ;
#3071 = VECTOR ( 'NONE', #152, 1000.000000000000000 ) ;
#3072 = LINE ( 'NONE', #1001, #2915 ) ;
#3073 = CARTESIAN_POINT ( 'NONE',  ( 5.835000000000000000, -2.399841000000000300, 5.150235999999999600 ) ) ;
#3074 = EDGE_LOOP ( 'NONE', ( #3288, #1895, #3082, #1567, #542, #1239, #3605, #3392, #16, #2883, #1607, #734, #1116, #2003, #1990, #3320, #1746, #729, #1079, #1918 ) ) ;
#3075 = DIRECTION ( 'NONE',  ( 0.0000000000000000000, 1.110223024625000000E-016, 1.000000000000000000 ) ) ;
#3076 = DIRECTION ( 'NONE',  ( 1.971276677246000000E-016, 0.0000000000000000000, 1.000000000000000000 ) ) ;
#3077 = VECTOR ( 'NONE', #1339, 1000.000000000000000 ) ;
#3078 = VECTOR ( 'NONE', #1016, 1000.000000000000000 ) ;
#3079 = VERTEX_POINT ( 'NONE', #3003 ) ;
#3080 = DIRECTION ( 'NONE',  ( -3.516331370222999900E-016, 0.0000000000000000000, -1.000000000000000000 ) ) ;
#3081 = FACE_OUTER_BOUND ( 'NONE', #3519, .T. ) ;
#3082 = ORIENTED_EDGE ( 'NONE', *, *, #1036, .F. ) ;
#3083 = VERTEX_POINT ( 'NONE', #3323 ) ;
#3084 = ORIENTED_EDGE ( 'NONE', *, *, #1476, .F. ) ;
#3085 = EDGE_CURVE ( 'NONE', #3500, #2372, #2862, .T. ) ;
#3086 = PLANE ( 'NONE',  #647 ) ;
#3087 = VERTEX_POINT ( 'NONE', #1023 ) ;
#3088 = ORIENTED_EDGE ( 'NONE', *, *, #2819, .F. ) ;
#3089 = CARTESIAN_POINT ( 'NONE',  ( 2.830000000000000100, -0.9331743333329995900, 8.750235999999999200 ) ) ;
#3090 = DIRECTION ( 'NONE',  ( -0.0000000000000000000, 1.110223024625000000E-016, 1.000000000000000000 ) ) ;
#3091 = CARTESIAN_POINT ( 'NONE',  ( 5.835000000000000000, -3.999840999999999500, 8.750235999999999200 ) ) ;
#3092 = AXIS2_PLACEMENT_3D ( 'NONE', #3009, #2723, #721 ) ;
#3093 = VECTOR ( 'NONE', #1587, 1000.000000000000000 ) ;
#3094 = EDGE_CURVE ( 'NONE', #3239, #2076, #679, .T. ) ;
#3095 = EDGE_LOOP ( 'NONE', ( #457, #1466, #2847, #3027, #3604, #2726 ) ) ;
#3096 = CARTESIAN_POINT ( 'NONE',  ( -6.035000000000000100, -3.999840999999999500, 10.15023600000000000 ) ) ;
#3097 = DIRECTION ( 'NONE',  ( -0.0000000000000000000, 1.110223024625000000E-016, 1.000000000000000000 ) ) ;
#3098 = PLANE ( 'NONE',  #988 ) ;
#3099 = CARTESIAN_POINT ( 'NONE',  ( 6.665000000000000000, -1.333174333333000000, 9.520235999999998800 ) ) ;
#3100 = AXIS2_PLACEMENT_3D ( 'NONE', #1751, #2306, #599 ) ;
#3101 = CARTESIAN_POINT ( 'NONE',  ( 5.935000000000000500, -3.999840999999998600, 8.120236000000000200 ) ) ;
#3102 = DIRECTION ( 'NONE',  ( -0.0000000000000000000, -0.0000000000000000000, 1.000000000000000000 ) ) ;
#3103 = VERTEX_POINT ( 'NONE', #1864 ) ;
#3104 = ORIENTED_EDGE ( 'NONE', *, *, #2245, .F. ) ;
#3105 = ORIENTED_EDGE ( 'NONE', *, *, #2900, .T. ) ;
#3106 = DIRECTION ( 'NONE',  ( 0.0000000000000000000, 0.0000000000000000000, -1.000000000000000000 ) ) ;
#3107 = ORIENTED_EDGE ( 'NONE', *, *, #1575, .F. ) ;
#3108 = LINE ( 'NONE', #3498, #2947 ) ;
#3109 = CARTESIAN_POINT ( 'NONE',  ( -2.830000000000000100, -3.199841000000000200, 5.150235999999999600 ) ) ;
#3110 = EDGE_CURVE ( 'NONE', #2084, #1780, #1717, .T. ) ;
#3111 = ORIENTED_EDGE ( 'NONE', *, *, #363, .T. ) ;
#3112 = DIRECTION ( 'NONE',  ( 0.0000000000000000000, -1.000000000000000000, 1.110223024625000000E-016 ) ) ;
#3113 = EDGE_CURVE ( 'NONE', #2678, #2096, #3568, .T. ) ;
#3114 = CARTESIAN_POINT ( 'NONE',  ( 5.835000000000000000, -3.999840999999999500, 8.750235999999999200 ) ) ;
#3115 = FACE_OUTER_BOUND ( 'NONE', #3015, .T. ) ;
#3116 = AXIS2_PLACEMENT_3D ( 'NONE', #605, #912, #2899 ) ;
#3117 = EDGE_CURVE ( 'NONE', #1506, #846, #2776, .T. ) ;
#3118 = LINE ( 'NONE', #2024, #3013 ) ;
#3119 = DIRECTION ( 'NONE',  ( 0.0000000000000000000, -1.110223024625000000E-016, -1.000000000000000000 ) ) ;
#3120 = ORIENTED_EDGE ( 'NONE', *, *, #1938, .F. ) ;
#3121 = LINE ( 'NONE', #766, #3307 ) ;
#3122 = CIRCLE ( 'NONE', #3698, 0.4000000000000000800 ) ;
#3123 = CIRCLE ( 'NONE', #1428, 0.1000000000000000500 ) ;
#3124 = EDGE_LOOP ( 'NONE', ( #3727, #2397, #581, #2074, #761, #1096, #381, #713, #1684, #2210, #2186, #3779, #2390, #2557, #2537, #3257, #2125, #849, #2834, #487 ) ) ;
#3125 = CARTESIAN_POINT ( 'NONE',  ( 10.03000000000000100, -0.5331743333329999100, 5.150235999999999600 ) ) ;
#3126 = VECTOR ( 'NONE', #3163, 1000.000000000000000 ) ;
#3127 = ORIENTED_EDGE ( 'NONE', *, *, #1961, .T. ) ;
#3128 = LINE ( 'NONE', #2418, #2882 ) ;
#3129 = ORIENTED_EDGE ( 'NONE', *, *, #169, .T. ) ;
#3130 = VERTEX_POINT ( 'NONE', #411 ) ;
#3131 = LINE ( 'NONE', #369, #2928 ) ;
#3132 = ORIENTED_EDGE ( 'NONE', *, *, #719, .F. ) ;
#3133 = VECTOR ( 'NONE', #80, 1000.000000000000000 ) ;
#3134 = ORIENTED_EDGE ( 'NONE', *, *, #1343, .F. ) ;
#3135 = DIRECTION ( 'NONE',  ( 0.0000000000000000000, 1.000000000000000000, 0.0000000000000000000 ) ) ;
#3136 = LINE ( 'NONE', #2141, #3028 ) ;
#3137 = ORIENTED_EDGE ( 'NONE', *, *, #2894, .F. ) ;
#3138 = LINE ( 'NONE', #1149, #835 ) ;
#3139 = EDGE_CURVE ( 'NONE', #380, #3589, #3662, .T. ) ;
#3140 = DIRECTION ( 'NONE',  ( 0.0000000000000000000, 1.110223024625000000E-016, 1.000000000000000000 ) ) ;
#3141 = PLANE ( 'NONE',  #1362 ) ;
#3142 = AXIS2_PLACEMENT_3D ( 'NONE', #3006, #3560, #3482 ) ;
#3143 = EDGE_CURVE ( 'NONE', #1385, #946, #3485, .T. ) ;
#3144 = ORIENTED_EDGE ( 'NONE', *, *, #921, .F. ) ;
#3145 = VERTEX_POINT ( 'NONE', #3036 ) ;
#3146 = CARTESIAN_POINT ( 'NONE',  ( 10.03000000000000100, -1.333174333333000000, 5.150235999999999600 ) ) ;
#3147 = ORIENTED_EDGE ( 'NONE', *, *, #916, .T. ) ;
#3148 = ORIENTED_EDGE ( 'NONE', *, *, #505, .F. ) ;
#3149 = PLANE ( 'NONE',  #195 ) ;
#3150 = ORIENTED_EDGE ( 'NONE', *, *, #3670, .T. ) ;
#3151 = ORIENTED_EDGE ( 'NONE', *, *, #2774, .T. ) ;
#3152 = LINE ( 'NONE', #118, #2813 ) ;
#3153 = DIRECTION ( 'NONE',  ( 0.0000000000000000000, -1.000000000000000000, 1.110223024625000000E-016 ) ) ;
#3154 = EDGE_CURVE ( 'NONE', #2045, #2946, #1932, .T. ) ;
#3155 = LINE ( 'NONE', #1718, #2360 ) ;
#3156 = DIRECTION ( 'NONE',  ( -0.0000000000000000000, -1.110223024625000000E-016, -1.000000000000000000 ) ) ;
#3157 = CARTESIAN_POINT ( 'NONE',  ( 5.935000000000000500, -3.999840999999999500, 0.7202359999999999900 ) ) ;
#3158 = FACE_OUTER_BOUND ( 'NONE', #3777, .T. ) ;
#3159 = AXIS2_PLACEMENT_3D ( 'NONE', #3766, #3487, #1463 ) ;
#3160 = CARTESIAN_POINT ( 'NONE',  ( 5.935000000000000500, 4.000159000000000900, 0.6202359999999990100 ) ) ;
#3161 = CARTESIAN_POINT ( 'NONE',  ( 5.205000000000000100, 1.333492333333000000, 5.150235999999999600 ) ) ;
#3162 = LINE ( 'NONE', #3182, #1818 ) ;
#3163 = DIRECTION ( 'NONE',  ( -1.000000000000000000, 0.0000000000000000000, -0.0000000000000000000 ) ) ;
#3164 = CARTESIAN_POINT ( 'NONE',  ( -10.03000000000000100, 2.800159000000000300, 9.520235999999998800 ) ) ;
#3165 = LINE ( 'NONE', #2741, #14 ) ;
#3166 = VECTOR ( 'NONE', #1856, 1000.000000000000000 ) ;
#3167 = DIRECTION ( 'NONE',  ( 0.0000000000000000000, -1.110223024625000000E-016, -1.000000000000000000 ) ) ;
#3168 = LINE ( 'NONE', #572, #971 ) ;
#3169 = LINE ( 'NONE', #1298, #3078 ) ;
#3170 = ORIENTED_EDGE ( 'NONE', *, *, #2476, .F. ) ;
#3171 = CARTESIAN_POINT ( 'NONE',  ( -5.835000000000000000, 0.5334923333330001700, 8.750235999999999200 ) ) ;
#3172 = FACE_OUTER_BOUND ( 'NONE', #3629, .T. ) ;
#3173 = ORIENTED_EDGE ( 'NONE', *, *, #1706, .F. ) ;
#3174 = DIRECTION ( 'NONE',  ( -0.0000000000000000000, -1.110223024625000000E-016, -1.000000000000000000 ) ) ;
#3175 = CARTESIAN_POINT ( 'NONE',  ( -6.665000000000000000, -3.999840999999998600, 9.520235999999997000 ) ) ;
#3176 = CARTESIAN_POINT ( 'NONE',  ( 5.205000000000000100, -3.999840999999999500, 0.7202359999999999900 ) ) ;
#3177 = VECTOR ( 'NONE', #1870, 1000.000000000000000 ) ;
#3178 = ORIENTED_EDGE ( 'NONE', *, *, #1663, .T. ) ;
#3179 = EDGE_CURVE ( 'NONE', #1311, #2940, #1274, .T. ) ;
#3180 = CARTESIAN_POINT ( 'NONE',  ( -5.204999999999999200, 0.5334923333330000600, 5.150235999999999600 ) ) ;
#3181 = ORIENTED_EDGE ( 'NONE', *, *, #2900, .F. ) ;
#3182 = CARTESIAN_POINT ( 'NONE',  ( -5.835000000000000000, -3.199840999999999300, 5.150235999999999600 ) ) ;
#3183 = EDGE_CURVE ( 'NONE', #1733, #3130, #2583, .T. ) ;
#3184 = EDGE_CURVE ( 'NONE', #1922, #2438, #1111, .T. ) ;
#3185 = CARTESIAN_POINT ( 'NONE',  ( -10.03000000000000100, 1.333492333333000000, 5.150235999999999600 ) ) ;
#3186 = CARTESIAN_POINT ( 'NONE',  ( -2.830000000000000100, 2.400158999999999900, 8.750235999999999200 ) ) ;
#3187 = DIRECTION ( 'NONE',  ( -7.853897639170090400E-047, -1.564562418826004600E-077, 1.000000000000000000 ) ) ;
#3188 = ORIENTED_EDGE ( 'NONE', *, *, #3716, .T. ) ;
#3189 = EDGE_LOOP ( 'NONE', ( #824, #3585, #1699, #281, #1460, #2265, #3646, #3633, #3132, #1959, #3088, #1469, #101, #940, #1773, #2093, #433, #1603, #102, #3735 ) ) ;
#3190 = AXIS2_PLACEMENT_3D ( 'NONE', #1640, #2179, #2192 ) ;
#3191 = EDGE_CURVE ( 'NONE', #1780, #2165, #360, .T. ) ;
#3192 = VERTEX_POINT ( 'NONE', #3052 ) ;
#3193 = VERTEX_POINT ( 'NONE', #3642 ) ;
#3194 = PLANE ( 'NONE',  #3100 ) ;
#3195 = DIRECTION ( 'NONE',  ( 1.000000000000000000, 0.0000000000000000000, 0.0000000000000000000 ) ) ;
#3196 = ORIENTED_EDGE ( 'NONE', *, *, #2825, .T. ) ;
#3197 = CARTESIAN_POINT ( 'NONE',  ( -5.205000000000000100, -3.999840999999999500, 8.120236000000000200 ) ) ;
#3198 = ORIENTED_EDGE ( 'NONE', *, *, #1268, .F. ) ;
#3199 = DIRECTION ( 'NONE',  ( -0.0000000000000000000, -1.110223024625000000E-016, -1.000000000000000000 ) ) ;
#3200 = CARTESIAN_POINT ( 'NONE',  ( -10.03000000000000100, -2.399841000000000300, 5.150235999999999600 ) ) ;
#3201 = CARTESIAN_POINT ( 'NONE',  ( 10.03000000000000100, 3.200159000000000600, 8.120236000000000200 ) ) ;
#3202 = VECTOR ( 'NONE', #1528, 1000.000000000000000 ) ;
#3203 = CARTESIAN_POINT ( 'NONE',  ( -6.035000000000001000, -3.999840999999998600, 10.15023600000000000 ) ) ;
#3204 = LINE ( 'NONE', #108, #1758 ) ;
#3205 = DIRECTION ( 'NONE',  ( 2.188556754985000000E-032, 1.000000000000000000, -4.314250887931119000E-048 ) ) ;
#3206 = EDGE_CURVE ( 'NONE', #3576, #2468, #3204, .T. ) ;
#3207 = LINE ( 'NONE', #1192, #2319 ) ;
#3208 = CARTESIAN_POINT ( 'NONE',  ( 5.205000000000000100, 4.000159000000000900, 8.120236000000000200 ) ) ;
#3209 = ORIENTED_EDGE ( 'NONE', *, *, #69, .F. ) ;
#3210 = ORIENTED_EDGE ( 'NONE', *, *, #637, .T. ) ;
#3211 = EDGE_CURVE ( 'NONE', #3231, #2129, #156, .T. ) ;
#3212 = CYLINDRICAL_SURFACE ( 'NONE', #284, 0.3999999999999999700 ) ;
#3213 = EDGE_LOOP ( 'NONE', ( #2343, #427, #1418, #3775 ) ) ;
#3214 = CARTESIAN_POINT ( 'NONE',  ( -10.03000000000000100, 3.200159000000000200, 5.150235999999999600 ) ) ;
#3215 = LINE ( 'NONE', #3146, #2419 ) ;
#3216 = LINE ( 'NONE', #3645, #274 ) ;
#3217 = VECTOR ( 'NONE', #385, 1000.000000000000000 ) ;
#3218 = PRESENTATION_LAYER_ASSIGNMENT (  '', '', ( #3007 ) ) ;
#3219 = EDGE_LOOP ( 'NONE', ( #1791, #1467, #1389, #3740, #1691, #3539 ) ) ;
#3220 = CARTESIAN_POINT ( 'NONE',  ( 2.830000000000000100, -0.9331743333330000400, 5.150235999999999600 ) ) ;
#3221 = CARTESIAN_POINT ( 'NONE',  ( 5.935000000000000500, -3.999840999999998600, 9.520235999999997000 ) ) ;
#3222 = VERTEX_POINT ( 'NONE', #2761 ) ;
#3223 = LINE ( 'NONE', #1577, #2979 ) ;
#3224 = ORIENTED_EDGE ( 'NONE', *, *, #1036, .T. ) ;
#3225 = LINE ( 'NONE', #2445, #3093 ) ;
#3226 = EDGE_LOOP ( 'NONE', ( #3422, #2225, #1324, #1779 ) ) ;
#3227 = DIRECTION ( 'NONE',  ( -0.0000000000000000000, 1.000000000000000000, -1.110223024625000000E-016 ) ) ;
#3228 = ORIENTED_EDGE ( 'NONE', *, *, #3440, .T. ) ;
#3229 = EDGE_CURVE ( 'NONE', #834, #1874, #3308, .T. ) ;
#3230 = PLANE ( 'NONE',  #709 ) ;
#3231 = VERTEX_POINT ( 'NONE', #3379 ) ;
#3232 = VERTEX_POINT ( 'NONE', #3066 ) ;
#3233 = EDGE_CURVE ( 'NONE', #1765, #1907, #1580, .T. ) ;
#3234 = DIRECTION ( 'NONE',  ( -0.0000000000000000000, -1.110223024625000000E-016, -1.000000000000000000 ) ) ;
#3235 = CARTESIAN_POINT ( 'NONE',  ( -5.835000000000000000, 1.333492333332999500, 8.750235999999999200 ) ) ;
#3236 = VERTEX_POINT ( 'NONE', #1916 ) ;
#3237 = ADVANCED_FACE ( 'NONE', ( #64 ), #2194, .F. ) ;
#3238 = ORIENTED_EDGE ( 'NONE', *, *, #2401, .T. ) ;
#3239 = VERTEX_POINT ( 'NONE', #2475 ) ;
#3240 = PLANE ( 'NONE',  #511 ) ;
#3241 = AXIS2_PLACEMENT_3D ( 'NONE', #843, #2836, #1154 ) ;
#3242 = ORIENTED_EDGE ( 'NONE', *, *, #860, .T. ) ;
#3243 = CARTESIAN_POINT ( 'NONE',  ( 10.03000000000000100, -3.199841000000000200, 10.15023600000000000 ) ) ;
#3244 = CARTESIAN_POINT ( 'NONE',  ( 10.03000000000000100, 0.5334923333330002800, 9.520235999999998800 ) ) ;
#3245 = CARTESIAN_POINT ( 'NONE',  ( -5.935000000000000500, -3.999840999999999500, 0.7202359999999999900 ) ) ;
#3246 = DIRECTION ( 'NONE',  ( 9.197897539643999400E-017, -0.0000000000000000000, 1.000000000000000000 ) ) ;
#3247 = VECTOR ( 'NONE', #852, 1000.000000000000000 ) ;
#3248 = DIRECTION ( 'NONE',  ( 0.0000000000000000000, 1.110223024625000000E-016, 1.000000000000000000 ) ) ;
#3249 = LINE ( 'NONE', #2097, #111 ) ;
#3250 = ADVANCED_FACE ( 'NONE', ( #3115 ), #2770, .F. ) ;
#3251 = CARTESIAN_POINT ( 'NONE',  ( 6.035000000000001000, -2.399841000000000300, 5.150235999999999600 ) ) ;
#3252 = DIRECTION ( 'NONE',  ( -1.000000000000000000, -0.0000000000000000000, -0.0000000000000000000 ) ) ;
#3253 = FACE_OUTER_BOUND ( 'NONE', #1996, .T. ) ;
#3254 = DIRECTION ( 'NONE',  ( 1.000000000000000000, 1.992084046299499900E-031, 7.853897639170090400E-047 ) ) ;
#3255 = EDGE_CURVE ( 'NONE', #95, #2998, #3008, .T. ) ;
#3256 = ORIENTED_EDGE ( 'NONE', *, *, #338, .F. ) ;
#3257 = ORIENTED_EDGE ( 'NONE', *, *, #2089, .F. ) ;
#3258 = DIRECTION ( 'NONE',  ( -1.000000000000000000, 0.0000000000000000000, -0.0000000000000000000 ) ) ;
#3259 = LINE ( 'NONE', #1662, #1722 ) ;
#3260 = DIRECTION ( 'NONE',  ( -0.0000000000000000000, -1.110223024625000000E-016, -1.000000000000000000 ) ) ;
#3261 = VECTOR ( 'NONE', #1309, 1000.000000000000000 ) ;
#3262 = LINE ( 'NONE', #3356, #3133 ) ;
#3263 = ORIENTED_EDGE ( 'NONE', *, *, #719, .T. ) ;
#3264 = AXIS2_PLACEMENT_3D ( 'NONE', #3197, #3268, #3471 ) ;
#3265 = EDGE_CURVE ( 'NONE', #3555, #3029, #2316, .T. ) ;
#3266 = VECTOR ( 'NONE', #2796, 1000.000000000000000 ) ;
#3267 = ORIENTED_EDGE ( 'NONE', *, *, #2037, .T. ) ;
#3268 = DIRECTION ( 'NONE',  ( -1.000000000000000000, -3.903912049434000100E-032, -3.516331370222999900E-016 ) ) ;
#3269 = ORIENTED_EDGE ( 'NONE', *, *, #2603, .T. ) ;
#3270 = ORIENTED_EDGE ( 'NONE', *, *, #3367, .T. ) ;
#3271 = DIRECTION ( 'NONE',  ( -0.0000000000000000000, -1.110223024625000000E-016, -1.000000000000000000 ) ) ;
#3272 = LINE ( 'NONE', #2138, #3166 ) ;
#3273 =( NAMED_UNIT ( * ) SI_UNIT ( $, .STERADIAN. ) SOLID_ANGLE_UNIT ( ) );
#3274 = EDGE_LOOP ( 'NONE', ( #2533, #3147, #3453, #2658, #1434, #227, #927, #3393, #2218, #2927, #2573, #547, #2987, #407, #3293, #2742, #2791, #1481, #3377, #1035 ) ) ;
#3275 =( NAMED_UNIT ( * ) SI_UNIT ( $, .STERADIAN. ) SOLID_ANGLE_UNIT ( ) );
#3276 = ORIENTED_EDGE ( 'NONE', *, *, #1824, .F. ) ;
#3277 = ORIENTED_EDGE ( 'NONE', *, *, #1938, .T. ) ;
#3278 = CARTESIAN_POINT ( 'NONE',  ( 6.035000000000000100, -3.999840999999999500, 0.7202359999999999900 ) ) ;
#3279 = CARTESIAN_POINT ( 'NONE',  ( 5.205000000000000100, -1.333174333333000200, 5.150235999999999600 ) ) ;
#3280 = ADVANCED_FACE ( 'NONE', ( #724 ), #3098, .F. ) ;
#3281 = CARTESIAN_POINT ( 'NONE',  ( 10.03000000000000100, -1.333174333332999700, 9.520235999999998800 ) ) ;
#3282 = ORIENTED_EDGE ( 'NONE', *, *, #505, .T. ) ;
#3283 = CARTESIAN_POINT ( 'NONE',  ( 6.665000000000000900, -3.999840999999999500, 5.150235999999999600 ) ) ;
#3284 = CARTESIAN_POINT ( 'NONE',  ( 2.830000000000000100, -0.5331743333329996800, 8.120236000000000200 ) ) ;
#3285 = EDGE_CURVE ( 'NONE', #480, #1516, #3699, .T. ) ;
#3286 = VERTEX_POINT ( 'NONE', #1107 ) ;
#3287 = DIRECTION ( 'NONE',  ( 0.0000000000000000000, -1.000000000000000000, 1.110223024625000000E-016 ) ) ;
#3288 = ORIENTED_EDGE ( 'NONE', *, *, #618, .F. ) ;
#3289 = PLANE ( 'NONE',  #2230 ) ;
#3290 = DIRECTION ( 'NONE',  ( 1.000000000000000000, 0.0000000000000000000, 0.0000000000000000000 ) ) ;
#3291 = CARTESIAN_POINT ( 'NONE',  ( -10.03000000000000100, -3.199840999999999700, 8.120236000000000200 ) ) ;
#3292 = CARTESIAN_POINT ( 'NONE',  ( 5.205000000000000100, -3.999840999999999500, 8.120236000000000200 ) ) ;
#3293 = ORIENTED_EDGE ( 'NONE', *, *, #767, .F. ) ;
#3294 = ORIENTED_EDGE ( 'NONE', *, *, #247, .T. ) ;
#3295 = EDGE_CURVE ( 'NONE', #846, #1385, #2908, .T. ) ;
#3296 = CARTESIAN_POINT ( 'NONE',  ( 6.035000000000001000, 3.200158999999999800, 5.150235999999999600 ) ) ;
#3297 = CARTESIAN_POINT ( 'NONE',  ( -5.935000000000000500, 4.000159000000000900, 0.7202359999999991000 ) ) ;
#3298 = ORIENTED_EDGE ( 'NONE', *, *, #2222, .T. ) ;
#3299 = CARTESIAN_POINT ( 'NONE',  ( -5.204999999999999200, -3.999840999999999500, 5.150235999999999600 ) ) ;
#3300 = CARTESIAN_POINT ( 'NONE',  ( 10.03000000000000100, 2.400158999999999900, 5.150235999999999600 ) ) ;
#3301 = DIRECTION ( 'NONE',  ( -1.199209180814000000E-032, 1.000000000000000000, -1.295327720152991000E-048 ) ) ;
#3302 = DIRECTION ( 'NONE',  ( 9.197897539643999400E-017, -0.0000000000000000000, 1.000000000000000000 ) ) ;
#3303 = ADVANCED_FACE ( 'NONE', ( #2149 ), #2061, .F. ) ;
#3304 = LINE ( 'NONE', #1810, #251 ) ;
#3305 = CARTESIAN_POINT ( 'NONE',  ( -5.835000000000000000, -3.199841000000000200, 8.750235999999999200 ) ) ;
#3306 = DIRECTION ( 'NONE',  ( 0.0000000000000000000, -1.000000000000000000, 1.110223024625000000E-016 ) ) ;
#3307 = VECTOR ( 'NONE', #3065, 1000.000000000000000 ) ;
#3308 = LINE ( 'NONE', #1354, #2404 ) ;
#3309 = CARTESIAN_POINT ( 'NONE',  ( -5.205000000000000100, -1.333174333333000000, 5.150235999999999600 ) ) ;
#3310 = CYLINDRICAL_SURFACE ( 'NONE', #848, 0.1000000000000000500 ) ;
#3311 = CARTESIAN_POINT ( 'NONE',  ( -6.035000000000001000, -3.999840999999999500, 0.7202359999999999900 ) ) ;
#3312 = EDGE_CURVE ( 'NONE', #1301, #2217, #622, .T. ) ;
#3313 = CARTESIAN_POINT ( 'NONE',  ( -5.835000000000000000, 2.400158999999999900, 8.750235999999999200 ) ) ;
#3314 = LINE ( 'NONE', #2362, #1119 ) ;
#3315 = FACE_OUTER_BOUND ( 'NONE', #2051, .T. ) ;
#3316 = PLANE ( 'NONE',  #44 ) ;
#3317 = CARTESIAN_POINT ( 'NONE',  ( -11.43000000000000000, 4.000159000000000900, 9.520235999999998800 ) ) ;
#3318 = EDGE_CURVE ( 'NONE', #1639, #1948, #2820, .T. ) ;
#3319 = VECTOR ( 'NONE', #3364, 1000.000000000000000 ) ;
#3320 = ORIENTED_EDGE ( 'NONE', *, *, #1058, .F. ) ;
#3321 = VECTOR ( 'NONE', #3611, 1000.000000000000000 ) ;
#3322 = ORIENTED_EDGE ( 'NONE', *, *, #1968, .T. ) ;
#3323 = CARTESIAN_POINT ( 'NONE',  ( 6.035000000000001000, -3.199841000000000200, 10.15023600000000000 ) ) ;
#3324 = ORIENTED_EDGE ( 'NONE', *, *, #2686, .F. ) ;
#3325 = ADVANCED_FACE ( 'NONE', ( #3528 ), #3413, .F. ) ;
#3326 = AXIS2_PLACEMENT_3D ( 'NONE', #929, #2909, #1228 ) ;
#3327 = VERTEX_POINT ( 'NONE', #2807 ) ;
#3328 = EDGE_CURVE ( 'NONE', #544, #1921, #2738, .T. ) ;
#3329 = CARTESIAN_POINT ( 'NONE',  ( -10.03000000000000100, 2.400158999999999900, 9.520235999999998800 ) ) ;
#3330 = CARTESIAN_POINT ( 'NONE',  ( 2.830000000000000100, 2.800159000000000300, 8.120236000000000200 ) ) ;
#3331 = ORIENTED_EDGE ( 'NONE', *, *, #670, .T. ) ;
#3332 = DIRECTION ( 'NONE',  ( 0.0000000000000000000, 1.000000000000000000, 0.0000000000000000000 ) ) ;
#3333 = DIRECTION ( 'NONE',  ( -0.0000000000000000000, 1.110223024625000000E-016, 1.000000000000000000 ) ) ;
#3334 = DIRECTION ( 'NONE',  ( 0.0000000000000000000, -1.110223024625000000E-016, -1.000000000000000000 ) ) ;
#3335 = ORIENTED_EDGE ( 'NONE', *, *, #1005, .F. ) ;
#3336 = ORIENTED_EDGE ( 'NONE', *, *, #1357, .F. ) ;
#3337 = EDGE_CURVE ( 'NONE', #3103, #2551, #1405, .T. ) ;
#3338 = CARTESIAN_POINT ( 'NONE',  ( -2.830000000000000100, 2.400158999999999900, 5.150235999999999600 ) ) ;
#3339 = DIRECTION ( 'NONE',  ( -0.0000000000000000000, -1.000000000000000000, 1.110223024625000000E-016 ) ) ;
#3340 = CARTESIAN_POINT ( 'NONE',  ( -6.035000000000001000, -3.999840999999999500, 5.150235999999999600 ) ) ;
#3341 = CARTESIAN_POINT ( 'NONE',  ( 10.03000000000000100, 2.400158999999999900, 5.150235999999999600 ) ) ;
#3342 = ORIENTED_EDGE ( 'NONE', *, *, #1197, .T. ) ;
#3343 = ORIENTED_EDGE ( 'NONE', *, *, #1963, .F. ) ;
#3344 = VERTEX_POINT ( 'NONE', #2239 ) ;
#3345 = EDGE_CURVE ( 'NONE', #1989, #1148, #3441, .T. ) ;
#3346 = CARTESIAN_POINT ( 'NONE',  ( 10.03000000000000100, 0.9334923333330000800, 5.150235999999999600 ) ) ;
#3347 = ADVANCED_FACE ( 'NONE', ( #1321 ), #1690, .T. ) ;
#3348 = ORIENTED_EDGE ( 'NONE', *, *, #306, .F. ) ;
#3349 = CARTESIAN_POINT ( 'NONE',  ( 5.205000000000000100, 4.000159000000000000, 0.7202359999999992100 ) ) ;
#3350 = EDGE_CURVE ( 'NONE', #1507, #2806, #1971, .T. ) ;
#3351 = ORIENTED_EDGE ( 'NONE', *, *, #90, .F. ) ;
#3352 = CARTESIAN_POINT ( 'NONE',  ( 10.03000000000000100, -0.5331743333329999100, 5.150235999999999600 ) ) ;
#3353 = DIRECTION ( 'NONE',  ( -1.000000000000000000, 0.0000000000000000000, -0.0000000000000000000 ) ) ;
#3354 = DIRECTION ( 'NONE',  ( 1.000000000000000000, 2.409338161078999800E-016, 0.0000000000000000000 ) ) ;
#3355 = VECTOR ( 'NONE', #1979, 1000.000000000000000 ) ;
#3356 = CARTESIAN_POINT ( 'NONE',  ( -5.835000000000000000, 2.400158999999999900, 8.750235999999999200 ) ) ;
#3357 = LINE ( 'NONE', #32, #1623 ) ;
#3358 = CARTESIAN_POINT ( 'NONE',  ( 6.035000000000000100, -3.999840999999999500, 0.7202359999999999900 ) ) ;
#3359 = ORIENTED_EDGE ( 'NONE', *, *, #3233, .F. ) ;
#3360 = VERTEX_POINT ( 'NONE', #2832 ) ;
#3361 = CARTESIAN_POINT ( 'NONE',  ( -5.835000000000000000, -3.999840999999999500, 5.150235999999999600 ) ) ;
#3362 = VECTOR ( 'NONE', #2720, 1000.000000000000000 ) ;
#3363 = DIRECTION ( 'NONE',  ( -1.199209180814000000E-032, 1.000000000000000000, -1.295327720152991000E-048 ) ) ;
#3364 = DIRECTION ( 'NONE',  ( -3.063515287996999900E-032, 1.000000000000000000, -8.453369919038202000E-048 ) ) ;
#3365 = ADVANCED_FACE ( 'NONE', ( #311 ), #1795, .F. ) ;
#3366 = VECTOR ( 'NONE', #1712, 1000.000000000000000 ) ;
#3367 = EDGE_CURVE ( 'NONE', #2323, #2096, #417, .T. ) ;
#3368 = LINE ( 'NONE', #2414, #3217 ) ;
#3369 = ORIENTED_EDGE ( 'NONE', *, *, #249, .F. ) ;
#3370 = CARTESIAN_POINT ( 'NONE',  ( 6.665000000000000900, 0.5334923333330000600, 9.520235999999998800 ) ) ;
#3371 = LINE ( 'NONE', #1201, #2554 ) ;
#3372 = ORIENTED_EDGE ( 'NONE', *, *, #3547, .T. ) ;
#3373 = EDGE_LOOP ( 'NONE', ( #1776, #2518, #236, #606 ) ) ;
#3374 = VERTEX_POINT ( 'NONE', #196 ) ;
#3375 = AXIS2_PLACEMENT_3D ( 'NONE', #1736, #3474, #1449 ) ;
#3376 = ORIENTED_EDGE ( 'NONE', *, *, #972, .T. ) ;
#3377 = ORIENTED_EDGE ( 'NONE', *, *, #556, .F. ) ;
#3378 = DIRECTION ( 'NONE',  ( 2.759369261892999800E-016, -0.0000000000000000000, -1.000000000000000000 ) ) ;
#3379 = CARTESIAN_POINT ( 'NONE',  ( -6.035000000000001000, -2.399841000000000300, 5.150235999999999600 ) ) ;
#3380 = AXIS2_PLACEMENT_3D ( 'NONE', #686, #2688, #996 ) ;
#3381 = VERTEX_POINT ( 'NONE', #1422 ) ;
#3382 = CARTESIAN_POINT ( 'NONE',  ( 2.830000000000000100, -2.799840999999999400, 8.750235999999999200 ) ) ;
#3383 = DIRECTION ( 'NONE',  ( 1.000000000000000000, -0.0000000000000000000, 0.0000000000000000000 ) ) ;
#3384 = LINE ( 'NONE', #410, #1912 ) ;
#3385 = ORIENTED_EDGE ( 'NONE', *, *, #1392, .T. ) ;
#3386 = DIRECTION ( 'NONE',  ( -0.0000000000000000000, -1.110223024625000000E-016, -1.000000000000000000 ) ) ;
#3387 = DIRECTION ( 'NONE',  ( 0.0000000000000000000, -1.110223024625000000E-016, -1.000000000000000000 ) ) ;
#3388 = VERTEX_POINT ( 'NONE', #1705 ) ;
#3389 = CARTESIAN_POINT ( 'NONE',  ( 10.03000000000000100, -2.399841000000000300, 5.150235999999999600 ) ) ;
#3390 = PLANE ( 'NONE',  #2207 ) ;
#3391 = EDGE_CURVE ( 'NONE', #189, #590, #1062, .T. ) ;
#3392 = ORIENTED_EDGE ( 'NONE', *, *, #3031, .F. ) ;
#3393 = ORIENTED_EDGE ( 'NONE', *, *, #3547, .F. ) ;
#3394 = VERTEX_POINT ( 'NONE', #1164 ) ;
#3395 = EDGE_CURVE ( 'NONE', #2053, #2897, #1152, .T. ) ;
#3396 = CARTESIAN_POINT ( 'NONE',  ( -5.835000000000000000, -3.199840999999999700, 8.750235999999999200 ) ) ;
#3397 = CARTESIAN_POINT ( 'NONE',  ( -5.835000000000000000, 4.000159000000000900, 8.750235999999997500 ) ) ;
#3398 = DIRECTION ( 'NONE',  ( 0.0000000000000000000, 1.000000000000000000, -1.110223024625000000E-016 ) ) ;
#3399 = FACE_OUTER_BOUND ( 'NONE', #1390, .T. ) ;
#3400 = EDGE_CURVE ( 'NONE', #3231, #1385, #2541, .T. ) ;
#3401 = CARTESIAN_POINT ( 'NONE',  ( 6.035000000000000100, 1.333492333332999500, 0.7202359999999999900 ) ) ;
#3402 = DIRECTION ( 'NONE',  ( 9.392633243379530200E-049, -1.000000000000000000, -8.639247820005902700E-065 ) ) ;
#3403 = CARTESIAN_POINT ( 'NONE',  ( -2.830000000000000100, -3.199840999999998800, 8.120236000000000200 ) ) ;
#3404 = VECTOR ( 'NONE', #3631, 1000.000000000000000 ) ;
#3405 = DIRECTION ( 'NONE',  ( 0.0000000000000000000, 1.000000000000000000, 0.0000000000000000000 ) ) ;
#3406 = LINE ( 'NONE', #772, #2498 ) ;
#3407 = LINE ( 'NONE', #215, #1764 ) ;
#3408 = ORIENTED_EDGE ( 'NONE', *, *, #644, .T. ) ;
#3409 = CARTESIAN_POINT ( 'NONE',  ( 6.035000000000001000, -0.5331743333330000200, 10.15023600000000000 ) ) ;
#3410 = CIRCLE ( 'NONE', #3326, 0.3999999999999999700 ) ;
#3411 = ORIENTED_EDGE ( 'NONE', *, *, #667, .F. ) ;
#3412 = ORIENTED_EDGE ( 'NONE', *, *, #2285, .F. ) ;
#3413 = PLANE ( 'NONE',  #1551 ) ;
#3414 = CARTESIAN_POINT ( 'NONE',  ( -5.935000000000000500, 4.000159000000000900, -0.009764000000000864000 ) ) ;
#3415 = VECTOR ( 'NONE', #2786, 1000.000000000000000 ) ;
#3416 = VERTEX_POINT ( 'NONE', #1993 ) ;
#3417 = EDGE_CURVE ( 'NONE', #3689, #3632, #3155, .T. ) ;
#3418 = CARTESIAN_POINT ( 'NONE',  ( 5.935000000000000500, -3.999840999999999500, 0.7202359999999999900 ) ) ;
#3419 = DIRECTION ( 'NONE',  ( 0.0000000000000000000, 0.0000000000000000000, -1.000000000000000000 ) ) ;
#3420 = ORIENTED_EDGE ( 'NONE', *, *, #1706, .T. ) ;
#3421 = DIRECTION ( 'NONE',  ( -9.197897539643999400E-017, 0.0000000000000000000, -1.000000000000000000 ) ) ;
#3422 = ORIENTED_EDGE ( 'NONE', *, *, #3143, .T. ) ;
#3423 = VERTEX_POINT ( 'NONE', #859 ) ;
#3424 = DIRECTION ( 'NONE',  ( -1.000000000000000000, -0.0000000000000000000, -0.0000000000000000000 ) ) ;
#3425 = MECHANICAL_DESIGN_GEOMETRIC_PRESENTATION_REPRESENTATION (  '', ( #3007 ), #3613 ) ;
#3426 = ORIENTED_EDGE ( 'NONE', *, *, #1963, .T. ) ;
#3427 = CARTESIAN_POINT ( 'NONE',  ( -2.830000000000000100, 3.200159000000000200, 5.150235999999999600 ) ) ;
#3428 = ORIENTED_EDGE ( 'NONE', *, *, #2623, .F. ) ;
#3429 = VERTEX_POINT ( 'NONE', #2271 ) ;
#3430 = CARTESIAN_POINT ( 'NONE',  ( 6.035000000000001000, -2.399841000000000300, 10.15023600000000000 ) ) ;
#3431 = CARTESIAN_POINT ( 'NONE',  ( 5.835000000000000000, -3.999840999999999500, 5.150235999999999600 ) ) ;
#3432 = ORIENTED_EDGE ( 'NONE', *, *, #459, .F. ) ;
#3433 = VECTOR ( 'NONE', #1229, 1000.000000000000000 ) ;
#3434 = CARTESIAN_POINT ( 'NONE',  ( -10.03000000000000100, -2.799840999999999800, 5.150235999999999600 ) ) ;
#3435 = EDGE_CURVE ( 'NONE', #2294, #2468, #106, .T. ) ;
#3436 = ORIENTED_EDGE ( 'NONE', *, *, #1226, .T. ) ;
#3437 = DIRECTION ( 'NONE',  ( 0.0000000000000000000, 1.110223024625000000E-016, 1.000000000000000000 ) ) ;
#3438 = PLANE ( 'NONE',  #3442 ) ;
#3439 = VECTOR ( 'NONE', #3548, 1000.000000000000000 ) ;
#3440 = EDGE_CURVE ( 'NONE', #2468, #2480, #2449, .T. ) ;
#3441 = LINE ( 'NONE', #514, #2638 ) ;
#3442 = AXIS2_PLACEMENT_3D ( 'NONE', #832, #1695, #3719 ) ;
#3443 = LINE ( 'NONE', #2642, #2740 ) ;
#3444 = CARTESIAN_POINT ( 'NONE',  ( -5.205000000000000100, -2.399841000000000300, 5.150235999999999600 ) ) ;
#3445 = ORIENTED_EDGE ( 'NONE', *, *, #3064, .F. ) ;
#3446 = LINE ( 'NONE', #3311, #2646 ) ;
#3447 = DIRECTION ( 'NONE',  ( -1.000000000000000000, 0.0000000000000000000, -0.0000000000000000000 ) ) ;
#3448 = VECTOR ( 'NONE', #3090, 1000.000000000000000 ) ;
#3449 = VERTEX_POINT ( 'NONE', #1728 ) ;
#3450 = VECTOR ( 'NONE', #2082, 1000.000000000000000 ) ;
#3451 = EDGE_LOOP ( 'NONE', ( #2964, #297, #3196, #1216 ) ) ;
#3452 = VECTOR ( 'NONE', #3339, 1000.000000000000000 ) ;
#3453 = ORIENTED_EDGE ( 'NONE', *, *, #3780, .F. ) ;
#3454 = DIRECTION ( 'NONE',  ( 9.392633243379530200E-049, -1.000000000000000000, -8.639247820005902700E-065 ) ) ;
#3455 = CARTESIAN_POINT ( 'NONE',  ( -5.935000000000000500, 4.000159000000000900, 0.6202359999999990100 ) ) ;
#3456 = ORIENTED_EDGE ( 'NONE', *, *, #2545, .F. ) ;
#3457 = ORIENTED_EDGE ( 'NONE', *, *, #8, .T. ) ;
#3458 = EDGE_CURVE ( 'NONE', #1176, #1600, #4, .T. ) ;
#3459 = CARTESIAN_POINT ( 'NONE',  ( 6.035000000000001000, 1.333492333332999500, 10.15023600000000000 ) ) ;
#3460 = DIRECTION ( 'NONE',  ( 0.0000000000000000000, 0.0000000000000000000, -1.000000000000000000 ) ) ;
#3461 = ORIENTED_EDGE ( 'NONE', *, *, #2754, .F. ) ;
#3462 = CARTESIAN_POINT ( 'NONE',  ( -6.665000000000000000, -3.999840999999999500, 5.150235999999999600 ) ) ;
#3463 = CARTESIAN_POINT ( 'NONE',  ( 5.935000000000000500, -3.999840999999999500, 0.7202359999999999900 ) ) ;
#3464 = DIRECTION ( 'NONE',  ( 1.000000000000000000, 0.0000000000000000000, 0.0000000000000000000 ) ) ;
#3465 = DIRECTION ( 'NONE',  ( 0.0000000000000000000, -1.000000000000000000, 1.110223024625000000E-016 ) ) ;
#3466 = AXIS2_PLACEMENT_3D ( 'NONE', #3164, #3156, #3332 ) ;
#3467 = EDGE_LOOP ( 'NONE', ( #1099, #1940, #2221, #190, #55, #2601, #2622, #2630, #3706, #2273, #950, #1128, #541, #803, #2126, #2344, #3818, #3198, #1256, #3552 ) ) ;
#3468 = ORIENTED_EDGE ( 'NONE', *, *, #534, .T. ) ;
#3469 = ORIENTED_EDGE ( 'NONE', *, *, #2132, .F. ) ;
#3470 = ORIENTED_EDGE ( 'NONE', *, *, #1889, .T. ) ;
#3471 = DIRECTION ( 'NONE',  ( -3.516331370222999900E-016, 0.0000000000000000000, 1.000000000000000000 ) ) ;
#3472 = DIRECTION ( 'NONE',  ( -1.000000000000000000, 0.0000000000000000000, -0.0000000000000000000 ) ) ;
#3473 = ORIENTED_EDGE ( 'NONE', *, *, #512, .F. ) ;
#3474 = DIRECTION ( 'NONE',  ( 0.0000000000000000000, -1.000000000000000000, 1.110223024625000000E-016 ) ) ;
#3475 = CARTESIAN_POINT ( 'NONE',  ( -5.835000000000000000, -3.999840999999999500, 8.750235999999999200 ) ) ;
#3476 = ORIENTED_EDGE ( 'NONE', *, *, #1403, .F. ) ;
#3477 = VECTOR ( 'NONE', #1320, 1000.000000000000000 ) ;
#3478 = CARTESIAN_POINT ( 'NONE',  ( 10.03000000000000100, 1.333492333333000000, 5.150235999999999600 ) ) ;
#3479 = ORIENTED_EDGE ( 'NONE', *, *, #2303, .T. ) ;
#3480 = EDGE_CURVE ( 'NONE', #2790, #758, #3062, .T. ) ;
#3481 = VECTOR ( 'NONE', #2639, 1000.000000000000000 ) ;
#3482 = DIRECTION ( 'NONE',  ( 0.0000000000000000000, -1.110223024625000000E-016, -1.000000000000000000 ) ) ;
#3483 = DIRECTION ( 'NONE',  ( 9.197897539643999400E-017, -0.0000000000000000000, 1.000000000000000000 ) ) ;
#3484 = VECTOR ( 'NONE', #145, 1000.000000000000000 ) ;
#3485 = LINE ( 'NONE', #1055, #1198 ) ;
#3486 = AXIS2_PLACEMENT_3D ( 'NONE', #1579, #2402, #372 ) ;
#3487 = DIRECTION ( 'NONE',  ( 0.0000000000000000000, 1.000000000000000000, -1.110223024625000000E-016 ) ) ;
#3488 = DIRECTION ( 'NONE',  ( 0.0000000000000000000, 1.110223024625000000E-016, 1.000000000000000000 ) ) ;
#3489 = DIRECTION ( 'NONE',  ( 1.000000000000000000, -0.0000000000000000000, 0.0000000000000000000 ) ) ;
#3490 = CIRCLE ( 'NONE', #397, 0.4000000000000000800 ) ;
#3491 = VECTOR ( 'NONE', #2822, 1000.000000000000000 ) ;
#3492 = LINE ( 'NONE', #404, #3321 ) ;
#3493 = AXIS2_PLACEMENT_3D ( 'NONE', #2591, #1766, #3778 ) ;
#3494 = VECTOR ( 'NONE', #3767, 1000.000000000000000 ) ;
#3495 = CARTESIAN_POINT ( 'NONE',  ( 2.830000000000000100, 2.800158999999999800, 5.150235999999999600 ) ) ;
#3496 = VERTEX_POINT ( 'NONE', #564 ) ;
#3497 = CARTESIAN_POINT ( 'NONE',  ( 5.835000000000000000, -3.999840999999999500, 0.7202359999999999900 ) ) ;
#3498 = CARTESIAN_POINT ( 'NONE',  ( -10.03000000000000100, -1.333174333333000000, 5.150235999999999600 ) ) ;
#3499 = VECTOR ( 'NONE', #3656, 1000.000000000000000 ) ;
#3500 = VERTEX_POINT ( 'NONE', #877 ) ;
#3501 = CARTESIAN_POINT ( 'NONE',  ( 10.03000000000000100, -0.9331743333329995900, 9.520235999999998800 ) ) ;
#3502 = EDGE_LOOP ( 'NONE', ( #2212, #1957, #879, #1588 ) ) ;
#3503 = DIRECTION ( 'NONE',  ( 1.000000000000000000, 0.0000000000000000000, 0.0000000000000000000 ) ) ;
#3504 = ORIENTED_EDGE ( 'NONE', *, *, #359, .T. ) ;
#3505 = LINE ( 'NONE', #78, #3261 ) ;
#3506 = CARTESIAN_POINT ( 'NONE',  ( 6.665000000000000000, -2.399841000000000300, 9.520235999999998800 ) ) ;
#3507 = VERTEX_POINT ( 'NONE', #3180 ) ;
#3508 = EDGE_CURVE ( 'NONE', #2226, #1673, #1533, .T. ) ;
#3509 = ORIENTED_EDGE ( 'NONE', *, *, #3233, .T. ) ;
#3510 = PLANE ( 'NONE',  #3493 ) ;
#3511 = LINE ( 'NONE', #2751, #3177 ) ;
#3512 = CARTESIAN_POINT ( 'NONE',  ( 2.830000000000000100, 0.5334923333329999500, 5.150235999999999600 ) ) ;
#3513 = PLANE ( 'NONE',  #3726 ) ;
#3514 = EDGE_CURVE ( 'NONE', #3515, #765, #3744, .T. ) ;
#3515 = VERTEX_POINT ( 'NONE', #1188 ) ;
#3516 = DIRECTION ( 'NONE',  ( 0.0000000000000000000, -1.110223024625000000E-016, -1.000000000000000000 ) ) ;
#3517 = ORIENTED_EDGE ( 'NONE', *, *, #2240, .F. ) ;
#3518 = AXIS2_PLACEMENT_3D ( 'NONE', #1760, #1777, #3785 ) ;
#3519 = EDGE_LOOP ( 'NONE', ( #1269, #1306, #784, #2704 ) ) ;
#3520 = VERTEX_POINT ( 'NONE', #1456 ) ;
#3521 = CARTESIAN_POINT ( 'NONE',  ( -6.665000000000000000, -0.5331743333330000200, 9.520235999999998800 ) ) ;
#3522 = ORIENTED_EDGE ( 'NONE', *, *, #1981, .T. ) ;
#3523 = CARTESIAN_POINT ( 'NONE',  ( -2.830000000000000100, -1.333174333332999700, 8.750235999999999200 ) ) ;
#3524 = EDGE_LOOP ( 'NONE', ( #3150, #3343, #2917, #710, #2395, #2764 ) ) ;
#3525 = DIRECTION ( 'NONE',  ( -0.0000000000000000000, -1.110223024625000000E-016, -1.000000000000000000 ) ) ;
#3526 = DIRECTION ( 'NONE',  ( 0.0000000000000000000, -1.110223024625000000E-016, -1.000000000000000000 ) ) ;
#3527 = ADVANCED_FACE ( 'NONE', ( #960 ), #2861, .F. ) ;
#3528 = FACE_OUTER_BOUND ( 'NONE', #1613, .T. ) ;
#3529 = EDGE_CURVE ( 'NONE', #182, #2868, #2955, .T. ) ;
#3530 = FACE_OUTER_BOUND ( 'NONE', #1141, .T. ) ;
#3531 = CARTESIAN_POINT ( 'NONE',  ( -10.03000000000000100, 2.400158999999999900, 5.150235999999999600 ) ) ;
#3532 = LINE ( 'NONE', #7, #1976 ) ;
#3533 = AXIS2_PLACEMENT_3D ( 'NONE', #2905, #3306, #2971 ) ;
#3534 = VECTOR ( 'NONE', #48, 1000.000000000000000 ) ;
#3535 = DIRECTION ( 'NONE',  ( 1.000000000000000000, -2.409338161078999800E-016, 0.0000000000000000000 ) ) ;
#3536 = ORIENTED_EDGE ( 'NONE', *, *, #3435, .T. ) ;
#3537 = CIRCLE ( 'NONE', #2980, 0.4000000000000001900 ) ;
#3538 = CARTESIAN_POINT ( 'NONE',  ( 5.835000000000000000, 3.200158999999999800, 8.750235999999999200 ) ) ;
#3539 = ORIENTED_EDGE ( 'NONE', *, *, #1917, .T. ) ;
#3540 = ORIENTED_EDGE ( 'NONE', *, *, #889, .T. ) ;
#3541 = LINE ( 'NONE', #3497, #3637 ) ;
#3542 = CARTESIAN_POINT ( 'NONE',  ( -6.665000000000000000, -2.399841000000000300, 9.520235999999997000 ) ) ;
#3543 = CARTESIAN_POINT ( 'NONE',  ( 10.03000000000000100, 0.5334923333330002800, 10.15023600000000000 ) ) ;
#3544 = ADVANCED_FACE ( 'NONE', ( #2104 ), #3194, .F. ) ;
#3545 = DIRECTION ( 'NONE',  ( 0.0000000000000000000, 1.000000000000000000, -1.110223024625000000E-016 ) ) ;
#3546 = LINE ( 'NONE', #958, #3729 ) ;
#3547 = EDGE_CURVE ( 'NONE', #1563, #1701, #565, .T. ) ;
#3548 = DIRECTION ( 'NONE',  ( 9.392633243379530200E-049, -1.000000000000000000, -8.639247820005902700E-065 ) ) ;
#3549 = AXIS2_PLACEMENT_3D ( 'NONE', #2859, #867, #2563 ) ;
#3550 = CARTESIAN_POINT ( 'NONE',  ( 10.03000000000000100, -2.399840999999999900, 10.15023600000000000 ) ) ;
#3551 = CARTESIAN_POINT ( 'NONE',  ( -11.43000000000000100, 4.000159000000000900, 9.520235999999997000 ) ) ;
#3552 = ORIENTED_EDGE ( 'NONE', *, *, #476, .T. ) ;
#3553 = DIRECTION ( 'NONE',  ( 0.0000000000000000000, 1.110223024625000000E-016, 1.000000000000000000 ) ) ;
#3554 = AXIS2_PLACEMENT_3D ( 'NONE', #2990, #3596, #1853 ) ;
#3555 = VERTEX_POINT ( 'NONE', #2891 ) ;
#3556 = DIRECTION ( 'NONE',  ( 0.0000000000000000000, 1.110223024625000000E-016, 1.000000000000000000 ) ) ;
#3557 = ADVANCED_FACE ( 'NONE', ( #2773 ), #3510, .F. ) ;
#3558 = ORIENTED_EDGE ( 'NONE', *, *, #484, .T. ) ;
#3559 = APPLICATION_PROTOCOL_DEFINITION ( 'draft international standard', 'automotive_design', 1998, #23 ) ;
#3560 = DIRECTION ( 'NONE',  ( 0.0000000000000000000, -1.000000000000000000, 1.110223024625000000E-016 ) ) ;
#3561 = DIRECTION ( 'NONE',  ( -3.063515287996999900E-032, 1.000000000000000000, -8.453369919038202000E-048 ) ) ;
#3562 = DIRECTION ( 'NONE',  ( 0.0000000000000000000, -1.110223024625000000E-016, -1.000000000000000000 ) ) ;
#3563 = VECTOR ( 'NONE', #1468, 1000.000000000000000 ) ;
#3564 = CARTESIAN_POINT ( 'NONE',  ( 6.035000000000000100, 3.200159000000000200, 0.7202359999999999900 ) ) ;
#3565 = EDGE_CURVE ( 'NONE', #2663, #2281, #1364, .T. ) ;
#3566 = DIRECTION ( 'NONE',  ( 0.0000000000000000000, 1.000000000000000000, 0.0000000000000000000 ) ) ;
#3567 = CARTESIAN_POINT ( 'NONE',  ( -5.835000000000000000, 1.333492333332999800, 8.750235999999999200 ) ) ;
#3568 = LINE ( 'NONE', #3018, #2019 ) ;
#3569 = PLANE ( 'NONE',  #483 ) ;
#3570 = APPLICATION_CONTEXT ( 'automotive_design' ) ;
#3571 = VECTOR ( 'NONE', #2769, 1000.000000000000000 ) ;
#3572 = FACE_OUTER_BOUND ( 'NONE', #342, .T. ) ;
#3573 = DIRECTION ( 'NONE',  ( 0.0000000000000000000, -1.110223024625000000E-016, -1.000000000000000000 ) ) ;
#3574 = EDGE_CURVE ( 'NONE', #3515, #3520, #2014, .T. ) ;
#3575 = VECTOR ( 'NONE', #2733, 1000.000000000000000 ) ;
#3576 = VERTEX_POINT ( 'NONE', #903 ) ;
#3577 = DIRECTION ( 'NONE',  ( 1.000000000000000000, 4.487327949786024300E-048, 4.041825696509680000E-032 ) ) ;
#3578 = LINE ( 'NONE', #571, #2787 ) ;
#3579 = DIRECTION ( 'NONE',  ( 0.0000000000000000000, 0.0000000000000000000, -1.000000000000000000 ) ) ;
#3580 = VECTOR ( 'NONE', #730, 1000.000000000000000 ) ;
#3581 = ORIENTED_EDGE ( 'NONE', *, *, #1585, .T. ) ;
#3582 = ADVANCED_FACE ( 'NONE', ( #3658 ), #1195, .F. ) ;
#3583 = CARTESIAN_POINT ( 'NONE',  ( 6.035000000000000100, -1.333174333333000000, 10.15023600000000000 ) ) ;
#3584 = LINE ( 'NONE', #2487, #3674 ) ;
#3585 = ORIENTED_EDGE ( 'NONE', *, *, #139, .F. ) ;
#3586 = LINE ( 'NONE', #3024, #3580 ) ;
#3587 = DIRECTION ( 'NONE',  ( 2.674902700537562600E-032, -1.110223024625000000E-016, -1.000000000000000000 ) ) ;
#3588 = ORIENTED_EDGE ( 'NONE', *, *, #3350, .F. ) ;
#3589 = VERTEX_POINT ( 'NONE', #2056 ) ;
#3590 = VECTOR ( 'NONE', #3621, 1000.000000000000000 ) ;
#3591 = LINE ( 'NONE', #2441, #3721 ) ;
#3592 = ORIENTED_EDGE ( 'NONE', *, *, #3601, .F. ) ;
#3593 = DIRECTION ( 'NONE',  ( 0.0000000000000000000, 1.000000000000000000, -1.110223024625000000E-016 ) ) ;
#3594 = EDGE_LOOP ( 'NONE', ( #161, #2768, #3468, #3188 ) ) ;
#3595 = VERTEX_POINT ( 'NONE', #3521 ) ;
#3596 = DIRECTION ( 'NONE',  ( -2.674902700537559800E-032, 1.000000000000000000, -1.110223024625000000E-016 ) ) ;
#3597 = DIRECTION ( 'NONE',  ( -0.0000000000000000000, 1.110223024625000000E-016, 1.000000000000000000 ) ) ;
#3598 = ORIENTED_EDGE ( 'NONE', *, *, #2735, .T. ) ;
#3599 = CARTESIAN_POINT ( 'NONE',  ( 10.03000000000000100, 3.200159000000000200, 5.150235999999999600 ) ) ;
#3600 = ORIENTED_EDGE ( 'NONE', *, *, #956, .F. ) ;
#3601 = EDGE_CURVE ( 'NONE', #516, #3053, #1929, .T. ) ;
#3602 = ADVANCED_FACE ( 'NONE', ( #1272 ), #936, .T. ) ;
#3603 = DIRECTION ( 'NONE',  ( 0.0000000000000000000, 1.110223024625000000E-016, 1.000000000000000000 ) ) ;
#3604 = ORIENTED_EDGE ( 'NONE', *, *, #726, .T. ) ;
#3605 = ORIENTED_EDGE ( 'NONE', *, *, #1961, .F. ) ;
#3606 = AXIS2_PLACEMENT_3D ( 'NONE', #1646, #3097, #1377 ) ;
#3607 = CARTESIAN_POINT ( 'NONE',  ( 5.835000000000000000, -1.333174333333000000, 5.150235999999999600 ) ) ;
#3608 = CARTESIAN_POINT ( 'NONE',  ( -10.03000000000000100, -1.333174333333000000, 5.150235999999999600 ) ) ;
#3609 = ORIENTED_EDGE ( 'NONE', *, *, #3183, .F. ) ;
#3610 = CIRCLE ( 'NONE', #2924, 0.4000000000000001900 ) ;
#3611 = DIRECTION ( 'NONE',  ( -1.000000000000000000, 2.674902700537559800E-032, -2.969738566768390300E-048 ) ) ;
#3612 = DIRECTION ( 'NONE',  ( 0.0000000000000000000, 1.000000000000000000, 0.0000000000000000000 ) ) ;
#3613 =( GEOMETRIC_REPRESENTATION_CONTEXT ( 3 ) GLOBAL_UNCERTAINTY_ASSIGNED_CONTEXT ( ( #1430 ) ) GLOBAL_UNIT_ASSIGNED_CONTEXT ( ( #681, #2683, #992 ) ) REPRESENTATION_CONTEXT ( 'NONE', 'WORKASPACE' ) );
#3614 = VECTOR ( 'NONE', #1823, 1000.000000000000000 ) ;
#3615 = CARTESIAN_POINT ( 'NONE',  ( 6.665000000000000900, -3.999840999999999500, 5.150235999999999600 ) ) ;
#3616 = VECTOR ( 'NONE', #2229, 1000.000000000000000 ) ;
#3617 = ADVANCED_FACE ( 'NONE', ( #2580 ), #3230, .T. ) ;
#3618 = VECTOR ( 'NONE', #3782, 1000.000000000000000 ) ;
#3619 = DIRECTION ( 'NONE',  ( -0.0000000000000000000, -1.110223024625000000E-016, -1.000000000000000000 ) ) ;
#3620 = EDGE_CURVE ( 'NONE', #1007, #3429, #1841, .T. ) ;
#3621 = DIRECTION ( 'NONE',  ( -2.759369261892999800E-016, 0.0000000000000000000, 1.000000000000000000 ) ) ;
#3622 = DIRECTION ( 'NONE',  ( 0.0000000000000000000, 1.000000000000000000, -1.110223024625000000E-016 ) ) ;
#3623 = DIRECTION ( 'NONE',  ( 1.000000000000000000, 4.487327949786024300E-048, 4.041825696509680000E-032 ) ) ;
#3624 = VECTOR ( 'NONE', #2962, 1000.000000000000000 ) ;
#3625 = DIRECTION ( 'NONE',  ( 0.0000000000000000000, -1.110223024625000000E-016, -1.000000000000000000 ) ) ;
#3626 = CARTESIAN_POINT ( 'NONE',  ( -2.830000000000000100, 2.400159000000000400, 8.120236000000000200 ) ) ;
#3627 = LINE ( 'NONE', #1074, #2070 ) ;
#3628 = FACE_OUTER_BOUND ( 'NONE', #2185, .T. ) ;
#3629 = EDGE_LOOP ( 'NONE', ( #3476, #176, #2531, #753, #1136, #3173 ) ) ;
#3630 = DIRECTION ( 'NONE',  ( -1.000000000000000000, -2.674902700537559800E-032, 2.969738566768390300E-048 ) ) ;
#3631 = DIRECTION ( 'NONE',  ( -1.000000000000000000, 0.0000000000000000000, -0.0000000000000000000 ) ) ;
#3632 = VERTEX_POINT ( 'NONE', #302 ) ;
#3633 = ORIENTED_EDGE ( 'NONE', *, *, #484, .F. ) ;
#3634 = CARTESIAN_POINT ( 'NONE',  ( 5.935000000000000500, -3.999840999999999500, 0.7202359999999999900 ) ) ;
#3635 = CARTESIAN_POINT ( 'NONE',  ( -2.830000000000000100, 0.5334923333330002800, 8.750235999999999200 ) ) ;
#3636 = CARTESIAN_POINT ( 'NONE',  ( -10.03000000000000100, 1.333492333333000000, 5.150235999999999600 ) ) ;
#3637 = VECTOR ( 'NONE', #923, 1000.000000000000000 ) ;
#3638 = ADVANCED_FACE ( 'NONE', ( #3399 ), #2496, .F. ) ;
#3639 = DIRECTION ( 'NONE',  ( 1.000000000000000000, 9.392633243379530200E-049, -9.197897539643999400E-017 ) ) ;
#3640 = PLANE ( 'NONE',  #364 ) ;
#3641 = DIRECTION ( 'NONE',  ( 0.0000000000000000000, 0.0000000000000000000, -1.000000000000000000 ) ) ;
#3642 = CARTESIAN_POINT ( 'NONE',  ( 6.665000000000000000, -3.999840999999998600, 9.520235999999997000 ) ) ;
#3643 = DIRECTION ( 'NONE',  ( -1.000000000000000000, 0.0000000000000000000, -0.0000000000000000000 ) ) ;
#3644 = ORIENTED_EDGE ( 'NONE', *, *, #2353, .F. ) ;
#3645 = CARTESIAN_POINT ( 'NONE',  ( -5.835000000000000000, 3.200159000000000200, 8.750235999999999200 ) ) ;
#3646 = ORIENTED_EDGE ( 'NONE', *, *, #1682, .F. ) ;
#3647 = ORIENTED_EDGE ( 'NONE', *, *, #538, .F. ) ;
#3648 = EDGE_CURVE ( 'NONE', #42, #439, #357, .T. ) ;
#3649 = CARTESIAN_POINT ( 'NONE',  ( -10.03000000000000100, 0.5334923333329999500, 5.150235999999999600 ) ) ;
#3650 = ORIENTED_EDGE ( 'NONE', *, *, #1454, .T. ) ;
#3651 = CARTESIAN_POINT ( 'NONE',  ( 5.835000000000000000, -0.5331743333330000200, 5.150235999999999600 ) ) ;
#3652 = AXIS2_PLACEMENT_3D ( 'NONE', #272, #240, #197 ) ;
#3653 = VERTEX_POINT ( 'NONE', #3243 ) ;
#3654 = CARTESIAN_POINT ( 'NONE',  ( -6.035000000000001000, -0.5331743333330000200, 10.15023600000000000 ) ) ;
#3655 = DIRECTION ( 'NONE',  ( 2.365936668375119900E-032, -1.000000000000000000, -0.0000000000000000000 ) ) ;
#3656 = DIRECTION ( 'NONE',  ( 0.0000000000000000000, 0.0000000000000000000, -1.000000000000000000 ) ) ;
#3657 = DIRECTION ( 'NONE',  ( 7.853897639170090400E-047, 1.564562418826004600E-077, -1.000000000000000000 ) ) ;
#3658 = FACE_OUTER_BOUND ( 'NONE', #3594, .T. ) ;
#3659 = CARTESIAN_POINT ( 'NONE',  ( 6.665000000000000000, 3.200159000000000200, 0.7202359999999999900 ) ) ;
#3660 = VECTOR ( 'NONE', #3354, 1000.000000000000000 ) ;
#3661 = CARTESIAN_POINT ( 'NONE',  ( 6.035000000000000100, -3.999840999999999500, 0.7202359999999999900 ) ) ;
#3662 = LINE ( 'NONE', #2728, #2693 ) ;
#3663 = CARTESIAN_POINT ( 'NONE',  ( 10.03000000000000100, -0.5331743333329997900, 9.520235999999998800 ) ) ;
#3664 = CARTESIAN_POINT ( 'NONE',  ( 2.830000000000000100, -2.799840999999999400, 8.120236000000000200 ) ) ;
#3665 = VECTOR ( 'NONE', #2811, 1000.000000000000000 ) ;
#3666 = LINE ( 'NONE', #2163, #3590 ) ;
#3667 = CARTESIAN_POINT ( 'NONE',  ( -5.935000000000000500, -3.999840999999999500, 0.7202359999999999900 ) ) ;
#3668 = ORIENTED_EDGE ( 'NONE', *, *, #1403, .T. ) ;
#3669 = LINE ( 'NONE', #2872, #2115 ) ;
#3670 = EDGE_CURVE ( 'NONE', #1132, #443, #1753, .T. ) ;
#3671 = CARTESIAN_POINT ( 'NONE',  ( 10.03000000000000100, 2.400158999999999900, 5.150235999999999600 ) ) ;
#3672 = ORIENTED_EDGE ( 'NONE', *, *, #1315, .T. ) ;
#3673 = DIRECTION ( 'NONE',  ( -0.0000000000000000000, 1.000000000000000000, -1.110223024625000000E-016 ) ) ;
#3674 = VECTOR ( 'NONE', #2478, 1000.000000000000000 ) ;
#3675 = VERTEX_POINT ( 'NONE', #1796 ) ;
#3676 = ORIENTED_EDGE ( 'NONE', *, *, #1522, .T. ) ;
#3677 = DIRECTION ( 'NONE',  ( 1.000000000000000000, -0.0000000000000000000, 0.0000000000000000000 ) ) ;
#3678 = ORIENTED_EDGE ( 'NONE', *, *, #3154, .F. ) ;
#3679 = CARTESIAN_POINT ( 'NONE',  ( 6.665000000000000000, 3.200159000000000200, 9.520235999999998800 ) ) ;
#3680 = DIRECTION ( 'NONE',  ( 0.0000000000000000000, 1.110223024625000000E-016, 1.000000000000000000 ) ) ;
#3681 = VECTOR ( 'NONE', #2757, 1000.000000000000000 ) ;
#3682 = ORIENTED_EDGE ( 'NONE', *, *, #1238, .F. ) ;
#3683 = DIRECTION ( 'NONE',  ( -2.674902700537562600E-032, -1.110223024625000000E-016, -1.000000000000000000 ) ) ;
#3684 = ORIENTED_EDGE ( 'NONE', *, *, #137, .F. ) ;
#3685 = DIRECTION ( 'NONE',  ( -0.0000000000000000000, 1.110223024625000000E-016, 1.000000000000000000 ) ) ;
#3686 = DIRECTION ( 'NONE',  ( 0.0000000000000000000, -1.000000000000000000, 1.110223024625000000E-016 ) ) ;
#3687 = VERTEX_POINT ( 'NONE', #3538 ) ;
#3688 = EDGE_CURVE ( 'NONE', #3496, #499, #1110, .T. ) ;
#3689 = VERTEX_POINT ( 'NONE', #3251 ) ;
#3690 = ORIENTED_EDGE ( 'NONE', *, *, #331, .F. ) ;
#3691 = CARTESIAN_POINT ( 'NONE',  ( 2.830000000000000100, -3.199840999999997900, 8.120236000000000200 ) ) ;
#3692 = DIRECTION ( 'NONE',  ( 0.0000000000000000000, -1.000000000000000000, 1.110223024625000000E-016 ) ) ;
#3693 = ORIENTED_EDGE ( 'NONE', *, *, #3265, .T. ) ;
#3694 = EDGE_CURVE ( 'NONE', #2421, #838, #3304, .T. ) ;
#3695 = CARTESIAN_POINT ( 'NONE',  ( 5.835000000000000000, -3.999840999999999500, 8.750235999999999200 ) ) ;
#3696 = CARTESIAN_POINT ( 'NONE',  ( -6.665000000000000000, -3.199841000000000200, 9.520235999999998800 ) ) ;
#3697 = VERTEX_POINT ( 'NONE', #5 ) ;
#3698 = AXIS2_PLACEMENT_3D ( 'NONE', #1247, #3248, #1523 ) ;
#3699 = LINE ( 'NONE', #1936, #910 ) ;
#3700 = DIRECTION ( 'NONE',  ( 0.0000000000000000000, 0.0000000000000000000, -1.000000000000000000 ) ) ;
#3701 = CARTESIAN_POINT ( 'NONE',  ( -5.835000000000000000, -3.999840999999999500, 0.7202360000000008800 ) ) ;
#3702 = DIRECTION ( 'NONE',  ( -0.0000000000000000000, -1.110223024625000000E-016, -1.000000000000000000 ) ) ;
#3703 = LINE ( 'NONE', #273, #1277 ) ;
#3704 = LINE ( 'NONE', #909, #2153 ) ;
#3705 = DIRECTION ( 'NONE',  ( 2.674902700537562600E-032, 1.110223024625000000E-016, 1.000000000000000000 ) ) ;
#3706 = ORIENTED_EDGE ( 'NONE', *, *, #1381, .F. ) ;
#3707 = CARTESIAN_POINT ( 'NONE',  ( -11.43000000000000000, -3.999840999999999500, 9.520235999999998800 ) ) ;
#3708 = DIRECTION ( 'NONE',  ( 0.0000000000000000000, 1.000000000000000000, 0.0000000000000000000 ) ) ;
#3709 = VECTOR ( 'NONE', #341, 1000.000000000000000 ) ;
#3710 = ORIENTED_EDGE ( 'NONE', *, *, #3574, .T. ) ;
#3711 = DIRECTION ( 'NONE',  ( -0.0000000000000000000, 1.110223024625000000E-016, 1.000000000000000000 ) ) ;
#3712 = FACE_OUTER_BOUND ( 'NONE', #346, .T. ) ;
#3713 = LINE ( 'NONE', #1890, #3681 ) ;
#3714 = ORIENTED_EDGE ( 'NONE', *, *, #673, .T. ) ;
#3715 = MANIFOLD_SOLID_BREP ( 'Open CASCADE STEP translator 6.8 1', #1788 ) ;
#3716 = EDGE_CURVE ( 'NONE', #2304, #2472, #2147, .T. ) ;
#3717 = PLANE ( 'NONE',  #537 ) ;
#3718 = EDGE_LOOP ( 'NONE', ( #418, #809, #2111, #2327 ) ) ;
#3719 = DIRECTION ( 'NONE',  ( -2.759369261892999800E-016, 0.0000000000000000000, 1.000000000000000000 ) ) ;
#3720 = ORIENTED_EDGE ( 'NONE', *, *, #277, .T. ) ;
#3721 = VECTOR ( 'NONE', #1881, 1000.000000000000000 ) ;
#3722 = ORIENTED_EDGE ( 'NONE', *, *, #3113, .T. ) ;
#3723 = DIRECTION ( 'NONE',  ( 0.0000000000000000000, 1.110223024625000000E-016, 1.000000000000000000 ) ) ;
#3724 = DIRECTION ( 'NONE',  ( 0.0000000000000000000, -1.000000000000000000, 1.110223024625000000E-016 ) ) ;
#3725 = CARTESIAN_POINT ( 'NONE',  ( -10.03000000000000100, -1.333174333333000000, 5.150235999999999600 ) ) ;
#3726 = AXIS2_PLACEMENT_3D ( 'NONE', #3341, #3465, #3516 ) ;
#3727 = ORIENTED_EDGE ( 'NONE', *, *, #3620, .F. ) ;
#3728 = ORIENTED_EDGE ( 'NONE', *, *, #3312, .F. ) ;
#3729 = VECTOR ( 'NONE', #283, 1000.000000000000000 ) ;
#3730 = CARTESIAN_POINT ( 'NONE',  ( 5.204999999999999200, -3.999840999999999500, 5.150235999999999600 ) ) ;
#3731 = ORIENTED_EDGE ( 'NONE', *, *, #2739, .F. ) ;
#3732 = DIRECTION ( 'NONE',  ( 0.0000000000000000000, 1.000000000000000000, -1.110223024625000000E-016 ) ) ;
#3733 = CARTESIAN_POINT ( 'NONE',  ( -5.205000000000000100, -2.399840999999999900, 8.120236000000000200 ) ) ;
#3734 = ORIENTED_EDGE ( 'NONE', *, *, #593, .T. ) ;
#3735 = ORIENTED_EDGE ( 'NONE', *, *, #1392, .F. ) ;
#3736 = ORIENTED_EDGE ( 'NONE', *, *, #1592, .T. ) ;
#3737 = VECTOR ( 'NONE', #2060, 1000.000000000000000 ) ;
#3738 = DIRECTION ( 'NONE',  ( -1.000000000000000000, -0.0000000000000000000, -0.0000000000000000000 ) ) ;
#3739 = EDGE_CURVE ( 'NONE', #2215, #2812, #906, .T. ) ;
#3740 = ORIENTED_EDGE ( 'NONE', *, *, #3417, .T. ) ;
#3741 = CARTESIAN_POINT ( 'NONE',  ( -6.035000000000001000, 1.333492333332999800, 5.150235999999999600 ) ) ;
#3742 = DIRECTION ( 'NONE',  ( 1.000000000000000000, 2.409338161078999800E-016, 0.0000000000000000000 ) ) ;
#3743 = DIRECTION ( 'NONE',  ( 0.0000000000000000000, 0.0000000000000000000, -1.000000000000000000 ) ) ;
#3744 = CIRCLE ( 'NONE', #2295, 0.7299999999999999800 ) ;
#3745 = CARTESIAN_POINT ( 'NONE',  ( 6.035000000000001000, -1.333174333333000200, 10.15023600000000000 ) ) ;
#3746 = VECTOR ( 'NONE', #1293, 1000.000000000000000 ) ;
#3747 = DIRECTION ( 'NONE',  ( 0.0000000000000000000, 1.000000000000000000, 0.0000000000000000000 ) ) ;
#3748 = LINE ( 'NONE', #1396, #2961 ) ;
#3749 = LINE ( 'NONE', #1047, #3452 ) ;
#3750 = CARTESIAN_POINT ( 'NONE',  ( 10.03000000000000100, -2.799840999999999400, 10.15023600000000000 ) ) ;
#3751 = LINE ( 'NONE', #305, #1933 ) ;
#3752 = VECTOR ( 'NONE', #1832, 1000.000000000000000 ) ;
#3753 = CARTESIAN_POINT ( 'NONE',  ( 2.830000000000000100, -1.333174333332999500, 8.750235999999999200 ) ) ;
#3754 = CARTESIAN_POINT ( 'NONE',  ( -10.03000000000000100, -3.199841000000000200, 5.150235999999999600 ) ) ;
#3755 = DIRECTION ( 'NONE',  ( 0.0000000000000000000, 0.0000000000000000000, -1.000000000000000000 ) ) ;
#3756 = LINE ( 'NONE', #121, #689 ) ;
#3757 = VERTEX_POINT ( 'NONE', #2379 ) ;
#3758 = EDGE_CURVE ( 'NONE', #2765, #3496, #2058, .T. ) ;
#3759 = ORIENTED_EDGE ( 'NONE', *, *, #1313, .F. ) ;
#3760 = ORIENTED_EDGE ( 'NONE', *, *, #40, .T. ) ;
#3761 = ORIENTED_EDGE ( 'NONE', *, *, #3601, .T. ) ;
#3762 = EDGE_CURVE ( 'NONE', #3697, #292, #2817, .T. ) ;
#3763 = CARTESIAN_POINT ( 'NONE',  ( -2.830000000000000100, -0.5331743333329999100, 5.150235999999999600 ) ) ;
#3764 = ORIENTED_EDGE ( 'NONE', *, *, #844, .T. ) ;
#3765 = VECTOR ( 'NONE', #1334, 1000.000000000000000 ) ;
#3766 = CARTESIAN_POINT ( 'NONE',  ( 10.03000000000000100, 3.200159000000000200, 5.150235999999999600 ) ) ;
#3767 = DIRECTION ( 'NONE',  ( 2.365936668375119900E-032, -1.000000000000000000, -0.0000000000000000000 ) ) ;
#3768 = AXIS2_PLACEMENT_3D ( 'NONE', #3096, #3387, #3398 ) ;
#3769 = ORIENTED_EDGE ( 'NONE', *, *, #3094, .F. ) ;
#3770 = CARTESIAN_POINT ( 'NONE',  ( -6.035000000000000100, 3.200159000000000200, 10.15023600000000000 ) ) ;
#3771 = CARTESIAN_POINT ( 'NONE',  ( -6.035000000000001000, 0.5334923333330000600, 5.150235999999999600 ) ) ;
#3772 = CARTESIAN_POINT ( 'NONE',  ( 6.035000000000001000, -3.199840999999999700, 5.150235999999999600 ) ) ;
#3773 = DIRECTION ( 'NONE',  ( 0.0000000000000000000, 1.000000000000000000, 0.0000000000000000000 ) ) ;
#3774 = ORIENTED_EDGE ( 'NONE', *, *, #2512, .T. ) ;
#3775 = ORIENTED_EDGE ( 'NONE', *, *, #3417, .F. ) ;
#3776 = CARTESIAN_POINT ( 'NONE',  ( -5.204999999999999200, -3.999840999999999500, 5.150235999999999600 ) ) ;
#3777 = EDGE_LOOP ( 'NONE', ( #452, #813, #1679, #2211, #2572, #1558 ) ) ;
#3778 = DIRECTION ( 'NONE',  ( 0.0000000000000000000, 1.110223024625000000E-016, 1.000000000000000000 ) ) ;
#3779 = ORIENTED_EDGE ( 'NONE', *, *, #1897, .F. ) ;
#3780 = EDGE_CURVE ( 'NONE', #426, #1348, #519, .T. ) ;
#3781 = CARTESIAN_POINT ( 'NONE',  ( 6.035000000000000100, 2.400158999999999900, 5.150235999999999600 ) ) ;
#3782 = DIRECTION ( 'NONE',  ( 1.000000000000000000, -0.0000000000000000000, 0.0000000000000000000 ) ) ;
#3783 = VECTOR ( 'NONE', #2785, 1000.000000000000000 ) ;
#3784 = AXIS2_PLACEMENT_3D ( 'NONE', #1052, #1263, #165 ) ;
#3785 = DIRECTION ( 'NONE',  ( 0.0000000000000000000, 1.110223024625000000E-016, 1.000000000000000000 ) ) ;
#3786 = VECTOR ( 'NONE', #107, 1000.000000000000000 ) ;
#3787 = LINE ( 'NONE', #2598, #2238 ) ;
#3788 = CARTESIAN_POINT ( 'NONE',  ( -10.03000000000000100, 0.9334923333330000800, 5.150235999999999600 ) ) ;
#3789 = LINE ( 'NONE', #2361, #918 ) ;
#3790 = ORIENTED_EDGE ( 'NONE', *, *, #3191, .T. ) ;
#3791 = CARTESIAN_POINT ( 'NONE',  ( -5.835000000000000000, 0.5334923333330000600, 5.150235999999999600 ) ) ;
#3792 = LINE ( 'NONE', #119, #636 ) ;
#3793 = ORIENTED_EDGE ( 'NONE', *, *, #2507, .F. ) ;
#3794 = DIRECTION ( 'NONE',  ( -1.000000000000000000, 0.0000000000000000000, -0.0000000000000000000 ) ) ;
#3795 = LINE ( 'NONE', #88, #3575 ) ;
#3796 = LINE ( 'NONE', #1610, #3765 ) ;
#3797 = ORIENTED_EDGE ( 'NONE', *, *, #3058, .F. ) ;
#3798 = ADVANCED_FACE ( 'NONE', ( #1969 ), #3289, .F. ) ;
#3799 = CARTESIAN_POINT ( 'NONE',  ( 5.935000000000000500, 4.000159000000000900, 8.120236000000000200 ) ) ;
#3800 = EDGE_LOOP ( 'NONE', ( #1224, #1206, #2466, #664 ) ) ;
#3801 = VECTOR ( 'NONE', #1880, 1000.000000000000000 ) ;
#3802 = VERTEX_POINT ( 'NONE', #653 ) ;
#3803 = EDGE_LOOP ( 'NONE', ( #500, #2846, #2052, #3342, #2547, #2838 ) ) ;
#3804 = EDGE_CURVE ( 'NONE', #3689, #885, #1234, .T. ) ;
#3805 = DIRECTION ( 'NONE',  ( 0.0000000000000000000, -1.000000000000000000, 1.110223024625000000E-016 ) ) ;
#3806 = VERTEX_POINT ( 'NONE', #1252 ) ;
#3807 = FACE_OUTER_BOUND ( 'NONE', #3074, .T. ) ;
#3808 = VECTOR ( 'NONE', #104, 1000.000000000000000 ) ;
#3809 = CARTESIAN_POINT ( 'NONE',  ( 6.665000000000000900, 3.200158999999999800, 9.520235999999998800 ) ) ;
#3810 = AXIS2_PLACEMENT_3D ( 'NONE', #3382, #1358, #3068 ) ;
#3811 = PLANE ( 'NONE',  #1805 ) ;
#3812 = CARTESIAN_POINT ( 'NONE',  ( 2.830000000000000100, 1.333492333333000000, 5.150235999999999600 ) ) ;
#3813 = ORIENTED_EDGE ( 'NONE', *, *, #2353, .T. ) ;
#3814 = DIRECTION ( 'NONE',  ( -0.0000000000000000000, -1.110223024625000000E-016, -1.000000000000000000 ) ) ;
#3815 = AXIS2_PLACEMENT_3D ( 'NONE', #3157, #1438, #3460 ) ;
#3816 = ORIENTED_EDGE ( 'NONE', *, *, #670, .F. ) ;
#3817 = ADVANCED_FACE ( 'NONE', ( #2637 ), #2943, .F. ) ;
#3818 = ORIENTED_EDGE ( 'NONE', *, *, #894, .F. ) ;
#3819 = ORIENTED_EDGE ( 'NONE', *, *, #1845, .F. ) ;
#3820 = VERTEX_POINT ( 'NONE', #975 ) ;
#3821 = LINE ( 'NONE', #1180, #2144 ) ;
#3822 = CARTESIAN_POINT ( 'NONE',  ( -10.03000000000000100, -0.9331743333330000400, 5.150235999999999600 ) ) ;
ENDSEC;
END-ISO-10303-21;
