ISO-10303-21;
HEADER;
FILE_DESCRIPTION (( 'STEP AP214' ),
    '1' );
FILE_NAME ('TSM60NC1R5CP.STEP',
    '2022-02-24T22:13:51',
    ( '' ),
    ( '' ),
    'SwSTEP 2.0',
    'SolidWorks 2017',
    '' );
FILE_SCHEMA (( 'AUTOMOTIVE_DESIGN' ));
ENDSEC;

DATA;
#1 = ORIENTED_EDGE ( 'NONE', *, *, #2638, .F. ) ;
#2 = DIRECTION ( 'NONE',  ( 0.05226442768870739200, 0.9972646886342380100, -0.05226442768870683000 ) ) ;
#3 = VERTEX_POINT ( 'NONE', #1554 ) ;
#4 = CARTESIAN_POINT ( 'NONE',  ( -4.950000000000000200, -1.089830043761449100E-015, 2.665999999999999900 ) ) ;
#5 = AXIS2_PLACEMENT_3D ( 'NONE', #871, #2282, #2780 ) ;
#6 = DIRECTION ( 'NONE',  ( -0.8660254037844381500, 0.5000000000000008900, 0.0000000000000000000 ) ) ;
#7 = ORIENTED_EDGE ( 'NONE', *, *, #2876, .F. ) ;
#8 = VECTOR ( 'NONE', #1029, 1000.000000000000000 ) ;
#9 = ORIENTED_EDGE ( 'NONE', *, *, #1105, .T. ) ;
#10 = LINE ( 'NONE', #2015, #1895 ) ;
#11 = CARTESIAN_POINT ( 'NONE',  ( -3.547442685063921800, 1.103999999999999900, 2.763500000000000100 ) ) ;
#12 = EDGE_CURVE ( 'NONE', #156, #1857, #404, .T. ) ;
#13 = DIRECTION ( 'NONE',  ( 1.331170451368002900E-016, -0.0000000000000000000, 1.000000000000000000 ) ) ;
#14 = LINE ( 'NONE', #2874, #980 ) ;
#15 = EDGE_CURVE ( 'NONE', #2663, #3, #1202, .T. ) ;
#16 = DIRECTION ( 'NONE',  ( -0.8660254037844380400, 0.0000000000000000000, -0.5000000000000012200 ) ) ;
#17 = DIRECTION ( 'NONE',  ( -1.000000000000000000, 0.0000000000000000000, 0.0000000000000000000 ) ) ;
#18 = DIRECTION ( 'NONE',  ( -0.0000000000000000000, -0.0000000000000000000, -1.000000000000000000 ) ) ;
#19 = FACE_OUTER_BOUND ( 'NONE', #2885, .T. ) ;
#20 = ORIENTED_EDGE ( 'NONE', *, *, #2482, .T. ) ;
#21 = ORIENTED_EDGE ( 'NONE', *, *, #477, .F. ) ;
#22 = LINE ( 'NONE', #1353, #2959 ) ;
#23 = DIRECTION ( 'NONE',  ( -0.0000000000000000000, -0.0000000000000000000, -1.000000000000000000 ) ) ;
#24 = VERTEX_POINT ( 'NONE', #1607 ) ;
#25 = DIRECTION ( 'NONE',  ( 0.0000000000000000000, 1.000000000000000000, -0.0000000000000000000 ) ) ;
#26 = AXIS2_PLACEMENT_3D ( 'NONE', #648, #3052, #124 ) ;
#27 = EDGE_LOOP ( 'NONE', ( #1245, #1476, #2287, #1735 ) ) ;
#28 = CARTESIAN_POINT ( 'NONE',  ( -2.239999999999998900, 0.9999999999999988900, -2.665999999999999900 ) ) ;
#29 = EDGE_LOOP ( 'NONE', ( #924, #2999, #3092, #1625 ) ) ;
#30 = DIRECTION ( 'NONE',  ( -0.0000000000000000000, -1.000000000000000000, -0.0000000000000000000 ) ) ;
#31 = PRODUCT_CONTEXT ( 'NONE', #3064, 'mechanical' ) ;
#32 = VERTEX_POINT ( 'NONE', #1807 ) ;
#33 = ADVANCED_FACE ( 'NONE', ( #473 ), #585, .T. ) ;
#34 = EDGE_CURVE ( 'NONE', #2066, #2406, #1940, .T. ) ;
#35 = DIRECTION ( 'NONE',  ( 0.0000000000000000000, 1.000000000000000000, 0.0000000000000000000 ) ) ;
#36 = VERTEX_POINT ( 'NONE', #191 ) ;
#37 = DIRECTION ( 'NONE',  ( 1.000000000000000000, -0.0000000000000000000, 1.331170451368003300E-016 ) ) ;
#38 = VERTEX_POINT ( 'NONE', #1376 ) ;
#39 = CARTESIAN_POINT ( 'NONE',  ( -2.847694158806095600, 0.6999999999999990700, -2.665999999999999900 ) ) ;
#40 = PRESENTATION_STYLE_ASSIGNMENT (( #1196 ) ) ;
#41 = ORIENTED_EDGE ( 'NONE', *, *, #2796, .F. ) ;
#42 = CYLINDRICAL_SURFACE ( 'NONE', #1545, 0.2999999999999999300 ) ;
#43 = AXIS2_PLACEMENT_3D ( 'NONE', #2471, #1976, #1988 ) ;
#44 = EDGE_LOOP ( 'NONE', ( #803, #2852, #1395, #2483 ) ) ;
#45 = AXIS2_PLACEMENT_3D ( 'NONE', #628, #1386, #2313 ) ;
#46 = PRESENTATION_STYLE_ASSIGNMENT (( #2114 ) ) ;
#47 = ADVANCED_FACE ( 'NONE', ( #2957 ), #1357, .F. ) ;
#48 = FACE_OUTER_BOUND ( 'NONE', #1335, .T. ) ;
#49 = DIRECTION ( 'NONE',  ( 0.0000000000000000000, -1.000000000000000000, 0.0000000000000000000 ) ) ;
#50 = CARTESIAN_POINT ( 'NONE',  ( 3.607891343280052300, 8.038669317560415800, 2.100000038075664000 ) ) ;
#51 = VECTOR ( 'NONE', #2438, 1000.000000000000100 ) ;
#52 = AXIS2_PLACEMENT_3D ( 'NONE', #1450, #1921, #2154 ) ;
#53 = EDGE_CURVE ( 'NONE', #2897, #604, #989, .T. ) ;
#54 = LINE ( 'NONE', #721, #468 ) ;
#55 = DIRECTION ( 'NONE',  ( -1.000000000000000000, -3.674217568604495500E-016, -0.0000000000000000000 ) ) ;
#56 = VECTOR ( 'NONE', #1945, 1000.000000000000000 ) ;
#57 = ORIENTED_EDGE ( 'NONE', *, *, #1429, .F. ) ;
#58 = VECTOR ( 'NONE', #2122, 1000.000000000000000 ) ;
#59 = VERTEX_POINT ( 'NONE', #416 ) ;
#60 = FILL_AREA_STYLE ('',( #2268 ) ) ;
#61 = DIRECTION ( 'NONE',  ( 0.8660254037844382600, -0.5000000000000007800, 0.0000000000000000000 ) ) ;
#62 =( GEOMETRIC_REPRESENTATION_CONTEXT ( 3 ) GLOBAL_UNCERTAINTY_ASSIGNED_CONTEXT ( ( #243 ) ) GLOBAL_UNIT_ASSIGNED_CONTEXT ( ( #801, #1305, #1980 ) ) REPRESENTATION_CONTEXT ( 'NONE', 'WORKASPACE' ) );
#63 = VERTEX_POINT ( 'NONE', #2305 ) ;
#64 = ADVANCED_FACE ( 'NONE', ( #790 ), #172, .F. ) ;
#65 = ORIENTED_EDGE ( 'NONE', *, *, #1777, .T. ) ;
#66 = CARTESIAN_POINT ( 'NONE',  ( -3.064999999999999100, 0.9999999999999986700, 0.3800000000000000000 ) ) ;
#67 = VERTEX_POINT ( 'NONE', #3045 ) ;
#68 = ORIENTED_EDGE ( 'NONE', *, *, #2760, .F. ) ;
#69 = DIRECTION ( 'NONE',  ( -0.0000000000000000000, -1.000000000000000000, 0.0000000000000000000 ) ) ;
#70 = ORIENTED_EDGE ( 'NONE', *, *, #602, .F. ) ;
#71 = EDGE_CURVE ( 'NONE', #2459, #1438, #3108, .T. ) ;
#72 = DIRECTION ( 'NONE',  ( 0.0000000000000000000, -0.9986295347545742800, -0.05233595624293671500 ) ) ;
#73 = LINE ( 'NONE', #2084, #732 ) ;
#74 = ADVANCED_FACE ( 'NONE', ( #715 ), #383, .F. ) ;
#75 = CARTESIAN_POINT ( 'NONE',  ( -2.239999999999998900, 0.9999999999999988900, -2.665999999999999900 ) ) ;
#76 = CARTESIAN_POINT ( 'NONE',  ( -3.547442685063921800, 1.103999999999999900, -2.763500000000000100 ) ) ;
#77 = ORIENTED_EDGE ( 'NONE', *, *, #3024, .T. ) ;
#78 = CARTESIAN_POINT ( 'NONE',  ( 3.007891343280052300, 0.5150000000000000100, 2.100000038075664000 ) ) ;
#79 = CARTESIAN_POINT ( 'NONE',  ( 2.907891343280052600, 0.5149999999999997900, -2.100000000000000100 ) ) ;
#80 = ORIENTED_EDGE ( 'NONE', *, *, #654, .F. ) ;
#81 = CARTESIAN_POINT ( 'NONE',  ( -2.099459165297613800, -1.089830043761449100E-015, 3.285000000000000100 ) ) ;
#82 = AXIS2_PLACEMENT_3D ( 'NONE', #1039, #597, #1113 ) ;
#83 = VECTOR ( 'NONE', #855, 1000.000000000000100 ) ;
#84 = DIRECTION ( 'NONE',  ( 0.0000000000000000000, 0.0000000000000000000, -1.000000000000000000 ) ) ;
#85 = CYLINDRICAL_SURFACE ( 'NONE', #2688, 0.2999999999999999300 ) ;
#86 = AXIS2_PLACEMENT_3D ( 'NONE', #271, #13, #2425 ) ;
#87 = CARTESIAN_POINT ( 'NONE',  ( -2.239999999999998900, 0.9999999999999988900, -1.905999999999999700 ) ) ;
#88 = DIRECTION ( 'NONE',  ( 0.0000000000000000000, 0.0000000000000000000, 1.000000000000000000 ) ) ;
#89 = DIRECTION ( 'NONE',  ( 0.0000000000000000000, -1.000000000000000000, 0.0000000000000000000 ) ) ;
#90 = FACE_OUTER_BOUND ( 'NONE', #526, .T. ) ;
#91 = CARTESIAN_POINT ( 'NONE',  ( -3.064999999999999100, 1.524999999999998800, -0.3800000000000000000 ) ) ;
#92 = ORIENTED_EDGE ( 'NONE', *, *, #71, .T. ) ;
#93 = VECTOR ( 'NONE', #1672, 1000.000000000000000 ) ;
#94 = EDGE_CURVE ( 'NONE', #2944, #1925, #2627, .T. ) ;
#95 = ORIENTED_EDGE ( 'NONE', *, *, #1796, .F. ) ;
#96 = VECTOR ( 'NONE', #1560, 1000.000000000000000 ) ;
#97 = DIRECTION ( 'NONE',  ( 0.8660254037844382600, -0.5000000000000007800, 0.0000000000000000000 ) ) ;
#98 = EDGE_LOOP ( 'NONE', ( #2821, #1211, #1362, #2968, #1394 ) ) ;
#99 = EDGE_CURVE ( 'NONE', #2218, #2881, #1622, .T. ) ;
#100 = ORIENTED_EDGE ( 'NONE', *, *, #2740, .F. ) ;
#101 = CARTESIAN_POINT ( 'NONE',  ( -2.847694158806095600, 1.507999999999999100, -1.905999999999999700 ) ) ;
#102 = DIRECTION ( 'NONE',  ( 0.0000000000000000000, -1.000000000000000000, 0.0000000000000000000 ) ) ;
#103 = DIRECTION ( 'NONE',  ( -0.0000000000000000000, -0.0000000000000000000, -1.000000000000000000 ) ) ;
#104 = ORIENTED_EDGE ( 'NONE', *, *, #2553, .T. ) ;
#105 = AXIS2_PLACEMENT_3D ( 'NONE', #1437, #219, #3087 ) ;
#106 = VERTEX_POINT ( 'NONE', #3021 ) ;
#107 = FILL_AREA_STYLE_COLOUR ( '', #1719 ) ;
#108 = ORIENTED_EDGE ( 'NONE', *, *, #1338, .T. ) ;
#109 = VERTEX_POINT ( 'NONE', #2799 ) ;
#110 = PLANE ( 'NONE',  #252 ) ;
#111 = CARTESIAN_POINT ( 'NONE',  ( 4.949999999999999300, 8.038669317560415800, -1.970000000000000000 ) ) ;
#112 = EDGE_CURVE ( 'NONE', #1032, #1139, #140, .T. ) ;
#113 = ORIENTED_EDGE ( 'NONE', *, *, #650, .T. ) ;
#114 = LINE ( 'NONE', #2022, #1963 ) ;
#115 = CARTESIAN_POINT ( 'NONE',  ( -3.365000000000001100, 0.4039999999999986900, -1.905999999999999900 ) ) ;
#116 = EDGE_CURVE ( 'NONE', #1996, #1661, #1762, .T. ) ;
#117 = CARTESIAN_POINT ( 'NONE',  ( 0.0000000000000000000, 0.0000000000000000000, -2.763500000000000100 ) ) ;
#118 = ORIENTED_EDGE ( 'NONE', *, *, #2340, .T. ) ;
#119 = DIRECTION ( 'NONE',  ( 1.000000000000000000, 0.0000000000000000000, 0.0000000000000000000 ) ) ;
#120 = VECTOR ( 'NONE', #2190, 999.9999999999998900 ) ;
#121 = ORIENTED_EDGE ( 'NONE', *, *, #1838, .T. ) ;
#122 = ORIENTED_EDGE ( 'NONE', *, *, #2415, .F. ) ;
#123 = ORIENTED_EDGE ( 'NONE', *, *, #180, .F. ) ;
#124 = DIRECTION ( 'NONE',  ( -1.000000000000000000, 0.0000000000000000000, -4.623643496330790900E-016 ) ) ;
#125 = FACE_BOUND ( 'NONE', #1446, .T. ) ;
#126 = DIRECTION ( 'NONE',  ( 0.0000000000000000000, 0.0000000000000000000, -1.000000000000000000 ) ) ;
#127 = EDGE_CURVE ( 'NONE', #1797, #1813, #1986, .T. ) ;
#128 = DIRECTION ( 'NONE',  ( -0.0000000000000000000, -0.0000000000000000000, 1.000000000000000000 ) ) ;
#129 = LINE ( 'NONE', #781, #2245 ) ;
#130 = ORIENTED_EDGE ( 'NONE', *, *, #2324, .T. ) ;
#131 = FACE_OUTER_BOUND ( 'NONE', #1086, .T. ) ;
#132 = SURFACE_SIDE_STYLE ('',( #706 ) ) ;
#133 = DIRECTION ( 'NONE',  ( -0.1378445374916222000, 0.9808148484639911400, -0.1378445374916207300 ) ) ;
#134 = FACE_OUTER_BOUND ( 'NONE', #2474, .T. ) ;
#135 = PLANE ( 'NONE',  #2414 ) ;
#136 = CARTESIAN_POINT ( 'NONE',  ( 4.950000000000000200, 0.0000000000000000000, 1.970000000000000000 ) ) ;
#137 = CIRCLE ( 'NONE', #447, 0.2999999999999999300 ) ;
#138 = CARTESIAN_POINT ( 'NONE',  ( -0.3499999999999999200, 0.0000000000000000000, -2.200000000000000200 ) ) ;
#139 = FACE_OUTER_BOUND ( 'NONE', #376, .T. ) ;
#140 = LINE ( 'NONE', #2083, #2811 ) ;
#141 = AXIS2_PLACEMENT_3D ( 'NONE', #2317, #1597, #377 ) ;
#142 =( GEOMETRIC_REPRESENTATION_CONTEXT ( 3 ) GLOBAL_UNCERTAINTY_ASSIGNED_CONTEXT ( ( #956 ) ) GLOBAL_UNIT_ASSIGNED_CONTEXT ( ( #2061, #2544, #2839 ) ) REPRESENTATION_CONTEXT ( 'NONE', 'WORKASPACE' ) );
#143 = EDGE_CURVE ( 'NONE', #2879, #718, #2431, .T. ) ;
#144 = DIRECTION ( 'NONE',  ( -0.0000000000000000000, -1.000000000000000000, -0.0000000000000000000 ) ) ;
#145 = ORIENTED_EDGE ( 'NONE', *, *, #676, .T. ) ;
#146 = CARTESIAN_POINT ( 'NONE',  ( 3.870000000000001000, 2.379999999999998600, 2.669999999999999500 ) ) ;
#147 = ADVANCED_BREP_SHAPE_REPRESENTATION ( 'TSM60NC1R5CP', ( #2938, #2384, #1606, #1918, #717, #1715 ), #142 ) ;
#148 = ORIENTED_EDGE ( 'NONE', *, *, #2940, .F. ) ;
#149 = CARTESIAN_POINT ( 'NONE',  ( -4.064748526257827300, 0.5079999999999994500, 1.905999999999999700 ) ) ;
#150 = CARTESIAN_POINT ( 'NONE',  ( 3.307891343280053400, 0.0000000000000000000, -0.7999999999999994900 ) ) ;
#151 = ORIENTED_EDGE ( 'NONE', *, *, #576, .T. ) ;
#152 = CARTESIAN_POINT ( 'NONE',  ( -2.847694158806095600, 1.507999999999999100, -2.665999999999999900 ) ) ;
#153 = DIRECTION ( 'NONE',  ( 0.4999999999999998300, 0.8660254037844387100, 0.0000000000000000000 ) ) ;
#154 = ORIENTED_EDGE ( 'NONE', *, *, #2709, .T. ) ;
#155 = CARTESIAN_POINT ( 'NONE',  ( -4.064748526257827300, 0.5079999999999994500, -1.905999999999999700 ) ) ;
#156 = VERTEX_POINT ( 'NONE', #1628 ) ;
#157 = PLANE ( 'NONE',  #1773 ) ;
#158 = VERTEX_POINT ( 'NONE', #1183 ) ;
#159 = DIRECTION ( 'NONE',  ( 1.000000000000000000, 0.0000000000000000000, 0.0000000000000000000 ) ) ;
#160 = EDGE_CURVE ( 'NONE', #814, #1453, #2104, .T. ) ;
#161 = VECTOR ( 'NONE', #2546, 1000.000000000000000 ) ;
#162 = VERTEX_POINT ( 'NONE', #210 ) ;
#163 = ORIENTED_EDGE ( 'NONE', *, *, #502, .F. ) ;
#164 = EDGE_LOOP ( 'NONE', ( #894, #2736, #673, #793 ) ) ;
#165 = EDGE_CURVE ( 'NONE', #1680, #1069, #329, .T. ) ;
#166 = DIRECTION ( 'NONE',  ( -1.000000000000000000, 0.0000000000000000000, -1.331170451368003100E-016 ) ) ;
#167 = LINE ( 'NONE', #136, #1193 ) ;
#168 = DIRECTION ( 'NONE',  ( 1.000000000000000000, -0.0000000000000000000, -0.0000000000000000000 ) ) ;
#169 = VECTOR ( 'NONE', #2241, 1000.000000000000000 ) ;
#170 = AXIS2_PLACEMENT_3D ( 'NONE', #1021, #2887, #301 ) ;
#171 = VECTOR ( 'NONE', #2, 1000.000000000000200 ) ;
#172 = PLANE ( 'NONE',  #2961 ) ;
#173 = VECTOR ( 'NONE', #2920, 1000.000000000000000 ) ;
#174 = DIRECTION ( 'NONE',  ( 0.0000000000000000000, 0.0000000000000000000, 1.000000000000000000 ) ) ;
#175 = FACE_OUTER_BOUND ( 'NONE', #3039, .T. ) ;
#176 = CARTESIAN_POINT ( 'NONE',  ( -4.950000000000000200, 0.5079999999999991200, -2.665999999999999900 ) ) ;
#177 = CARTESIAN_POINT ( 'NONE',  ( -3.804940905122495800, 0.6579999999999990300, -2.763500000000000100 ) ) ;
#178 = FACE_OUTER_BOUND ( 'NONE', #1055, .T. ) ;
#179 = LINE ( 'NONE', #2100, #2213 ) ;
#180 = EDGE_CURVE ( 'NONE', #814, #766, #3075, .T. ) ;
#181 = ADVANCED_FACE ( 'NONE', ( #1906 ), #2179, .T. ) ;
#182 = DIRECTION ( 'NONE',  ( -0.0000000000000000000, -0.0000000000000000000, 1.000000000000000000 ) ) ;
#183 = SURFACE_SIDE_STYLE ('',( #1339 ) ) ;
#184 = CARTESIAN_POINT ( 'NONE',  ( -2.239999999999998900, 2.379999999999998600, 3.160269485306379100 ) ) ;
#185 = EDGE_LOOP ( 'NONE', ( #2447, #1107, #2368, #1247 ) ) ;
#186 = DIRECTION ( 'NONE',  ( 0.0000000000000000000, 1.000000000000000000, 0.0000000000000000000 ) ) ;
#187 = ORIENTED_EDGE ( 'NONE', *, *, #2756, .T. ) ;
#188 = ORIENTED_EDGE ( 'NONE', *, *, #2765, .T. ) ;
#189 = DIRECTION ( 'NONE',  ( -0.0000000000000000000, 1.000000000000000000, -0.0000000000000000000 ) ) ;
#190 = EDGE_CURVE ( 'NONE', #2399, #691, #1544, .T. ) ;
#191 = CARTESIAN_POINT ( 'NONE',  ( 3.307891343280052100, 0.0000000000000000000, 1.800000038075664400 ) ) ;
#192 = DIRECTION ( 'NONE',  ( 7.608436806382989900E-016, 0.0000000000000000000, -1.000000000000000000 ) ) ;
#193 = VERTEX_POINT ( 'NONE', #2354 ) ;
#194 = VERTEX_POINT ( 'NONE', #2831 ) ;
#195 = CARTESIAN_POINT ( 'NONE',  ( 3.007891343280053600, 0.0000000000000000000, 0.5000000000000004400 ) ) ;
#196 = ORIENTED_EDGE ( 'NONE', *, *, #629, .T. ) ;
#197 = PLANE ( 'NONE',  #1514 ) ;
#198 = EDGE_LOOP ( 'NONE', ( #608, #2157, #2020, #1287 ) ) ;
#199 = DIRECTION ( 'NONE',  ( -0.8660254037844381500, 0.5000000000000008900, 0.0000000000000000000 ) ) ;
#200 = DIRECTION ( 'NONE',  ( -0.1391731009600592500, 0.9902680687415711400, 0.0000000000000000000 ) ) ;
#201 = VECTOR ( 'NONE', #756, 1000.000000000000000 ) ;
#202 = CARTESIAN_POINT ( 'NONE',  ( -0.3499999999999996400, 0.0000000000000000000, 2.200000000000000200 ) ) ;
#203 = ORIENTED_EDGE ( 'NONE', *, *, #1506, .T. ) ;
#204 = VERTEX_POINT ( 'NONE', #707 ) ;
#205 = DIRECTION ( 'NONE',  ( 1.000000000000000000, 0.0000000000000000000, -4.623643496330790900E-016 ) ) ;
#206 = CYLINDRICAL_SURFACE ( 'NONE', #1599, 0.2999999999999999300 ) ;
#207 = EDGE_LOOP ( 'NONE', ( #736, #2228, #2050, #1819 ) ) ;
#208 = EDGE_CURVE ( 'NONE', #2508, #1158, #250, .T. ) ;
#209 = CYLINDRICAL_SURFACE ( 'NONE', #1136, 0.8080000000000001600 ) ;
#210 = CARTESIAN_POINT ( 'NONE',  ( -3.547442685063921800, 1.103999999999999900, 2.763500000000000100 ) ) ;
#211 = CARTESIAN_POINT ( 'NONE',  ( -2.847694158806095600, 0.9999999999999986700, -1.905999999999999700 ) ) ;
#212 = DIRECTION ( 'NONE',  ( 4.623643496330790900E-016, 0.0000000000000000000, 1.000000000000000000 ) ) ;
#213 = FACE_OUTER_BOUND ( 'NONE', #1754, .T. ) ;
#214 = FACE_OUTER_BOUND ( 'NONE', #2077, .T. ) ;
#215 = ADVANCED_FACE ( 'NONE', ( #2065 ), #401, .F. ) ;
#216 = FACE_OUTER_BOUND ( 'NONE', #1922, .T. ) ;
#217 = DIRECTION ( 'NONE',  ( 2.282531041914893400E-015, -0.0000000000000000000, 1.000000000000000000 ) ) ;
#218 = ORIENTED_EDGE ( 'NONE', *, *, #2460, .T. ) ;
#219 = DIRECTION ( 'NONE',  ( 0.0000000000000000000, 0.0000000000000000000, -1.000000000000000000 ) ) ;
#220 = VERTEX_POINT ( 'NONE', #3076 ) ;
#221 = CARTESIAN_POINT ( 'NONE',  ( -3.107501779941427100, 0.8499999999999994200, 1.808499999999999800 ) ) ;
#222 = EDGE_LOOP ( 'NONE', ( #2883, #2452, #2601, #997, #123 ) ) ;
#223 = EDGE_CURVE ( 'NONE', #1062, #381, #2251, .T. ) ;
#224 = CARTESIAN_POINT ( 'NONE',  ( -4.064748526257827300, -1.084202172485504400E-015, -1.905999999999999700 ) ) ;
#225 = CARTESIAN_POINT ( 'NONE',  ( 0.0000000000000000000, 0.0000000000000000000, 1.808499999999999800 ) ) ;
#226 = ORIENTED_EDGE ( 'NONE', *, *, #386, .F. ) ;
#227 = EDGE_CURVE ( 'NONE', #2111, #305, #2364, .T. ) ;
#228 = DIRECTION ( 'NONE',  ( -1.000000000000000000, 0.0000000000000000000, 0.0000000000000000000 ) ) ;
#229 = ORIENTED_EDGE ( 'NONE', *, *, #116, .T. ) ;
#230 = VERTEX_POINT ( 'NONE', #453 ) ;
#231 = CARTESIAN_POINT ( 'NONE',  ( 3.607891343280053700, 0.5149999999999997900, -0.4999999999999997800 ) ) ;
#232 = ADVANCED_FACE ( 'NONE', ( #1617 ), #1669, .F. ) ;
#233 = AXIS2_PLACEMENT_3D ( 'NONE', #1052, #49, #1751 ) ;
#234 = CARTESIAN_POINT ( 'NONE',  ( 2.907891343280052600, 0.0000000000000000000, -2.200000000000000600 ) ) ;
#235 = ORIENTED_EDGE ( 'NONE', *, *, #753, .F. ) ;
#236 = ORIENTED_EDGE ( 'NONE', *, *, #883, .T. ) ;
#237 = VECTOR ( 'NONE', #199, 1000.000000000000100 ) ;
#238 = ORIENTED_EDGE ( 'NONE', *, *, #1164, .T. ) ;
#239 = ORIENTED_EDGE ( 'NONE', *, *, #534, .T. ) ;
#240 = EDGE_LOOP ( 'NONE', ( #2517, #532, #2074, #487, #1589, #688, #1784, #692, #1366, #1778, #2509, #2739, #478, #2472, #2749 ) ) ;
#241 = CARTESIAN_POINT ( 'NONE',  ( -3.365000000000001100, 0.4039999999999986900, 2.763500000000000100 ) ) ;
#242 = CIRCLE ( 'NONE', #807, 0.2999999999999999300 ) ;
#243 = UNCERTAINTY_MEASURE_WITH_UNIT (LENGTH_MEASURE( 1.000000000000000100E-005 ), #801, 'distance_accuracy_value', 'NONE');
#244 = DIRECTION ( 'NONE',  ( 0.0000000000000000000, 0.0000000000000000000, -1.000000000000000000 ) ) ;
#245 = EDGE_CURVE ( 'NONE', #3112, #791, #2878, .T. ) ;
#246 = LINE ( 'NONE', #224, #2727 ) ;
#247 = CARTESIAN_POINT ( 'NONE',  ( 3.870000000000001000, 0.5150000000000000100, 2.669999999999999500 ) ) ;
#248 = PLANE ( 'NONE',  #2577 ) ;
#249 = CIRCLE ( 'NONE', #45, 0.2999999999999999300 ) ;
#250 = LINE ( 'NONE', #698, #2695 ) ;
#251 = LINE ( 'NONE', #1690, #1167 ) ;
#252 = AXIS2_PLACEMENT_3D ( 'NONE', #2734, #1549, #1579 ) ;
#253 = ORIENTED_EDGE ( 'NONE', *, *, #2765, .F. ) ;
#254 = CARTESIAN_POINT ( 'NONE',  ( 3.307891343280053400, 0.5149999999999997900, -0.4999999999999995600 ) ) ;
#255 = ORIENTED_EDGE ( 'NONE', *, *, #2446, .T. ) ;
#256 = CARTESIAN_POINT ( 'NONE',  ( 4.545854811567260800, 0.5149999999999997900, 2.670000000000000800 ) ) ;
#257 = EDGE_LOOP ( 'NONE', ( #2477, #2264, #2224, #1564 ) ) ;
#258 = DIRECTION ( 'NONE',  ( 1.000000000000000000, 6.357370129138909600E-018, -0.0000000000000000000 ) ) ;
#259 = ORIENTED_EDGE ( 'NONE', *, *, #116, .F. ) ;
#260 = AXIS2_PLACEMENT_3D ( 'NONE', #767, #999, #2678 ) ;
#261 = STYLED_ITEM ( 'NONE', ( #40 ), #2938 ) ;
#262 = EDGE_CURVE ( 'NONE', #637, #2459, #326, .T. ) ;
#263 = PRODUCT ( 'TSM60NC1R5CP', 'TSM60NC1R5CP', '', ( #31 ) ) ;
#264 = ORIENTED_EDGE ( 'NONE', *, *, #759, .F. ) ;
#265 = DIRECTION ( 'NONE',  ( 1.000000000000000000, 0.0000000000000000000, 0.0000000000000000000 ) ) ;
#266 = DIRECTION ( 'NONE',  ( 0.0000000000000000000, 0.0000000000000000000, 1.000000000000000000 ) ) ;
#267 = EDGE_CURVE ( 'NONE', #556, #2897, #137, .T. ) ;
#268 = CARTESIAN_POINT ( 'NONE',  ( -2.847694158806095600, 0.9999999999999986700, 1.905999999999999700 ) ) ;
#269 = ORIENTED_EDGE ( 'NONE', *, *, #1531, .T. ) ;
#270 = DIRECTION ( 'NONE',  ( 1.000000000000000000, 0.0000000000000000000, 0.0000000000000000000 ) ) ;
#271 = CARTESIAN_POINT ( 'NONE',  ( 2.907891343280052600, 8.038669317560415800, -2.200000000000000600 ) ) ;
#272 = AXIS2_PLACEMENT_3D ( 'NONE', #2448, #2926, #2244 ) ;
#273 = PLANE ( 'NONE',  #43 ) ;
#274 = LINE ( 'NONE', #923, #2642 ) ;
#275 = ORIENTED_EDGE ( 'NONE', *, *, #2891, .F. ) ;
#276 = VECTOR ( 'NONE', #2450, 1000.000000000000000 ) ;
#277 = ADVANCED_FACE ( 'NONE', ( #2099 ), #2366, .F. ) ;
#278 = ORIENTED_EDGE ( 'NONE', *, *, #2127, .T. ) ;
#279 = CARTESIAN_POINT ( 'NONE',  ( 3.607891343280053700, 8.038669317560415800, -0.4999999999999997800 ) ) ;
#280 = DIRECTION ( 'NONE',  ( -0.0000000000000000000, -1.000000000000000000, -0.0000000000000000000 ) ) ;
#281 = VERTEX_POINT ( 'NONE', #2841 ) ;
#282 = LINE ( 'NONE', #988, #8 ) ;
#283 = EDGE_CURVE ( 'NONE', #2508, #193, #984, .T. ) ;
#284 = FACE_OUTER_BOUND ( 'NONE', #905, .T. ) ;
#285 = CARTESIAN_POINT ( 'NONE',  ( 3.007891343280053600, 8.038669317560415800, -0.4999999999999995600 ) ) ;
#286 = DIRECTION ( 'NONE',  ( -0.0000000000000000000, -1.000000000000000000, -0.0000000000000000000 ) ) ;
#287 = AXIS2_PLACEMENT_3D ( 'NONE', #1165, #1649, #970 ) ;
#288 = DIRECTION ( 'NONE',  ( -0.0000000000000000000, -0.0000000000000000000, -1.000000000000000000 ) ) ;
#289 = CARTESIAN_POINT ( 'NONE',  ( -2.239999999999998900, 0.9999999999999988900, 2.665999999999999900 ) ) ;
#290 = FACE_OUTER_BOUND ( 'NONE', #483, .T. ) ;
#291 = CARTESIAN_POINT ( 'NONE',  ( -3.547442685063921800, 1.103999999999999900, 2.763500000000000100 ) ) ;
#292 = VECTOR ( 'NONE', #1210, 1000.000000000000100 ) ;
#293 = EDGE_CURVE ( 'NONE', #1068, #1000, #2730, .T. ) ;
#294 = LINE ( 'NONE', #1097, #1509 ) ;
#295 = ADVANCED_FACE ( 'NONE', ( #2212 ), #867, .F. ) ;
#296 = ORIENTED_EDGE ( 'NONE', *, *, #34, .T. ) ;
#297 = DIRECTION ( 'NONE',  ( -0.0000000000000000000, -1.000000000000000000, -0.0000000000000000000 ) ) ;
#298 = ORIENTED_EDGE ( 'NONE', *, *, #1798, .F. ) ;
#299 = ORIENTED_EDGE ( 'NONE', *, *, #2922, .F. ) ;
#300 = CARTESIAN_POINT ( 'NONE',  ( 4.950000000000000200, 8.038669317560415800, 1.970000000000000000 ) ) ;
#301 = DIRECTION ( 'NONE',  ( 0.8660254037844381500, -0.5000000000000006700, 0.0000000000000000000 ) ) ;
#302 = ORIENTED_EDGE ( 'NONE', *, *, #1008, .T. ) ;
#303 = PRODUCT_DEFINITION ( 'UNKNOWN', '', #624, #2221 ) ;
#304 = CARTESIAN_POINT ( 'NONE',  ( -4.064748526257827300, 0.8079999999999993900, 2.665999999999999900 ) ) ;
#305 = VERTEX_POINT ( 'NONE', #268 ) ;
#306 = CARTESIAN_POINT ( 'NONE',  ( -2.099459165297613800, -1.301042606982605300E-015, -3.285000000000000100 ) ) ;
#307 = DIRECTION ( 'NONE',  ( 0.0000000000000000000, 0.0000000000000000000, -1.000000000000000000 ) ) ;
#308 = ORIENTED_EDGE ( 'NONE', *, *, #1115, .F. ) ;
#309 = ORIENTED_EDGE ( 'NONE', *, *, #1364, .F. ) ;
#310 = FACE_OUTER_BOUND ( 'NONE', #1455, .T. ) ;
#311 = AXIS2_PLACEMENT_3D ( 'NONE', #2229, #771, #2708 ) ;
#312 = ORIENTED_EDGE ( 'NONE', *, *, #1484, .T. ) ;
#313 = DIRECTION ( 'NONE',  ( 0.0000000000000000000, -1.000000000000000000, 0.0000000000000000000 ) ) ;
#314 = DIRECTION ( 'NONE',  ( 0.0000000000000000000, -0.0000000000000000000, 1.000000000000000000 ) ) ;
#315 = ORIENTED_EDGE ( 'NONE', *, *, #2060, .F. ) ;
#316 = VECTOR ( 'NONE', #2962, 999.9999999999998900 ) ;
#317 = CARTESIAN_POINT ( 'NONE',  ( 3.870000000000000100, 0.0000000000000000000, 2.670000000000000400 ) ) ;
#318 = CARTESIAN_POINT ( 'NONE',  ( -3.547442685063921800, 1.103999999999999900, 2.665999999999999900 ) ) ;
#319 = DIRECTION ( 'NONE',  ( -1.000000000000000000, 0.0000000000000000000, 0.0000000000000000000 ) ) ;
#320 = ORIENTED_EDGE ( 'NONE', *, *, #2134, .F. ) ;
#321 = LINE ( 'NONE', #2142, #1309 ) ;
#322 = EDGE_CURVE ( 'NONE', #1030, #1369, #2174, .T. ) ;
#323 = ADVANCED_FACE ( 'NONE', ( #1580 ), #1465, .T. ) ;
#324 = VECTOR ( 'NONE', #1126, 1000.000000000000000 ) ;
#325 = PLANE ( 'NONE',  #2648 ) ;
#326 = LINE ( 'NONE', #434, #1507 ) ;
#327 = EDGE_CURVE ( 'NONE', #2514, #63, #948, .T. ) ;
#328 = VECTOR ( 'NONE', #3038, 1000.000000000000100 ) ;
#329 = LINE ( 'NONE', #960, #829 ) ;
#330 = CARTESIAN_POINT ( 'NONE',  ( 3.607891343280053700, 0.5150000000000000100, -0.4999999999999997800 ) ) ;
#331 = CARTESIAN_POINT ( 'NONE',  ( 2.907891343280052600, 8.038669317560415800, 2.100000000000000100 ) ) ;
#332 = LINE ( 'NONE', #1077, #96 ) ;
#333 = CARTESIAN_POINT ( 'NONE',  ( 2.907891343280052600, 0.5149999999999997900, -2.200000000000000600 ) ) ;
#334 = AXIS2_PLACEMENT_3D ( 'NONE', #2371, #1911, #1888 ) ;
#335 = VERTEX_POINT ( 'NONE', #1253 ) ;
#336 = AXIS2_PLACEMENT_3D ( 'NONE', #2457, #189, #3033 ) ;
#337 = ORIENTED_EDGE ( 'NONE', *, *, #245, .T. ) ;
#338 = ORIENTED_EDGE ( 'NONE', *, *, #2379, .F. ) ;
#339 = AXIS2_PLACEMENT_3D ( 'NONE', #635, #2056, #3048 ) ;
#340 = ORIENTED_EDGE ( 'NONE', *, *, #1947, .F. ) ;
#341 = DIRECTION ( 'NONE',  ( -0.0000000000000000000, -0.0000000000000000000, -1.000000000000000000 ) ) ;
#342 = ADVANCED_FACE ( 'NONE', ( #214 ), #248, .F. ) ;
#343 = DIRECTION ( 'NONE',  ( -0.5000000000000004400, -0.8660254037844383700, -0.0000000000000000000 ) ) ;
#344 = ORIENTED_EDGE ( 'NONE', *, *, #2304, .T. ) ;
#345 = VERTEX_POINT ( 'NONE', #471 ) ;
#346 = EDGE_CURVE ( 'NONE', #879, #556, #3106, .T. ) ;
#347 = CARTESIAN_POINT ( 'NONE',  ( 3.607891343280052300, 0.0000000000000000000, -2.100000038075664000 ) ) ;
#348 = CARTESIAN_POINT ( 'NONE',  ( -3.804940905122495800, 0.6579999999999990300, -2.763500000000000100 ) ) ;
#349 = VECTOR ( 'NONE', #313, 1000.000000000000000 ) ;
#350 = DIRECTION ( 'NONE',  ( -0.0000000000000000000, 0.0000000000000000000, 1.000000000000000000 ) ) ;
#351 = DIRECTION ( 'NONE',  ( 0.0000000000000000000, 0.0000000000000000000, -1.000000000000000000 ) ) ;
#352 = CIRCLE ( 'NONE', #1886, 0.8080000000000001600 ) ;
#353 = VERTEX_POINT ( 'NONE', #28 ) ;
#354 = CIRCLE ( 'NONE', #1230, 0.1000000000000037200 ) ;
#355 = AXIS2_PLACEMENT_3D ( 'NONE', #835, #2754, #2787 ) ;
#356 = DIRECTION ( 'NONE',  ( 0.0000000000000000000, 0.0000000000000000000, 1.000000000000000000 ) ) ;
#357 = PLANE ( 'NONE',  #141 ) ;
#358 = CIRCLE ( 'NONE', #684, 0.2999999999999999300 ) ;
#359 = CARTESIAN_POINT ( 'NONE',  ( 3.870000000000001000, -1.301042606982605300E-015, 2.669999999999999500 ) ) ;
#360 = PLANE ( 'NONE',  #1205 ) ;
#361 = FACE_OUTER_BOUND ( 'NONE', #27, .T. ) ;
#362 = LINE ( 'NONE', #2195, #324 ) ;
#363 = EDGE_CURVE ( 'NONE', #2660, #1917, #1464, .T. ) ;
#364 = LINE ( 'NONE', #2943, #1902 ) ;
#365 = DIRECTION ( 'NONE',  ( 0.0000000000000000000, 0.0000000000000000000, 1.000000000000000000 ) ) ;
#366 = VERTEX_POINT ( 'NONE', #760 ) ;
#367 = VECTOR ( 'NONE', #1850, 1000.000000000000000 ) ;
#368 = DIRECTION ( 'NONE',  ( -1.000000000000000000, 0.0000000000000000000, -0.0000000000000000000 ) ) ;
#369 = ORIENTED_EDGE ( 'NONE', *, *, #2654, .F. ) ;
#370 = CARTESIAN_POINT ( 'NONE',  ( -2.046952128091833700, 2.373606982746058000, 3.160604529143576300 ) ) ;
#371 = DIRECTION ( 'NONE',  ( 0.0000000000000000000, 0.0000000000000000000, 1.000000000000000000 ) ) ;
#372 = ORIENTED_EDGE ( 'NONE', *, *, #1420, .F. ) ;
#373 = AXIS2_PLACEMENT_3D ( 'NONE', #2353, #415, #2081 ) ;
#374 = EDGE_LOOP ( 'NONE', ( #500, #454, #1112, #278 ) ) ;
#375 = DIRECTION ( 'NONE',  ( -1.000000000000000000, -3.674217568604495500E-016, -0.0000000000000000000 ) ) ;
#376 = EDGE_LOOP ( 'NONE', ( #1595, #1508, #2080, #113 ) ) ;
#377 = DIRECTION ( 'NONE',  ( -1.000000000000000000, -6.357370129138908900E-018, 0.0000000000000000000 ) ) ;
#378 = DIRECTION ( 'NONE',  ( 0.1391731009600588000, -0.9902680687415712500, 0.0000000000000000000 ) ) ;
#379 = EDGE_LOOP ( 'NONE', ( #299, #154, #2923, #2373 ) ) ;
#380 = EDGE_CURVE ( 'NONE', #1882, #1195, #2140, .T. ) ;
#381 = VERTEX_POINT ( 'NONE', #981 ) ;
#382 = EDGE_LOOP ( 'NONE', ( #1596, #1897, #1593, #1836, #1435 ) ) ;
#383 = PLANE ( 'NONE',  #719 ) ;
#384 = ORIENTED_EDGE ( 'NONE', *, *, #602, .T. ) ;
#385 = CARTESIAN_POINT ( 'NONE',  ( -2.847694158806095600, 0.6999999999999990700, 2.665999999999999900 ) ) ;
#386 = EDGE_CURVE ( 'NONE', #2514, #2302, #2290, .T. ) ;
#387 = DIRECTION ( 'NONE',  ( -0.0000000000000000000, 0.0000000000000000000, -1.000000000000000000 ) ) ;
#388 = VECTOR ( 'NONE', #119, 1000.000000000000000 ) ;
#389 = VERTEX_POINT ( 'NONE', #2684 ) ;
#390 = ORIENTED_EDGE ( 'NONE', *, *, #346, .F. ) ;
#391 = CARTESIAN_POINT ( 'NONE',  ( 3.307891343280053400, 0.5149999999999997900, -0.4999999999999995600 ) ) ;
#392 = VECTOR ( 'NONE', #1600, 1000.000000000000200 ) ;
#393 = DIRECTION ( 'NONE',  ( 4.623643496330790900E-016, 0.0000000000000000000, -1.000000000000000000 ) ) ;
#394 = STYLED_ITEM ( 'NONE', ( #2284 ), #1606 ) ;
#395 = FACE_OUTER_BOUND ( 'NONE', #636, .T. ) ;
#396 = CARTESIAN_POINT ( 'NONE',  ( -2.168605255971184100, 1.507999999999998900, -1.905999999999999700 ) ) ;
#397 = AXIS2_PLACEMENT_3D ( 'NONE', #649, #1373, #1643 ) ;
#398 = LINE ( 'NONE', #1406, #940 ) ;
#399 = DIRECTION ( 'NONE',  ( 1.000000000000000000, 0.0000000000000000000, 0.0000000000000000000 ) ) ;
#400 = SURFACE_STYLE_FILL_AREA ( #1861 ) ;
#401 = CYLINDRICAL_SURFACE ( 'NONE', #779, 0.2999999999999999300 ) ;
#402 = LINE ( 'NONE', #1470, #2396 ) ;
#403 = DIRECTION ( 'NONE',  ( 0.0000000000000000000, 0.0000000000000000000, 1.000000000000000000 ) ) ;
#404 = CIRCLE ( 'NONE', #1048, 0.2999999999999999300 ) ;
#405 = EDGE_CURVE ( 'NONE', #381, #109, #910, .T. ) ;
#406 = LINE ( 'NONE', #1219, #2882 ) ;
#407 = ORIENTED_EDGE ( 'NONE', *, *, #53, .T. ) ;
#408 = ORIENTED_EDGE ( 'NONE', *, *, #1115, .T. ) ;
#409 = CARTESIAN_POINT ( 'NONE',  ( 3.307891343280052100, 0.0000000000000000000, -2.100000038075664500 ) ) ;
#410 = DIRECTION ( 'NONE',  ( -0.0000000000000000000, -0.0000000000000000000, -1.000000000000000000 ) ) ;
#411 = CARTESIAN_POINT ( 'NONE',  ( -3.107501779941427100, 0.8499999999999994200, 2.763500000000000100 ) ) ;
#412 = ORIENTED_EDGE ( 'NONE', *, *, #2265, .T. ) ;
#413 = DIRECTION ( 'NONE',  ( -0.0000000000000000000, -1.000000000000000000, -0.0000000000000000000 ) ) ;
#414 = AXIS2_PLACEMENT_3D ( 'NONE', #391, #2560, #3040 ) ;
#415 = DIRECTION ( 'NONE',  ( 0.0000000000000000000, -1.000000000000000000, 0.0000000000000000000 ) ) ;
#416 = CARTESIAN_POINT ( 'NONE',  ( 3.607891343280053700, 0.0000000000000000000, 0.5000000000000004400 ) ) ;
#417 = ORIENTED_EDGE ( 'NONE', *, *, #160, .F. ) ;
#418 = ORIENTED_EDGE ( 'NONE', *, *, #2328, .F. ) ;
#419 = DIRECTION ( 'NONE',  ( -1.000000000000000000, 0.0000000000000000000, 0.0000000000000000000 ) ) ;
#420 = CARTESIAN_POINT ( 'NONE',  ( -2.046053648110698100, 2.379999999999998600, -3.160269485306379100 ) ) ;
#421 = EDGE_CURVE ( 'NONE', #2222, #1369, #2539, .T. ) ;
#422 = ORIENTED_EDGE ( 'NONE', *, *, #380, .T. ) ;
#423 = ORIENTED_EDGE ( 'NONE', *, *, #441, .F. ) ;
#424 = VECTOR ( 'NONE', #2109, 1000.000000000000000 ) ;
#425 = EDGE_CURVE ( 'NONE', #962, #446, #787, .T. ) ;
#426 = ORIENTED_EDGE ( 'NONE', *, *, #3083, .T. ) ;
#427 = CARTESIAN_POINT ( 'NONE',  ( -3.107501779941427100, 0.8499999999999994200, -2.665999999999999900 ) ) ;
#428 = VECTOR ( 'NONE', #810, 1000.000000000000200 ) ;
#429 =( NAMED_UNIT ( * ) SI_UNIT ( $, .STERADIAN. ) SOLID_ANGLE_UNIT ( ) );
#430 = FACE_OUTER_BOUND ( 'NONE', #2662, .T. ) ;
#431 = AXIS2_PLACEMENT_3D ( 'NONE', #2032, #1799, #356 ) ;
#432 = DIRECTION ( 'NONE',  ( 1.000000000000000000, 0.0000000000000000000, -0.0000000000000000000 ) ) ;
#433 = VECTOR ( 'NONE', #1102, 1000.000000000000000 ) ;
#434 = CARTESIAN_POINT ( 'NONE',  ( 4.950000000000000200, 0.5149999999999997900, 1.970000000000000000 ) ) ;
#435 = VECTOR ( 'NONE', #1490, 1000.000000000000000 ) ;
#436 = DIRECTION ( 'NONE',  ( 0.0000000000000000000, -1.000000000000000000, 0.0000000000000000000 ) ) ;
#437 = CARTESIAN_POINT ( 'NONE',  ( -2.168605255971184100, 1.507999999999998900, -2.665999999999999900 ) ) ;
#438 = VECTOR ( 'NONE', #61, 999.9999999999998900 ) ;
#439 = ORIENTED_EDGE ( 'NONE', *, *, #2280, .T. ) ;
#440 = CIRCLE ( 'NONE', #397, 0.1000000000000037200 ) ;
#441 = EDGE_CURVE ( 'NONE', #1158, #1548, #2914, .T. ) ;
#442 = PLANE ( 'NONE',  #52 ) ;
#443 = ORIENTED_EDGE ( 'NONE', *, *, #1591, .F. ) ;
#444 = CARTESIAN_POINT ( 'NONE',  ( -2.286948624800457400, 1.334056823412771700, -3.215085044447558300 ) ) ;
#445 = VERTEX_POINT ( 'NONE', #1539 ) ;
#446 = VERTEX_POINT ( 'NONE', #1478 ) ;
#447 = AXIS2_PLACEMENT_3D ( 'NONE', #2625, #2858, #1436 ) ;
#448 = EDGE_LOOP ( 'NONE', ( #1258, #1556, #2513, #1148, #57 ) ) ;
#449 = CARTESIAN_POINT ( 'NONE',  ( -0.3499999999999996400, 8.038669317560415800, 2.200000000000000200 ) ) ;
#450 = EDGE_CURVE ( 'NONE', #381, #2399, #1725, .T. ) ;
#451 = ORIENTED_EDGE ( 'NONE', *, *, #2658, .F. ) ;
#452 = VERTEX_POINT ( 'NONE', #531 ) ;
#453 = CARTESIAN_POINT ( 'NONE',  ( 3.607891343280052300, 0.5149999999999997900, 2.100000038075664000 ) ) ;
#454 = ORIENTED_EDGE ( 'NONE', *, *, #477, .T. ) ;
#455 = CARTESIAN_POINT ( 'NONE',  ( 3.364379825154552300, 2.087091394654212000, -3.175620174845442500 ) ) ;
#456 = CARTESIAN_POINT ( 'NONE',  ( -2.847694158806095600, 0.6999999999999990700, -2.665999999999999900 ) ) ;
#457 = FILL_AREA_STYLE ('',( #1361 ) ) ;
#458 = FACE_OUTER_BOUND ( 'NONE', #2436, .T. ) ;
#459 = AXIS2_PLACEMENT_3D ( 'NONE', #1629, #174, #1660 ) ;
#460 = STYLED_ITEM ( 'NONE', ( #1615 ), #147 ) ;
#461 = EDGE_CURVE ( 'NONE', #1557, #1480, #1983, .T. ) ;
#462 = VECTOR ( 'NONE', #2420, 1000.000000000000000 ) ;
#463 = ADVANCED_FACE ( 'NONE', ( #1691 ), #1276, .F. ) ;
#464 = LINE ( 'NONE', #1774, #2725 ) ;
#465 = VECTOR ( 'NONE', #103, 1000.000000000000000 ) ;
#466 = CARTESIAN_POINT ( 'NONE',  ( -3.547442685063921800, 1.103999999999999900, 1.808499999999999800 ) ) ;
#467 = AXIS2_PLACEMENT_3D ( 'NONE', #2987, #1816, #603 ) ;
#468 = VECTOR ( 'NONE', #2614, 1000.000000000000000 ) ;
#469 = FACE_OUTER_BOUND ( 'NONE', #1892, .T. ) ;
#470 = DIRECTION ( 'NONE',  ( -0.0000000000000000000, -0.0000000000000000000, -1.000000000000000000 ) ) ;
#471 = CARTESIAN_POINT ( 'NONE',  ( 3.607891343280052800, 0.5149999999999997900, -2.669999999999999500 ) ) ;
#472 = FACE_OUTER_BOUND ( 'NONE', #3000, .T. ) ;
#473 = FACE_OUTER_BOUND ( 'NONE', #1806, .T. ) ;
#474 = CARTESIAN_POINT ( 'NONE',  ( 3.607891343280053700, 0.0000000000000000000, 0.5000000000000004400 ) ) ;
#475 = CIRCLE ( 'NONE', #3055, 0.2999999999999999300 ) ;
#476 = ORIENTED_EDGE ( 'NONE', *, *, #1587, .F. ) ;
#477 = EDGE_CURVE ( 'NONE', #2066, #1768, #1346, .T. ) ;
#478 = ORIENTED_EDGE ( 'NONE', *, *, #2003, .F. ) ;
#479 = VERTEX_POINT ( 'NONE', #541 ) ;
#480 = DIRECTION ( 'NONE',  ( -0.0000000000000000000, -1.000000000000000000, 0.0000000000000000000 ) ) ;
#481 = EDGE_CURVE ( 'NONE', #2046, #2608, #1279, .T. ) ;
#482 = DIRECTION ( 'NONE',  ( 0.0000000000000000000, 0.0000000000000000000, -1.000000000000000000 ) ) ;
#483 = EDGE_LOOP ( 'NONE', ( #1515, #2334, #238, #1046 ) ) ;
#484 = VERTEX_POINT ( 'NONE', #2738 ) ;
#485 = CARTESIAN_POINT ( 'NONE',  ( -3.107501779941427100, 0.8499999999999994200, 2.763500000000000100 ) ) ;
#486 = AXIS2_PLACEMENT_3D ( 'NONE', #1498, #288, #17 ) ;
#487 = ORIENTED_EDGE ( 'NONE', *, *, #2553, .F. ) ;
#488 = DIRECTION ( 'NONE',  ( 0.0000000000000000000, 0.0000000000000000000, -1.000000000000000000 ) ) ;
#489 = ADVANCED_FACE ( 'NONE', ( #711 ), #2693, .F. ) ;
#490 = CARTESIAN_POINT ( 'NONE',  ( 3.307891343280052100, 0.0000000000000000000, 2.100000038075664500 ) ) ;
#491 = LINE ( 'NONE', #1018, #2085 ) ;
#492 = CARTESIAN_POINT ( 'NONE',  ( 3.379730514693617000, 2.379999999999998600, -3.160269485306379100 ) ) ;
#493 = AXIS2_PLACEMENT_3D ( 'NONE', #3059, #985, #954 ) ;
#494 = ORIENTED_EDGE ( 'NONE', *, *, #2497, .F. ) ;
#495 = EDGE_CURVE ( 'NONE', #2258, #2960, #2473, .T. ) ;
#496 = DIRECTION ( 'NONE',  ( -1.000000000000000000, -0.0000000000000000000, -0.0000000000000000000 ) ) ;
#497 = LINE ( 'NONE', #499, #120 ) ;
#498 = ORIENTED_EDGE ( 'NONE', *, *, #902, .F. ) ;
#499 = CARTESIAN_POINT ( 'NONE',  ( 4.949999999999999300, 0.5149999999999997900, -1.970000000000000000 ) ) ;
#500 = ORIENTED_EDGE ( 'NONE', *, *, #34, .F. ) ;
#501 = LINE ( 'NONE', #2321, #2984 ) ;
#502 = EDGE_CURVE ( 'NONE', #1369, #2218, #364, .T. ) ;
#503 = LINE ( 'NONE', #50, #1650 ) ;
#504 = CARTESIAN_POINT ( 'NONE',  ( -0.3499999999999999200, 0.5150000000000000100, -2.200000000000000200 ) ) ;
#505 = CARTESIAN_POINT ( 'NONE',  ( 3.607891343280053700, 0.5150000000000000100, 0.5000000000000004400 ) ) ;
#506 = ADVANCED_FACE ( 'NONE', ( #545 ), #3035, .T. ) ;
#507 = VECTOR ( 'NONE', #2110, 1000.000000000000000 ) ;
#508 = AXIS2_PLACEMENT_3D ( 'NONE', #291, #2717, #2921 ) ;
#509 = VECTOR ( 'NONE', #1880, 1000.000000000000100 ) ;
#510 = DIRECTION ( 'NONE',  ( -0.0000000000000000000, -0.0000000000000000000, -1.000000000000000000 ) ) ;
#511 = LINE ( 'NONE', #2115, #1469 ) ;
#512 = CARTESIAN_POINT ( 'NONE',  ( -3.547442685063921800, 1.103999999999999900, 2.763500000000000100 ) ) ;
#513 = EDGE_LOOP ( 'NONE', ( #418, #1585 ) ) ;
#514 = VERTEX_POINT ( 'NONE', #802 ) ;
#515 = CARTESIAN_POINT ( 'NONE',  ( -2.847694158806095600, 0.9999999999999986700, -2.665999999999999900 ) ) ;
#516 = AXIS2_PLACEMENT_3D ( 'NONE', #409, #2332, #2568 ) ;
#517 = ORIENTED_EDGE ( 'NONE', *, *, #1523, .F. ) ;
#518 = ORIENTED_EDGE ( 'NONE', *, *, #2426, .T. ) ;
#519 = PRESENTATION_LAYER_ASSIGNMENT (  '', '', ( #460 ) ) ;
#520 = EDGE_CURVE ( 'NONE', #1098, #1730, #1758, .T. ) ;
#521 = CARTESIAN_POINT ( 'NONE',  ( 3.007891343280048700, 0.5149999999999997900, -2.100000038075664000 ) ) ;
#522 = CARTESIAN_POINT ( 'NONE',  ( -2.166216061781243200, 1.524999999999999000, -0.3800000000000000000 ) ) ;
#523 = ORIENTED_EDGE ( 'NONE', *, *, #2501, .T. ) ;
#524 = ADVANCED_FACE ( 'NONE', ( #469 ), #1286, .F. ) ;
#525 = ORIENTED_EDGE ( 'NONE', *, *, #817, .T. ) ;
#526 = EDGE_LOOP ( 'NONE', ( #3085, #1526, #845, #679 ) ) ;
#527 = STYLED_ITEM ( 'NONE', ( #46 ), #2384 ) ;
#528 = DIRECTION ( 'NONE',  ( 0.0000000000000000000, -0.0000000000000000000, 1.000000000000000000 ) ) ;
#529 = VECTOR ( 'NONE', #2630, 1000.000000000000000 ) ;
#530 = DIRECTION ( 'NONE',  ( -0.5000000000000011100, 0.0000000000000000000, 0.8660254037844379300 ) ) ;
#531 = CARTESIAN_POINT ( 'NONE',  ( -3.547442685063921800, 1.103999999999999900, 2.665999999999999900 ) ) ;
#532 = ORIENTED_EDGE ( 'NONE', *, *, #1931, .F. ) ;
#533 = DIRECTION ( 'NONE',  ( 0.0000000000000000000, 0.0000000000000000000, -1.000000000000000000 ) ) ;
#534 = EDGE_CURVE ( 'NONE', #2486, #2905, #1656, .T. ) ;
#535 = ADVANCED_FACE ( 'NONE', ( #2395 ), #2478, .F. ) ;
#536 = VECTOR ( 'NONE', #2974, 1000.000000000000000 ) ;
#537 = DIRECTION ( 'NONE',  ( 0.1378445374916222000, -0.9808148484639911400, -0.1378445374916207300 ) ) ;
#538 = ORIENTED_EDGE ( 'NONE', *, *, #293, .F. ) ;
#539 = LINE ( 'NONE', #548, #862 ) ;
#540 = DIRECTION ( 'NONE',  ( 0.1391731009600655500, 0.9902680687415702500, -0.0000000000000000000 ) ) ;
#541 = CARTESIAN_POINT ( 'NONE',  ( -4.064748526257827300, 0.5079999999999994500, -2.665999999999999900 ) ) ;
#542 = VECTOR ( 'NONE', #1223, 1000.000000000000000 ) ;
#543 = EDGE_LOOP ( 'NONE', ( #2952, #808, #1134, #643 ) ) ;
#544 = DIRECTION ( 'NONE',  ( 0.0000000000000000000, 0.0000000000000000000, -1.000000000000000000 ) ) ;
#545 = FACE_OUTER_BOUND ( 'NONE', #1733, .T. ) ;
#546 = LINE ( 'NONE', #1418, #58 ) ;
#547 = VECTOR ( 'NONE', #641, 1000.000000000000000 ) ;
#548 = CARTESIAN_POINT ( 'NONE',  ( 3.929317570334848000, 0.09293355603401382000, 2.610682429665153800 ) ) ;
#549 = ORIENTED_EDGE ( 'NONE', *, *, #1318, .T. ) ;
#550 = CARTESIAN_POINT ( 'NONE',  ( -0.3499999999999996400, 0.0000000000000000000, 2.200000000000000200 ) ) ;
#551 = ADVANCED_FACE ( 'NONE', ( #1024 ), #2454, .F. ) ;
#552 = PLANE ( 'NONE',  #2192 ) ;
#553 = ORIENTED_EDGE ( 'NONE', *, *, #1894, .F. ) ;
#554 = CARTESIAN_POINT ( 'NONE',  ( -0.4918499720787620200, 2.279999999999998500, 0.0000000000000000000 ) ) ;
#555 = DIRECTION ( 'NONE',  ( -0.5000000000000004400, -0.8660254037844383700, -0.0000000000000000000 ) ) ;
#556 = VERTEX_POINT ( 'NONE', #1763 ) ;
#557 = EDGE_CURVE ( 'NONE', #162, #445, #2327, .T. ) ;
#558 = CARTESIAN_POINT ( 'NONE',  ( 3.607891343280053700, 0.0000000000000000000, 2.670000000000000400 ) ) ;
#559 = VERTEX_POINT ( 'NONE', #1317 ) ;
#560 = EDGE_CURVE ( 'NONE', #691, #1069, #1313, .T. ) ;
#561 = ORIENTED_EDGE ( 'NONE', *, *, #227, .T. ) ;
#562 = VERTEX_POINT ( 'NONE', #2521 ) ;
#563 = CARTESIAN_POINT ( 'NONE',  ( 3.607891343280053700, 0.5150000000000000100, 2.670000000000000400 ) ) ;
#564 = UNCERTAINTY_MEASURE_WITH_UNIT (LENGTH_MEASURE( 1.000000000000000100E-005 ), #2098, 'distance_accuracy_value', 'NONE');
#565 = DIRECTION ( 'NONE',  ( 0.0000000000000000000, 0.0000000000000000000, -1.000000000000000000 ) ) ;
#566 = VECTOR ( 'NONE', #2076, 1000.000000000000000 ) ;
#567 = AXIS2_PLACEMENT_3D ( 'NONE', #625, #1146, #2309 ) ;
#568 = EDGE_LOOP ( 'NONE', ( #2682, #1324, #1678, #3088 ) ) ;
#569 = CARTESIAN_POINT ( 'NONE',  ( -2.847694158806095600, 0.6999999999999991800, 2.665999999999999900 ) ) ;
#570 = LINE ( 'NONE', #965, #615 ) ;
#571 = ORIENTED_EDGE ( 'NONE', *, *, #1321, .F. ) ;
#572 = VECTOR ( 'NONE', #1991, 1000.000000000000200 ) ;
#573 = DIRECTION ( 'NONE',  ( -1.000000000000000000, 0.0000000000000000000, 0.0000000000000000000 ) ) ;
#574 = CARTESIAN_POINT ( 'NONE',  ( 3.307891343280053400, 0.5149999999999997900, -0.7999999999999994900 ) ) ;
#575 = AXIS2_PLACEMENT_3D ( 'NONE', #1883, #1363, #2785 ) ;
#576 = EDGE_CURVE ( 'NONE', #1062, #953, #1381, .T. ) ;
#577 = DIRECTION ( 'NONE',  ( -1.000000000000000000, 0.0000000000000000000, 1.331170451368003100E-016 ) ) ;
#578 = LINE ( 'NONE', #2964, #3071 ) ;
#579 = CARTESIAN_POINT ( 'NONE',  ( -0.4918499720787619100, 2.379999999999998600, -0.5181104893249364200 ) ) ;
#580 = EDGE_CURVE ( 'NONE', #2608, #2859, #1093, .T. ) ;
#581 = LINE ( 'NONE', #427, #3074 ) ;
#582 = ADVANCED_FACE ( 'NONE', ( #1937, #178 ), #843, .F. ) ;
#583 = CARTESIAN_POINT ( 'NONE',  ( 0.0000000000000000000, 0.0000000000000000000, 2.763500000000000100 ) ) ;
#584 = ORIENTED_EDGE ( 'NONE', *, *, #1180, .T. ) ;
#585 = CYLINDRICAL_SURFACE ( 'NONE', #1152, 0.2999999999999999300 ) ;
#586 = DIRECTION ( 'NONE',  ( 0.0000000000000000000, -1.000000000000000000, 0.0000000000000000000 ) ) ;
#587 = VECTOR ( 'NONE', #1581, 1000.000000000000000 ) ;
#588 = CARTESIAN_POINT ( 'NONE',  ( 2.907891343280052600, 0.0000000000000000000, -2.100000000000000100 ) ) ;
#589 = AXIS2_PLACEMENT_3D ( 'NONE', #1057, #1961, #1535 ) ;
#590 = ORIENTED_EDGE ( 'NONE', *, *, #1308, .F. ) ;
#591 = VERTEX_POINT ( 'NONE', #2058 ) ;
#592 = CARTESIAN_POINT ( 'NONE',  ( 2.907891343280052600, 0.0000000000000000000, -2.200000000000000600 ) ) ;
#593 = ORIENTED_EDGE ( 'NONE', *, *, #262, .T. ) ;
#594 = DIRECTION ( 'NONE',  ( -0.7071067811865436900, 0.0000000000000000000, -0.7071067811865513500 ) ) ;
#595 = AXIS2_PLACEMENT_3D ( 'NONE', #3041, #393, #2561 ) ;
#596 = ORIENTED_EDGE ( 'NONE', *, *, #1787, .T. ) ;
#597 = DIRECTION ( 'NONE',  ( 0.0000000000000000000, 0.0000000000000000000, 1.000000000000000000 ) ) ;
#598 = DIRECTION ( 'NONE',  ( 0.8660254037844381500, -0.5000000000000008900, 0.0000000000000000000 ) ) ;
#599 = DIRECTION ( 'NONE',  ( 0.0000000000000000000, -0.0000000000000000000, -1.000000000000000000 ) ) ;
#600 = DIRECTION ( 'NONE',  ( 0.5000000000000008900, 0.8660254037844381500, 0.0000000000000000000 ) ) ;
#601 = ORIENTED_EDGE ( 'NONE', *, *, #2123, .F. ) ;
#602 = EDGE_CURVE ( 'NONE', #1328, #1195, #332, .T. ) ;
#603 = DIRECTION ( 'NONE',  ( 0.0000000000000000000, 0.0000000000000000000, -1.000000000000000000 ) ) ;
#604 = VERTEX_POINT ( 'NONE', #2301 ) ;
#605 = CARTESIAN_POINT ( 'NONE',  ( 2.907891343280052600, 0.5149999999999997900, -2.200000000000000600 ) ) ;
#606 = EDGE_CURVE ( 'NONE', #1172, #335, #2141, .T. ) ;
#607 =( NAMED_UNIT ( * ) PLANE_ANGLE_UNIT ( ) SI_UNIT ( $, .RADIAN. ) );
#608 = ORIENTED_EDGE ( 'NONE', *, *, #1953, .T. ) ;
#609 = DIRECTION ( 'NONE',  ( -0.0000000000000000000, -1.000000000000000000, -0.0000000000000000000 ) ) ;
#610 = DIRECTION ( 'NONE',  ( -0.8660254037844381500, 0.5000000000000008900, 0.0000000000000000000 ) ) ;
#611 = DIRECTION ( 'NONE',  ( 0.8660254037844381500, -0.5000000000000008900, 0.0000000000000000000 ) ) ;
#612 = DIRECTION ( 'NONE',  ( -7.608436806382989900E-016, 0.0000000000000000000, 1.000000000000000000 ) ) ;
#613 = PLANE ( 'NONE',  #26 ) ;
#614 = DIRECTION ( 'NONE',  ( 0.0000000000000000000, 0.0000000000000000000, 1.000000000000000000 ) ) ;
#615 = VECTOR ( 'NONE', #976, 1000.000000000000000 ) ;
#616 = ORIENTED_EDGE ( 'NONE', *, *, #994, .F. ) ;
#617 = CARTESIAN_POINT ( 'NONE',  ( 2.907891343280052600, 8.038669317560415800, -2.200000000000000600 ) ) ;
#618 = ORIENTED_EDGE ( 'NONE', *, *, #441, .T. ) ;
#619 = VECTOR ( 'NONE', #3072, 1000.000000000000000 ) ;
#620 = AXIS2_PLACEMENT_3D ( 'NONE', #682, #244, #990 ) ;
#621 = CARTESIAN_POINT ( 'NONE',  ( 3.307891343280052100, 0.0000000000000000000, 1.800000038075664400 ) ) ;
#622 = CIRCLE ( 'NONE', #467, 0.2999999999999999300 ) ;
#623 = DIRECTION ( 'NONE',  ( -1.000000000000000000, -6.357370129138908900E-018, -0.0000000000000000000 ) ) ;
#624 = PRODUCT_DEFINITION_FORMATION_WITH_SPECIFIED_SOURCE ( 'ANY', '', #263, .NOT_KNOWN. ) ;
#625 = CARTESIAN_POINT ( 'NONE',  ( -3.547442685063921800, 1.103999999999999900, -2.763500000000000100 ) ) ;
#626 = LINE ( 'NONE', #765, #51 ) ;
#627 = VECTOR ( 'NONE', #3046, 1000.000000000000000 ) ;
#628 = CARTESIAN_POINT ( 'NONE',  ( -4.064748526257827300, 0.8079999999999993900, 1.905999999999999700 ) ) ;
#629 = EDGE_CURVE ( 'NONE', #791, #1813, #475, .T. ) ;
#630 = DIRECTION ( 'NONE',  ( -0.0000000000000000000, -1.000000000000000000, -0.0000000000000000000 ) ) ;
#631 = VECTOR ( 'NONE', #1512, 1000.000000000000000 ) ;
#632 = DIRECTION ( 'NONE',  ( 1.000000000000000000, -0.0000000000000000000, 7.608436806382989900E-016 ) ) ;
#633 = LINE ( 'NONE', #2069, #328 ) ;
#634 = CARTESIAN_POINT ( 'NONE',  ( -3.547442685063921800, 1.103999999999999900, 1.808499999999999800 ) ) ;
#635 = CARTESIAN_POINT ( 'NONE',  ( 2.907891343280052600, 0.5150000000000000100, 2.100000000000000100 ) ) ;
#636 = EDGE_LOOP ( 'NONE', ( #145, #426, #2772, #1999 ) ) ;
#637 = VERTEX_POINT ( 'NONE', #3007 ) ;
#638 = ORIENTED_EDGE ( 'NONE', *, *, #1838, .F. ) ;
#639 = AXIS2_PLACEMENT_3D ( 'NONE', #1336, #859, #1584 ) ;
#640 = ORIENTED_EDGE ( 'NONE', *, *, #1787, .F. ) ;
#641 = DIRECTION ( 'NONE',  ( -0.0000000000000000000, -1.000000000000000000, -0.0000000000000000000 ) ) ;
#642 = DIRECTION ( 'NONE',  ( 0.0000000000000000000, 0.0000000000000000000, 1.000000000000000000 ) ) ;
#643 = ORIENTED_EDGE ( 'NONE', *, *, #839, .F. ) ;
#644 = DIRECTION ( 'NONE',  ( 0.0000000000000000000, -1.000000000000000000, 0.0000000000000000000 ) ) ;
#645 = AXIS2_PLACEMENT_3D ( 'NONE', #2844, #2357, #1177 ) ;
#646 = CARTESIAN_POINT ( 'NONE',  ( 0.0000000000000000000, 0.0000000000000000000, 0.3800000000000000000 ) ) ;
#647 = VERTEX_POINT ( 'NONE', #2279 ) ;
#648 = CARTESIAN_POINT ( 'NONE',  ( 4.545854811567260800, 8.038669317560415800, 2.670000000000000800 ) ) ;
#649 = CARTESIAN_POINT ( 'NONE',  ( 2.907891343280052600, 0.5149999999999997900, 2.100000000000000100 ) ) ;
#650 = EDGE_CURVE ( 'NONE', #1068, #1748, #22, .T. ) ;
#651 = ORIENTED_EDGE ( 'NONE', *, *, #2171, .F. ) ;
#652 = ORIENTED_EDGE ( 'NONE', *, *, #2697, .T. ) ;
#653 = CARTESIAN_POINT ( 'NONE',  ( 4.545854811567260800, 8.038669317560415800, 2.670000000000000800 ) ) ;
#654 = EDGE_CURVE ( 'NONE', #2030, #2608, #1064, .T. ) ;
#655 = VECTOR ( 'NONE', #833, 1000.000000000000000 ) ;
#656 = PLANE ( 'NONE',  #1620 ) ;
#657 = ORIENTED_EDGE ( 'NONE', *, *, #2838, .F. ) ;
#658 = CARTESIAN_POINT ( 'NONE',  ( -3.064999999999999100, 0.9999999999999986700, -0.3800000000000000000 ) ) ;
#659 = FACE_OUTER_BOUND ( 'NONE', #2165, .T. ) ;
#660 = CARTESIAN_POINT ( 'NONE',  ( -2.099459165297613800, -1.089830043761449100E-015, -3.285000000000000100 ) ) ;
#661 = AXIS2_PLACEMENT_3D ( 'NONE', #1783, #834, #126 ) ;
#662 = ORIENTED_EDGE ( 'NONE', *, *, #15, .T. ) ;
#663 = DIRECTION ( 'NONE',  ( 0.0000000000000000000, 1.000000000000000000, 0.0000000000000000000 ) ) ;
#664 = LINE ( 'NONE', #370, #83 ) ;
#665 = CARTESIAN_POINT ( 'NONE',  ( -3.804940905122495800, 0.6579999999999990300, 2.763500000000000100 ) ) ;
#666 = AXIS2_PLACEMENT_3D ( 'NONE', #1812, #1329, #166 ) ;
#667 = FACE_OUTER_BOUND ( 'NONE', #921, .T. ) ;
#668 = CARTESIAN_POINT ( 'NONE',  ( -0.4918499720787619100, 2.279999999999998500, -0.5181104893249364200 ) ) ;
#669 = CARTESIAN_POINT ( 'NONE',  ( -3.107501779941427100, 0.8499999999999994200, -2.763500000000000100 ) ) ;
#670 = LINE ( 'NONE', #1494, #1054 ) ;
#671 = EDGE_CURVE ( 'NONE', #1227, #2514, #2068, .T. ) ;
#672 = CARTESIAN_POINT ( 'NONE',  ( 2.907891343280052600, 0.0000000000000000000, -2.200000000000000600 ) ) ;
#673 = ORIENTED_EDGE ( 'NONE', *, *, #902, .T. ) ;
#674 = LINE ( 'NONE', #2792, #2543 ) ;
#675 = VECTOR ( 'NONE', #586, 1000.000000000000000 ) ;
#676 = EDGE_CURVE ( 'NONE', #1586, #1996, #1170, .T. ) ;
#677 = CARTESIAN_POINT ( 'NONE',  ( -2.847694158806095600, 0.9999999999999986700, 2.665999999999999900 ) ) ;
#678 = VECTOR ( 'NONE', #1103, 1000.000000000000000 ) ;
#679 = ORIENTED_EDGE ( 'NONE', *, *, #1852, .T. ) ;
#680 = ORIENTED_EDGE ( 'NONE', *, *, #1931, .T. ) ;
#681 = VERTEX_POINT ( 'NONE', #2512 ) ;
#682 = CARTESIAN_POINT ( 'NONE',  ( -2.847694158806095600, 0.6999999999999990700, -2.665999999999999900 ) ) ;
#683 = ORIENTED_EDGE ( 'NONE', *, *, #1913, .T. ) ;
#684 = AXIS2_PLACEMENT_3D ( 'NONE', #2934, #69, #1267 ) ;
#685 = DIRECTION ( 'NONE',  ( 0.0000000000000000000, 0.0000000000000000000, 1.000000000000000000 ) ) ;
#686 = CARTESIAN_POINT ( 'NONE',  ( -3.064999999999999100, 0.9999999999999986700, 0.3800000000000000000 ) ) ;
#687 = ORIENTED_EDGE ( 'NONE', *, *, #2819, .F. ) ;
#688 = ORIENTED_EDGE ( 'NONE', *, *, #2270, .F. ) ;
#689 = CARTESIAN_POINT ( 'NONE',  ( -4.064748526257827300, 0.5079999999999994500, 2.665999999999999900 ) ) ;
#690 = PLANE ( 'NONE',  #493 ) ;
#691 = VERTEX_POINT ( 'NONE', #1572 ) ;
#692 = ORIENTED_EDGE ( 'NONE', *, *, #534, .F. ) ;
#693 = MECHANICAL_DESIGN_GEOMETRIC_PRESENTATION_REPRESENTATION (  '', ( #460 ), #1500 ) ;
#694 = EDGE_CURVE ( 'NONE', #971, #2216, #1764, .T. ) ;
#695 = LINE ( 'NONE', #2131, #1636 ) ;
#696 = ADVANCED_FACE ( 'NONE', ( #2814 ), #2775, .F. ) ;
#697 = CARTESIAN_POINT ( 'NONE',  ( -4.064748526257827300, 0.5079999999999994500, -2.665999999999999900 ) ) ;
#698 = CARTESIAN_POINT ( 'NONE',  ( 3.870000000000001000, -1.301042606982605300E-015, -2.669999999999999500 ) ) ;
#699 = FACE_OUTER_BOUND ( 'NONE', #1671, .T. ) ;
#700 = DIRECTION ( 'NONE',  ( -0.05226442768870739200, -0.9972646886342380100, -0.05226442768870683000 ) ) ;
#701 = ORIENTED_EDGE ( 'NONE', *, *, #994, .T. ) ;
#702 = DIRECTION ( 'NONE',  ( -1.000000000000000000, 0.0000000000000000000, 0.0000000000000000000 ) ) ;
#703 = LINE ( 'NONE', #1486, #462 ) ;
#704 = FILL_AREA_STYLE_COLOUR ( '', #1971 ) ;
#705 = DIRECTION ( 'NONE',  ( -1.000000000000000000, 0.0000000000000000000, 4.623643496330790900E-016 ) ) ;
#706 = SURFACE_STYLE_FILL_AREA ( #2031 ) ;
#707 = CARTESIAN_POINT ( 'NONE',  ( -0.3499999999999996400, 0.5149999999999997900, 2.200000000000000200 ) ) ;
#708 = AXIS2_PLACEMENT_3D ( 'NONE', #1840, #2330, #900 ) ;
#709 = FACE_OUTER_BOUND ( 'NONE', #1824, .T. ) ;
#710 = DIRECTION ( 'NONE',  ( -1.000000000000000000, 0.0000000000000000000, 0.0000000000000000000 ) ) ;
#711 = FACE_OUTER_BOUND ( 'NONE', #2120, .T. ) ;
#712 = ORIENTED_EDGE ( 'NONE', *, *, #1065, .F. ) ;
#713 = FACE_OUTER_BOUND ( 'NONE', #1954, .T. ) ;
#714 = EDGE_CURVE ( 'NONE', #1122, #1882, #2584, .T. ) ;
#715 = FACE_OUTER_BOUND ( 'NONE', #2604, .T. ) ;
#716 = PRODUCT_DEFINITION_SHAPE ( 'NONE', 'NONE',  #303 ) ;
#717 = MANIFOLD_SOLID_BREP ( 'Cut-Extrude4', #1767 ) ;
#718 = VERTEX_POINT ( 'NONE', #2072 ) ;
#719 = AXIS2_PLACEMENT_3D ( 'NONE', #2063, #2554, #1853 ) ;
#720 = DIRECTION ( 'NONE',  ( -2.628368902995161500E-016, 1.000000000000000000, 0.0000000000000000000 ) ) ;
#721 = CARTESIAN_POINT ( 'NONE',  ( -2.239999999999998900, 1.507999999999998900, -1.905999999999999700 ) ) ;
#722 = ORIENTED_EDGE ( 'NONE', *, *, #671, .F. ) ;
#723 = DIRECTION ( 'NONE',  ( 2.412598014677960000E-016, -1.000000000000000000, 0.0000000000000000000 ) ) ;
#724 = EDGE_CURVE ( 'NONE', #2046, #1655, #511, .T. ) ;
#725 = ORIENTED_EDGE ( 'NONE', *, *, #1591, .T. ) ;
#726 = ORIENTED_EDGE ( 'NONE', *, *, #1562, .T. ) ;
#727 = ADVANCED_FACE ( 'NONE', ( #1387 ), #2360, .T. ) ;
#728 = CARTESIAN_POINT ( 'NONE',  ( -2.166216061781243200, 1.524999999999999000, -0.3800000000000000000 ) ) ;
#729 = CARTESIAN_POINT ( 'NONE',  ( 3.307891343280052100, 8.038669317560415800, 2.100000038075664500 ) ) ;
#730 = ORIENTED_EDGE ( 'NONE', *, *, #2721, .T. ) ;
#731 = EDGE_CURVE ( 'NONE', #193, #2232, #1025, .T. ) ;
#732 = VECTOR ( 'NONE', #642, 1000.000000000000000 ) ;
#733 = ORIENTED_EDGE ( 'NONE', *, *, #2979, .T. ) ;
#734 = PLANE ( 'NONE',  #2037 ) ;
#735 = CARTESIAN_POINT ( 'NONE',  ( -3.547442685063921800, 1.103999999999999900, -2.763500000000000100 ) ) ;
#736 = ORIENTED_EDGE ( 'NONE', *, *, #2123, .T. ) ;
#737 = VECTOR ( 'NONE', #889, 1000.000000000000000 ) ;
#738 = DIRECTION ( 'NONE',  ( 0.0000000000000000000, 0.0000000000000000000, 1.000000000000000000 ) ) ;
#739 = ORIENTED_EDGE ( 'NONE', *, *, #2748, .T. ) ;
#740 = VECTOR ( 'NONE', #410, 1000.000000000000000 ) ;
#741 = DIRECTION ( 'NONE',  ( 0.8660254037844381500, -0.5000000000000008900, 0.0000000000000000000 ) ) ;
#742 = CYLINDRICAL_SURFACE ( 'NONE', #2208, 0.2999999999999999300 ) ;
#743 = DIRECTION ( 'NONE',  ( -1.000000000000000000, 0.0000000000000000000, 4.623643496330790900E-016 ) ) ;
#744 = AXIS2_PLACEMENT_3D ( 'NONE', #1407, #1889, #1900 ) ;
#745 = CARTESIAN_POINT ( 'NONE',  ( -2.046053648110698100, 2.379999999999998600, 3.285000000000000100 ) ) ;
#746 = DIRECTION ( 'NONE',  ( 7.392287539673893200E-017, 0.0000000000000000000, 1.000000000000000000 ) ) ;
#747 = LINE ( 'NONE', #2413, #2017 ) ;
#748 = AXIS2_PLACEMENT_3D ( 'NONE', #974, #1458, #963 ) ;
#749 = ORIENTED_EDGE ( 'NONE', *, *, #3018, .F. ) ;
#750 = LINE ( 'NONE', #660, #2771 ) ;
#751 = ORIENTED_EDGE ( 'NONE', *, *, #2823, .T. ) ;
#752 = CARTESIAN_POINT ( 'NONE',  ( 2.907891343280052600, 0.0000000000000000000, -2.100000000000000100 ) ) ;
#753 = EDGE_CURVE ( 'NONE', #2035, #514, #179, .T. ) ;
#754 = DIRECTION ( 'NONE',  ( 0.0000000000000000000, 0.0000000000000000000, -1.000000000000000000 ) ) ;
#755 = ORIENTED_EDGE ( 'NONE', *, *, #1443, .T. ) ;
#756 = DIRECTION ( 'NONE',  ( 7.608436806382989900E-016, 0.0000000000000000000, -1.000000000000000000 ) ) ;
#757 = ADVANCED_FACE ( 'NONE', ( #1941 ), #2125, .T. ) ;
#758 = ORIENTED_EDGE ( 'NONE', *, *, #3116, .T. ) ;
#759 = EDGE_CURVE ( 'NONE', #281, #2302, #1244, .T. ) ;
#760 = CARTESIAN_POINT ( 'NONE',  ( -2.168605255971184100, 1.507999999999998900, -2.665999999999999900 ) ) ;
#761 = EDGE_LOOP ( 'NONE', ( #2370, #1430, #118, #104 ) ) ;
#762 = EDGE_LOOP ( 'NONE', ( #423, #3043, #2778, #2866 ) ) ;
#763 = PLANE ( 'NONE',  #1289 ) ;
#764 = ORIENTED_EDGE ( 'NONE', *, *, #322, .F. ) ;
#765 = CARTESIAN_POINT ( 'NONE',  ( 4.950000000000000200, 0.5149999999999997900, 1.970000000000000000 ) ) ;
#766 = VERTEX_POINT ( 'NONE', #1365 ) ;
#767 = CARTESIAN_POINT ( 'NONE',  ( 3.307891343280052100, 0.0000000000000000000, 2.100000038075664500 ) ) ;
#768 = CARTESIAN_POINT ( 'NONE',  ( 3.607891343280053700, 0.5150000000000000100, 2.670000000000000400 ) ) ;
#769 = AXIS2_PLACEMENT_3D ( 'NONE', #2570, #2820, #3073 ) ;
#770 = ORIENTED_EDGE ( 'NONE', *, *, #1953, .F. ) ;
#771 = DIRECTION ( 'NONE',  ( -0.0000000000000000000, -0.0000000000000000000, -1.000000000000000000 ) ) ;
#772 = ORIENTED_EDGE ( 'NONE', *, *, #421, .T. ) ;
#773 = EDGE_CURVE ( 'NONE', #2246, #2892, #440, .T. ) ;
#774 = VECTOR ( 'NONE', #510, 1000.000000000000000 ) ;
#775 = DIRECTION ( 'NONE',  ( -0.0000000000000000000, -0.0000000000000000000, 1.000000000000000000 ) ) ;
#776 = PLANE ( 'NONE',  #1091 ) ;
#777 = CARTESIAN_POINT ( 'NONE',  ( -3.365000000000001100, 0.4039999999999986900, -2.665999999999999900 ) ) ;
#778 = LINE ( 'NONE', #2705, #2463 ) ;
#779 = AXIS2_PLACEMENT_3D ( 'NONE', #1688, #931, #1904 ) ;
#780 = DIRECTION ( 'NONE',  ( -0.0000000000000000000, -1.000000000000000000, 0.0000000000000000000 ) ) ;
#781 = CARTESIAN_POINT ( 'NONE',  ( 3.307891343280053400, 8.038669317560415800, -0.7999999999999994900 ) ) ;
#782 = EDGE_CURVE ( 'NONE', #2542, #559, #1697, .T. ) ;
#783 = ORIENTED_EDGE ( 'NONE', *, *, #2426, .F. ) ;
#784 = LINE ( 'NONE', #1272, #3030 ) ;
#785 = VECTOR ( 'NONE', #2861, 1000.000000000000000 ) ;
#786 = CARTESIAN_POINT ( 'NONE',  ( 3.607891343280053700, 0.5150000000000000100, 2.670000000000000400 ) ) ;
#787 = CIRCLE ( 'NONE', #2895, 0.2999999999999999300 ) ;
#788 = VECTOR ( 'NONE', #1707, 1000.000000000000000 ) ;
#789 = ADVANCED_FACE ( 'NONE', ( #2025 ), #2087, .F. ) ;
#790 = FACE_OUTER_BOUND ( 'NONE', #2698, .T. ) ;
#791 = VERTEX_POINT ( 'NONE', #150 ) ;
#792 = CARTESIAN_POINT ( 'NONE',  ( -2.847694158806095600, 0.6999999999999990700, -2.665999999999999900 ) ) ;
#793 = ORIENTED_EDGE ( 'NONE', *, *, #2398, .T. ) ;
#794 = AXIS2_PLACEMENT_3D ( 'NONE', #821, #2732, #72 ) ;
#795 = EDGE_CURVE ( 'NONE', #1909, #1665, #750, .T. ) ;
#796 = DIRECTION ( 'NONE',  ( -0.0000000000000000000, -0.0000000000000000000, 1.000000000000000000 ) ) ;
#797 = DIRECTION ( 'NONE',  ( -0.0000000000000000000, -1.000000000000000000, -0.0000000000000000000 ) ) ;
#798 = VERTEX_POINT ( 'NONE', #411 ) ;
#799 = CARTESIAN_POINT ( 'NONE',  ( 3.307891343280052100, 0.5150000000000000100, -2.100000038075664500 ) ) ;
#800 = DIRECTION ( 'NONE',  ( 0.0000000000000000000, -1.000000000000000000, 0.0000000000000000000 ) ) ;
#801 =( LENGTH_UNIT ( ) NAMED_UNIT ( * ) SI_UNIT ( .MILLI., .METRE. ) );
#802 = CARTESIAN_POINT ( 'NONE',  ( -2.847694158806095600, 1.507999999999999100, 1.905999999999999700 ) ) ;
#803 = ORIENTED_EDGE ( 'NONE', *, *, #461, .T. ) ;
#804 = DIRECTION ( 'NONE',  ( -0.0000000000000000000, -0.0000000000000000000, -1.000000000000000000 ) ) ;
#805 = ORIENTED_EDGE ( 'NONE', *, *, #2292, .T. ) ;
#806 = ADVANCED_FACE ( 'NONE', ( #216 ), #918, .F. ) ;
#807 = AXIS2_PLACEMENT_3D ( 'NONE', #2267, #2299, #1590 ) ;
#808 = ORIENTED_EDGE ( 'NONE', *, *, #112, .F. ) ;
#809 = LINE ( 'NONE', #1425, #1411 ) ;
#810 = DIRECTION ( 'NONE',  ( -0.8660254037844381500, 0.5000000000000006700, 0.0000000000000000000 ) ) ;
#811 = DIRECTION ( 'NONE',  ( -0.0000000000000000000, 0.0000000000000000000, 1.000000000000000000 ) ) ;
#812 = VERTEX_POINT ( 'NONE', #1157 ) ;
#813 = DIRECTION ( 'NONE',  ( 0.5000000000000014400, 0.0000000000000000000, 0.8660254037844379300 ) ) ;
#814 = VERTEX_POINT ( 'NONE', #420 ) ;
#815 = DIRECTION ( 'NONE',  ( 0.0000000000000000000, 1.000000000000000000, 0.0000000000000000000 ) ) ;
#816 = VECTOR ( 'NONE', #1952, 1000.000000000000000 ) ;
#817 = EDGE_CURVE ( 'NONE', #1480, #1030, #1623, .T. ) ;
#818 = LINE ( 'NONE', #2994, #2242 ) ;
#819 = VECTOR ( 'NONE', #2699, 1000.000000000000000 ) ;
#820 = EDGE_CURVE ( 'NONE', #562, #1917, #1582, .T. ) ;
#821 = CARTESIAN_POINT ( 'NONE',  ( -2.239999999999998900, 2.379999999999998600, -3.160269485306379100 ) ) ;
#822 = ADVANCED_FACE ( 'NONE', ( #1867 ), #2408, .F. ) ;
#823 = CARTESIAN_POINT ( 'NONE',  ( -3.365000000000001100, 0.4039999999999986900, 1.808499999999999800 ) ) ;
#824 = DIRECTION ( 'NONE',  ( -1.000000000000000000, -3.674217568604495500E-016, 0.0000000000000000000 ) ) ;
#825 = FACE_OUTER_BOUND ( 'NONE', #198, .T. ) ;
#826 = VECTOR ( 'NONE', #2589, 1000.000000000000000 ) ;
#827 = AXIS2_PLACEMENT_3D ( 'NONE', #2762, #1140, #387 ) ;
#828 = FACE_OUTER_BOUND ( 'NONE', #207, .T. ) ;
#829 = VECTOR ( 'NONE', #2128, 1000.000000000000000 ) ;
#830 = AXIS2_PLACEMENT_3D ( 'NONE', #1142, #865, #399 ) ;
#831 = ORIENTED_EDGE ( 'NONE', *, *, #1626, .F. ) ;
#832 = ORIENTED_EDGE ( 'NONE', *, *, #245, .F. ) ;
#833 = DIRECTION ( 'NONE',  ( 0.0000000000000000000, -1.000000000000000000, 0.0000000000000000000 ) ) ;
#834 = DIRECTION ( 'NONE',  ( 0.0000000000000000000, -1.000000000000000000, 0.0000000000000000000 ) ) ;
#835 = CARTESIAN_POINT ( 'NONE',  ( 3.307891343280052100, 0.5150000000000000100, 2.100000038075664500 ) ) ;
#836 = ORIENTED_EDGE ( 'NONE', *, *, #71, .F. ) ;
#837 = EDGE_CURVE ( 'NONE', #2105, #1217, #951, .T. ) ;
#838 = ORIENTED_EDGE ( 'NONE', *, *, #2674, .F. ) ;
#839 = EDGE_CURVE ( 'NONE', #2859, #556, #406, .T. ) ;
#840 = ORIENTED_EDGE ( 'NONE', *, *, #2219, .F. ) ;
#841 = ORIENTED_EDGE ( 'NONE', *, *, #1042, .T. ) ;
#842 = DIRECTION ( 'NONE',  ( 1.000000000000000000, 0.0000000000000000000, 7.608436806382990900E-016 ) ) ;
#843 = PLANE ( 'NONE',  #2830 ) ;
#844 = CARTESIAN_POINT ( 'NONE',  ( -3.365000000000001100, 0.4039999999999986900, 2.763500000000000100 ) ) ;
#845 = ORIENTED_EDGE ( 'NONE', *, *, #2181, .T. ) ;
#846 = CIRCLE ( 'NONE', #2779, 0.2999999999999999300 ) ;
#847 = AXIS2_PLACEMENT_3D ( 'NONE', #3051, #182, #419 ) ;
#848 = CARTESIAN_POINT ( 'NONE',  ( -4.950000000000000200, -1.089830043761449100E-015, 2.665999999999999900 ) ) ;
#849 = DIRECTION ( 'NONE',  ( -0.0000000000000000000, -0.0000000000000000000, 1.000000000000000000 ) ) ;
#850 = CLOSED_SHELL ( 'NONE', ( #2873, #2902, #2135, #2203, #524, #1676, #2343, #551, #2704, #2499, #1294, #2640, #181, #1471, #1533, #535, #2403, #1441, #47, #1746, #1995, #2175 ) ) ;
#851 = CARTESIAN_POINT ( 'NONE',  ( 3.007891343280053600, 0.5149999999999997900, 0.5000000000000004400 ) ) ;
#852 = FACE_OUTER_BOUND ( 'NONE', #2033, .T. ) ;
#853 = CARTESIAN_POINT ( 'NONE',  ( 3.607891343280053700, 0.0000000000000000000, -0.4999999999999997800 ) ) ;
#854 = ADVANCED_FACE ( 'NONE', ( #1547 ), #2886, .F. ) ;
#855 = DIRECTION ( 'NONE',  ( 0.1389860559330048900, 0.9889371742192986100, -0.05182800115127240300 ) ) ;
#856 = LINE ( 'NONE', #2605, #1570 ) ;
#857 = CARTESIAN_POINT ( 'NONE',  ( -3.547442685063921800, 1.103999999999999900, -2.665999999999999900 ) ) ;
#858 = CARTESIAN_POINT ( 'NONE',  ( -3.547442685063921800, 1.103999999999999900, 2.763500000000000100 ) ) ;
#859 = DIRECTION ( 'NONE',  ( 1.331170451368003600E-016, 0.0000000000000000000, -1.000000000000000000 ) ) ;
#860 = CIRCLE ( 'NONE', #311, 0.2999999999999999300 ) ;
#861 = EDGE_CURVE ( 'NONE', #106, #1605, #2256, .T. ) ;
#862 = VECTOR ( 'NONE', #537, 1000.000000000000200 ) ;
#863 =( NAMED_UNIT ( * ) SI_UNIT ( $, .STERADIAN. ) SOLID_ANGLE_UNIT ( ) );
#864 = VERTEX_POINT ( 'NONE', #853 ) ;
#865 = DIRECTION ( 'NONE',  ( 0.0000000000000000000, 0.0000000000000000000, 1.000000000000000000 ) ) ;
#866 = FACE_OUTER_BOUND ( 'NONE', #2741, .T. ) ;
#867 = CYLINDRICAL_SURFACE ( 'NONE', #2743, 0.2999999999999999300 ) ;
#868 = CARTESIAN_POINT ( 'NONE',  ( -4.064748526257827300, 0.5079999999999994500, 2.665999999999999900 ) ) ;
#869 = VECTOR ( 'NONE', #168, 1000.000000000000000 ) ;
#870 = ORIENTED_EDGE ( 'NONE', *, *, #2819, .T. ) ;
#871 = CARTESIAN_POINT ( 'NONE',  ( -3.107501779941427500, 0.8499999999999996400, 2.665999999999999900 ) ) ;
#872 = DIRECTION ( 'NONE',  ( 0.0000000000000000000, 0.0000000000000000000, -1.000000000000000000 ) ) ;
#873 = ORIENTED_EDGE ( 'NONE', *, *, #2540, .T. ) ;
#874 = ORIENTED_EDGE ( 'NONE', *, *, #2103, .T. ) ;
#875 = DIRECTION ( 'NONE',  ( 0.0000000000000000000, 0.0000000000000000000, -1.000000000000000000 ) ) ;
#876 = ORIENTED_EDGE ( 'NONE', *, *, #1197, .F. ) ;
#877 = CARTESIAN_POINT ( 'NONE',  ( 3.607891343280053700, 8.038669317560415800, 2.670000000000000400 ) ) ;
#878 = CARTESIAN_POINT ( 'NONE',  ( 3.307891343280052100, 0.5150000000000000100, -2.100000038075664500 ) ) ;
#879 = VERTEX_POINT ( 'NONE', #1598 ) ;
#880 = EDGE_CURVE ( 'NONE', #1655, #647, #2433, .T. ) ;
#881 = DIRECTION ( 'NONE',  ( 0.0000000000000000000, -1.000000000000000000, 0.0000000000000000000 ) ) ;
#882 = ORIENTED_EDGE ( 'NONE', *, *, #495, .T. ) ;
#883 = EDGE_CURVE ( 'NONE', #366, #3117, #294, .T. ) ;
#884 = ORIENTED_EDGE ( 'NONE', *, *, #2916, .F. ) ;
#885 = CARTESIAN_POINT ( 'NONE',  ( 3.607891343280053700, 0.5150000000000000100, 0.5000000000000004400 ) ) ;
#886 = ORIENTED_EDGE ( 'NONE', *, *, #327, .T. ) ;
#887 = ORIENTED_EDGE ( 'NONE', *, *, #1269, .T. ) ;
#888 = ADVANCED_FACE ( 'NONE', ( #2367 ), #1848, .F. ) ;
#889 = DIRECTION ( 'NONE',  ( -1.000000000000000000, -3.674217568604495500E-016, 0.0000000000000000000 ) ) ;
#890 = EDGE_CURVE ( 'NONE', #24, #2752, #1618, .T. ) ;
#891 = CARTESIAN_POINT ( 'NONE',  ( 3.007891343280053600, 8.038669317560415800, 0.5000000000000004400 ) ) ;
#892 = AXIS2_PLACEMENT_3D ( 'NONE', #1088, #2753, #351 ) ;
#893 = CARTESIAN_POINT ( 'NONE',  ( -4.064748526257827300, -1.084202172485504400E-015, 1.905999999999999700 ) ) ;
#894 = ORIENTED_EDGE ( 'NONE', *, *, #2243, .F. ) ;
#895 = CARTESIAN_POINT ( 'NONE',  ( -3.804940905122495800, 0.6579999999999990300, 2.665999999999999900 ) ) ;
#896 = CARTESIAN_POINT ( 'NONE',  ( 3.307891343280053400, 0.0000000000000000000, -0.4999999999999995600 ) ) ;
#897 = ORIENTED_EDGE ( 'NONE', *, *, #773, .T. ) ;
#898 = FACE_OUTER_BOUND ( 'NONE', #1207, .T. ) ;
#899 = CARTESIAN_POINT ( 'NONE',  ( -4.064748526257827300, 0.8079999999999993900, -2.665999999999999900 ) ) ;
#900 = DIRECTION ( 'NONE',  ( 1.000000000000000000, 0.0000000000000000000, 0.0000000000000000000 ) ) ;
#901 = CYLINDRICAL_SURFACE ( 'NONE', #2632, 0.2999999999999999300 ) ;
#902 = EDGE_CURVE ( 'NONE', #935, #1586, #2252, .T. ) ;
#903 = DIRECTION ( 'NONE',  ( -0.0000000000000000000, -1.000000000000000000, -0.0000000000000000000 ) ) ;
#904 =( LENGTH_UNIT ( ) NAMED_UNIT ( * ) SI_UNIT ( .MILLI., .METRE. ) );
#905 = EDGE_LOOP ( 'NONE', ( #1137, #337, #196, #1870 ) ) ;
#906 = AXIS2_PLACEMENT_3D ( 'NONE', #2308, #1350, #1811 ) ;
#907 = FACE_OUTER_BOUND ( 'NONE', #1932, .T. ) ;
#908 = EDGE_CURVE ( 'NONE', #2035, #452, #2656, .T. ) ;
#909 = CARTESIAN_POINT ( 'NONE',  ( -2.239999999999998900, 2.379999999999998600, -3.160269485306379100 ) ) ;
#910 = LINE ( 'NONE', #1001, #1832 ) ;
#911 = FACE_OUTER_BOUND ( 'NONE', #1222, .T. ) ;
#912 = CARTESIAN_POINT ( 'NONE',  ( -2.847694158806095600, 0.6999999999999990700, -1.905999999999999700 ) ) ;
#913 = ORIENTED_EDGE ( 'NONE', *, *, #2145, .T. ) ;
#914 = DIRECTION ( 'NONE',  ( 1.000000000000000000, 0.0000000000000000000, -7.392287539673893200E-017 ) ) ;
#915 = CARTESIAN_POINT ( 'NONE',  ( -4.064748526257827300, -1.084202172485504400E-015, -2.665999999999999900 ) ) ;
#916 = VECTOR ( 'NONE', #1632, 1000.000000000000000 ) ;
#917 =( NAMED_UNIT ( * ) PLANE_ANGLE_UNIT ( ) SI_UNIT ( $, .RADIAN. ) );
#918 = PLANE ( 'NONE',  #769 ) ;
#919 = ORIENTED_EDGE ( 'NONE', *, *, #2497, .T. ) ;
#920 = ORIENTED_EDGE ( 'NONE', *, *, #1204, .F. ) ;
#921 = EDGE_LOOP ( 'NONE', ( #2254, #476, #1383, #952 ) ) ;
#922 =( NAMED_UNIT ( * ) PLANE_ANGLE_UNIT ( ) SI_UNIT ( $, .RADIAN. ) );
#923 = CARTESIAN_POINT ( 'NONE',  ( 2.907891343280052600, 8.038669317560415800, 2.200000000000004200 ) ) ;
#924 = ORIENTED_EDGE ( 'NONE', *, *, #2379, .T. ) ;
#925 = CARTESIAN_POINT ( 'NONE',  ( -2.239999999999998900, 0.9999999999999988900, -0.3800000000000000000 ) ) ;
#926 = ORIENTED_EDGE ( 'NONE', *, *, #2480, .F. ) ;
#927 = DIRECTION ( 'NONE',  ( 1.000000000000000000, 0.0000000000000000000, 0.0000000000000000000 ) ) ;
#928 = DIRECTION ( 'NONE',  ( -0.7071067811865436900, 0.0000000000000000000, 0.7071067811865513500 ) ) ;
#929 = EDGE_CURVE ( 'NONE', #1730, #484, #986, .T. ) ;
#930 = ORIENTED_EDGE ( 'NONE', *, *, #190, .T. ) ;
#931 = DIRECTION ( 'NONE',  ( -0.0000000000000000000, -1.000000000000000000, -0.0000000000000000000 ) ) ;
#932 = AXIS2_PLACEMENT_3D ( 'NONE', #2075, #630, #2091 ) ;
#933 = FACE_OUTER_BOUND ( 'NONE', #1630, .T. ) ;
#934 = CARTESIAN_POINT ( 'NONE',  ( -2.847694158806095600, 0.9999999999999986700, -2.665999999999999900 ) ) ;
#935 = VERTEX_POINT ( 'NONE', #2783 ) ;
#936 = FACE_BOUND ( 'NONE', #513, .T. ) ;
#937 = SURFACE_SIDE_STYLE ('',( #1659 ) ) ;
#938 = ORIENTED_EDGE ( 'NONE', *, *, #1481, .T. ) ;
#939 = LINE ( 'NONE', #1417, #1419 ) ;
#940 = VECTOR ( 'NONE', #3084, 1000.000000000000000 ) ;
#941 = CARTESIAN_POINT ( 'NONE',  ( 3.607891343280053700, 0.0000000000000000000, -0.4999999999999997800 ) ) ;
#942 = ADVANCED_FACE ( 'NONE', ( #139 ), #2286, .F. ) ;
#943 = CIRCLE ( 'NONE', #2488, 0.2999999999999999300 ) ;
#944 = EDGE_CURVE ( 'NONE', #1158, #2890, #2579, .T. ) ;
#945 = DIRECTION ( 'NONE',  ( -0.0000000000000000000, -0.0000000000000000000, -1.000000000000000000 ) ) ;
#946 = PLANE ( 'NONE',  #1035 ) ;
#947 = LINE ( 'NONE', #3078, #1277 ) ;
#948 = LINE ( 'NONE', #2168, #292 ) ;
#949 = DIRECTION ( 'NONE',  ( 2.201425730935034200E-016, 0.0000000000000000000, 1.000000000000000000 ) ) ;
#950 = EDGE_LOOP ( 'NONE', ( #1817, #1218, #2274, #439 ) ) ;
#951 = CIRCLE ( 'NONE', #2389, 0.2999999999999999300 ) ;
#952 = ORIENTED_EDGE ( 'NONE', *, *, #724, .F. ) ;
#953 = VERTEX_POINT ( 'NONE', #2804 ) ;
#954 = DIRECTION ( 'NONE',  ( -1.000000000000000000, 0.0000000000000000000, -0.0000000000000000000 ) ) ;
#955 = FILL_AREA_STYLE ('',( #704 ) ) ;
#956 = UNCERTAINTY_MEASURE_WITH_UNIT (LENGTH_MEASURE( 1.000000000000000100E-005 ), #2061, 'distance_accuracy_value', 'NONE');
#957 = ORIENTED_EDGE ( 'NONE', *, *, #3063, .T. ) ;
#958 = ADVANCED_FACE ( 'NONE', ( #1314 ), #157, .F. ) ;
#959 = ORIENTED_EDGE ( 'NONE', *, *, #1370, .T. ) ;
#960 = CARTESIAN_POINT ( 'NONE',  ( -0.3499999999999996400, 0.5150000000000000100, 2.200000000000000200 ) ) ;
#961 = ORIENTED_EDGE ( 'NONE', *, *, #2181, .F. ) ;
#962 = VERTEX_POINT ( 'NONE', #621 ) ;
#963 = DIRECTION ( 'NONE',  ( 0.0000000000000000000, 0.0000000000000000000, -1.000000000000000000 ) ) ;
#964 = PRODUCT_RELATED_PRODUCT_CATEGORY ( 'part', '', ( #263 ) ) ;
#965 = CARTESIAN_POINT ( 'NONE',  ( 3.307891343280052100, 8.038669317560415800, 1.800000038075664400 ) ) ;
#966 = SURFACE_SIDE_STYLE ('',( #2718 ) ) ;
#967 = ORIENTED_EDGE ( 'NONE', *, *, #2622, .T. ) ;
#968 = EDGE_CURVE ( 'NONE', #2752, #1444, #1939, .T. ) ;
#969 =( NAMED_UNIT ( * ) SI_UNIT ( $, .STERADIAN. ) SOLID_ANGLE_UNIT ( ) );
#970 = DIRECTION ( 'NONE',  ( 0.0000000000000000000, 0.0000000000000000000, 1.000000000000000000 ) ) ;
#971 = VERTEX_POINT ( 'NONE', #1830 ) ;
#972 = VECTOR ( 'NONE', #1129, 1000.000000000000000 ) ;
#973 = DIRECTION ( 'NONE',  ( 0.0000000000000000000, 0.0000000000000000000, 1.000000000000000000 ) ) ;
#974 = CARTESIAN_POINT ( 'NONE',  ( 3.307891343280052100, 0.5150000000000000100, -2.100000038075664500 ) ) ;
#975 = FACE_OUTER_BOUND ( 'NONE', #3047, .T. ) ;
#976 = DIRECTION ( 'NONE',  ( -0.0000000000000000000, -1.000000000000000000, -0.0000000000000000000 ) ) ;
#977 = AXIS2_PLACEMENT_3D ( 'NONE', #2786, #1333, #2550 ) ;
#978 = LINE ( 'NONE', #1307, #1270 ) ;
#979 = AXIS2_PLACEMENT_3D ( 'NONE', #2975, #2227, #2706 ) ;
#980 = VECTOR ( 'NONE', #945, 1000.000000000000000 ) ;
#981 = CARTESIAN_POINT ( 'NONE',  ( 2.907891343280052600, 0.5150000000000000100, -2.200000000000000600 ) ) ;
#982 = LINE ( 'NONE', #2392, #2325 ) ;
#983 = CARTESIAN_POINT ( 'NONE',  ( -2.239999999999998900, 0.9999999999999988900, 0.3800000000000000000 ) ) ;
#984 = LINE ( 'NONE', #2393, #1058 ) ;
#985 = DIRECTION ( 'NONE',  ( 0.0000000000000000000, 0.0000000000000000000, -1.000000000000000000 ) ) ;
#986 = LINE ( 'NONE', #1621, #1431 ) ;
#987 = EDGE_CURVE ( 'NONE', #2608, #879, #633, .T. ) ;
#988 = CARTESIAN_POINT ( 'NONE',  ( -2.847694158806095600, 1.507999999999999100, -2.665999999999999900 ) ) ;
#989 = LINE ( 'NONE', #1845, #1315 ) ;
#990 = DIRECTION ( 'NONE',  ( 1.000000000000000000, 0.0000000000000000000, 0.0000000000000000000 ) ) ;
#991 = COLOUR_RGB ( '',0.2509803921568627400, 0.2509803921568627400, 0.2509803921568627400 ) ;
#992 = ADVANCED_FACE ( 'NONE', ( #2506 ), #1610, .T. ) ;
#993 = ORIENTED_EDGE ( 'NONE', *, *, #1834, .F. ) ;
#994 = EDGE_CURVE ( 'NONE', #971, #1771, #674, .T. ) ;
#995 = DIRECTION ( 'NONE',  ( 0.0000000000000000000, 0.0000000000000000000, 1.000000000000000000 ) ) ;
#996 = CLOSED_SHELL ( 'NONE', ( #232, #74, #1215, #1249, #942, #2750 ) ) ;
#997 = ORIENTED_EDGE ( 'NONE', *, *, #2536, .F. ) ;
#998 = DIRECTION ( 'NONE',  ( 1.000000000000000000, 6.357370129138909600E-018, 0.0000000000000000000 ) ) ;
#999 = DIRECTION ( 'NONE',  ( -0.0000000000000000000, -1.000000000000000000, -0.0000000000000000000 ) ) ;
#1000 = VERTEX_POINT ( 'NONE', #2827 ) ;
#1001 = CARTESIAN_POINT ( 'NONE',  ( 2.907891343280052600, 0.5150000000000000100, -2.200000000000000600 ) ) ;
#1002 = ORIENTED_EDGE ( 'NONE', *, *, #1370, .F. ) ;
#1003 = DIRECTION ( 'NONE',  ( -1.000000000000000000, 0.0000000000000000000, -4.623643496330790900E-016 ) ) ;
#1004 = EDGE_CURVE ( 'NONE', #1655, #1480, #1905, .T. ) ;
#1005 = PLANE ( 'NONE',  #1392 ) ;
#1006 = ORIENTED_EDGE ( 'NONE', *, *, #2328, .T. ) ;
#1007 = VECTOR ( 'NONE', #611, 1000.000000000000100 ) ;
#1008 = EDGE_CURVE ( 'NONE', #556, #1032, #1280, .T. ) ;
#1009 = ORIENTED_EDGE ( 'NONE', *, *, #1257, .T. ) ;
#1010 = VECTOR ( 'NONE', #644, 1000.000000000000000 ) ;
#1011 = ORIENTED_EDGE ( 'NONE', *, *, #2603, .F. ) ;
#1012 = DIRECTION ( 'NONE',  ( 1.000000000000000000, 3.568249445133970600E-016, -0.0000000000000000000 ) ) ;
#1013 = DIRECTION ( 'NONE',  ( -0.0000000000000000000, -0.0000000000000000000, 1.000000000000000000 ) ) ;
#1014 = FACE_OUTER_BOUND ( 'NONE', #1738, .T. ) ;
#1015 = LINE ( 'NONE', #1501, #169 ) ;
#1016 = CARTESIAN_POINT ( 'NONE',  ( -2.239999999999998900, 0.9999999999999988900, 1.905999999999999700 ) ) ;
#1017 = CYLINDRICAL_SURFACE ( 'NONE', #1472, 0.2999999999999999300 ) ;
#1018 = CARTESIAN_POINT ( 'NONE',  ( -4.064748526257827300, -7.589415207398531000E-016, -2.665999999999999900 ) ) ;
#1019 = ADVANCED_FACE ( 'NONE', ( #19 ), #1405, .T. ) ;
#1020 = PLANE ( 'NONE',  #1149 ) ;
#1021 = CARTESIAN_POINT ( 'NONE',  ( -3.547442685063921800, 1.103999999999999900, -2.763500000000000100 ) ) ;
#1022 = CIRCLE ( 'NONE', #3010, 0.2999999999999999300 ) ;
#1023 = CARTESIAN_POINT ( 'NONE',  ( -4.064748526257827300, -7.589415207398531000E-016, -2.665999999999999900 ) ) ;
#1024 = FACE_OUTER_BOUND ( 'NONE', #2198, .T. ) ;
#1025 = LINE ( 'NONE', #1869, #367 ) ;
#1026 = ORIENTED_EDGE ( 'NONE', *, *, #2018, .F. ) ;
#1027 = EDGE_CURVE ( 'NONE', #2462, #812, #1984, .T. ) ;
#1028 = CARTESIAN_POINT ( 'NONE',  ( -2.099459165297613800, -1.089830043761449100E-015, 3.285000000000000100 ) ) ;
#1029 = DIRECTION ( 'NONE',  ( -0.0000000000000000000, -0.0000000000000000000, 1.000000000000000000 ) ) ;
#1030 = VERTEX_POINT ( 'NONE', #934 ) ;
#1031 = DIRECTION ( 'NONE',  ( -0.5000000000000004400, -0.8660254037844383700, 0.0000000000000000000 ) ) ;
#1032 = VERTEX_POINT ( 'NONE', #1393 ) ;
#1033 = EDGE_LOOP ( 'NONE', ( #2903, #451, #344, #1398 ) ) ;
#1034 = ADVANCED_FACE ( 'NONE', ( #2993 ), #1833, .F. ) ;
#1035 = AXIS2_PLACEMENT_3D ( 'NONE', #225, #1380, #927 ) ;
#1036 = DIRECTION ( 'NONE',  ( 0.0000000000000000000, 0.0000000000000000000, 1.000000000000000000 ) ) ;
#1037 = VERTEX_POINT ( 'NONE', #1865 ) ;
#1038 = ORIENTED_EDGE ( 'NONE', *, *, #2243, .T. ) ;
#1039 = CARTESIAN_POINT ( 'NONE',  ( -4.064748526257827300, 0.8079999999999993900, 2.665999999999999900 ) ) ;
#1040 = CARTESIAN_POINT ( 'NONE',  ( 2.907891343280052600, 0.0000000000000000000, 2.200000000000004200 ) ) ;
#1041 = DIRECTION ( 'NONE',  ( 1.000000000000000000, 3.568249445133970600E-016, 0.0000000000000000000 ) ) ;
#1042 = EDGE_CURVE ( 'NONE', #32, #2607, #2880, .T. ) ;
#1043 = CYLINDRICAL_SURFACE ( 'NONE', #906, 0.2999999999999999300 ) ;
#1044 = ORIENTED_EDGE ( 'NONE', *, *, #1358, .T. ) ;
#1045 = PLANE ( 'NONE',  #272 ) ;
#1046 = ORIENTED_EDGE ( 'NONE', *, *, #2638, .T. ) ;
#1047 = VECTOR ( 'NONE', #1187, 1000.000000000000000 ) ;
#1048 = AXIS2_PLACEMENT_3D ( 'NONE', #896, #2574, #2535 ) ;
#1049 = ADVANCED_FACE ( 'NONE', ( #472 ), #1240, .T. ) ;
#1050 = CARTESIAN_POINT ( 'NONE',  ( 3.607891343280053700, 0.5150000000000000100, 0.5000000000000004400 ) ) ;
#1051 = FACE_OUTER_BOUND ( 'NONE', #1401, .T. ) ;
#1052 = CARTESIAN_POINT ( 'NONE',  ( 3.307891343280052100, 0.0000000000000000000, -2.100000038075664500 ) ) ;
#1053 = DIRECTION ( 'NONE',  ( -0.1391731009600655800, -0.9902680687415702500, 0.0000000000000000000 ) ) ;
#1054 = VECTOR ( 'NONE', #1729, 1000.000000000000000 ) ;
#1055 = EDGE_LOOP ( 'NONE', ( #2666, #1989, #2397, #21, #1144, #2919, #2307, #2306, #1637, #2310, #1301, #1265, #2153, #1153, #1993 ) ) ;
#1056 = VECTOR ( 'NONE', #700, 1000.000000000000200 ) ;
#1057 = CARTESIAN_POINT ( 'NONE',  ( 3.607891343280053700, 0.5150000000000000100, 2.670000000000000400 ) ) ;
#1058 = VECTOR ( 'NONE', #1200, 1000.000000000000000 ) ;
#1059 = AXIS2_PLACEMENT_3D ( 'NONE', #1396, #928, #1613 ) ;
#1060 = VECTOR ( 'NONE', #741, 1000.000000000000100 ) ;
#1061 = DIRECTION ( 'NONE',  ( -1.000000000000000000, 0.0000000000000000000, -0.0000000000000000000 ) ) ;
#1062 = VERTEX_POINT ( 'NONE', #1378 ) ;
#1063 = CARTESIAN_POINT ( 'NONE',  ( -2.168605255971184100, 1.507999999999998900, 2.665999999999999900 ) ) ;
#1064 = CIRCLE ( 'NONE', #2990, 0.8079999999999997200 ) ;
#1065 = EDGE_CURVE ( 'NONE', #1480, #2222, #581, .T. ) ;
#1066 = ORIENTED_EDGE ( 'NONE', *, *, #1842, .T. ) ;
#1067 = ADVANCED_FACE ( 'NONE', ( #2102 ), #1694, .F. ) ;
#1068 = VERTEX_POINT ( 'NONE', #1638 ) ;
#1069 = VERTEX_POINT ( 'NONE', #202 ) ;
#1070 = CARTESIAN_POINT ( 'NONE',  ( -4.064748526257827300, -7.589415207398531000E-016, 2.665999999999999900 ) ) ;
#1071 = DIRECTION ( 'NONE',  ( -0.9902680687415703600, 0.1391731009600656000, 0.0000000000000000000 ) ) ;
#1072 = ORIENTED_EDGE ( 'NONE', *, *, #3018, .T. ) ;
#1073 = VERTEX_POINT ( 'NONE', #221 ) ;
#1074 = AXIS2_PLACEMENT_3D ( 'NONE', #1171, #2143, #2569 ) ;
#1075 = LINE ( 'NONE', #2982, #1007 ) ;
#1076 = ADVANCED_FACE ( 'NONE', ( #1201 ), #656, .F. ) ;
#1077 = CARTESIAN_POINT ( 'NONE',  ( -3.804940905122495800, 0.6579999999999990300, 2.763500000000000100 ) ) ;
#1078 = LINE ( 'NONE', #2915, #1786 ) ;
#1079 = ORIENTED_EDGE ( 'NONE', *, *, #425, .T. ) ;
#1080 = EDGE_CURVE ( 'NONE', #204, #3049, #3107, .T. ) ;
#1081 = VERTEX_POINT ( 'NONE', #941 ) ;
#1082 = CIRCLE ( 'NONE', #2407, 0.2999999999999999300 ) ;
#1083 = PLANE ( 'NONE',  #2311 ) ;
#1084 = DIRECTION ( 'NONE',  ( -0.0000000000000000000, -0.0000000000000000000, -1.000000000000000000 ) ) ;
#1085 = CIRCLE ( 'NONE', #334, 0.8080000000000001600 ) ;
#1086 = EDGE_LOOP ( 'NONE', ( #2593, #2744, #1565, #1415 ) ) ;
#1087 = DIRECTION ( 'NONE',  ( 0.0000000000000000000, -1.000000000000000000, 0.0000000000000000000 ) ) ;
#1088 = CARTESIAN_POINT ( 'NONE',  ( 3.307891343280052100, 0.5149999999999997900, -2.100000038075664500 ) ) ;
#1089 = CARTESIAN_POINT ( 'NONE',  ( -2.168605255971184100, 1.507999999999998900, 2.665999999999999900 ) ) ;
#1090 = FACE_OUTER_BOUND ( 'NONE', #3042, .T. ) ;
#1091 = AXIS2_PLACEMENT_3D ( 'NONE', #1028, #1259, #528 ) ;
#1092 = LINE ( 'NONE', #2590, #2210 ) ;
#1093 = LINE ( 'NONE', #2269, #1132 ) ;
#1094 = PLANE ( 'NONE',  #827 ) ;
#1095 = DIRECTION ( 'NONE',  ( -0.7071067811865513500, 0.0000000000000000000, 0.7071067811865438000 ) ) ;
#1096 = AXIS2_PLACEMENT_3D ( 'NONE', #2628, #1717, #1681 ) ;
#1097 = CARTESIAN_POINT ( 'NONE',  ( -2.239999999999998900, 1.507999999999998900, -2.665999999999999900 ) ) ;
#1098 = VERTEX_POINT ( 'NONE', #689 ) ;
#1099 = EDGE_LOOP ( 'NONE', ( #618, #148, #2826, #259, #1319, #498, #372, #1155, #3013, #2846, #1992, #961, #3008 ) ) ;
#1100 = ORIENTED_EDGE ( 'NONE', *, *, #1852, .F. ) ;
#1101 = CARTESIAN_POINT ( 'NONE',  ( -3.804940905122495800, 0.6579999999999990300, -2.763500000000000100 ) ) ;
#1102 = DIRECTION ( 'NONE',  ( -0.0000000000000000000, -0.0000000000000000000, -1.000000000000000000 ) ) ;
#1103 = DIRECTION ( 'NONE',  ( -0.0000000000000000000, -0.0000000000000000000, -1.000000000000000000 ) ) ;
#1104 = ORIENTED_EDGE ( 'NONE', *, *, #2891, .T. ) ;
#1105 = EDGE_CURVE ( 'NONE', #1488, #2859, #1349, .T. ) ;
#1106 = PLANE ( 'NONE',  #639 ) ;
#1107 = ORIENTED_EDGE ( 'NONE', *, *, #2067, .T. ) ;
#1108 = EDGE_CURVE ( 'NONE', #353, #366, #2475, .T. ) ;
#1109 = PLANE ( 'NONE',  #2088 ) ;
#1110 = ORIENTED_EDGE ( 'NONE', *, *, #346, .T. ) ;
#1111 = DIRECTION ( 'NONE',  ( -1.000000000000000000, -0.0000000000000000000, 0.0000000000000000000 ) ) ;
#1112 = ORIENTED_EDGE ( 'NONE', *, *, #2703, .T. ) ;
#1113 = DIRECTION ( 'NONE',  ( -1.000000000000000000, 0.0000000000000000000, 0.0000000000000000000 ) ) ;
#1114 = CARTESIAN_POINT ( 'NONE',  ( 3.307891343280052100, 0.0000000000000000000, 2.100000038075664500 ) ) ;
#1115 = EDGE_CURVE ( 'NONE', #1453, #2890, #546, .T. ) ;
#1116 = DIRECTION ( 'NONE',  ( -0.0000000000000000000, -0.0000000000000000000, -1.000000000000000000 ) ) ;
#1117 = ORIENTED_EDGE ( 'NONE', *, *, #1648, .F. ) ;
#1118 = CARTESIAN_POINT ( 'NONE',  ( 3.607891343280052300, 8.038669317560415800, -2.100000038075664000 ) ) ;
#1119 = SHAPE_DEFINITION_REPRESENTATION ( #716, #147 ) ;
#1120 = LINE ( 'NONE', #3057, #424 ) ;
#1121 = CARTESIAN_POINT ( 'NONE',  ( 3.007891343280053600, 0.5150000000000000100, 0.5000000000000004400 ) ) ;
#1122 = VERTEX_POINT ( 'NONE', #1482 ) ;
#1123 = LINE ( 'NONE', #1216, #2201 ) ;
#1124 = DIRECTION ( 'NONE',  ( -0.0000000000000000000, -0.0000000000000000000, 1.000000000000000000 ) ) ;
#1125 = LINE ( 'NONE', #2978, #1750 ) ;
#1126 = DIRECTION ( 'NONE',  ( 0.0000000000000000000, 0.0000000000000000000, -1.000000000000000000 ) ) ;
#1127 = EDGE_CURVE ( 'NONE', #452, #1122, #3037, .T. ) ;
#1128 = CARTESIAN_POINT ( 'NONE',  ( -2.168605255971184100, 1.507999999999998900, -1.905999999999999700 ) ) ;
#1129 = DIRECTION ( 'NONE',  ( -0.0000000000000000000, -1.000000000000000000, -0.0000000000000000000 ) ) ;
#1130 = DIRECTION ( 'NONE',  ( 0.0000000000000000000, 0.0000000000000000000, -1.000000000000000000 ) ) ;
#1131 = LINE ( 'NONE', #2802, #627 ) ;
#1132 = VECTOR ( 'NONE', #2986, 1000.000000000000000 ) ;
#1133 =( NAMED_UNIT ( * ) SI_UNIT ( $, .STERADIAN. ) SOLID_ANGLE_UNIT ( ) );
#1134 = ORIENTED_EDGE ( 'NONE', *, *, #1008, .F. ) ;
#1135 = VECTOR ( 'NONE', #3004, 1000.000000000000000 ) ;
#1136 = AXIS2_PLACEMENT_3D ( 'NONE', #3006, #1624, #1352 ) ;
#1137 = ORIENTED_EDGE ( 'NONE', *, *, #1506, .F. ) ;
#1138 = DIRECTION ( 'NONE',  ( 0.1391731009600655500, 0.9902680687415702500, 0.0000000000000000000 ) ) ;
#1139 = VERTEX_POINT ( 'NONE', #2646 ) ;
#1140 = DIRECTION ( 'NONE',  ( 1.000000000000000000, 0.0000000000000000000, -0.0000000000000000000 ) ) ;
#1141 = DIRECTION ( 'NONE',  ( -1.000000000000000000, 0.0000000000000000000, 0.0000000000000000000 ) ) ;
#1142 = CARTESIAN_POINT ( 'NONE',  ( -2.847694158806095600, 0.6999999999999990700, 2.665999999999999900 ) ) ;
#1143 = EDGE_LOOP ( 'NONE', ( #218, #616, #1822, #561 ) ) ;
#1144 = ORIENTED_EDGE ( 'NONE', *, *, #2853, .F. ) ;
#1145 = ADVANCED_FACE ( 'NONE', ( #713 ), #2160, .F. ) ;
#1146 = DIRECTION ( 'NONE',  ( -0.5000000000000007800, -0.8660254037844382600, 0.0000000000000000000 ) ) ;
#1147 = ORIENTED_EDGE ( 'NONE', *, *, #908, .F. ) ;
#1148 = ORIENTED_EDGE ( 'NONE', *, *, #629, .F. ) ;
#1149 = AXIS2_PLACEMENT_3D ( 'NONE', #300, #16, #530 ) ;
#1150 = EDGE_CURVE ( 'NONE', #24, #106, #2430, .T. ) ;
#1151 = ORIENTED_EDGE ( 'NONE', *, *, #2572, .F. ) ;
#1152 = AXIS2_PLACEMENT_3D ( 'NONE', #1616, #881, #872 ) ;
#1153 = ORIENTED_EDGE ( 'NONE', *, *, #262, .F. ) ;
#1154 = DIRECTION ( 'NONE',  ( 1.000000000000000000, 0.0000000000000000000, -4.623643496330790900E-016 ) ) ;
#1155 = ORIENTED_EDGE ( 'NONE', *, *, #1562, .F. ) ;
#1156 = CARTESIAN_POINT ( 'NONE',  ( 3.007891343280052300, 0.5150000000000000100, 2.100000038075664000 ) ) ;
#1157 = CARTESIAN_POINT ( 'NONE',  ( 4.545854811567259900, 0.0000000000000000000, -2.669999999999999900 ) ) ;
#1158 = VERTEX_POINT ( 'NONE', #2385 ) ;
#1159 = FACE_OUTER_BOUND ( 'NONE', #2889, .T. ) ;
#1160 = PLANE ( 'NONE',  #1439 ) ;
#1161 = DIRECTION ( 'NONE',  ( 1.000000000000000000, 0.0000000000000000000, 0.0000000000000000000 ) ) ;
#1162 = EDGE_CURVE ( 'NONE', #2246, #2905, #251, .T. ) ;
#1163 = FACE_OUTER_BOUND ( 'NONE', #2196, .T. ) ;
#1164 = EDGE_CURVE ( 'NONE', #1634, #1073, #1724, .T. ) ;
#1165 = CARTESIAN_POINT ( 'NONE',  ( 2.907891343280052600, 0.5150000000000000100, -2.100000000000000100 ) ) ;
#1166 = DIRECTION ( 'NONE',  ( -0.0000000000000000000, -0.0000000000000000000, 1.000000000000000000 ) ) ;
#1167 = VECTOR ( 'NONE', #1194, 1000.000000000000000 ) ;
#1168 = DIRECTION ( 'NONE',  ( 0.0000000000000000000, -1.000000000000000000, 0.0000000000000000000 ) ) ;
#1169 = VECTOR ( 'NONE', #2813, 1000.000000000000000 ) ;
#1170 = CIRCLE ( 'NONE', #355, 0.2999999999999999300 ) ;
#1171 = CARTESIAN_POINT ( 'NONE',  ( 4.950000000000000200, 8.038669317560415800, 1.970000000000000000 ) ) ;
#1172 = VERTEX_POINT ( 'NONE', #983 ) ;
#1173 = ADVANCED_FACE ( 'NONE', ( #2329 ), #2810, .T. ) ;
#1174 = ORIENTED_EDGE ( 'NONE', *, *, #1127, .T. ) ;
#1175 = ORIENTED_EDGE ( 'NONE', *, *, #1420, .T. ) ;
#1176 = PLANE ( 'NONE',  #575 ) ;
#1177 = DIRECTION ( 'NONE',  ( -1.000000000000000000, 0.0000000000000000000, 0.0000000000000000000 ) ) ;
#1178 = ORIENTED_EDGE ( 'NONE', *, *, #1896, .T. ) ;
#1179 = CARTESIAN_POINT ( 'NONE',  ( -2.046053648110698100, 2.379999999999998600, 3.160269485306379100 ) ) ;
#1180 = EDGE_CURVE ( 'NONE', #445, #1227, #1759, .T. ) ;
#1181 = ORIENTED_EDGE ( 'NONE', *, *, #190, .F. ) ;
#1182 = DIRECTION ( 'NONE',  ( 1.000000000000000000, 3.674217568604495500E-016, 0.0000000000000000000 ) ) ;
#1183 = CARTESIAN_POINT ( 'NONE',  ( 4.545854811567259900, 0.5149999999999997900, -2.669999999999999900 ) ) ;
#1184 = ORIENTED_EDGE ( 'NONE', *, *, #2598, .T. ) ;
#1185 = CARTESIAN_POINT ( 'NONE',  ( -3.107501779941427100, 0.8499999999999994200, -1.808499999999999800 ) ) ;
#1186 = DIRECTION ( 'NONE',  ( -0.0000000000000000000, -1.000000000000000000, -0.0000000000000000000 ) ) ;
#1187 = DIRECTION ( 'NONE',  ( 0.0000000000000000000, -1.000000000000000000, 0.0000000000000000000 ) ) ;
#1188 = LINE ( 'NONE', #569, #3096 ) ;
#1189 = AXIS2_PLACEMENT_3D ( 'NONE', #1684, #25, #754 ) ;
#1190 = EDGE_LOOP ( 'NONE', ( #1879, #783, #2667, #870 ) ) ;
#1191 = VECTOR ( 'NONE', #903, 1000.000000000000000 ) ;
#1192 = DIRECTION ( 'NONE',  ( 0.0000000000000000000, 0.9986295347545742800, -0.05233595624293671500 ) ) ;
#1193 = VECTOR ( 'NONE', #1569, 1000.000000000000100 ) ;
#1194 = DIRECTION ( 'NONE',  ( -0.0000000000000000000, -1.000000000000000000, -0.0000000000000000000 ) ) ;
#1195 = VERTEX_POINT ( 'NONE', #1228 ) ;
#1196 = SURFACE_STYLE_USAGE ( .BOTH. , #966 ) ;
#1197 = EDGE_CURVE ( 'NONE', #1944, #2262, #2178, .T. ) ;
#1198 = LINE ( 'NONE', #279, #542 ) ;
#1199 = VECTOR ( 'NONE', #18, 1000.000000000000000 ) ;
#1200 = DIRECTION ( 'NONE',  ( -1.000000000000000000, 0.0000000000000000000, 4.623643496330790900E-016 ) ) ;
#1201 = FACE_OUTER_BOUND ( 'NONE', #1847, .T. ) ;
#1202 = LINE ( 'NONE', #1310, #2582 ) ;
#1203 = CARTESIAN_POINT ( 'NONE',  ( -0.3499999999999999200, 0.0000000000000000000, -2.200000000000000200 ) ) ;
#1204 = EDGE_CURVE ( 'NONE', #3086, #514, #402, .T. ) ;
#1205 = AXIS2_PLACEMENT_3D ( 'NONE', #2997, #1571, #599 ) ;
#1206 = ORIENTED_EDGE ( 'NONE', *, *, #1994, .F. ) ;
#1207 = EDGE_LOOP ( 'NONE', ( #269, #2707, #1147, #2027 ) ) ;
#1208 = ORIENTED_EDGE ( 'NONE', *, *, #1042, .F. ) ;
#1209 =( NAMED_UNIT ( * ) PLANE_ANGLE_UNIT ( ) SI_UNIT ( $, .RADIAN. ) );
#1210 = DIRECTION ( 'NONE',  ( -0.8660254037844381500, 0.5000000000000008900, 0.0000000000000000000 ) ) ;
#1211 = ORIENTED_EDGE ( 'NONE', *, *, #1399, .T. ) ;
#1212 = CARTESIAN_POINT ( 'NONE',  ( 3.239990020643046100, -0.2864074677899126600, 3.300009979356946800 ) ) ;
#1213 = ORIENTED_EDGE ( 'NONE', *, *, #1947, .T. ) ;
#1214 = EDGE_CURVE ( 'NONE', #1944, #681, #2731, .T. ) ;
#1215 = ADVANCED_FACE ( 'NONE', ( #911 ), #1005, .F. ) ;
#1216 = CARTESIAN_POINT ( 'NONE',  ( -2.239999999999998900, 0.9999999999999988900, 1.905999999999999700 ) ) ;
#1217 = VERTEX_POINT ( 'NONE', #231 ) ;
#1218 = ORIENTED_EDGE ( 'NONE', *, *, #2540, .F. ) ;
#1219 = CARTESIAN_POINT ( 'NONE',  ( -3.105192378864669100, 0.2539999999999983400, -1.905999999999999700 ) ) ;
#1220 = EDGE_CURVE ( 'NONE', #2216, #2035, #747, .T. ) ;
#1221 = CARTESIAN_POINT ( 'NONE',  ( 4.545854811567260800, 0.5150000000000000100, 2.670000000000000800 ) ) ;
#1222 = EDGE_LOOP ( 'NONE', ( #1513, #538, #517, #957 ) ) ;
#1223 = DIRECTION ( 'NONE',  ( -0.0000000000000000000, -1.000000000000000000, -0.0000000000000000000 ) ) ;
#1224 = ORIENTED_EDGE ( 'NONE', *, *, #1269, .F. ) ;
#1225 = LINE ( 'NONE', #1990, #1708 ) ;
#1226 = DIRECTION ( 'NONE',  ( 0.0000000000000000000, 0.0000000000000000000, 1.000000000000000000 ) ) ;
#1227 = VERTEX_POINT ( 'NONE', #241 ) ;
#1228 = CARTESIAN_POINT ( 'NONE',  ( -3.804940905122495800, 0.6579999999999990300, 1.808499999999999800 ) ) ;
#1229 = VECTOR ( 'NONE', #609, 1000.000000000000000 ) ;
#1230 = AXIS2_PLACEMENT_3D ( 'NONE', #588, #663, #403 ) ;
#1231 = LINE ( 'NONE', #1782, #3026 ) ;
#1232 = STYLED_ITEM ( 'NONE', ( #1800 ), #717 ) ;
#1233 = ADVANCED_FACE ( 'NONE', ( #175 ), #3114, .T. ) ;
#1234 = VECTOR ( 'NONE', #796, 1000.000000000000000 ) ;
#1235 = DIRECTION ( 'NONE',  ( -0.0000000000000000000, -1.000000000000000000, -0.0000000000000000000 ) ) ;
#1236 = COLOUR_RGB ( '',0.7921568627450980000, 0.8196078431372548800, 0.9333333333333333500 ) ;
#1237 = DIRECTION ( 'NONE',  ( 1.000000000000000000, 0.0000000000000000000, -1.331170451368003300E-016 ) ) ;
#1238 = DIRECTION ( 'NONE',  ( 0.0000000000000000000, 1.000000000000000000, 0.0000000000000000000 ) ) ;
#1239 = MECHANICAL_DESIGN_GEOMETRIC_PRESENTATION_REPRESENTATION (  '', ( #261 ), #1974 ) ;
#1240 = CYLINDRICAL_SURFACE ( 'NONE', #2215, 0.8080000000000001600 ) ;
#1241 = EDGE_CURVE ( 'NONE', #59, #864, #1462, .T. ) ;
#1242 = VECTOR ( 'NONE', #2326, 1000.000000000000000 ) ;
#1243 = DIRECTION ( 'NONE',  ( 1.000000000000000000, -0.0000000000000000000, 4.623643496330790900E-016 ) ) ;
#1244 = CIRCLE ( 'NONE', #2009, 0.8079999999999997200 ) ;
#1245 = ORIENTED_EDGE ( 'NONE', *, *, #968, .T. ) ;
#1246 = DIRECTION ( 'NONE',  ( -0.0000000000000000000, -0.0000000000000000000, -1.000000000000000000 ) ) ;
#1247 = ORIENTED_EDGE ( 'NONE', *, *, #2911, .T. ) ;
#1248 = EDGE_LOOP ( 'NONE', ( #1631, #2296, #2715, #2449 ) ) ;
#1249 = ADVANCED_FACE ( 'NONE', ( #828 ), #1448, .F. ) ;
#1250 = EDGE_LOOP ( 'NONE', ( #2117, #1849, #1837, #1510, #1919, #1553, #1224, #1011 ) ) ;
#1251 = CARTESIAN_POINT ( 'NONE',  ( -3.107501779941427100, 0.8499999999999994200, -2.763500000000000100 ) ) ;
#1252 = VERTEX_POINT ( 'NONE', #1959 ) ;
#1253 = CARTESIAN_POINT ( 'NONE',  ( -2.166216061781243200, 1.524999999999999000, 0.3800000000000000000 ) ) ;
#1254 = ORIENTED_EDGE ( 'NONE', *, *, #795, .T. ) ;
#1255 = PLANE ( 'NONE',  #508 ) ;
#1256 = CARTESIAN_POINT ( 'NONE',  ( 2.907891343280052600, 0.5150000000000000100, 2.200000000000000600 ) ) ;
#1257 = EDGE_CURVE ( 'NONE', #38, #2890, #1982, .T. ) ;
#1258 = ORIENTED_EDGE ( 'NONE', *, *, #1484, .F. ) ;
#1259 = DIRECTION ( 'NONE',  ( 0.0000000000000000000, 1.000000000000000000, 0.0000000000000000000 ) ) ;
#1260 = LINE ( 'NONE', #359, #1563 ) ;
#1261 = AXIS2_PLACEMENT_3D ( 'NONE', #2635, #2151, #1192 ) ;
#1262 = CARTESIAN_POINT ( 'NONE',  ( -3.064999999999999100, 0.9999999999999986700, 0.3800000000000000000 ) ) ;
#1263 = VECTOR ( 'NONE', #775, 1000.000000000000000 ) ;
#1264 = ADVANCED_FACE ( 'NONE', ( #2912 ), #325, .F. ) ;
#1265 = ORIENTED_EDGE ( 'NONE', *, *, #1460, .F. ) ;
#1266 = EDGE_LOOP ( 'NONE', ( #275, #264, #1709, #770, #1644, #1674 ) ) ;
#1267 = DIRECTION ( 'NONE',  ( 0.0000000000000000000, 0.0000000000000000000, -1.000000000000000000 ) ) ;
#1268 = LINE ( 'NONE', #3027, #2386 ) ;
#1269 = EDGE_CURVE ( 'NONE', #1139, #2933, #1654, .T. ) ;
#1270 = VECTOR ( 'NONE', #2261, 1000.000000000000000 ) ;
#1271 = CARTESIAN_POINT ( 'NONE',  ( 3.007891343280053600, 0.0000000000000000000, 0.5000000000000004400 ) ) ;
#1272 = CARTESIAN_POINT ( 'NONE',  ( -4.064748526257827300, 0.5079999999999994500, -2.665999999999999900 ) ) ;
#1273 = VECTOR ( 'NONE', #1951, 1000.000000000000000 ) ;
#1274 = CARTESIAN_POINT ( 'NONE',  ( -3.547442685063921800, 1.103999999999999900, -1.808499999999999800 ) ) ;
#1275 = UNCERTAINTY_MEASURE_WITH_UNIT (LENGTH_MEASURE( 1.000000000000000100E-005 ), #2867, 'distance_accuracy_value', 'NONE');
#1276 = PLANE ( 'NONE',  #3110 ) ;
#1277 = VECTOR ( 'NONE', #2133, 1000.000000000000000 ) ;
#1278 = CARTESIAN_POINT ( 'NONE',  ( -2.239999999999998900, 0.9999999999999988900, 3.285000000000000100 ) ) ;
#1279 = LINE ( 'NONE', #1527, #631 ) ;
#1280 = LINE ( 'NONE', #177, #2626 ) ;
#1281 = ADVANCED_FACE ( 'NONE', ( #213 ), #1780, .T. ) ;
#1282 = VECTOR ( 'NONE', #1138, 1000.000000000000100 ) ;
#1283 = CARTESIAN_POINT ( 'NONE',  ( 3.307891343280053400, 8.038669317560415800, -0.4999999999999995600 ) ) ;
#1284 = CARTESIAN_POINT ( 'NONE',  ( 3.307891343280052100, 8.038669317560415800, -2.100000038075664500 ) ) ;
#1285 = ORIENTED_EDGE ( 'NONE', *, *, #421, .F. ) ;
#1286 = PLANE ( 'NONE',  #2352 ) ;
#1287 = ORIENTED_EDGE ( 'NONE', *, *, #929, .T. ) ;
#1288 = ORIENTED_EDGE ( 'NONE', *, *, #1894, .T. ) ;
#1289 = AXIS2_PLACEMENT_3D ( 'NONE', #2206, #2671, #1489 ) ;
#1290 = AXIS2_PLACEMENT_3D ( 'NONE', #289, #2950, #2726 ) ;
#1291 = DIRECTION ( 'NONE',  ( -0.0000000000000000000, -1.000000000000000000, -0.0000000000000000000 ) ) ;
#1292 = EDGE_LOOP ( 'NONE', ( #2294, #1390, #2494, #2847 ) ) ;
#1293 = ORIENTED_EDGE ( 'NONE', *, *, #2801, .T. ) ;
#1294 = ADVANCED_FACE ( 'NONE', ( #825 ), #1094, .F. ) ;
#1295 = PLANE ( 'NONE',  #3054 ) ;
#1296 = ORIENTED_EDGE ( 'NONE', *, *, #560, .F. ) ;
#1297 = DIRECTION ( 'NONE',  ( -2.282531041914893400E-015, 0.0000000000000000000, -1.000000000000000000 ) ) ;
#1298 = EDGE_CURVE ( 'NONE', #3049, #2486, #1131, .T. ) ;
#1299 = LINE ( 'NONE', #2173, #201 ) ;
#1300 = ORIENTED_EDGE ( 'NONE', *, *, #2107, .F. ) ;
#1301 = ORIENTED_EDGE ( 'NONE', *, *, #2067, .F. ) ;
#1302 = FACE_OUTER_BOUND ( 'NONE', #1099, .T. ) ;
#1303 = AXIS2_PLACEMENT_3D ( 'NONE', #665, #2314, #3034 ) ;
#1304 = CIRCLE ( 'NONE', #82, 0.8079999999999997200 ) ;
#1305 =( NAMED_UNIT ( * ) PLANE_ANGLE_UNIT ( ) SI_UNIT ( $, .RADIAN. ) );
#1306 = CARTESIAN_POINT ( 'NONE',  ( -3.107501779941427500, 0.8499999999999996400, -2.665999999999999900 ) ) ;
#1307 = CARTESIAN_POINT ( 'NONE',  ( -0.3499999999999999200, 0.5149999999999997900, -2.200000000000000200 ) ) ;
#1308 = EDGE_CURVE ( 'NONE', #2864, #2660, #2172, .T. ) ;
#1309 = VECTOR ( 'NONE', #1449, 1000.000000000000000 ) ;
#1310 = CARTESIAN_POINT ( 'NONE',  ( 3.007891343280053600, 0.5149999999999997900, 0.5000000000000004400 ) ) ;
#1311 = ADVANCED_FACE ( 'NONE', ( #866 ), #1348, .F. ) ;
#1312 = CIRCLE ( 'NONE', #892, 0.2999999999999999300 ) ;
#1313 = LINE ( 'NONE', #138, #2576 ) ;
#1314 = FACE_OUTER_BOUND ( 'NONE', #762, .T. ) ;
#1315 = VECTOR ( 'NONE', #375, 1000.000000000000000 ) ;
#1316 = CARTESIAN_POINT ( 'NONE',  ( 3.607891343280052800, 0.5150000000000000100, -2.669999999999999500 ) ) ;
#1317 = CARTESIAN_POINT ( 'NONE',  ( 3.379730514693617000, 2.379999999999998600, 3.160269485306379100 ) ) ;
#1318 = EDGE_CURVE ( 'NONE', #1382, #1627, #2875, .T. ) ;
#1319 = ORIENTED_EDGE ( 'NONE', *, *, #676, .F. ) ;
#1320 = ORIENTED_EDGE ( 'NONE', *, *, #557, .F. ) ;
#1321 = EDGE_CURVE ( 'NONE', #2492, #1032, #2621, .T. ) ;
#1322 = ORIENTED_EDGE ( 'NONE', *, *, #694, .F. ) ;
#1323 = DIRECTION ( 'NONE',  ( 1.000000000000000000, 0.0000000000000000000, 0.0000000000000000000 ) ) ;
#1324 = ORIENTED_EDGE ( 'NONE', *, *, #1318, .F. ) ;
#1325 = EDGE_LOOP ( 'NONE', ( #2090, #593, #92, #680 ) ) ;
#1326 = PRESENTATION_LAYER_ASSIGNMENT (  '', '', ( #1232 ) ) ;
#1327 = CARTESIAN_POINT ( 'NONE',  ( 4.950000000000000200, 0.0000000000000000000, 1.970000000000000000 ) ) ;
#1328 = VERTEX_POINT ( 'NONE', #2842 ) ;
#1329 = DIRECTION ( 'NONE',  ( 1.331170451368003100E-016, 0.0000000000000000000, -1.000000000000000000 ) ) ;
#1330 = DIRECTION ( 'NONE',  ( -0.0000000000000000000, -0.0000000000000000000, -1.000000000000000000 ) ) ;
#1331 = LINE ( 'NONE', #893, #1743 ) ;
#1332 = PLANE ( 'NONE',  #1343 ) ;
#1333 = DIRECTION ( 'NONE',  ( 0.0000000000000000000, 1.000000000000000000, 0.0000000000000000000 ) ) ;
#1334 = FILL_AREA_STYLE_COLOUR ( '', #991 ) ;
#1335 = EDGE_LOOP ( 'NONE', ( #584, #1044, #3028, #2409 ) ) ;
#1336 = CARTESIAN_POINT ( 'NONE',  ( 2.907891343280052600, 0.5150000000000000100, 2.200000000000000600 ) ) ;
#1337 = ORIENTED_EDGE ( 'NONE', *, *, #2876, .T. ) ;
#1338 = EDGE_CURVE ( 'NONE', #1797, #24, #1092, .T. ) ;
#1339 = SURFACE_STYLE_FILL_AREA ( #955 ) ;
#1340 = CARTESIAN_POINT ( 'NONE',  ( -0.4918499720787620200, 2.379999999999998600, 0.5181104893249364200 ) ) ;
#1341 = FACE_OUTER_BOUND ( 'NONE', #185, .T. ) ;
#1342 = VECTOR ( 'NONE', #797, 1000.000000000000000 ) ;
#1343 = AXIS2_PLACEMENT_3D ( 'NONE', #583, #350, #2510 ) ;
#1344 = CYLINDRICAL_SURFACE ( 'NONE', #336, 0.5181104893249364200 ) ;
#1345 = DIRECTION ( 'NONE',  ( 0.8660254037844381500, -0.5000000000000008900, 0.0000000000000000000 ) ) ;
#1346 = CIRCLE ( 'NONE', #1770, 0.1000000000000037200 ) ;
#1347 = ORIENTED_EDGE ( 'NONE', *, *, #1703, .T. ) ;
#1348 = PLANE ( 'NONE',  #1410 ) ;
#1349 = CIRCLE ( 'NONE', #645, 0.8079999999999997200 ) ;
#1350 = DIRECTION ( 'NONE',  ( -0.0000000000000000000, -0.0000000000000000000, 1.000000000000000000 ) ) ;
#1351 = VERTEX_POINT ( 'NONE', #1203 ) ;
#1352 = DIRECTION ( 'NONE',  ( -1.000000000000000000, 0.0000000000000000000, 0.0000000000000000000 ) ) ;
#1353 = CARTESIAN_POINT ( 'NONE',  ( -3.064999999999999100, 1.524999999999998800, 0.3800000000000000000 ) ) ;
#1354 = ORIENTED_EDGE ( 'NONE', *, *, #1871, .F. ) ;
#1355 = EDGE_CURVE ( 'NONE', #879, #479, #2096, .T. ) ;
#1356 = VERTEX_POINT ( 'NONE', #1447 ) ;
#1357 = PLANE ( 'NONE',  #1303 ) ;
#1358 = EDGE_CURVE ( 'NONE', #1227, #798, #2062, .T. ) ;
#1359 = ORIENTED_EDGE ( 'NONE', *, *, #1796, .T. ) ;
#1360 = DIRECTION ( 'NONE',  ( 0.0000000000000000000, 0.0000000000000000000, 1.000000000000000000 ) ) ;
#1361 = FILL_AREA_STYLE_COLOUR ( '', #2562 ) ;
#1362 = ORIENTED_EDGE ( 'NONE', *, *, #782, .F. ) ;
#1363 = DIRECTION ( 'NONE',  ( 3.674217568604495500E-016, -1.000000000000000000, 0.0000000000000000000 ) ) ;
#1364 = EDGE_CURVE ( 'NONE', #1453, #1665, #2653, .T. ) ;
#1365 = CARTESIAN_POINT ( 'NONE',  ( -2.239999999999998900, 0.9999999999999988900, -3.232592220716966400 ) ) ;
#1366 = ORIENTED_EDGE ( 'NONE', *, *, #1298, .F. ) ;
#1367 = CARTESIAN_POINT ( 'NONE',  ( 4.950000000000000200, 8.038669317560415800, 1.970000000000000000 ) ) ;
#1368 = LINE ( 'NONE', #2797, #2042 ) ;
#1369 = VERTEX_POINT ( 'NONE', #211 ) ;
#1370 = EDGE_CURVE ( 'NONE', #2881, #3060, #54, .T. ) ;
#1371 = DIRECTION ( 'NONE',  ( 1.000000000000000000, 3.568249445133970600E-016, -0.0000000000000000000 ) ) ;
#1372 = LINE ( 'NONE', #1878, #1893 ) ;
#1373 = DIRECTION ( 'NONE',  ( -0.0000000000000000000, -1.000000000000000000, 0.0000000000000000000 ) ) ;
#1374 = FACE_OUTER_BOUND ( 'NONE', #761, .T. ) ;
#1375 = EDGE_CURVE ( 'NONE', #647, #1557, #947, .T. ) ;
#1376 = CARTESIAN_POINT ( 'NONE',  ( 3.607891343280053700, 2.379999999999998600, 2.932108656719944100 ) ) ;
#1377 = FACE_OUTER_BOUND ( 'NONE', #448, .T. ) ;
#1378 = CARTESIAN_POINT ( 'NONE',  ( 3.007891343280048700, 0.5150000000000000100, -2.100000038075664000 ) ) ;
#1379 = LINE ( 'NONE', #1256, #435 ) ;
#1380 = DIRECTION ( 'NONE',  ( -0.0000000000000000000, 0.0000000000000000000, 1.000000000000000000 ) ) ;
#1381 = LINE ( 'NONE', #3017, #675 ) ;
#1382 = VERTEX_POINT ( 'NONE', #3097 ) ;
#1383 = ORIENTED_EDGE ( 'NONE', *, *, #880, .F. ) ;
#1384 = VECTOR ( 'NONE', #133, 1000.000000000000200 ) ;
#1385 = ORIENTED_EDGE ( 'NONE', *, *, #2838, .T. ) ;
#1386 = DIRECTION ( 'NONE',  ( -0.0000000000000000000, -0.0000000000000000000, -1.000000000000000000 ) ) ;
#1387 = FACE_OUTER_BOUND ( 'NONE', #2112, .T. ) ;
#1388 = ORIENTED_EDGE ( 'NONE', *, *, #2740, .T. ) ;
#1389 = EDGE_LOOP ( 'NONE', ( #836, #2490, #1727, #1474 ) ) ;
#1390 = ORIENTED_EDGE ( 'NONE', *, *, #2756, .F. ) ;
#1391 = CARTESIAN_POINT ( 'NONE',  ( -2.239999999999998900, 0.9999999999999988900, 3.285000000000000100 ) ) ;
#1392 = AXIS2_PLACEMENT_3D ( 'NONE', #2170, #723, #3105 ) ;
#1393 = CARTESIAN_POINT ( 'NONE',  ( -3.804940905122495800, 0.6579999999999990300, -1.808499999999999800 ) ) ;
#1394 = ORIENTED_EDGE ( 'NONE', *, *, #1583, .F. ) ;
#1395 = ORIENTED_EDGE ( 'NONE', *, *, #880, .T. ) ;
#1396 = CARTESIAN_POINT ( 'NONE',  ( 3.870000000000001000, -1.301042606982605300E-015, -2.669999999999999500 ) ) ;
#1397 = EDGE_LOOP ( 'NONE', ( #2587, #2529, #2597, #2156 ) ) ;
#1398 = ORIENTED_EDGE ( 'NONE', *, *, #481, .T. ) ;
#1399 = EDGE_CURVE ( 'NONE', #2411, #559, #2288, .T. ) ;
#1400 = DIRECTION ( 'NONE',  ( 0.0000000000000000000, 0.0000000000000000000, 1.000000000000000000 ) ) ;
#1401 = EDGE_LOOP ( 'NONE', ( #412, #651, #298, #2563 ) ) ;
#1402 = CARTESIAN_POINT ( 'NONE',  ( 4.545854811567260800, 0.0000000000000000000, 2.670000000000000800 ) ) ;
#1403 = ORIENTED_EDGE ( 'NONE', *, *, #759, .T. ) ;
#1404 = DIRECTION ( 'NONE',  ( -0.0000000000000000000, -0.0000000000000000000, -1.000000000000000000 ) ) ;
#1405 = PLANE ( 'NONE',  #2158 ) ;
#1406 = CARTESIAN_POINT ( 'NONE',  ( 3.607891343280052300, 0.5150000000000000100, -2.100000038075664000 ) ) ;
#1407 = CARTESIAN_POINT ( 'NONE',  ( -2.239999999999998900, 1.507999999999998900, -2.665999999999999900 ) ) ;
#1408 = CARTESIAN_POINT ( 'NONE',  ( -4.064748526257827300, 0.8079999999999993900, 1.905999999999999700 ) ) ;
#1409 = STYLED_ITEM ( 'NONE', ( #2613 ), #1918 ) ;
#1410 = AXIS2_PLACEMENT_3D ( 'NONE', #2578, #632, #192 ) ;
#1411 = VECTOR ( 'NONE', #217, 1000.000000000000000 ) ;
#1412 = DIRECTION ( 'NONE',  ( -0.0000000000000000000, -0.0000000000000000000, -1.000000000000000000 ) ) ;
#1413 = ORIENTED_EDGE ( 'NONE', *, *, #2415, .T. ) ;
#1414 = LINE ( 'NONE', #2344, #1010 ) ;
#1415 = ORIENTED_EDGE ( 'NONE', *, *, #2003, .T. ) ;
#1416 = ORIENTED_EDGE ( 'NONE', *, *, #2230, .F. ) ;
#1417 = CARTESIAN_POINT ( 'NONE',  ( -2.099459165297613800, -1.089830043761449100E-015, 3.285000000000000100 ) ) ;
#1418 = CARTESIAN_POINT ( 'NONE',  ( 3.870000000000001000, 2.379999999999998600, -2.669999999999999500 ) ) ;
#1419 = VECTOR ( 'NONE', #1662, 1000.000000000000000 ) ;
#1420 = EDGE_CURVE ( 'NONE', #1680, #935, #1379, .T. ) ;
#1421 = VECTOR ( 'NONE', #743, 1000.000000000000000 ) ;
#1422 = ORIENTED_EDGE ( 'NONE', *, *, #2219, .T. ) ;
#1423 = AXIS2_PLACEMENT_3D ( 'NONE', #39, #482, #1487 ) ;
#1424 = CARTESIAN_POINT ( 'NONE',  ( -1.999625990694257700, 2.710349947862166400, -3.142956578152657600 ) ) ;
#1425 = CARTESIAN_POINT ( 'NONE',  ( 3.607891343280053700, 0.0000000000000000000, 2.670000000000000400 ) ) ;
#1426 = LINE ( 'NONE', #504, #2805 ) ;
#1427 = DIRECTION ( 'NONE',  ( 0.0000000000000000000, 0.0000000000000000000, 1.000000000000000000 ) ) ;
#1428 = VECTOR ( 'NONE', #1013, 1000.000000000000000 ) ;
#1429 = EDGE_CURVE ( 'NONE', #1081, #791, #1022, .T. ) ;
#1430 = ORIENTED_EDGE ( 'NONE', *, *, #1460, .T. ) ;
#1431 = VECTOR ( 'NONE', #2763, 1000.000000000000000 ) ;
#1432 = DIRECTION ( 'NONE',  ( 1.000000000000000000, 2.628368902995161500E-016, 0.0000000000000000000 ) ) ;
#1433 = ORIENTED_EDGE ( 'NONE', *, *, #2916, .T. ) ;
#1434 = DIRECTION ( 'NONE',  ( 0.0000000000000000000, -1.000000000000000000, 0.0000000000000000000 ) ) ;
#1435 = ORIENTED_EDGE ( 'NONE', *, *, #1720, .F. ) ;
#1436 = DIRECTION ( 'NONE',  ( -1.000000000000000000, 0.0000000000000000000, 0.0000000000000000000 ) ) ;
#1437 = CARTESIAN_POINT ( 'NONE',  ( -4.064748526257827300, 0.8079999999999993900, -2.665999999999999900 ) ) ;
#1438 = VERTEX_POINT ( 'NONE', #1468 ) ;
#1439 = AXIS2_PLACEMENT_3D ( 'NONE', #1391, #2558, #200 ) ;
#1440 = DIRECTION ( 'NONE',  ( -0.0000000000000000000, -0.0000000000000000000, -1.000000000000000000 ) ) ;
#1441 = ADVANCED_FACE ( 'NONE', ( #290 ), #1907, .F. ) ;
#1442 = ORIENTED_EDGE ( 'NONE', *, *, #2781, .T. ) ;
#1443 = EDGE_CURVE ( 'NONE', #106, #1444, #2249, .T. ) ;
#1444 = VERTEX_POINT ( 'NONE', #474 ) ;
#1445 = DIRECTION ( 'NONE',  ( 1.000000000000000000, 0.0000000000000000000, -0.0000000000000000000 ) ) ;
#1446 = EDGE_LOOP ( 'NONE', ( #2860, #3011, #2872, #203, #108 ) ) ;
#1447 = CARTESIAN_POINT ( 'NONE',  ( 3.007891343280053600, 0.0000000000000000000, 0.5000000000000004400 ) ) ;
#1448 = PLANE ( 'NONE',  #2116 ) ;
#1449 = DIRECTION ( 'NONE',  ( -0.0000000000000000000, -0.0000000000000000000, 1.000000000000000000 ) ) ;
#1450 = CARTESIAN_POINT ( 'NONE',  ( 3.307891343280052100, 0.5150000000000000100, -2.100000038075664500 ) ) ;
#1451 = FACE_OUTER_BOUND ( 'NONE', #2557, .T. ) ;
#1452 = MECHANICAL_DESIGN_GEOMETRIC_PRESENTATION_REPRESENTATION (  '', ( #527 ), #2989 ) ;
#1453 = VERTEX_POINT ( 'NONE', #492 ) ;
#1454 = AXIS2_PLACEMENT_3D ( 'NONE', #318, #1752, #2002 ) ;
#1455 = EDGE_LOOP ( 'NONE', ( #2818, #390, #2936, #65 ) ) ;
#1456 = FACE_OUTER_BOUND ( 'NONE', #1325, .T. ) ;
#1457 = VECTOR ( 'NONE', #102, 1000.000000000000000 ) ;
#1458 = DIRECTION ( 'NONE',  ( 0.0000000000000000000, -1.000000000000000000, 0.0000000000000000000 ) ) ;
#1459 = CARTESIAN_POINT ( 'NONE',  ( 3.607891343280053700, 8.038669317560415800, 0.5000000000000004400 ) ) ;
#1460 = EDGE_CURVE ( 'NONE', #2879, #2832, #2768, .T. ) ;
#1461 = DIRECTION ( 'NONE',  ( 0.0000000000000000000, -1.000000000000000000, 0.0000000000000000000 ) ) ;
#1462 = LINE ( 'NONE', #2207, #1755 ) ;
#1463 = DIRECTION ( 'NONE',  ( 0.0000000000000000000, 0.0000000000000000000, -1.000000000000000000 ) ) ;
#1464 = CIRCLE ( 'NONE', #1935, 0.5181104893249364200 ) ;
#1465 = PLANE ( 'NONE',  #1423 ) ;
#1466 = VECTOR ( 'NONE', #1440, 1000.000000000000000 ) ;
#1467 = VECTOR ( 'NONE', #2599, 1000.000000000000000 ) ;
#1468 = CARTESIAN_POINT ( 'NONE',  ( 4.950000000000000200, 0.0000000000000000000, 1.970000000000000000 ) ) ;
#1469 = VECTOR ( 'NONE', #2333, 1000.000000000000100 ) ;
#1470 = CARTESIAN_POINT ( 'NONE',  ( -2.239999999999998900, 1.507999999999998900, 1.905999999999999700 ) ) ;
#1471 = ADVANCED_FACE ( 'NONE', ( #907 ), #2432, .F. ) ;
#1472 = AXIS2_PLACEMENT_3D ( 'NONE', #1284, #1291, #307 ) ;
#1473 = ORIENTED_EDGE ( 'NONE', *, *, #2515, .F. ) ;
#1474 = ORIENTED_EDGE ( 'NONE', *, *, #2200, .T. ) ;
#1475 = DIRECTION ( 'NONE',  ( 0.0000000000000000000, 1.000000000000000000, -0.0000000000000000000 ) ) ;
#1476 = ORIENTED_EDGE ( 'NONE', *, *, #1443, .F. ) ;
#1477 = CARTESIAN_POINT ( 'NONE',  ( 3.007891343280053600, 0.5150000000000000100, 0.5000000000000004400 ) ) ;
#1478 = CARTESIAN_POINT ( 'NONE',  ( 3.607891343280052300, 0.0000000000000000000, 2.100000038075664000 ) ) ;
#1479 = ORIENTED_EDGE ( 'NONE', *, *, #1997, .T. ) ;
#1480 = VERTEX_POINT ( 'NONE', #1972 ) ;
#1481 = EDGE_CURVE ( 'NONE', #1328, #389, #249, .T. ) ;
#1482 = CARTESIAN_POINT ( 'NONE',  ( -3.547442685063921800, 1.103999999999999900, 1.905999999999999900 ) ) ;
#1483 = ORIENTED_EDGE ( 'NONE', *, *, #1683, .F. ) ;
#1484 = EDGE_CURVE ( 'NONE', #1444, #1081, #362, .T. ) ;
#1485 = ADVANCED_FACE ( 'NONE', ( #134 ), #1344, .F. ) ;
#1486 = CARTESIAN_POINT ( 'NONE',  ( 3.870000000000001000, -1.301042606982605300E-015, 2.669999999999999500 ) ) ;
#1487 = DIRECTION ( 'NONE',  ( 1.000000000000000000, 0.0000000000000000000, 0.0000000000000000000 ) ) ;
#1488 = VERTEX_POINT ( 'NONE', #2812 ) ;
#1489 = DIRECTION ( 'NONE',  ( -0.1391731009600655800, -0.9902680687415702500, -0.0000000000000000000 ) ) ;
#1490 = DIRECTION ( 'NONE',  ( 1.000000000000000000, -0.0000000000000000000, 1.331170451368003300E-016 ) ) ;
#1491 = ORIENTED_EDGE ( 'NONE', *, *, #1027, .T. ) ;
#1492 = LINE ( 'NONE', #745, #774 ) ;
#1493 = EDGE_LOOP ( 'NONE', ( #312, #840, #1667, #755 ) ) ;
#1494 = CARTESIAN_POINT ( 'NONE',  ( 3.607891343280052800, 0.0000000000000000000, -2.669999999999999500 ) ) ;
#1495 = DIRECTION ( 'NONE',  ( 0.1391731009600658000, 0.9902680687415702500, 0.0000000000000000000 ) ) ;
#1496 = DIRECTION ( 'NONE',  ( -0.0000000000000000000, -1.000000000000000000, -0.0000000000000000000 ) ) ;
#1497 = CIRCLE ( 'NONE', #414, 0.2999999999999999300 ) ;
#1498 = CARTESIAN_POINT ( 'NONE',  ( -2.847694158806095600, 0.6999999999999990700, 2.665999999999999900 ) ) ;
#1499 = DIRECTION ( 'NONE',  ( 1.000000000000000000, 0.0000000000000000000, 0.0000000000000000000 ) ) ;
#1500 =( GEOMETRIC_REPRESENTATION_CONTEXT ( 3 ) GLOBAL_UNCERTAINTY_ASSIGNED_CONTEXT ( ( #1275 ) ) GLOBAL_UNIT_ASSIGNED_CONTEXT ( ( #2867, #922, #2575 ) ) REPRESENTATION_CONTEXT ( 'NONE', 'WORKASPACE' ) );
#1501 = CARTESIAN_POINT ( 'NONE',  ( -4.950000000000000200, 0.5079999999999991200, 1.905999999999999700 ) ) ;
#1502 = FACE_OUTER_BOUND ( 'NONE', #2777, .T. ) ;
#1503 = ADVANCED_FACE ( 'NONE', ( #2843 ), #2951, .F. ) ;
#1504 = AXIS2_PLACEMENT_3D ( 'NONE', #915, #2583, #623 ) ;
#1505 = VECTOR ( 'NONE', #1084, 1000.000000000000000 ) ;
#1506 = EDGE_CURVE ( 'NONE', #3112, #1797, #1540, .T. ) ;
#1507 = VECTOR ( 'NONE', #949, 1000.000000000000000 ) ;
#1508 = ORIENTED_EDGE ( 'NONE', *, *, #606, .T. ) ;
#1509 = VECTOR ( 'NONE', #1111, 1000.000000000000000 ) ;
#1510 = ORIENTED_EDGE ( 'NONE', *, *, #1004, .T. ) ;
#1511 = UNCERTAINTY_MEASURE_WITH_UNIT (LENGTH_MEASURE( 1.000000000000000100E-005 ), #2273, 'distance_accuracy_value', 'NONE');
#1512 = DIRECTION ( 'NONE',  ( -0.0000000000000000000, -0.0000000000000000000, 1.000000000000000000 ) ) ;
#1513 = ORIENTED_EDGE ( 'NONE', *, *, #1520, .T. ) ;
#1514 = AXIS2_PLACEMENT_3D ( 'NONE', #1868, #2124, #205 ) ;
#1515 = ORIENTED_EDGE ( 'NONE', *, *, #714, .F. ) ;
#1516 = ORIENTED_EDGE ( 'NONE', *, *, #2285, .F. ) ;
#1517 = ADVANCED_FACE ( 'NONE', ( #709 ), #2336, .F. ) ;
#1518 = PLANE ( 'NONE',  #233 ) ;
#1519 = ORIENTED_EDGE ( 'NONE', *, *, #53, .F. ) ;
#1520 = EDGE_CURVE ( 'NONE', #2607, #1000, #1831, .T. ) ;
#1521 = ORIENTED_EDGE ( 'NONE', *, *, #2721, .F. ) ;
#1522 = DIRECTION ( 'NONE',  ( 0.0000000000000000000, 0.0000000000000000000, -1.000000000000000000 ) ) ;
#1523 = EDGE_CURVE ( 'NONE', #335, #1068, #982, .T. ) ;
#1524 = DIRECTION ( 'NONE',  ( 1.000000000000000000, 2.628368902995161500E-016, 0.0000000000000000000 ) ) ;
#1525 = FACE_OUTER_BOUND ( 'NONE', #2237, .T. ) ;
#1526 = ORIENTED_EDGE ( 'NONE', *, *, #2103, .F. ) ;
#1527 = CARTESIAN_POINT ( 'NONE',  ( -3.365000000000001100, 0.4039999999999986900, -2.763500000000000100 ) ) ;
#1528 = ORIENTED_EDGE ( 'NONE', *, *, #782, .T. ) ;
#1529 = DIRECTION ( 'NONE',  ( -0.0000000000000000000, -1.000000000000000000, -0.0000000000000000000 ) ) ;
#1530 = LINE ( 'NONE', #149, #737 ) ;
#1531 = EDGE_CURVE ( 'NONE', #514, #1122, #1576, .T. ) ;
#1532 = PRESENTATION_LAYER_ASSIGNMENT (  '', '', ( #394 ) ) ;
#1533 = ADVANCED_FACE ( 'NONE', ( #3032 ), #1689, .F. ) ;
#1534 = VECTOR ( 'NONE', #2013, 1000.000000000000000 ) ;
#1535 = DIRECTION ( 'NONE',  ( -2.282531041914893800E-015, 0.0000000000000000000, -1.000000000000000000 ) ) ;
#1536 = AXIS2_PLACEMENT_3D ( 'NONE', #2651, #488, #1696 ) ;
#1537 = FACE_OUTER_BOUND ( 'NONE', #1190, .T. ) ;
#1538 = DIRECTION ( 'NONE',  ( 0.0000000000000000000, 1.000000000000000000, -0.0000000000000000000 ) ) ;
#1539 = CARTESIAN_POINT ( 'NONE',  ( -3.804940905122495800, 0.6579999999999990300, 2.763500000000000100 ) ) ;
#1540 = CIRCLE ( 'NONE', #1675, 0.2999999999999999300 ) ;
#1541 = EDGE_CURVE ( 'NONE', #1217, #864, #1198, .T. ) ;
#1542 = VECTOR ( 'NONE', #3095, 1000.000000000000000 ) ;
#1543 = VECTOR ( 'NONE', #258, 1000.000000000000000 ) ;
#1544 = LINE ( 'NONE', #2138, #2996 ) ;
#1545 = AXIS2_PLACEMENT_3D ( 'NONE', #2356, #1168, #2816 ) ;
#1546 = DIRECTION ( 'NONE',  ( -0.0000000000000000000, -1.000000000000000000, -0.0000000000000000000 ) ) ;
#1547 = FACE_OUTER_BOUND ( 'NONE', #543, .T. ) ;
#1548 = VERTEX_POINT ( 'NONE', #247 ) ;
#1549 = DIRECTION ( 'NONE',  ( 0.0000000000000000000, 0.0000000000000000000, 1.000000000000000000 ) ) ;
#1550 = CARTESIAN_POINT ( 'NONE',  ( 3.607891343280053700, 0.5149999999999997900, 0.5000000000000004400 ) ) ;
#1551 = DIRECTION ( 'NONE',  ( -0.0000000000000000000, -1.000000000000000000, -0.0000000000000000000 ) ) ;
#1552 = EDGE_LOOP ( 'NONE', ( #1403, #226, #2657, #1433 ) ) ;
#1553 = ORIENTED_EDGE ( 'NONE', *, *, #1798, .T. ) ;
#1554 = CARTESIAN_POINT ( 'NONE',  ( 3.007891343280053600, 0.5149999999999997900, -0.4999999999999997800 ) ) ;
#1555 = DIRECTION ( 'NONE',  ( 1.000000000000000000, 0.0000000000000000000, -2.282531041914893400E-015 ) ) ;
#1556 = ORIENTED_EDGE ( 'NONE', *, *, #968, .F. ) ;
#1557 = VERTEX_POINT ( 'NONE', #2176 ) ;
#1558 = AXIS2_PLACEMENT_3D ( 'NONE', #2121, #1404, #1839 ) ;
#1559 = PLANE ( 'NONE',  #1877 ) ;
#1560 = DIRECTION ( 'NONE',  ( -0.0000000000000000000, -0.0000000000000000000, -1.000000000000000000 ) ) ;
#1561 = DIRECTION ( 'NONE',  ( 0.0000000000000000000, -1.000000000000000000, 0.0000000000000000000 ) ) ;
#1562 = EDGE_CURVE ( 'NONE', #2399, #1680, #1426, .T. ) ;
#1563 = VECTOR ( 'NONE', #2773, 1000.000000000000000 ) ;
#1564 = ORIENTED_EDGE ( 'NONE', *, *, #580, .T. ) ;
#1565 = ORIENTED_EDGE ( 'NONE', *, *, #94, .T. ) ;
#1566 = FACE_OUTER_BOUND ( 'NONE', #2132, .T. ) ;
#1567 = ORIENTED_EDGE ( 'NONE', *, *, #283, .T. ) ;
#1568 = CARTESIAN_POINT ( 'NONE',  ( -2.168605255971184100, 1.507999999999998900, 1.905999999999999700 ) ) ;
#1569 = DIRECTION ( 'NONE',  ( 0.5000000000000011100, -0.0000000000000000000, -0.8660254037844379300 ) ) ;
#1570 = VECTOR ( 'NONE', #1673, 1000.000000000000000 ) ;
#1571 = DIRECTION ( 'NONE',  ( 0.0000000000000000000, -1.000000000000000000, 0.0000000000000000000 ) ) ;
#1572 = CARTESIAN_POINT ( 'NONE',  ( -0.3499999999999999200, 0.0000000000000000000, -2.200000000000000200 ) ) ;
#1573 = VECTOR ( 'NONE', #470, 1000.000000000000000 ) ;
#1574 = CARTESIAN_POINT ( 'NONE',  ( -0.4918499720787619100, 2.279999999999998500, -0.5181104893249364200 ) ) ;
#1575 = LINE ( 'NONE', #2930, #2573 ) ;
#1576 = CIRCLE ( 'NONE', #2004, 0.8080000000000001600 ) ;
#1577 = DIRECTION ( 'NONE',  ( -0.0000000000000000000, -1.000000000000000000, 0.0000000000000000000 ) ) ;
#1578 = ADVANCED_FACE ( 'NONE', ( #2391 ), #2205, .F. ) ;
#1579 = DIRECTION ( 'NONE',  ( 1.000000000000000000, 0.0000000000000000000, -0.0000000000000000000 ) ) ;
#1580 = FACE_OUTER_BOUND ( 'NONE', #2479, .T. ) ;
#1581 = DIRECTION ( 'NONE',  ( -0.0000000000000000000, -0.0000000000000000000, -1.000000000000000000 ) ) ;
#1582 = LINE ( 'NONE', #2551, #916 ) ;
#1583 = EDGE_CURVE ( 'NONE', #2677, #1875, #1575, .T. ) ;
#1584 = DIRECTION ( 'NONE',  ( -1.000000000000000000, 0.0000000000000000000, -1.331170451368003600E-016 ) ) ;
#1585 = ORIENTED_EDGE ( 'NONE', *, *, #363, .F. ) ;
#1586 = VERTEX_POINT ( 'NONE', #78 ) ;
#1587 = EDGE_CURVE ( 'NONE', #647, #591, #578, .T. ) ;
#1588 = CARTESIAN_POINT ( 'NONE',  ( 3.942378529871728900, -1.089830043761449100E-015, 3.285000000000000100 ) ) ;
#1589 = ORIENTED_EDGE ( 'NONE', *, *, #2911, .F. ) ;
#1590 = DIRECTION ( 'NONE',  ( 0.0000000000000000000, 0.0000000000000000000, 1.000000000000000000 ) ) ;
#1591 = EDGE_CURVE ( 'NONE', #1356, #59, #943, .T. ) ;
#1592 = DIRECTION ( 'NONE',  ( 0.1391731009600655500, 0.9902680687415702500, -0.0000000000000000000 ) ) ;
#1593 = ORIENTED_EDGE ( 'NONE', *, *, #2482, .F. ) ;
#1594 = CARTESIAN_POINT ( 'NONE',  ( 3.007891343280053600, 0.5150000000000000100, -0.4999999999999995600 ) ) ;
#1595 = ORIENTED_EDGE ( 'NONE', *, *, #3001, .T. ) ;
#1596 = ORIENTED_EDGE ( 'NONE', *, *, #2641, .T. ) ;
#1597 = DIRECTION ( 'NONE',  ( -6.357370129138908900E-018, 1.000000000000000000, 0.0000000000000000000 ) ) ;
#1598 = CARTESIAN_POINT ( 'NONE',  ( -3.804940905122495800, 0.6579999999999990300, -2.665999999999999900 ) ) ;
#1599 = AXIS2_PLACEMENT_3D ( 'NONE', #899, #2580, #1141 ) ;
#1600 = DIRECTION ( 'NONE',  ( 0.1389860559329983400, -0.9889371742192993900, -0.05182800115127245100 ) ) ;
#1601 = ORIENTED_EDGE ( 'NONE', *, *, #425, .F. ) ;
#1602 = CARTESIAN_POINT ( 'NONE',  ( -3.107501779941427100, 0.8499999999999994200, 2.665999999999999900 ) ) ;
#1603 = DIRECTION ( 'NONE',  ( -0.0000000000000000000, -0.0000000000000000000, -1.000000000000000000 ) ) ;
#1604 = CIRCLE ( 'NONE', #2297, 0.5181104893249364200 ) ;
#1605 = VERTEX_POINT ( 'NONE', #330 ) ;
#1606 = MANIFOLD_SOLID_BREP ( 'Mirror1', #2588 ) ;
#1607 = CARTESIAN_POINT ( 'NONE',  ( 3.007891343280053600, 0.5150000000000000100, 0.5000000000000004400 ) ) ;
#1608 = ORIENTED_EDGE ( 'NONE', *, *, #1197, .T. ) ;
#1609 = LINE ( 'NONE', #1156, #1047 ) ;
#1610 = PLANE ( 'NONE',  #708 ) ;
#1611 = LINE ( 'NONE', #2806, #740 ) ;
#1612 = ADVANCED_FACE ( 'NONE', ( #2617, #3103 ), #1518, .T. ) ;
#1613 = DIRECTION ( 'NONE',  ( 0.7071067811865513500, 0.0000000000000000000, 0.7071067811865436900 ) ) ;
#1614 = CYLINDRICAL_SURFACE ( 'NONE', #1985, 0.2999999999999999300 ) ;
#1615 = PRESENTATION_STYLE_ASSIGNMENT (( #2634 ) ) ;
#1616 = CARTESIAN_POINT ( 'NONE',  ( 3.307891343280053400, 0.5150000000000000100, -0.4999999999999995600 ) ) ;
#1617 = FACE_OUTER_BOUND ( 'NONE', #29, .T. ) ;
#1618 = LINE ( 'NONE', #1121, #1135 ) ;
#1619 = CARTESIAN_POINT ( 'NONE',  ( -4.950000000000000200, 0.5079999999999991200, -1.905999999999999700 ) ) ;
#1620 = AXIS2_PLACEMENT_3D ( 'NONE', #912, #2566, #1161 ) ;
#1621 = CARTESIAN_POINT ( 'NONE',  ( -4.950000000000000200, 0.5079999999999991200, 2.665999999999999900 ) ) ;
#1622 = LINE ( 'NONE', #1128, #1282 ) ;
#1623 = CIRCLE ( 'NONE', #620, 0.2999999999999999300 ) ;
#1624 = DIRECTION ( 'NONE',  ( -0.0000000000000000000, -0.0000000000000000000, -1.000000000000000000 ) ) ;
#1625 = ORIENTED_EDGE ( 'NONE', *, *, #2263, .T. ) ;
#1626 = EDGE_CURVE ( 'NONE', #2864, #562, #1722, .T. ) ;
#1627 = VERTEX_POINT ( 'NONE', #317 ) ;
#1628 = CARTESIAN_POINT ( 'NONE',  ( 3.307891343280053400, 0.0000000000000000000, -0.7999999999999994900 ) ) ;
#1629 = CARTESIAN_POINT ( 'NONE',  ( -2.847694158806095600, 0.6999999999999990700, 2.665999999999999900 ) ) ;
#1630 = EDGE_LOOP ( 'NONE', ( #553, #2856, #2312, #733 ) ) ;
#1631 = ORIENTED_EDGE ( 'NONE', *, *, #2801, .F. ) ;
#1632 = DIRECTION ( 'NONE',  ( -0.0000000000000000000, 1.000000000000000000, -0.0000000000000000000 ) ) ;
#1633 = AXIS2_PLACEMENT_3D ( 'NONE', #1920, #2664, #1237 ) ;
#1634 = VERTEX_POINT ( 'NONE', #2001 ) ;
#1635 = DIRECTION ( 'NONE',  ( 0.5000000000000011100, 0.8660254037844379300, 0.0000000000000000000 ) ) ;
#1636 = VECTOR ( 'NONE', #1116, 1000.000000000000000 ) ;
#1637 = ORIENTED_EDGE ( 'NONE', *, *, #2434, .F. ) ;
#1638 = CARTESIAN_POINT ( 'NONE',  ( -3.064999999999999100, 1.524999999999998800, 0.3800000000000000000 ) ) ;
#1639 = EDGE_LOOP ( 'NONE', ( #315, #1104, #384, #2824 ) ) ;
#1640 = ORIENTED_EDGE ( 'NONE', *, *, #165, .T. ) ;
#1641 = EDGE_CURVE ( 'NONE', #2905, #36, #1795, .T. ) ;
#1642 = FACE_OUTER_BOUND ( 'NONE', #1700, .T. ) ;
#1643 = DIRECTION ( 'NONE',  ( 0.0000000000000000000, 0.0000000000000000000, -1.000000000000000000 ) ) ;
#1644 = ORIENTED_EDGE ( 'NONE', *, *, #2363, .F. ) ;
#1645 = DIRECTION ( 'NONE',  ( 0.0000000000000000000, 0.0000000000000000000, 1.000000000000000000 ) ) ;
#1646 = LINE ( 'NONE', #2596, #316 ) ;
#1647 = ADVANCED_FACE ( 'NONE', ( #361 ), #2323, .T. ) ;
#1648 = EDGE_CURVE ( 'NONE', #2257, #1073, #2840, .T. ) ;
#1649 = DIRECTION ( 'NONE',  ( 0.0000000000000000000, 1.000000000000000000, 0.0000000000000000000 ) ) ;
#1650 = VECTOR ( 'NONE', #30, 1000.000000000000000 ) ;
#1651 = VECTOR ( 'NONE', #2958, 1000.000000000000000 ) ;
#1652 = CARTESIAN_POINT ( 'NONE',  ( -2.239999999999998900, 0.9999999999999988900, 3.232592220716966400 ) ) ;
#1653 = PLANE ( 'NONE',  #1074 ) ;
#1654 = LINE ( 'NONE', #2970, #2729 ) ;
#1655 = VERTEX_POINT ( 'NONE', #2745 ) ;
#1656 = CIRCLE ( 'NONE', #979, 0.1000000000000037200 ) ;
#1657 = DIRECTION ( 'NONE',  ( -1.000000000000000000, -2.412598014677960000E-016, 0.0000000000000000000 ) ) ;
#1658 = CARTESIAN_POINT ( 'NONE',  ( 3.307891343280053400, 0.5150000000000000100, -0.7999999999999994900 ) ) ;
#1659 = SURFACE_STYLE_FILL_AREA ( #2586 ) ;
#1660 = DIRECTION ( 'NONE',  ( 1.000000000000000000, 0.0000000000000000000, -0.0000000000000000000 ) ) ;
#1661 = VERTEX_POINT ( 'NONE', #1793 ) ;
#1662 = DIRECTION ( 'NONE',  ( -0.0000000000000000000, -0.0000000000000000000, -1.000000000000000000 ) ) ;
#1663 = DIRECTION ( 'NONE',  ( 0.0000000000000000000, -1.000000000000000000, 0.0000000000000000000 ) ) ;
#1664 = ADVANCED_FACE ( 'NONE', ( #90 ), #1559, .T. ) ;
#1665 = VERTEX_POINT ( 'NONE', #2300 ) ;
#1666 = PLANE ( 'NONE',  #744 ) ;
#1667 = ORIENTED_EDGE ( 'NONE', *, *, #861, .F. ) ;
#1668 = EDGE_CURVE ( 'NONE', #1172, #32, #1936, .T. ) ;
#1669 = PLANE ( 'NONE',  #2421 ) ;
#1670 = EDGE_LOOP ( 'NONE', ( #2899, #887, #2041, #2636 ) ) ;
#1671 = EDGE_LOOP ( 'NONE', ( #338, #601, #2404, #1208 ) ) ;
#1672 = DIRECTION ( 'NONE',  ( -0.5000000000000015500, 0.0000000000000000000, -0.8660254037844378200 ) ) ;
#1673 = DIRECTION ( 'NONE',  ( -0.0000000000000000000, -0.0000000000000000000, 1.000000000000000000 ) ) ;
#1674 = ORIENTED_EDGE ( 'NONE', *, *, #1481, .F. ) ;
#1675 = AXIS2_PLACEMENT_3D ( 'NONE', #2150, #2869, #685 ) ;
#1676 = ADVANCED_FACE ( 'NONE', ( #1686 ), #360, .F. ) ;
#1677 = LINE ( 'NONE', #2516, #566 ) ;
#1678 = ORIENTED_EDGE ( 'NONE', *, *, #2280, .F. ) ;
#1679 = CARTESIAN_POINT ( 'NONE',  ( -3.365000000000001100, 0.4039999999999986900, 2.763500000000000100 ) ) ;
#1680 = VERTEX_POINT ( 'NONE', #2291 ) ;
#1681 = DIRECTION ( 'NONE',  ( 0.0000000000000000000, 0.0000000000000000000, 1.000000000000000000 ) ) ;
#1682 = LINE ( 'NONE', #444, #392 ) ;
#1683 = EDGE_CURVE ( 'NONE', #1098, #389, #2991, .T. ) ;
#1684 = CARTESIAN_POINT ( 'NONE',  ( 3.307891343280052100, 0.5149999999999997900, 2.100000038075664500 ) ) ;
#1685 = FACE_OUTER_BOUND ( 'NONE', #1493, .T. ) ;
#1686 = FACE_OUTER_BOUND ( 'NONE', #2793, .T. ) ;
#1687 = EDGE_CURVE ( 'NONE', #1768, #2944, #1312, .T. ) ;
#1688 = CARTESIAN_POINT ( 'NONE',  ( 3.307891343280052100, 8.038669317560415800, 2.100000038075664500 ) ) ;
#1689 = CYLINDRICAL_SURFACE ( 'NONE', #486, 0.2999999999999999300 ) ;
#1690 = CARTESIAN_POINT ( 'NONE',  ( 3.007891343280052300, 8.038669317560415800, 2.100000038075664000 ) ) ;
#1691 = FACE_OUTER_BOUND ( 'NONE', #1250, .T. ) ;
#1692 = EDGE_CURVE ( 'NONE', #637, #2462, #2358, .T. ) ;
#1693 = ADVANCED_FACE ( 'NONE', ( #1502 ), #2520, .T. ) ;
#1694 = CYLINDRICAL_SURFACE ( 'NONE', #2476, 0.1000000000000037200 ) ;
#1695 = ORIENTED_EDGE ( 'NONE', *, *, #1997, .F. ) ;
#1696 = DIRECTION ( 'NONE',  ( 1.000000000000000000, 0.0000000000000000000, 0.0000000000000000000 ) ) ;
#1697 = LINE ( 'NONE', #184, #869 ) ;
#1698 = ORIENTED_EDGE ( 'NONE', *, *, #1429, .T. ) ;
#1699 = ORIENTED_EDGE ( 'NONE', *, *, #283, .F. ) ;
#1700 = EDGE_LOOP ( 'NONE', ( #1009, #308, #417, #1843, #1528, #1968 ) ) ;
#1701 = VERTEX_POINT ( 'NONE', #1316 ) ;
#1702 = CARTESIAN_POINT ( 'NONE',  ( -3.804940905122495800, 0.6579999999999990300, -2.763500000000000100 ) ) ;
#1703 = EDGE_CURVE ( 'NONE', #1557, #67, #2468, .T. ) ;
#1704 = ORIENTED_EDGE ( 'NONE', *, *, #2446, .F. ) ;
#1705 = ADVANCED_FACE ( 'NONE', ( #131 ), #1017, .F. ) ;
#1706 = ORIENTED_EDGE ( 'NONE', *, *, #2857, .T. ) ;
#1707 = DIRECTION ( 'NONE',  ( -0.0000000000000000000, -0.0000000000000000000, -1.000000000000000000 ) ) ;
#1708 = VECTOR ( 'NONE', #37, 1000.000000000000000 ) ;
#1709 = ORIENTED_EDGE ( 'NONE', *, *, #3118, .F. ) ;
#1710 =( LENGTH_UNIT ( ) NAMED_UNIT ( * ) SI_UNIT ( .MILLI., .METRE. ) );
#1711 = LINE ( 'NONE', #348, #1855 ) ;
#1712 = ORIENTED_EDGE ( 'NONE', *, *, #2186, .T. ) ;
#1713 = ORIENTED_EDGE ( 'NONE', *, *, #1531, .F. ) ;
#1714 = ORIENTED_EDGE ( 'NONE', *, *, #2585, .T. ) ;
#1715 = AXIS2_PLACEMENT_3D ( 'NONE', #3020, #973, #270 ) ;
#1716 = LINE ( 'NONE', #91, #2906 ) ;
#1717 = DIRECTION ( 'NONE',  ( 0.0000000000000000000, 1.000000000000000000, 0.0000000000000000000 ) ) ;
#1718 = ADVANCED_FACE ( 'NONE', ( #1090 ), #273, .F. ) ;
#1719 = COLOUR_RGB ( '',0.7921568627450980000, 0.8196078431372548800, 0.9333333333333333500 ) ;
#1720 = EDGE_CURVE ( 'NONE', #38, #1548, #539, .T. ) ;
#1721 = EDGE_LOOP ( 'NONE', ( #80, #1416, #1704, #95, #3053, #3067 ) ) ;
#1722 = CIRCLE ( 'NONE', #2271, 0.5181104893249364200 ) ;
#1723 = DIRECTION ( 'NONE',  ( 0.0000000000000000000, -1.000000000000000000, 0.0000000000000000000 ) ) ;
#1724 = LINE ( 'NONE', #485, #788 ) ;
#1725 = LINE ( 'NONE', #2177, #173 ) ;
#1726 = CARTESIAN_POINT ( 'NONE',  ( 3.307891343280053400, 0.0000000000000000000, -0.4999999999999995600 ) ) ;
#1727 = ORIENTED_EDGE ( 'NONE', *, *, #143, .T. ) ;
#1728 = AXIS2_PLACEMENT_3D ( 'NONE', #11, #2180, #2412 ) ;
#1729 = DIRECTION ( 'NONE',  ( -7.608436806382989900E-016, 0.0000000000000000000, 1.000000000000000000 ) ) ;
#1730 = VERTEX_POINT ( 'NONE', #1757 ) ;
#1731 = AXIS2_PLACEMENT_3D ( 'NONE', #2319, #2548, #1360 ) ;
#1732 = CARTESIAN_POINT ( 'NONE',  ( -3.547442685063921800, 1.103999999999999900, 2.763500000000000100 ) ) ;
#1733 = EDGE_LOOP ( 'NONE', ( #2637, #897, #2633, #239 ) ) ;
#1734 = CARTESIAN_POINT ( 'NONE',  ( 3.307891343280053400, 8.038669317560415800, 0.5000000000000004400 ) ) ;
#1735 = ORIENTED_EDGE ( 'NONE', *, *, #890, .T. ) ;
#1736 = EDGE_CURVE ( 'NONE', #1661, #3005, #2910, .T. ) ;
#1737 = CARTESIAN_POINT ( 'NONE',  ( -2.168605255971184100, 1.507999999999998900, 2.665999999999999900 ) ) ;
#1738 = EDGE_LOOP ( 'NONE', ( #163, #764, #1413, #518 ) ) ;
#1739 = EDGE_CURVE ( 'NONE', #2966, #1925, #670, .T. ) ;
#1740 = ORIENTED_EDGE ( 'NONE', *, *, #2018, .T. ) ;
#1741 = CARTESIAN_POINT ( 'NONE',  ( 2.907891343280052600, 0.0000000000000000000, 2.200000000000004200 ) ) ;
#1742 = DIRECTION ( 'NONE',  ( -0.0000000000000000000, 0.0000000000000000000, -1.000000000000000000 ) ) ;
#1743 = VECTOR ( 'NONE', #2303, 1000.000000000000000 ) ;
#1744 = EDGE_CURVE ( 'NONE', #2459, #2879, #626, .T. ) ;
#1745 = VECTOR ( 'NONE', #1095, 1000.000000000000000 ) ;
#1746 = ADVANCED_FACE ( 'NONE', ( #2428 ), #1045, .F. ) ;
#1747 = ORIENTED_EDGE ( 'NONE', *, *, #1887, .T. ) ;
#1748 = VERTEX_POINT ( 'NONE', #66 ) ;
#1749 = LINE ( 'NONE', #2372, #2868 ) ;
#1750 = VECTOR ( 'NONE', #1561, 1000.000000000000000 ) ;
#1751 = DIRECTION ( 'NONE',  ( 0.0000000000000000000, -0.0000000000000000000, -1.000000000000000000 ) ) ;
#1752 = DIRECTION ( 'NONE',  ( 0.8660254037844387100, -0.4999999999999998300, 0.0000000000000000000 ) ) ;
#1753 = CARTESIAN_POINT ( 'NONE',  ( -3.365000000000001100, 0.4039999999999986900, -2.763500000000000100 ) ) ;
#1754 = EDGE_LOOP ( 'NONE', ( #7, #2639, #2505, #68 ) ) ;
#1755 = VECTOR ( 'NONE', #2935, 1000.000000000000000 ) ;
#1756 = EDGE_CURVE ( 'NONE', #1351, #3049, #1863, .T. ) ;
#1757 = CARTESIAN_POINT ( 'NONE',  ( -4.950000000000000200, 0.5079999999999991200, 2.665999999999999900 ) ) ;
#1758 = LINE ( 'NONE', #1981, #2655 ) ;
#1759 = LINE ( 'NONE', #1948, #1060 ) ;
#1760 = ADVANCED_FACE ( 'NONE', ( #2691 ), #2461, .T. ) ;
#1761 = CARTESIAN_POINT ( 'NONE',  ( 3.307891343280052100, 0.5150000000000000100, 2.100000038075664500 ) ) ;
#1762 = CIRCLE ( 'NONE', #932, 0.2999999999999999300 ) ;
#1763 = CARTESIAN_POINT ( 'NONE',  ( -3.804940905122495800, 0.6579999999999990300, -1.905999999999999700 ) ) ;
#1764 = LINE ( 'NONE', #1089, #2659 ) ;
#1765 = DIRECTION ( 'NONE',  ( -0.0000000000000000000, -1.000000000000000000, -0.0000000000000000000 ) ) ;
#1766 = ORIENTED_EDGE ( 'NONE', *, *, #3044, .F. ) ;
#1767 = CLOSED_SHELL ( 'NONE', ( #1034, #2029, #2253, #1779, #958, #2610, #2453, #2719, #3050, #277, #2435, #1019, #757, #1664, #1173, #1503, #1233, #2937, #2064, #1067, #2687, #1760, #1647, #2235, #33, #2948, #2043, #1485, #1693, #1264, #789 ) ) ;
#1768 = VERTEX_POINT ( 'NONE', #521 ) ;
#1769 = CARTESIAN_POINT ( 'NONE',  ( 3.607891343280053700, 0.5149999999999997900, 2.670000000000000400 ) ) ;
#1770 = AXIS2_PLACEMENT_3D ( 'NONE', #79, #780, #2259 ) ;
#1771 = VERTEX_POINT ( 'NONE', #1016 ) ;
#1772 = ORIENTED_EDGE ( 'NONE', *, *, #2107, .T. ) ;
#1773 = AXIS2_PLACEMENT_3D ( 'NONE', #1588, #1821, #378 ) ;
#1774 = CARTESIAN_POINT ( 'NONE',  ( -3.064999999999999100, 0.9999999999999986700, 0.3800000000000000000 ) ) ;
#1775 = DIRECTION ( 'NONE',  ( 0.0000000000000000000, 1.000000000000000000, 0.0000000000000000000 ) ) ;
#1776 = EDGE_LOOP ( 'NONE', ( #2189, #2782, #1026, #1385 ) ) ;
#1777 = EDGE_CURVE ( 'NONE', #479, #2897, #1978, .T. ) ;
#1778 = ORIENTED_EDGE ( 'NONE', *, *, #1756, .F. ) ;
#1779 = ADVANCED_FACE ( 'NONE', ( #1163 ), #776, .F. ) ;
#1780 = PLANE ( 'NONE',  #431 ) ;
#1781 = LINE ( 'NONE', #1262, #1851 ) ;
#1782 = CARTESIAN_POINT ( 'NONE',  ( 3.607891343280053700, 0.5150000000000000100, -0.4999999999999997800 ) ) ;
#1783 = CARTESIAN_POINT ( 'NONE',  ( 3.307891343280053400, 0.5150000000000000100, 0.5000000000000004400 ) ) ;
#1784 = ORIENTED_EDGE ( 'NONE', *, *, #1641, .F. ) ;
#1785 = DIRECTION ( 'NONE',  ( 0.0000000000000000000, -1.000000000000000000, 0.0000000000000000000 ) ) ;
#1786 = VECTOR ( 'NONE', #1496, 1000.000000000000000 ) ;
#1787 = EDGE_CURVE ( 'NONE', #3, #1857, #1829, .T. ) ;
#1788 = ORIENTED_EDGE ( 'NONE', *, *, #2853, .T. ) ;
#1789 = LINE ( 'NONE', #512, #572 ) ;
#1790 = DIRECTION ( 'NONE',  ( -0.8660254037844381500, 0.5000000000000006700, -0.0000000000000000000 ) ) ;
#1791 = VECTOR ( 'NONE', #849, 1000.000000000000000 ) ;
#1792 = CARTESIAN_POINT ( 'NONE',  ( 3.307891343280052100, 0.5150000000000000100, 1.800000038075664400 ) ) ;
#1793 = CARTESIAN_POINT ( 'NONE',  ( 3.607891343280052300, 0.5150000000000000100, 2.100000038075664000 ) ) ;
#1794 = DIRECTION ( 'NONE',  ( 0.0000000000000000000, 1.000000000000000000, 0.0000000000000000000 ) ) ;
#1795 = CIRCLE ( 'NONE', #2809, 0.2999999999999999300 ) ;
#1796 = EDGE_CURVE ( 'NONE', #479, #2713, #784, .T. ) ;
#1797 = VERTEX_POINT ( 'NONE', #2941 ) ;
#1798 = EDGE_CURVE ( 'NONE', #2222, #2933, #2057, .T. ) ;
#1799 = DIRECTION ( 'NONE',  ( -1.000000000000000000, 0.0000000000000000000, 0.0000000000000000000 ) ) ;
#1800 = PRESENTATION_STYLE_ASSIGNMENT (( #2322 ) ) ;
#1801 = ORIENTED_EDGE ( 'NONE', *, *, #2594, .T. ) ;
#1802 = DIRECTION ( 'NONE',  ( -0.0000000000000000000, -0.0000000000000000000, -1.000000000000000000 ) ) ;
#1803 = CARTESIAN_POINT ( 'NONE',  ( -3.804940905122495800, 0.6579999999999990300, -2.763500000000000100 ) ) ;
#1804 = ORIENTED_EDGE ( 'NONE', *, *, #2441, .T. ) ;
#1805 = CARTESIAN_POINT ( 'NONE',  ( -2.847694158806095600, 1.507999999999999100, 2.665999999999999900 ) ) ;
#1806 = EDGE_LOOP ( 'NONE', ( #832, #2600, #1422, #1698 ) ) ;
#1807 = CARTESIAN_POINT ( 'NONE',  ( -2.239999999999998900, 0.9999999999999988900, -0.3800000000000000000 ) ) ;
#1808 = SURFACE_STYLE_USAGE ( .BOTH. , #132 ) ;
#1809 = CARTESIAN_POINT ( 'NONE',  ( 3.870000000000001000, -1.301042606982605300E-015, 2.669999999999999500 ) ) ;
#1810 = ORIENTED_EDGE ( 'NONE', *, *, #2808, .T. ) ;
#1811 = DIRECTION ( 'NONE',  ( -1.000000000000000000, 0.0000000000000000000, 0.0000000000000000000 ) ) ;
#1812 = CARTESIAN_POINT ( 'NONE',  ( 2.907891343280052600, 8.038669317560415800, 2.200000000000000600 ) ) ;
#1813 = VERTEX_POINT ( 'NONE', #2700 ) ;
#1814 = DIRECTION ( 'NONE',  ( -0.0000000000000000000, -1.000000000000000000, -0.0000000000000000000 ) ) ;
#1815 = DIRECTION ( 'NONE',  ( 7.392287539673893200E-017, 0.0000000000000000000, 1.000000000000000000 ) ) ;
#1816 = DIRECTION ( 'NONE',  ( -0.0000000000000000000, -1.000000000000000000, 0.0000000000000000000 ) ) ;
#1817 = ORIENTED_EDGE ( 'NONE', *, *, #1975, .F. ) ;
#1818 = EDGE_CURVE ( 'NONE', #63, #1328, #2988, .T. ) ;
#1819 = ORIENTED_EDGE ( 'NONE', *, *, #293, .T. ) ;
#1820 = LINE ( 'NONE', #1619, #2901 ) ;
#1821 = DIRECTION ( 'NONE',  ( -0.9902680687415712500, -0.1391731009600588000, 0.0000000000000000000 ) ) ;
#1822 = ORIENTED_EDGE ( 'NONE', *, *, #2324, .F. ) ;
#1823 = ORIENTED_EDGE ( 'NONE', *, *, #1739, .T. ) ;
#1824 = EDGE_LOOP ( 'NONE', ( #1519, #3002, #1359, #121 ) ) ;
#1825 = AXIS2_PLACEMENT_3D ( 'NONE', #81, #815, #2047 ) ;
#1826 = LINE ( 'NONE', #2036, #2423 ) ;
#1827 = UNCERTAINTY_MEASURE_WITH_UNIT (LENGTH_MEASURE( 1.000000000000000100E-005 ), #904, 'distance_accuracy_value', 'NONE');
#1828 = VERTEX_POINT ( 'NONE', #2442 ) ;
#1829 = LINE ( 'NONE', #285, #1342 ) ;
#1830 = CARTESIAN_POINT ( 'NONE',  ( -2.239999999999998900, 0.9999999999999988900, 2.665999999999999900 ) ) ;
#1831 = LINE ( 'NONE', #728, #2139 ) ;
#1832 = VECTOR ( 'NONE', #1723, 1000.000000000000000 ) ;
#1833 = CYLINDRICAL_SURFACE ( 'NONE', #2318, 0.5181104893249364200 ) ;
#1834 = EDGE_CURVE ( 'NONE', #445, #63, #14, .T. ) ;
#1835 = ORIENTED_EDGE ( 'NONE', *, *, #405, .T. ) ;
#1836 = ORIENTED_EDGE ( 'NONE', *, *, #3102, .T. ) ;
#1837 = ORIENTED_EDGE ( 'NONE', *, *, #724, .T. ) ;
#1838 = EDGE_CURVE ( 'NONE', #2713, #604, #321, .T. ) ;
#1839 = DIRECTION ( 'NONE',  ( -1.000000000000000000, 0.0000000000000000000, 0.0000000000000000000 ) ) ;
#1840 = CARTESIAN_POINT ( 'NONE',  ( -2.847694158806095600, 0.6999999999999990700, -2.665999999999999900 ) ) ;
#1841 = ORIENTED_EDGE ( 'NONE', *, *, #322, .T. ) ;
#1842 = EDGE_CURVE ( 'NONE', #3060, #67, #1085, .T. ) ;
#1843 = ORIENTED_EDGE ( 'NONE', *, *, #2585, .F. ) ;
#1844 = DIRECTION ( 'NONE',  ( -0.0000000000000000000, -1.000000000000000000, -0.0000000000000000000 ) ) ;
#1845 = CARTESIAN_POINT ( 'NONE',  ( -4.064748526257827300, 0.5079999999999994500, -1.905999999999999700 ) ) ;
#1846 = ORIENTED_EDGE ( 'NONE', *, *, #671, .T. ) ;
#1847 = EDGE_LOOP ( 'NONE', ( #913, #772, #1924, #2444, #959, #1066 ) ) ;
#1848 = PLANE ( 'NONE',  #666 ) ;
#1849 = ORIENTED_EDGE ( 'NONE', *, *, #481, .F. ) ;
#1850 = DIRECTION ( 'NONE',  ( -7.608436806382989900E-016, 0.0000000000000000000, 1.000000000000000000 ) ) ;
#1851 = VECTOR ( 'NONE', #1524, 1000.000000000000000 ) ;
#1852 = EDGE_CURVE ( 'NONE', #1252, #2232, #398, .T. ) ;
#1853 = DIRECTION ( 'NONE',  ( -0.1391731009600658300, -0.9902680687415702500, 0.0000000000000000000 ) ) ;
#1854 = ORIENTED_EDGE ( 'NONE', *, *, #714, .T. ) ;
#1855 = VECTOR ( 'NONE', #2275, 1000.000000000000000 ) ;
#1856 = CARTESIAN_POINT ( 'NONE',  ( 3.007891343280052300, 0.0000000000000000000, 2.100000038075664000 ) ) ;
#1857 = VERTEX_POINT ( 'NONE', #3091 ) ;
#1858 = VECTOR ( 'NONE', #598, 1000.000000000000100 ) ;
#1859 = CARTESIAN_POINT ( 'NONE',  ( 3.307891343280052100, 0.5149999999999997900, 2.100000038075664500 ) ) ;
#1860 = FACE_OUTER_BOUND ( 'NONE', #2547, .T. ) ;
#1861 = FILL_AREA_STYLE ('',( #2533 ) ) ;
#1862 = AXIS2_PLACEMENT_3D ( 'NONE', #2000, #1538, #2724 ) ;
#1863 = LINE ( 'NONE', #2690, #1651 ) ;
#1864 = VECTOR ( 'NONE', #2592, 1000.000000000000100 ) ;
#1865 = CARTESIAN_POINT ( 'NONE',  ( 3.007891343280048700, 0.0000000000000000000, -2.100000038075664000 ) ) ;
#1866 = VECTOR ( 'NONE', #144, 1000.000000000000000 ) ;
#1867 = FACE_OUTER_BOUND ( 'NONE', #1670, .T. ) ;
#1868 = CARTESIAN_POINT ( 'NONE',  ( 4.545854811567259900, 8.038669317560415800, -2.669999999999999900 ) ) ;
#1869 = CARTESIAN_POINT ( 'NONE',  ( 3.607891343280052800, 0.0000000000000000000, -2.669999999999999500 ) ) ;
#1870 = ORIENTED_EDGE ( 'NONE', *, *, #127, .F. ) ;
#1871 = EDGE_CURVE ( 'NONE', #109, #691, #2355, .T. ) ;
#1872 = ORIENTED_EDGE ( 'NONE', *, *, #1587, .T. ) ;
#1873 = CARTESIAN_POINT ( 'NONE',  ( 2.907891343280052600, 0.5149999999999997900, 2.200000000000004200 ) ) ;
#1874 = CARTESIAN_POINT ( 'NONE',  ( -3.547442685063921800, 1.103999999999999900, -1.808499999999999800 ) ) ;
#1875 = VERTEX_POINT ( 'NONE', #1652 ) ;
#1876 = ORIENTED_EDGE ( 'NONE', *, *, #2342, .T. ) ;
#1877 = AXIS2_PLACEMENT_3D ( 'NONE', #2531, #842, #2985 ) ;
#1878 = CARTESIAN_POINT ( 'NONE',  ( -2.847694158806095600, 0.6999999999999991800, 1.905999999999999700 ) ) ;
#1879 = ORIENTED_EDGE ( 'NONE', *, *, #99, .F. ) ;
#1880 = DIRECTION ( 'NONE',  ( -0.1389860559330048900, -0.9889371742192986100, -0.05182800115127240300 ) ) ;
#1881 = EDGE_LOOP ( 'NONE', ( #1296, #1181, #726, #1640 ) ) ;
#1882 = VERTEX_POINT ( 'NONE', #466 ) ;
#1883 = CARTESIAN_POINT ( 'NONE',  ( -4.064748526257827300, 0.5079999999999994500, 2.665999999999999900 ) ) ;
#1884 = CIRCLE ( 'NONE', #2361, 0.2999999999999999300 ) ;
#1885 = DIRECTION ( 'NONE',  ( -0.0000000000000000000, -0.0000000000000000000, 1.000000000000000000 ) ) ;
#1886 = AXIS2_PLACEMENT_3D ( 'NONE', #792, #2711, #1938 ) ;
#1887 = EDGE_CURVE ( 'NONE', #812, #2966, #2204, .T. ) ;
#1888 = DIRECTION ( 'NONE',  ( 1.000000000000000000, 0.0000000000000000000, 0.0000000000000000000 ) ) ;
#1889 = DIRECTION ( 'NONE',  ( 0.0000000000000000000, -1.000000000000000000, 0.0000000000000000000 ) ) ;
#1890 = FACE_OUTER_BOUND ( 'NONE', #2980, .T. ) ;
#1891 = ORIENTED_EDGE ( 'NONE', *, *, #405, .F. ) ;
#1892 = EDGE_LOOP ( 'NONE', ( #2005, #2973, #1322, #701 ) ) ;
#1893 = VECTOR ( 'NONE', #2155, 999.9999999999998900 ) ;
#1894 = EDGE_CURVE ( 'NONE', #2960, #1488, #246, .T. ) ;
#1895 = VECTOR ( 'NONE', #1297, 1000.000000000000000 ) ;
#1896 = EDGE_CURVE ( 'NONE', #2216, #3086, #1973, .T. ) ;
#1897 = ORIENTED_EDGE ( 'NONE', *, *, #1399, .F. ) ;
#1898 = ADVANCED_FACE ( 'NONE', ( #1860 ), #85, .F. ) ;
#1899 = VECTOR ( 'NONE', #1814, 1000.000000000000000 ) ;
#1900 = DIRECTION ( 'NONE',  ( 0.0000000000000000000, 0.0000000000000000000, 1.000000000000000000 ) ) ;
#1901 = VECTOR ( 'NONE', #1635, 1000.000000000000100 ) ;
#1902 = VECTOR ( 'NONE', #1041, 1000.000000000000000 ) ;
#1903 =( GEOMETRIC_REPRESENTATION_CONTEXT ( 3 ) GLOBAL_UNCERTAINTY_ASSIGNED_CONTEXT ( ( #1827 ) ) GLOBAL_UNIT_ASSIGNED_CONTEXT ( ( #904, #3062, #1133 ) ) REPRESENTATION_CONTEXT ( 'NONE', 'WORKASPACE' ) );
#1904 = DIRECTION ( 'NONE',  ( 0.0000000000000000000, 0.0000000000000000000, -1.000000000000000000 ) ) ;
#1905 = LINE ( 'NONE', #669, #507 ) ;
#1906 = FACE_OUTER_BOUND ( 'NONE', #1552, .T. ) ;
#1907 = PLANE ( 'NONE',  #1728 ) ;
#1908 = CARTESIAN_POINT ( 'NONE',  ( -4.064748526257827300, -1.084202172485504400E-015, 2.665999999999999900 ) ) ;
#1909 = VERTEX_POINT ( 'NONE', #306 ) ;
#1910 = EDGE_LOOP ( 'NONE', ( #2092, #2855, #309, #408, #2645 ) ) ;
#1911 = DIRECTION ( 'NONE',  ( -0.0000000000000000000, -0.0000000000000000000, 1.000000000000000000 ) ) ;
#1912 = ORIENTED_EDGE ( 'NONE', *, *, #2265, .F. ) ;
#1913 = EDGE_CURVE ( 'NONE', #1813, #2752, #2907, .T. ) ;
#1914 = ADVANCED_FACE ( 'NONE', ( #2800 ), #742, .F. ) ;
#1915 = CARTESIAN_POINT ( 'NONE',  ( -4.950000000000000200, 0.5079999999999991200, -2.665999999999999900 ) ) ;
#1916 = ORIENTED_EDGE ( 'NONE', *, *, #1204, .T. ) ;
#1917 = VERTEX_POINT ( 'NONE', #1340 ) ;
#1918 = MANIFOLD_SOLID_BREP ( 'Boss-Extrude5', #996 ) ;
#1919 = ORIENTED_EDGE ( 'NONE', *, *, #1065, .T. ) ;
#1920 = CARTESIAN_POINT ( 'NONE',  ( 2.907891343280052600, 0.5150000000000000100, -2.200000000000000600 ) ) ;
#1921 = DIRECTION ( 'NONE',  ( 0.0000000000000000000, -1.000000000000000000, 0.0000000000000000000 ) ) ;
#1922 = EDGE_LOOP ( 'NONE', ( #2148, #2266, #758, #2971 ) ) ;
#1923 = CARTESIAN_POINT ( 'NONE',  ( 3.607891343280052800, 8.038669317560415800, -2.669999999999999500 ) ) ;
#1924 = ORIENTED_EDGE ( 'NONE', *, *, #502, .T. ) ;
#1925 = VERTEX_POINT ( 'NONE', #347 ) ;
#1926 = DIRECTION ( 'NONE',  ( 0.0000000000000000000, 0.0000000000000000000, 1.000000000000000000 ) ) ;
#1927 = ORIENTED_EDGE ( 'NONE', *, *, #2760, .T. ) ;
#1928 = EDGE_LOOP ( 'NONE', ( #1473, #1713, #920, #926, #2932, #1766 ) ) ;
#1929 = LINE ( 'NONE', #877, #1191 ) ;
#1930 = ADVANCED_FACE ( 'NONE', ( #1341 ), #1083, .F. ) ;
#1931 = EDGE_CURVE ( 'NONE', #1438, #2462, #2093, .T. ) ;
#1932 = EDGE_LOOP ( 'NONE', ( #2073, #2101, #2129, #2118, #657, #1516, #2188, #1846 ) ) ;
#1933 = LINE ( 'NONE', #1101, #1858 ) ;
#1934 = FACE_OUTER_BOUND ( 'NONE', #1292, .T. ) ;
#1935 = AXIS2_PLACEMENT_3D ( 'NONE', #2410, #2422, #1926 ) ;
#1936 = LINE ( 'NONE', #2511, #465 ) ;
#1937 = FACE_BOUND ( 'NONE', #2685, .T. ) ;
#1938 = DIRECTION ( 'NONE',  ( 1.000000000000000000, 0.0000000000000000000, 0.0000000000000000000 ) ) ;
#1939 = CIRCLE ( 'NONE', #1731, 0.2999999999999999300 ) ;
#1940 = LINE ( 'NONE', #617, #547 ) ;
#1941 = FACE_OUTER_BOUND ( 'NONE', #568, .T. ) ;
#1942 = CARTESIAN_POINT ( 'NONE',  ( -4.950000000000000200, -1.089830043761449100E-015, -1.905999999999999700 ) ) ;
#1943 = ADVANCED_FACE ( 'NONE', ( #667 ), #1109, .T. ) ;
#1944 = VERTEX_POINT ( 'NONE', #848 ) ;
#1945 = DIRECTION ( 'NONE',  ( -0.0000000000000000000, -0.0000000000000000000, 1.000000000000000000 ) ) ;
#1946 = ORIENTED_EDGE ( 'NONE', *, *, #2796, .T. ) ;
#1947 = EDGE_CURVE ( 'NONE', #63, #1098, #3068, .T. ) ;
#1948 = CARTESIAN_POINT ( 'NONE',  ( -3.804940905122495800, 0.6579999999999990300, 2.763500000000000100 ) ) ;
#1949 = CARTESIAN_POINT ( 'NONE',  ( -0.4918499720787620200, 2.279999999999998500, 0.0000000000000000000 ) ) ;
#1950 = ORIENTED_EDGE ( 'NONE', *, *, #450, .T. ) ;
#1951 = DIRECTION ( 'NONE',  ( 2.282531041914893400E-015, -0.0000000000000000000, 1.000000000000000000 ) ) ;
#1952 = DIRECTION ( 'NONE',  ( 0.0000000000000000000, -1.000000000000000000, 0.0000000000000000000 ) ) ;
#1953 = EDGE_CURVE ( 'NONE', #484, #681, #1015, .T. ) ;
#1954 = EDGE_LOOP ( 'NONE', ( #2803, #1788, #296, #751 ) ) ;
#1955 = DIRECTION ( 'NONE',  ( 0.0000000000000000000, 0.0000000000000000000, -1.000000000000000000 ) ) ;
#1956 = CLOSED_SHELL ( 'NONE', ( #1898, #295, #1612, #489, #2419, #1311, #1705, #2969, #1145, #806, #888, #506, #215, #1930, #2283, #2469, #2390, #1979, #1281, #1914, #727, #582 ) ) ;
#1957 = CARTESIAN_POINT ( 'NONE',  ( 3.307891343280053400, 0.5150000000000000100, -0.4999999999999995600 ) ) ;
#1958 = APPLICATION_PROTOCOL_DEFINITION ( 'draft international standard', 'automotive_design', 1998, #2217 ) ;
#1959 = CARTESIAN_POINT ( 'NONE',  ( 3.607891343280052300, 0.5150000000000000100, -2.100000038075664000 ) ) ;
#1960 = ORIENTED_EDGE ( 'NONE', *, *, #817, .F. ) ;
#1961 = DIRECTION ( 'NONE',  ( 1.000000000000000000, 0.0000000000000000000, -2.282531041914893800E-015 ) ) ;
#1962 = CARTESIAN_POINT ( 'NONE',  ( 4.950000000000000200, 0.5149999999999997900, 1.970000000000000000 ) ) ;
#1963 = VECTOR ( 'NONE', #341, 1000.000000000000000 ) ;
#1964 = CARTESIAN_POINT ( 'NONE',  ( -3.365000000000001100, 0.4039999999999986900, -2.763500000000000100 ) ) ;
#1965 = PLANE ( 'NONE',  #794 ) ;
#1966 = VECTOR ( 'NONE', #577, 1000.000000000000000 ) ;
#1967 = CARTESIAN_POINT ( 'NONE',  ( -3.547442685063921800, 1.103999999999999900, -1.808499999999999800 ) ) ;
#1968 = ORIENTED_EDGE ( 'NONE', *, *, #2641, .F. ) ;
#1969 = DIRECTION ( 'NONE',  ( -0.0000000000000000000, -0.0000000000000000000, 1.000000000000000000 ) ) ;
#1970 = VERTEX_POINT ( 'NONE', #2909 ) ;
#1971 = COLOUR_RGB ( '',0.7921568627450980000, 0.8196078431372548800, 0.9333333333333333500 ) ;
#1972 = CARTESIAN_POINT ( 'NONE',  ( -3.107501779941427100, 0.8499999999999994200, -2.665999999999999900 ) ) ;
#1973 = LINE ( 'NONE', #1737, #819 ) ;
#1974 =( GEOMETRIC_REPRESENTATION_CONTEXT ( 3 ) GLOBAL_UNCERTAINTY_ASSIGNED_CONTEXT ( ( #2159 ) ) GLOBAL_UNIT_ASSIGNED_CONTEXT ( ( #1710, #1209, #969 ) ) REPRESENTATION_CONTEXT ( 'NONE', 'WORKASPACE' ) );
#1975 = EDGE_CURVE ( 'NONE', #446, #1382, #2427, .T. ) ;
#1976 = DIRECTION ( 'NONE',  ( 0.0000000000000000000, 0.0000000000000000000, -1.000000000000000000 ) ) ;
#1977 = ORIENTED_EDGE ( 'NONE', *, *, #1871, .T. ) ;
#1978 = LINE ( 'NONE', #2712, #2059 ) ;
#1979 = ADVANCED_FACE ( 'NONE', ( #430 ), #1614, .F. ) ;
#1980 =( NAMED_UNIT ( * ) SI_UNIT ( $, .STERADIAN. ) SOLID_ANGLE_UNIT ( ) );
#1981 = CARTESIAN_POINT ( 'NONE',  ( -4.064748526257827300, 0.5079999999999994500, 2.665999999999999900 ) ) ;
#1982 = LINE ( 'NONE', #2255, #1505 ) ;
#1983 = LINE ( 'NONE', #2467, #438 ) ;
#1984 = LINE ( 'NONE', #2346, #93 ) ;
#1985 = AXIS2_PLACEMENT_3D ( 'NONE', #1734, #1529, #544 ) ;
#1986 = LINE ( 'NONE', #1594, #1242 ) ;
#1987 = AXIS2_PLACEMENT_3D ( 'NONE', #697, #2381, #1182 ) ;
#1988 = DIRECTION ( 'NONE',  ( 1.000000000000000000, 0.0000000000000000000, 0.0000000000000000000 ) ) ;
#1989 = ORIENTED_EDGE ( 'NONE', *, *, #2956, .F. ) ;
#1990 = CARTESIAN_POINT ( 'NONE',  ( 2.907891343280052600, 0.0000000000000000000, 2.200000000000000600 ) ) ;
#1991 = DIRECTION ( 'NONE',  ( -0.8660254037844381500, 0.5000000000000006700, -0.0000000000000000000 ) ) ;
#1992 = ORIENTED_EDGE ( 'NONE', *, *, #3024, .F. ) ;
#1993 = ORIENTED_EDGE ( 'NONE', *, *, #2808, .F. ) ;
#1994 = EDGE_CURVE ( 'NONE', #1875, #766, #2016, .T. ) ;
#1995 = ADVANCED_FACE ( 'NONE', ( #1934 ), #1255, .F. ) ;
#1996 = VERTEX_POINT ( 'NONE', #2953 ) ;
#1997 = EDGE_CURVE ( 'NONE', #2105, #156, #129, .T. ) ;
#1998 = ORIENTED_EDGE ( 'NONE', *, *, #1703, .F. ) ;
#1999 = ORIENTED_EDGE ( 'NONE', *, *, #2398, .F. ) ;
#2000 = CARTESIAN_POINT ( 'NONE',  ( 2.907891343280052600, 0.0000000000000000000, 2.100000000000000100 ) ) ;
#2001 = CARTESIAN_POINT ( 'NONE',  ( -3.107501779941427100, 0.8499999999999994200, 1.905999999999999900 ) ) ;
#2002 = DIRECTION ( 'NONE',  ( 0.4999999999999998300, 0.8660254037844387100, 0.0000000000000000000 ) ) ;
#2003 = EDGE_CURVE ( 'NONE', #1925, #1037, #358, .T. ) ;
#2004 = AXIS2_PLACEMENT_3D ( 'NONE', #2894, #266, #2683 ) ;
#2005 = ORIENTED_EDGE ( 'NONE', *, *, #2480, .T. ) ;
#2006 = ORIENTED_EDGE ( 'NONE', *, *, #461, .F. ) ;
#2007 = ORIENTED_EDGE ( 'NONE', *, *, #1308, .T. ) ;
#2008 = CIRCLE ( 'NONE', #1189, 0.2999999999999999300 ) ;
#2009 = AXIS2_PLACEMENT_3D ( 'NONE', #1408, #2079, #2349 ) ;
#2010 = CARTESIAN_POINT ( 'NONE',  ( -2.847694158806095600, 0.6999999999999990700, 1.905999999999999700 ) ) ;
#2011 = ORIENTED_EDGE ( 'NONE', *, *, #2572, .T. ) ;
#2012 = ADVANCED_FACE ( 'NONE', ( #1537 ), #763, .F. ) ;
#2013 = DIRECTION ( 'NONE',  ( -0.0000000000000000000, -0.0000000000000000000, 1.000000000000000000 ) ) ;
#2014 = EDGE_CURVE ( 'NONE', #230, #220, #503, .T. ) ;
#2015 = CARTESIAN_POINT ( 'NONE',  ( 3.607891343280053700, 0.5149999999999997900, 2.670000000000000400 ) ) ;
#2016 = LINE ( 'NONE', #1278, #2281 ) ;
#2017 = VECTOR ( 'NONE', #496, 1000.000000000000000 ) ;
#2018 = EDGE_CURVE ( 'NONE', #2341, #2111, #860, .T. ) ;
#2019 = VECTOR ( 'NONE', #1031, 1000.000000000000000 ) ;
#2020 = ORIENTED_EDGE ( 'NONE', *, *, #2697, .F. ) ;
#2021 = VECTOR ( 'NONE', #1186, 1000.000000000000000 ) ;
#2022 = CARTESIAN_POINT ( 'NONE',  ( -2.166216061781243200, 1.524999999999999000, 0.3800000000000000000 ) ) ;
#2023 = ORIENTED_EDGE ( 'NONE', *, *, #127, .T. ) ;
#2024 = CARTESIAN_POINT ( 'NONE',  ( 3.307891343280053400, 0.0000000000000000000, -0.4999999999999995600 ) ) ;
#2025 = FACE_OUTER_BOUND ( 'NONE', #1910, .T. ) ;
#2026 = DIRECTION ( 'NONE',  ( -0.0000000000000000000, -0.0000000000000000000, -1.000000000000000000 ) ) ;
#2027 = ORIENTED_EDGE ( 'NONE', *, *, #753, .T. ) ;
#2028 = DIRECTION ( 'NONE',  ( 0.0000000000000000000, 0.0000000000000000000, -1.000000000000000000 ) ) ;
#2029 = ADVANCED_FACE ( 'NONE', ( #284 ), #2567, .T. ) ;
#2030 = VERTEX_POINT ( 'NONE', #1023 ) ;
#2031 = FILL_AREA_STYLE ('',( #107 ) ) ;
#2032 = CARTESIAN_POINT ( 'NONE',  ( 3.607891343280053700, 8.038669317560415800, 0.5000000000000004400 ) ) ;
#2033 = EDGE_LOOP ( 'NONE', ( #494, #2788, #2784, #2615 ) ) ;
#2034 = DIRECTION ( 'NONE',  ( 0.0000000000000000000, -0.0000000000000000000, -1.000000000000000000 ) ) ;
#2035 = VERTEX_POINT ( 'NONE', #1805 ) ;
#2036 = CARTESIAN_POINT ( 'NONE',  ( 3.007891343280053600, 0.0000000000000000000, 0.5000000000000004400 ) ) ;
#2037 = AXIS2_PLACEMENT_3D ( 'NONE', #2884, #1461, #2493 ) ;
#2038 = EDGE_CURVE ( 'NONE', #2231, #2663, #622, .T. ) ;
#2039 = ORIENTED_EDGE ( 'NONE', *, *, #1818, .F. ) ;
#2040 = DIRECTION ( 'NONE',  ( -2.282531041914893400E-015, 0.0000000000000000000, -1.000000000000000000 ) ) ;
#2041 = ORIENTED_EDGE ( 'NONE', *, *, #2171, .T. ) ;
#2042 = VECTOR ( 'NONE', #413, 1000.000000000000000 ) ;
#2043 = ADVANCED_FACE ( 'NONE', ( #1377 ), #2250, .F. ) ;
#2044 = DIRECTION ( 'NONE',  ( -0.0000000000000000000, -1.000000000000000000, -0.0000000000000000000 ) ) ;
#2045 = CARTESIAN_POINT ( 'NONE',  ( -2.239999999999998900, 0.9999999999999988900, 0.3800000000000000000 ) ) ;
#2046 = VERTEX_POINT ( 'NONE', #1753 ) ;
#2047 = DIRECTION ( 'NONE',  ( 0.0000000000000000000, -0.0000000000000000000, 1.000000000000000000 ) ) ;
#2048 = LINE ( 'NONE', #634, #2498 ) ;
#2049 = PRESENTATION_LAYER_ASSIGNMENT (  '', '', ( #1409 ) ) ;
#2050 = ORIENTED_EDGE ( 'NONE', *, *, #650, .F. ) ;
#2051 = ORIENTED_EDGE ( 'NONE', *, *, #1180, .F. ) ;
#2052 = FACE_OUTER_BOUND ( 'NONE', #2519, .T. ) ;
#2053 = DIRECTION ( 'NONE',  ( 1.000000000000000000, 0.0000000000000000000, -0.0000000000000000000 ) ) ;
#2054 = DIRECTION ( 'NONE',  ( 0.5000000000000011100, 0.8660254037844379300, 0.0000000000000000000 ) ) ;
#2055 = CARTESIAN_POINT ( 'NONE',  ( 3.007891343280053600, 8.038669317560415800, 0.5000000000000004400 ) ) ;
#2056 = DIRECTION ( 'NONE',  ( 0.0000000000000000000, 1.000000000000000000, -0.0000000000000000000 ) ) ;
#2057 = LINE ( 'NONE', #1251, #1791 ) ;
#2058 = CARTESIAN_POINT ( 'NONE',  ( -3.804940905122495800, 0.6579999999999990300, -2.763500000000000100 ) ) ;
#2059 = VECTOR ( 'NONE', #2913, 1000.000000000000000 ) ;
#2060 = EDGE_CURVE ( 'NONE', #2302, #2257, #2650, .T. ) ;
#2061 =( LENGTH_UNIT ( ) NAMED_UNIT ( * ) SI_UNIT ( .MILLI., .METRE. ) );
#2062 = LINE ( 'NONE', #1679, #1901 ) ;
#2063 = CARTESIAN_POINT ( 'NONE',  ( -2.239999999999998900, 0.9999999999999988900, 0.3800000000000000000 ) ) ;
#2064 = ADVANCED_FACE ( 'NONE', ( #2947 ), #1106, .T. ) ;
#2065 = FACE_OUTER_BOUND ( 'NONE', #1248, .T. ) ;
#2066 = VERTEX_POINT ( 'NONE', #333 ) ;
#2067 = EDGE_CURVE ( 'NONE', #2832, #230, #10, .T. ) ;
#2068 = LINE ( 'NONE', #2541, #587 ) ;
#2069 = CARTESIAN_POINT ( 'NONE',  ( -3.105192378864669100, 0.2539999999999983400, -2.665999999999999900 ) ) ;
#2070 = ORIENTED_EDGE ( 'NONE', *, *, #820, .F. ) ;
#2071 = PLANE ( 'NONE',  #567 ) ;
#2072 = CARTESIAN_POINT ( 'NONE',  ( 4.545854811567260800, 0.0000000000000000000, 2.670000000000000800 ) ) ;
#2073 = ORIENTED_EDGE ( 'NONE', *, *, #386, .T. ) ;
#2074 = ORIENTED_EDGE ( 'NONE', *, *, #2200, .F. ) ;
#2075 = CARTESIAN_POINT ( 'NONE',  ( 3.307891343280052100, 0.5150000000000000100, 2.100000038075664500 ) ) ;
#2076 = DIRECTION ( 'NONE',  ( -0.0000000000000000000, -0.0000000000000000000, -1.000000000000000000 ) ) ;
#2077 = EDGE_LOOP ( 'NONE', ( #1521, #638, #255, #882 ) ) ;
#2078 = ORIENTED_EDGE ( 'NONE', *, *, #2441, .F. ) ;
#2079 = DIRECTION ( 'NONE',  ( 0.0000000000000000000, 0.0000000000000000000, 1.000000000000000000 ) ) ;
#2080 = ORIENTED_EDGE ( 'NONE', *, *, #1523, .T. ) ;
#2081 = DIRECTION ( 'NONE',  ( 0.0000000000000000000, 0.0000000000000000000, -1.000000000000000000 ) ) ;
#2082 = EDGE_CURVE ( 'NONE', #204, #2710, #978, .T. ) ;
#2083 = CARTESIAN_POINT ( 'NONE',  ( -3.804940905122495800, 0.6579999999999990300, -1.808499999999999800 ) ) ;
#2084 = CARTESIAN_POINT ( 'NONE',  ( 3.607891343280053700, 0.5149999999999997900, 0.5000000000000004400 ) ) ;
#2085 = VECTOR ( 'NONE', #2918, 1000.000000000000000 ) ;
#2086 = ORIENTED_EDGE ( 'NONE', *, *, #1842, .F. ) ;
#2087 = PLANE ( 'NONE',  #1059 ) ;
#2088 = AXIS2_PLACEMENT_3D ( 'NONE', #117, #2526, #2770 ) ;
#2089 = LINE ( 'NONE', #563, #1457 ) ;
#2090 = ORIENTED_EDGE ( 'NONE', *, *, #1692, .F. ) ;
#2091 = DIRECTION ( 'NONE',  ( 0.0000000000000000000, 0.0000000000000000000, 1.000000000000000000 ) ) ;
#2092 = ORIENTED_EDGE ( 'NONE', *, *, #208, .F. ) ;
#2093 = LINE ( 'NONE', #1327, #2689 ) ;
#2094 = AXIS2_PLACEMENT_3D ( 'NONE', #1859, #1475, #2405 ) ;
#2095 = CARTESIAN_POINT ( 'NONE',  ( 3.007891343280048700, 8.038669317560415800, -2.100000038075664000 ) ) ;
#2096 = CIRCLE ( 'NONE', #105, 0.2999999999999999300 ) ;
#2097 = PLANE ( 'NONE',  #1504 ) ;
#2098 =( LENGTH_UNIT ( ) NAMED_UNIT ( * ) SI_UNIT ( .MILLI., .METRE. ) );
#2099 = FACE_OUTER_BOUND ( 'NONE', #98, .T. ) ;
#2100 = CARTESIAN_POINT ( 'NONE',  ( -2.847694158806095600, 1.507999999999999100, 2.665999999999999900 ) ) ;
#2101 = ORIENTED_EDGE ( 'NONE', *, *, #2060, .T. ) ;
#2102 = FACE_OUTER_BOUND ( 'NONE', #164, .T. ) ;
#2103 = EDGE_CURVE ( 'NONE', #1701, #193, #1125, .T. ) ;
#2104 = LINE ( 'NONE', #909, #1467 ) ;
#2105 = VERTEX_POINT ( 'NONE', #574 ) ;
#2106 = VERTEX_POINT ( 'NONE', #558 ) ;
#2107 = EDGE_CURVE ( 'NONE', #1857, #1356, #1826, .T. ) ;
#2108 = ORIENTED_EDGE ( 'NONE', *, *, #1541, .F. ) ;
#2109 = DIRECTION ( 'NONE',  ( -1.000000000000000000, 0.0000000000000000000, -1.331170451368003100E-016 ) ) ;
#2110 = DIRECTION ( 'NONE',  ( -0.0000000000000000000, -0.0000000000000000000, 1.000000000000000000 ) ) ;
#2111 = VERTEX_POINT ( 'NONE', #2487 ) ;
#2112 = EDGE_LOOP ( 'NONE', ( #2211, #3115, #1300, #640 ) ) ;
#2113 = EDGE_LOOP ( 'NONE', ( #2184, #2591, #2670, #1835 ) ) ;
#2114 = SURFACE_STYLE_USAGE ( .BOTH. , #183 ) ;
#2115 = CARTESIAN_POINT ( 'NONE',  ( -3.365000000000001100, 0.4039999999999986900, -2.763500000000000100 ) ) ;
#2116 = AXIS2_PLACEMENT_3D ( 'NONE', #2900, #1445, #1742 ) ;
#2117 = ORIENTED_EDGE ( 'NONE', *, *, #580, .F. ) ;
#2118 = ORIENTED_EDGE ( 'NONE', *, *, #1164, .F. ) ;
#2119 = ORIENTED_EDGE ( 'NONE', *, *, #2038, .F. ) ;
#2120 = EDGE_LOOP ( 'NONE', ( #2552, #1810, #2240, #1491 ) ) ;
#2121 = CARTESIAN_POINT ( 'NONE',  ( -4.064748526257827300, 0.8079999999999993900, 2.665999999999999900 ) ) ;
#2122 = DIRECTION ( 'NONE',  ( 0.7071067811865513500, -0.0000000000000000000, 0.7071067811865438000 ) ) ;
#2123 = EDGE_CURVE ( 'NONE', #1000, #1828, #1716, .T. ) ;
#2124 = DIRECTION ( 'NONE',  ( 4.623643496330790900E-016, -0.0000000000000000000, 1.000000000000000000 ) ) ;
#2125 = PLANE ( 'NONE',  #595 ) ;
#2126 = FACE_OUTER_BOUND ( 'NONE', #2378, .T. ) ;
#2127 = EDGE_CURVE ( 'NONE', #1037, #2406, #354, .T. ) ;
#2128 = DIRECTION ( 'NONE',  ( 0.0000000000000000000, -1.000000000000000000, 0.0000000000000000000 ) ) ;
#2129 = ORIENTED_EDGE ( 'NONE', *, *, #1648, .T. ) ;
#2130 = LINE ( 'NONE', #2055, #1229 ) ;
#2131 = CARTESIAN_POINT ( 'NONE',  ( -4.064748526257827300, -7.589415207398531000E-016, 2.665999999999999900 ) ) ;
#2132 = EDGE_LOOP ( 'NONE', ( #938, #1483, #340, #2350 ) ) ;
#2133 = DIRECTION ( 'NONE',  ( -0.0000000000000000000, -0.0000000000000000000, 1.000000000000000000 ) ) ;
#2134 = EDGE_CURVE ( 'NONE', #864, #156, #1082, .T. ) ;
#2135 = ADVANCED_FACE ( 'NONE', ( #2277 ), #2747, .F. ) ;
#2136 = CARTESIAN_POINT ( 'NONE',  ( 4.545854811567259900, 0.5149999999999997900, -2.669999999999999900 ) ) ;
#2137 = VECTOR ( 'NONE', #2774, 1000.000000000000100 ) ;
#2138 = CARTESIAN_POINT ( 'NONE',  ( -0.3499999999999999200, 0.5150000000000000100, -2.200000000000000200 ) ) ;
#2139 = VECTOR ( 'NONE', #1657, 1000.000000000000000 ) ;
#2140 = LINE ( 'NONE', #2443, #2624 ) ;
#2141 = LINE ( 'NONE', #2045, #2917 ) ;
#2142 = CARTESIAN_POINT ( 'NONE',  ( -4.950000000000000200, 0.5079999999999991200, -2.665999999999999900 ) ) ;
#2143 = DIRECTION ( 'NONE',  ( -1.000000000000000000, 0.0000000000000000000, 2.201425730935034200E-016 ) ) ;
#2144 = ORIENTED_EDGE ( 'NONE', *, *, #2167, .T. ) ;
#2145 = EDGE_CURVE ( 'NONE', #67, #2222, #1646, .T. ) ;
#2146 = ORIENTED_EDGE ( 'NONE', *, *, #3063, .F. ) ;
#2147 = APPLICATION_PROTOCOL_DEFINITION ( 'draft international standard', 'automotive_design', 1998, #3064 ) ;
#2148 = ORIENTED_EDGE ( 'NONE', *, *, #1080, .F. ) ;
#2149 = ORIENTED_EDGE ( 'NONE', *, *, #3090, .F. ) ;
#2150 = CARTESIAN_POINT ( 'NONE',  ( 3.307891343280053400, 0.5150000000000000100, -0.4999999999999995600 ) ) ;
#2151 = DIRECTION ( 'NONE',  ( 0.0000000000000000000, -0.05233595624293671500, -0.9986295347545742800 ) ) ;
#2152 = VERTEX_POINT ( 'NONE', #1741 ) ;
#2153 = ORIENTED_EDGE ( 'NONE', *, *, #1744, .F. ) ;
#2154 = DIRECTION ( 'NONE',  ( 0.0000000000000000000, -0.0000000000000000000, -1.000000000000000000 ) ) ;
#2155 = DIRECTION ( 'NONE',  ( 0.8660254037844382600, -0.5000000000000007800, 0.0000000000000000000 ) ) ;
#2156 = ORIENTED_EDGE ( 'NONE', *, *, #1683, .T. ) ;
#2157 = ORIENTED_EDGE ( 'NONE', *, *, #1214, .F. ) ;
#2158 = AXIS2_PLACEMENT_3D ( 'NONE', #2835, #212, #1154 ) ;
#2159 = UNCERTAINTY_MEASURE_WITH_UNIT (LENGTH_MEASURE( 1.000000000000000100E-005 ), #1710, 'distance_accuracy_value', 'NONE');
#2160 = PLANE ( 'NONE',  #86 ) ;
#2161 = ADVANCED_FACE ( 'NONE', ( #1014 ), #1295, .F. ) ;
#2162 = EDGE_CURVE ( 'NONE', #798, #162, #1789, .T. ) ;
#2163 = CARTESIAN_POINT ( 'NONE',  ( 4.545854811567259900, 0.0000000000000000000, -2.669999999999999900 ) ) ;
#2164 = LINE ( 'NONE', #605, #161 ) ;
#2165 = EDGE_LOOP ( 'NONE', ( #1151, #2402, #1184, #1747 ) ) ;
#2166 = EDGE_LOOP ( 'NONE', ( #831, #2007, #2977, #2070 ) ) ;
#2167 = EDGE_CURVE ( 'NONE', #2262, #2514, #1304, .T. ) ;
#2168 = CARTESIAN_POINT ( 'NONE',  ( -3.105192378864669100, 0.2539999999999983400, 2.665999999999999900 ) ) ;
#2169 = LINE ( 'NONE', #2247, #536 ) ;
#2170 = CARTESIAN_POINT ( 'NONE',  ( -2.166216061781243200, 1.524999999999999000, 0.3800000000000000000 ) ) ;
#2171 = EDGE_CURVE ( 'NONE', #2933, #2492, #3100, .T. ) ;
#2172 = LINE ( 'NONE', #668, #2694 ) ;
#2173 = CARTESIAN_POINT ( 'NONE',  ( 3.607891343280052800, 0.5149999999999997900, -2.669999999999999500 ) ) ;
#2174 = LINE ( 'NONE', #515, #56 ) ;
#2175 = ADVANCED_FACE ( 'NONE', ( #48 ), #1332, .T. ) ;
#2176 = CARTESIAN_POINT ( 'NONE',  ( -3.547442685063921800, 1.103999999999999900, -2.665999999999999900 ) ) ;
#2177 = CARTESIAN_POINT ( 'NONE',  ( 2.907891343280052600, 0.5150000000000000100, -2.200000000000000600 ) ) ;
#2178 = LINE ( 'NONE', #1908, #1543 ) ;
#2179 = CYLINDRICAL_SURFACE ( 'NONE', #3069, 0.8079999999999997200 ) ;
#2180 = DIRECTION ( 'NONE',  ( -0.5000000000000007800, -0.8660254037844382600, 0.0000000000000000000 ) ) ;
#2181 = EDGE_CURVE ( 'NONE', #1701, #1252, #818, .T. ) ;
#2182 = ORIENTED_EDGE ( 'NONE', *, *, #1626, .T. ) ;
#2183 = CARTESIAN_POINT ( 'NONE',  ( -3.547442685063921800, 1.103999999999999900, 2.763500000000000100 ) ) ;
#2184 = ORIENTED_EDGE ( 'NONE', *, *, #2781, .F. ) ;
#2185 = DIRECTION ( 'NONE',  ( 0.5000000000000008900, 0.8660254037844381500, 0.0000000000000000000 ) ) ;
#2186 = EDGE_CURVE ( 'NONE', #1665, #2508, #2534, .T. ) ;
#2187 = DIRECTION ( 'NONE',  ( 1.000000000000000000, -0.0000000000000000000, 4.623643496330790900E-016 ) ) ;
#2188 = ORIENTED_EDGE ( 'NONE', *, *, #1358, .F. ) ;
#2189 = ORIENTED_EDGE ( 'NONE', *, *, #3044, .T. ) ;
#2190 = DIRECTION ( 'NONE',  ( 0.5000000000000014400, 0.0000000000000000000, 0.8660254037844379300 ) ) ;
#2191 = ORIENTED_EDGE ( 'NONE', *, *, #327, .F. ) ;
#2192 = AXIS2_PLACEMENT_3D ( 'NONE', #1050, #1061, #811 ) ;
#2193 = AXIS2_PLACEMENT_3D ( 'NONE', #2238, #2965, #813 ) ;
#2194 = DIRECTION ( 'NONE',  ( 0.0000000000000000000, 0.0000000000000000000, -1.000000000000000000 ) ) ;
#2195 = CARTESIAN_POINT ( 'NONE',  ( 3.607891343280053700, 0.0000000000000000000, 0.5000000000000004400 ) ) ;
#2196 = EDGE_LOOP ( 'NONE', ( #1254, #1712, #1567, #2496, #1388, #1442, #1977, #2199, #1072, #1038, #1801, #1079, #2489, #549, #20, #369, #919 ) ) ;
#2197 = VECTOR ( 'NONE', #286, 1000.000000000000000 ) ;
#2198 = EDGE_LOOP ( 'NONE', ( #1174, #1854, #422, #70, #2039, #993, #1320, #187 ) ) ;
#2199 = ORIENTED_EDGE ( 'NONE', *, *, #560, .T. ) ;
#2200 = EDGE_CURVE ( 'NONE', #718, #1438, #167, .T. ) ;
#2201 = VECTOR ( 'NONE', #1012, 1000.000000000000000 ) ;
#2202 = DIRECTION ( 'NONE',  ( -0.0000000000000000000, -1.000000000000000000, -0.0000000000000000000 ) ) ;
#2203 = ADVANCED_FACE ( 'NONE', ( #2870 ), #110, .F. ) ;
#2204 = LINE ( 'NONE', #2163, #1421 ) ;
#2205 = PLANE ( 'NONE',  #170 ) ;
#2206 = CARTESIAN_POINT ( 'NONE',  ( -2.168605255971184100, 1.507999999999998900, -2.665999999999999900 ) ) ;
#2207 = CARTESIAN_POINT ( 'NONE',  ( 3.607891343280053700, 0.0000000000000000000, 0.5000000000000004400 ) ) ;
#2208 = AXIS2_PLACEMENT_3D ( 'NONE', #1283, #297, #1522 ) ;
#2209 = DIRECTION ( 'NONE',  ( 0.0000000000000000000, 1.000000000000000000, 0.0000000000000000000 ) ) ;
#2210 = VECTOR ( 'NONE', #1166, 1000.000000000000000 ) ;
#2211 = ORIENTED_EDGE ( 'NONE', *, *, #15, .F. ) ;
#2212 = FACE_OUTER_BOUND ( 'NONE', #2417, .T. ) ;
#2213 = VECTOR ( 'NONE', #1603, 1000.000000000000000 ) ;
#2214 = CARTESIAN_POINT ( 'NONE',  ( 3.307891343280053400, 0.5150000000000000100, -0.4999999999999995600 ) ) ;
#2215 = AXIS2_PLACEMENT_3D ( 'NONE', #456, #2817, #702 ) ;
#2216 = VERTEX_POINT ( 'NONE', #2298 ) ;
#2217 = APPLICATION_CONTEXT ( 'automotive_design' ) ;
#2218 = VERTEX_POINT ( 'NONE', #87 ) ;
#2219 = EDGE_CURVE ( 'NONE', #1605, #1081, #1231, .T. ) ;
#2220 = ADVANCED_FACE ( 'NONE', ( #2320 ), #2500, .T. ) ;
#2221 = PRODUCT_DEFINITION_CONTEXT ( 'detailed design', #2217, 'design' ) ;
#2222 = VERTEX_POINT ( 'NONE', #2437 ) ;
#2223 = AXIS2_PLACEMENT_3D ( 'NONE', #2652, #2888, #1499 ) ;
#2224 = ORIENTED_EDGE ( 'NONE', *, *, #654, .T. ) ;
#2225 = CARTESIAN_POINT ( 'NONE',  ( 2.907891343280052600, 8.038669317560415800, -2.100000000000000100 ) ) ;
#2226 = CARTESIAN_POINT ( 'NONE',  ( 3.307891343280053400, 0.0000000000000000000, 0.5000000000000004400 ) ) ;
#2227 = DIRECTION ( 'NONE',  ( 0.0000000000000000000, 1.000000000000000000, -0.0000000000000000000 ) ) ;
#2228 = ORIENTED_EDGE ( 'NONE', *, *, #2263, .F. ) ;
#2229 = CARTESIAN_POINT ( 'NONE',  ( -2.847694158806095600, 0.6999999999999990700, 2.665999999999999900 ) ) ;
#2230 = EDGE_CURVE ( 'NONE', #2258, #2030, #2169, .T. ) ;
#2231 = VERTEX_POINT ( 'NONE', #1550 ) ;
#2232 = VERTEX_POINT ( 'NONE', #2236 ) ;
#2233 = DIRECTION ( 'NONE',  ( 0.0000000000000000000, 0.0000000000000000000, -1.000000000000000000 ) ) ;
#2234 = LINE ( 'NONE', #1923, #2197 ) ;
#2235 = ADVANCED_FACE ( 'NONE', ( #1685 ), #552, .F. ) ;
#2236 = CARTESIAN_POINT ( 'NONE',  ( 3.607891343280052300, 0.0000000000000000000, -2.100000038075664000 ) ) ;
#2237 = EDGE_LOOP ( 'NONE', ( #683, #2376, #3094, #2023 ) ) ;
#2238 = CARTESIAN_POINT ( 'NONE',  ( 4.949999999999999300, 8.038669317560415800, -1.970000000000000000 ) ) ;
#2239 = AXIS2_PLACEMENT_3D ( 'NONE', #752, #1238, #2939 ) ;
#2240 = ORIENTED_EDGE ( 'NONE', *, *, #1692, .T. ) ;
#2241 = DIRECTION ( 'NONE',  ( 0.0000000000000000000, -1.000000000000000000, 0.0000000000000000000 ) ) ;
#2242 = VECTOR ( 'NONE', #612, 1000.000000000000000 ) ;
#2243 = EDGE_CURVE ( 'NONE', #2152, #1970, #2388, .T. ) ;
#2244 = DIRECTION ( 'NONE',  ( -0.8660254037844381500, 0.5000000000000008900, 0.0000000000000000000 ) ) ;
#2245 = VECTOR ( 'NONE', #1765, 1000.000000000000000 ) ;
#2246 = VERTEX_POINT ( 'NONE', #2735 ) ;
#2247 = CARTESIAN_POINT ( 'NONE',  ( -4.064748526257827300, -1.084202172485504400E-015, -2.665999999999999900 ) ) ;
#2248 = DIRECTION ( 'NONE',  ( 0.0000000000000000000, 0.0000000000000000000, 1.000000000000000000 ) ) ;
#2249 = LINE ( 'NONE', #505, #2394 ) ;
#2250 = PLANE ( 'NONE',  #1825 ) ;
#2251 = CIRCLE ( 'NONE', #287, 0.1000000000000037200 ) ;
#2252 = CIRCLE ( 'NONE', #339, 0.1000000000000037200 ) ;
#2253 = ADVANCED_FACE ( 'NONE', ( #395 ), #901, .T. ) ;
#2254 = ORIENTED_EDGE ( 'NONE', *, *, #2304, .F. ) ;
#2255 = CARTESIAN_POINT ( 'NONE',  ( 3.607891343280053700, 2.379999999999998600, 3.285000000000000100 ) ) ;
#2256 = LINE ( 'NONE', #885, #2696 ) ;
#2257 = VERTEX_POINT ( 'NONE', #823 ) ;
#2258 = VERTEX_POINT ( 'NONE', #2963 ) ;
#2259 = DIRECTION ( 'NONE',  ( 0.0000000000000000000, 0.0000000000000000000, -1.000000000000000000 ) ) ;
#2260 = ORIENTED_EDGE ( 'NONE', *, *, #1668, .T. ) ;
#2261 = DIRECTION ( 'NONE',  ( -7.392287539673893200E-017, 0.0000000000000000000, -1.000000000000000000 ) ) ;
#2262 = VERTEX_POINT ( 'NONE', #1070 ) ;
#2263 = EDGE_CURVE ( 'NONE', #1748, #1828, #464, .T. ) ;
#2264 = ORIENTED_EDGE ( 'NONE', *, *, #2979, .F. ) ;
#2265 = EDGE_CURVE ( 'NONE', #67, #2492, #3065, .T. ) ;
#2266 = ORIENTED_EDGE ( 'NONE', *, *, #2082, .T. ) ;
#2267 = CARTESIAN_POINT ( 'NONE',  ( 3.307891343280052100, 0.0000000000000000000, 2.100000038075664500 ) ) ;
#2268 = FILL_AREA_STYLE_COLOUR ( '', #1236 ) ;
#2269 = CARTESIAN_POINT ( 'NONE',  ( -3.365000000000001100, 0.4039999999999986900, -2.665999999999999900 ) ) ;
#2270 = EDGE_CURVE ( 'NONE', #36, #220, #242, .T. ) ;
#2271 = AXIS2_PLACEMENT_3D ( 'NONE', #554, #2716, #2248 ) ;
#2272 = FACE_OUTER_BOUND ( 'NONE', #222, .T. ) ;
#2273 =( LENGTH_UNIT ( ) NAMED_UNIT ( * ) SI_UNIT ( .MILLI., .METRE. ) );
#2274 = ORIENTED_EDGE ( 'NONE', *, *, #1736, .T. ) ;
#2275 = DIRECTION ( 'NONE',  ( -0.0000000000000000000, -0.0000000000000000000, 1.000000000000000000 ) ) ;
#2276 = LINE ( 'NONE', #1459, #529 ) ;
#2277 = FACE_OUTER_BOUND ( 'NONE', #1266, .T. ) ;
#2278 = CARTESIAN_POINT ( 'NONE',  ( -3.365000000000001100, 0.4039999999999986900, 1.808499999999999800 ) ) ;
#2279 = CARTESIAN_POINT ( 'NONE',  ( -3.547442685063921800, 1.103999999999999900, -2.763500000000000100 ) ) ;
#2280 = EDGE_CURVE ( 'NONE', #3005, #1382, #2089, .T. ) ;
#2281 = VECTOR ( 'NONE', #804, 1000.000000000000000 ) ;
#2282 = DIRECTION ( 'NONE',  ( -0.8660254037844383700, 0.5000000000000004400, 0.0000000000000000000 ) ) ;
#2283 = ADVANCED_FACE ( 'NONE', ( #1374 ), #613, .F. ) ;
#2284 = PRESENTATION_STYLE_ASSIGNMENT (( #2737 ) ) ;
#2285 = EDGE_CURVE ( 'NONE', #798, #2341, #1611, .T. ) ;
#2286 = PLANE ( 'NONE',  #2528 ) ;
#2287 = ORIENTED_EDGE ( 'NONE', *, *, #1150, .F. ) ;
#2288 = LINE ( 'NONE', #1212, #171 ) ;
#2289 = DIRECTION ( 'NONE',  ( 0.0000000000000000000, 0.0000000000000000000, -1.000000000000000000 ) ) ;
#2290 = LINE ( 'NONE', #2401, #2845 ) ;
#2291 = CARTESIAN_POINT ( 'NONE',  ( -0.3499999999999996400, 0.5150000000000000100, 2.200000000000000200 ) ) ;
#2292 = EDGE_CURVE ( 'NONE', #1875, #2542, #664, .T. ) ;
#2293 = DIRECTION ( 'NONE',  ( -0.8660254037844381500, 0.5000000000000008900, 0.0000000000000000000 ) ) ;
#2294 = ORIENTED_EDGE ( 'NONE', *, *, #2622, .F. ) ;
#2295 = ORIENTED_EDGE ( 'NONE', *, *, #2956, .T. ) ;
#2296 = ORIENTED_EDGE ( 'NONE', *, *, #2434, .T. ) ;
#2297 = AXIS2_PLACEMENT_3D ( 'NONE', #1949, #2209, #1036 ) ;
#2298 = CARTESIAN_POINT ( 'NONE',  ( -2.168605255971184100, 1.507999999999998900, 2.665999999999999900 ) ) ;
#2299 = DIRECTION ( 'NONE',  ( -0.0000000000000000000, -1.000000000000000000, -0.0000000000000000000 ) ) ;
#2300 = CARTESIAN_POINT ( 'NONE',  ( 3.254999999999994100, -1.301042606982605300E-015, -3.285000000000000100 ) ) ;
#2301 = CARTESIAN_POINT ( 'NONE',  ( -4.950000000000000200, 0.5079999999999991200, -1.905999999999999700 ) ) ;
#2302 = VERTEX_POINT ( 'NONE', #2794 ) ;
#2303 = DIRECTION ( 'NONE',  ( 1.000000000000000000, 6.357370129138909600E-018, -0.0000000000000000000 ) ) ;
#2304 = EDGE_CURVE ( 'NONE', #591, #2046, #1933, .T. ) ;
#2305 = CARTESIAN_POINT ( 'NONE',  ( -3.804940905122495800, 0.6579999999999990300, 2.665999999999999900 ) ) ;
#2306 = ORIENTED_EDGE ( 'NONE', *, *, #773, .F. ) ;
#2307 = ORIENTED_EDGE ( 'NONE', *, *, #2709, .F. ) ;
#2308 = CARTESIAN_POINT ( 'NONE',  ( -2.847694158806095600, 0.6999999999999990700, -2.665999999999999900 ) ) ;
#2309 = DIRECTION ( 'NONE',  ( 0.8660254037844381500, -0.5000000000000006700, 0.0000000000000000000 ) ) ;
#2310 = ORIENTED_EDGE ( 'NONE', *, *, #2748, .F. ) ;
#2311 = AXIS2_PLACEMENT_3D ( 'NONE', #2992, #1555, #2040 ) ;
#2312 = ORIENTED_EDGE ( 'NONE', *, *, #2230, .T. ) ;
#2313 = DIRECTION ( 'NONE',  ( -1.000000000000000000, 0.0000000000000000000, 0.0000000000000000000 ) ) ;
#2314 = DIRECTION ( 'NONE',  ( 0.5000000000000008900, 0.8660254037844381500, -0.0000000000000000000 ) ) ;
#2315 = ADVANCED_FACE ( 'NONE', ( #1051 ), #2071, .F. ) ;
#2316 = VECTOR ( 'NONE', #3093, 1000.000000000000000 ) ;
#2317 = CARTESIAN_POINT ( 'NONE',  ( -4.064748526257827300, -1.084202172485504400E-015, 2.665999999999999900 ) ) ;
#2318 = AXIS2_PLACEMENT_3D ( 'NONE', #3098, #3070, #1427 ) ;
#2319 = CARTESIAN_POINT ( 'NONE',  ( 3.307891343280053400, 0.0000000000000000000, 0.5000000000000004400 ) ) ;
#2320 = FACE_OUTER_BOUND ( 'NONE', #257, .T. ) ;
#2321 = CARTESIAN_POINT ( 'NONE',  ( -2.239999999999998900, 0.9999999999999988900, 2.665999999999999900 ) ) ;
#2322 = SURFACE_STYLE_USAGE ( .BOTH. , #937 ) ;
#2323 = CYLINDRICAL_SURFACE ( 'NONE', #661, 0.2999999999999999300 ) ;
#2324 = EDGE_CURVE ( 'NONE', #2111, #971, #501, .T. ) ;
#2325 = VECTOR ( 'NONE', #2400, 1000.000000000000000 ) ;
#2326 = DIRECTION ( 'NONE',  ( 0.0000000000000000000, -1.000000000000000000, 0.0000000000000000000 ) ) ;
#2327 = LINE ( 'NONE', #1732, #2019 ) ;
#2328 = EDGE_CURVE ( 'NONE', #1917, #2660, #2351, .T. ) ;
#2329 = FACE_OUTER_BOUND ( 'NONE', #2549, .T. ) ;
#2330 = DIRECTION ( 'NONE',  ( 0.0000000000000000000, 0.0000000000000000000, -1.000000000000000000 ) ) ;
#2331 = ORIENTED_EDGE ( 'NONE', *, *, #2038, .T. ) ;
#2332 = DIRECTION ( 'NONE',  ( -0.0000000000000000000, -1.000000000000000000, 0.0000000000000000000 ) ) ;
#2333 = DIRECTION ( 'NONE',  ( 0.5000000000000011100, 0.8660254037844379300, 0.0000000000000000000 ) ) ;
#2334 = ORIENTED_EDGE ( 'NONE', *, *, #2515, .T. ) ;
#2335 = EDGE_LOOP ( 'NONE', ( #2191, #722, #2051, #2339 ) ) ;
#2336 = PLANE ( 'NONE',  #1987 ) ;
#2337 = CARTESIAN_POINT ( 'NONE',  ( -3.547442685063921800, 1.103999999999999900, -2.665999999999999900 ) ) ;
#2338 = ORIENTED_EDGE ( 'NONE', *, *, #12, .F. ) ;
#2339 = ORIENTED_EDGE ( 'NONE', *, *, #1834, .T. ) ;
#2340 = EDGE_CURVE ( 'NONE', #2832, #2106, #1929, .T. ) ;
#2341 = VERTEX_POINT ( 'NONE', #1602 ) ;
#2342 = EDGE_CURVE ( 'NONE', #3, #2105, #1497, .T. ) ;
#2343 = ADVANCED_FACE ( 'NONE', ( #898 ), #209, .T. ) ;
#2344 = CARTESIAN_POINT ( 'NONE',  ( -4.950000000000000200, 0.5079999999999991200, 2.665999999999999900 ) ) ;
#2345 = LINE ( 'NONE', #1221, #2898 ) ;
#2346 = CARTESIAN_POINT ( 'NONE',  ( 4.949999999999999300, 0.0000000000000000000, -1.970000000000000000 ) ) ;
#2347 = ORIENTED_EDGE ( 'NONE', *, *, #380, .F. ) ;
#2348 = VECTOR ( 'NONE', #1243, 1000.000000000000000 ) ;
#2349 = DIRECTION ( 'NONE',  ( -1.000000000000000000, 0.0000000000000000000, 0.0000000000000000000 ) ) ;
#2350 = ORIENTED_EDGE ( 'NONE', *, *, #1818, .T. ) ;
#2351 = CIRCLE ( 'NONE', #977, 0.5181104893249364200 ) ;
#2352 = AXIS2_PLACEMENT_3D ( 'NONE', #1063, #1071, #1053 ) ;
#2353 = CARTESIAN_POINT ( 'NONE',  ( 2.907891343280052600, 0.5150000000000000100, -2.100000000000000100 ) ) ;
#2354 = CARTESIAN_POINT ( 'NONE',  ( 3.607891343280052800, 0.0000000000000000000, -2.669999999999999500 ) ) ;
#2355 = LINE ( 'NONE', #234, #2502 ) ;
#2356 = CARTESIAN_POINT ( 'NONE',  ( 3.307891343280052100, 0.5150000000000000100, 2.100000038075664500 ) ) ;
#2357 = DIRECTION ( 'NONE',  ( -0.0000000000000000000, -0.0000000000000000000, 1.000000000000000000 ) ) ;
#2358 = LINE ( 'NONE', #111, #1899 ) ;
#2359 = CARTESIAN_POINT ( 'NONE',  ( -2.239999999999998900, 0.9999999999999988900, -2.665999999999999900 ) ) ;
#2360 = PLANE ( 'NONE',  #3036 ) ;
#2361 = AXIS2_PLACEMENT_3D ( 'NONE', #799, #1577, #2289 ) ;
#2362 = VECTOR ( 'NONE', #3089, 1000.000000000000100 ) ;
#2363 = EDGE_CURVE ( 'NONE', #389, #484, #1530, .T. ) ;
#2364 = LINE ( 'NONE', #677, #1542 ) ;
#2365 = ADVANCED_FACE ( 'NONE', ( #2686 ), #1666, .F. ) ;
#2366 = PLANE ( 'NONE',  #1261 ) ;
#2367 = FACE_OUTER_BOUND ( 'NONE', #379, .T. ) ;
#2368 = ORIENTED_EDGE ( 'NONE', *, *, #2014, .T. ) ;
#2369 = DIRECTION ( 'NONE',  ( -0.5000000000000004400, -0.8660254037844383700, -0.0000000000000000000 ) ) ;
#2370 = ORIENTED_EDGE ( 'NONE', *, *, #143, .F. ) ;
#2371 = CARTESIAN_POINT ( 'NONE',  ( -2.847694158806095600, 0.6999999999999990700, -1.905999999999999700 ) ) ;
#2372 = CARTESIAN_POINT ( 'NONE',  ( 3.607891343280052300, 0.5150000000000000100, 2.100000038075664000 ) ) ;
#2373 = ORIENTED_EDGE ( 'NONE', *, *, #1298, .T. ) ;
#2374 = ORIENTED_EDGE ( 'NONE', *, *, #820, .T. ) ;
#2375 = DIRECTION ( 'NONE',  ( -1.000000000000000000, -2.628368902995161500E-016, 0.0000000000000000000 ) ) ;
#2376 = ORIENTED_EDGE ( 'NONE', *, *, #890, .F. ) ;
#2377 = EDGE_LOOP ( 'NONE', ( #749, #2564, #1175, #1706 ) ) ;
#2378 = EDGE_LOOP ( 'NONE', ( #2440, #967, #1740, #130, #2481, #2928 ) ) ;
#2379 = EDGE_CURVE ( 'NONE', #1828, #32, #3099, .T. ) ;
#2380 = ORIENTED_EDGE ( 'NONE', *, *, #606, .F. ) ;
#2381 = DIRECTION ( 'NONE',  ( 3.674217568604495500E-016, -1.000000000000000000, 0.0000000000000000000 ) ) ;
#2382 = CARTESIAN_POINT ( 'NONE',  ( -4.064748526257827300, 0.8079999999999993900, 2.665999999999999900 ) ) ;
#2383 = LINE ( 'NONE', #2183, #2981 ) ;
#2384 = MANIFOLD_SOLID_BREP ( 'Boss-Extrude4', #850 ) ;
#2385 = CARTESIAN_POINT ( 'NONE',  ( 3.870000000000001000, 0.5150000000000000100, -2.669999999999999500 ) ) ;
#2386 = VECTOR ( 'NONE', #705, 1000.000000000000000 ) ;
#2387 = CARTESIAN_POINT ( 'NONE',  ( 4.545854811567260800, 0.0000000000000000000, 2.670000000000000800 ) ) ;
#2388 = CIRCLE ( 'NONE', #1862, 0.1000000000000037200 ) ;
#2389 = AXIS2_PLACEMENT_3D ( 'NONE', #254, #480, #1463 ) ;
#2390 = ADVANCED_FACE ( 'NONE', ( #1456 ), #1653, .F. ) ;
#2391 = FACE_OUTER_BOUND ( 'NONE', #44, .T. ) ;
#2392 = CARTESIAN_POINT ( 'NONE',  ( -2.166216061781243200, 1.524999999999999000, 0.3800000000000000000 ) ) ;
#2393 = CARTESIAN_POINT ( 'NONE',  ( 4.545854811567259900, 0.0000000000000000000, -2.669999999999999900 ) ) ;
#2394 = VECTOR ( 'NONE', #2424, 1000.000000000000000 ) ;
#2395 = FACE_OUTER_BOUND ( 'NONE', #1143, .T. ) ;
#2396 = VECTOR ( 'NONE', #710, 1000.000000000000000 ) ;
#2397 = ORIENTED_EDGE ( 'NONE', *, *, #1687, .F. ) ;
#2398 = EDGE_CURVE ( 'NONE', #1586, #1970, #1609, .T. ) ;
#2399 = VERTEX_POINT ( 'NONE', #2619 ) ;
#2400 = DIRECTION ( 'NONE',  ( -1.000000000000000000, -2.412598014677960000E-016, 0.0000000000000000000 ) ) ;
#2401 = CARTESIAN_POINT ( 'NONE',  ( -3.365000000000001100, 0.4039999999999986900, 2.665999999999999900 ) ) ;
#2402 = ORIENTED_EDGE ( 'NONE', *, *, #2532, .T. ) ;
#2403 = ADVANCED_FACE ( 'NONE', ( #975 ), #946, .F. ) ;
#2404 = ORIENTED_EDGE ( 'NONE', *, *, #1520, .F. ) ;
#2405 = DIRECTION ( 'NONE',  ( 1.445602896647339500E-015, 0.0000000000000000000, -1.000000000000000000 ) ) ;
#2406 = VERTEX_POINT ( 'NONE', #672 ) ;
#2407 = AXIS2_PLACEMENT_3D ( 'NONE', #2822, #186, #1400 ) ;
#2408 = PLANE ( 'NONE',  #1536 ) ;
#2409 = ORIENTED_EDGE ( 'NONE', *, *, #557, .T. ) ;
#2410 = CARTESIAN_POINT ( 'NONE',  ( -0.4918499720787620200, 2.379999999999998600, 0.0000000000000000000 ) ) ;
#2411 = VERTEX_POINT ( 'NONE', #2828 ) ;
#2412 = DIRECTION ( 'NONE',  ( 0.8660254037844381500, -0.5000000000000006700, 0.0000000000000000000 ) ) ;
#2413 = CARTESIAN_POINT ( 'NONE',  ( -2.239999999999998900, 1.507999999999998900, 2.665999999999999900 ) ) ;
#2414 = AXIS2_PLACEMENT_3D ( 'NONE', #2530, #914, #2525 ) ;
#2415 = EDGE_CURVE ( 'NONE', #1030, #353, #2759, .T. ) ;
#2416 = CYLINDRICAL_SURFACE ( 'NONE', #3101, 0.1000000000000037200 ) ;
#2417 = EDGE_LOOP ( 'NONE', ( #739, #1293, #2815, #2746 ) ) ;
#2418 = LINE ( 'NONE', #1964, #276 ) ;
#2419 = ADVANCED_FACE ( 'NONE', ( #659 ), #197, .F. ) ;
#2420 = DIRECTION ( 'NONE',  ( -0.7071067811865513500, 0.0000000000000000000, 0.7071067811865438000 ) ) ;
#2421 = AXIS2_PLACEMENT_3D ( 'NONE', #686, #720, #2375 ) ;
#2422 = DIRECTION ( 'NONE',  ( 0.0000000000000000000, 1.000000000000000000, 0.0000000000000000000 ) ) ;
#2423 = VECTOR ( 'NONE', #128, 1000.000000000000000 ) ;
#2424 = DIRECTION ( 'NONE',  ( 0.0000000000000000000, -1.000000000000000000, 0.0000000000000000000 ) ) ;
#2425 = DIRECTION ( 'NONE',  ( 1.000000000000000000, 0.0000000000000000000, -1.331170451368002900E-016 ) ) ;
#2426 = EDGE_CURVE ( 'NONE', #353, #2218, #856, .T. ) ;
#2427 = LINE ( 'NONE', #2761, #2571 ) ;
#2428 = FACE_OUTER_BOUND ( 'NONE', #2335, .T. ) ;
#2429 = CARTESIAN_POINT ( 'NONE',  ( 3.870000000000000600, 0.5150000000000000100, 3.285000000000000100 ) ) ;
#2430 = CIRCLE ( 'NONE', #1096, 0.2999999999999999300 ) ;
#2431 = LINE ( 'NONE', #653, #1169 ) ;
#2432 = PLANE ( 'NONE',  #5 ) ;
#2433 = LINE ( 'NONE', #735, #2998 ) ;
#2434 = EDGE_CURVE ( 'NONE', #194, #2246, #2008, .T. ) ;
#2435 = ADVANCED_FACE ( 'NONE', ( #125, #1302 ), #442, .T. ) ;
#2436 = EDGE_LOOP ( 'NONE', ( #1285, #712, #525, #1841 ) ) ;
#2437 = CARTESIAN_POINT ( 'NONE',  ( -3.107501779941427100, 0.8499999999999994200, -1.905999999999999900 ) ) ;
#2438 = DIRECTION ( 'NONE',  ( -0.5000000000000011100, 0.0000000000000000000, 0.8660254037844379300 ) ) ;
#2439 = CARTESIAN_POINT ( 'NONE',  ( -2.046053648110698100, 2.379999999999998600, 3.285000000000000100 ) ) ;
#2440 = ORIENTED_EDGE ( 'NONE', *, *, #908, .T. ) ;
#2441 = EDGE_CURVE ( 'NONE', #3117, #3060, #282, .T. ) ;
#2442 = CARTESIAN_POINT ( 'NONE',  ( -3.064999999999999100, 0.9999999999999986700, -0.3800000000000000000 ) ) ;
#2443 = CARTESIAN_POINT ( 'NONE',  ( -3.547442685063921800, 1.103999999999999900, 1.808499999999999800 ) ) ;
#2444 = ORIENTED_EDGE ( 'NONE', *, *, #99, .T. ) ;
#2445 = DIRECTION ( 'NONE',  ( -0.0000000000000000000, -0.0000000000000000000, -1.000000000000000000 ) ) ;
#2446 = EDGE_CURVE ( 'NONE', #2713, #2258, #2609, .T. ) ;
#2447 = ORIENTED_EDGE ( 'NONE', *, *, #2340, .F. ) ;
#2448 = CARTESIAN_POINT ( 'NONE',  ( -3.804940905122495800, 0.6579999999999990300, 2.763500000000000100 ) ) ;
#2449 = ORIENTED_EDGE ( 'NONE', *, *, #1641, .T. ) ;
#2450 = DIRECTION ( 'NONE',  ( -0.0000000000000000000, -0.0000000000000000000, 1.000000000000000000 ) ) ;
#2451 = AXIS2_PLACEMENT_3D ( 'NONE', #1803, #600, #2293 ) ;
#2452 = ORIENTED_EDGE ( 'NONE', *, *, #1364, .T. ) ;
#2453 = ADVANCED_FACE ( 'NONE', ( #2052 ), #2631, .F. ) ;
#2454 = PLANE ( 'NONE',  #1454 ) ;
#2455 = LINE ( 'NONE', #2612, #237 ) ;
#2456 = DIRECTION ( 'NONE',  ( 0.0000000000000000000, -1.000000000000000000, 0.0000000000000000000 ) ) ;
#2457 = CARTESIAN_POINT ( 'NONE',  ( -0.4918499720787620200, 2.279999999999998500, 0.0000000000000000000 ) ) ;
#2458 = CYLINDRICAL_SURFACE ( 'NONE', #1558, 0.2999999999999999300 ) ;
#2459 = VERTEX_POINT ( 'NONE', #1962 ) ;
#2460 = EDGE_CURVE ( 'NONE', #305, #1771, #1123, .T. ) ;
#2461 = PLANE ( 'NONE',  #589 ) ;
#2462 = VERTEX_POINT ( 'NONE', #2692 ) ;
#2463 = VECTOR ( 'NONE', #540, 1000.000000000000100 ) ;
#2464 = DIRECTION ( 'NONE',  ( -1.000000000000000000, -3.568249445133970600E-016, -0.0000000000000000000 ) ) ;
#2465 = VECTOR ( 'NONE', #3016, 1000.000000000000000 ) ;
#2466 = DIRECTION ( 'NONE',  ( -0.1389860559329983400, 0.9889371742192993900, -0.05182800115127245100 ) ) ;
#2467 = CARTESIAN_POINT ( 'NONE',  ( -2.847694158806095600, 0.6999999999999991800, -2.665999999999999900 ) ) ;
#2468 = LINE ( 'NONE', #857, #2504 ) ;
#2469 = ADVANCED_FACE ( 'NONE', ( #2795 ), #1020, .F. ) ;
#2470 = PRESENTATION_LAYER_ASSIGNMENT (  '', '', ( #527 ) ) ;
#2471 = CARTESIAN_POINT ( 'NONE',  ( -2.847694158806095600, 0.6999999999999990700, -1.905999999999999700 ) ) ;
#2472 = ORIENTED_EDGE ( 'NONE', *, *, #1739, .F. ) ;
#2473 = LINE ( 'NONE', #2485, #2807 ) ;
#2474 = EDGE_LOOP ( 'NONE', ( #590, #253, #2374, #1006 ) ) ;
#2475 = LINE ( 'NONE', #437, #2362 ) ;
#2476 = AXIS2_PLACEMENT_3D ( 'NONE', #2581, #1663, #3080 ) ;
#2477 = ORIENTED_EDGE ( 'NONE', *, *, #1105, .F. ) ;
#2478 = PLANE ( 'NONE',  #1290 ) ;
#2479 = EDGE_LOOP ( 'NONE', ( #41, #2924, #2643, #122, #1960, #2006 ) ) ;
#2480 = EDGE_CURVE ( 'NONE', #1771, #3086, #778, .T. ) ;
#2481 = ORIENTED_EDGE ( 'NONE', *, *, #694, .T. ) ;
#2482 = EDGE_CURVE ( 'NONE', #1627, #2411, #703, .T. ) ;
#2483 = ORIENTED_EDGE ( 'NONE', *, *, #1375, .T. ) ;
#2484 = CARTESIAN_POINT ( 'NONE',  ( 3.607891343280052800, 0.0000000000000000000, -2.669999999999999500 ) ) ;
#2485 = CARTESIAN_POINT ( 'NONE',  ( -4.950000000000000200, -1.089830043761449100E-015, -2.665999999999999900 ) ) ;
#2486 = VERTEX_POINT ( 'NONE', #1040 ) ;
#2487 = CARTESIAN_POINT ( 'NONE',  ( -2.847694158806095600, 0.9999999999999986700, 2.665999999999999900 ) ) ;
#2488 = AXIS2_PLACEMENT_3D ( 'NONE', #2226, #1775, #88 ) ;
#2489 = ORIENTED_EDGE ( 'NONE', *, *, #1975, .T. ) ;
#2490 = ORIENTED_EDGE ( 'NONE', *, *, #1744, .T. ) ;
#2491 = DIRECTION ( 'NONE',  ( -0.7071067811865513500, 0.0000000000000000000, 0.7071067811865436900 ) ) ;
#2492 = VERTEX_POINT ( 'NONE', #1274 ) ;
#2493 = DIRECTION ( 'NONE',  ( 0.0000000000000000000, -0.0000000000000000000, -1.000000000000000000 ) ) ;
#2494 = ORIENTED_EDGE ( 'NONE', *, *, #2162, .F. ) ;
#2495 = FACE_OUTER_BOUND ( 'NONE', #374, .T. ) ;
#2496 = ORIENTED_EDGE ( 'NONE', *, *, #731, .T. ) ;
#2497 = EDGE_CURVE ( 'NONE', #2677, #1909, #939, .T. ) ;
#2498 = VECTOR ( 'NONE', #1790, 1000.000000000000200 ) ;
#2499 = ADVANCED_FACE ( 'NONE', ( #3023 ), #1176, .F. ) ;
#2500 = CYLINDRICAL_SURFACE ( 'NONE', #847, 0.8079999999999997200 ) ;
#2501 = EDGE_CURVE ( 'NONE', #1158, #1701, #1268, .T. ) ;
#2502 = VECTOR ( 'NONE', #2854, 1000.000000000000000 ) ;
#2503 = CARTESIAN_POINT ( 'NONE',  ( -4.064748526257827300, 0.8079999999999993900, -2.665999999999999900 ) ) ;
#2504 = VECTOR ( 'NONE', #2722, 1000.000000000000000 ) ;
#2505 = ORIENTED_EDGE ( 'NONE', *, *, #1241, .F. ) ;
#2506 = FACE_OUTER_BOUND ( 'NONE', #1721, .T. ) ;
#2507 = AXIS2_PLACEMENT_3D ( 'NONE', #1957, #2456, #533 ) ;
#2508 = VERTEX_POINT ( 'NONE', #2865 ) ;
#2509 = ORIENTED_EDGE ( 'NONE', *, *, #2823, .F. ) ;
#2510 = DIRECTION ( 'NONE',  ( 1.000000000000000000, 0.0000000000000000000, 0.0000000000000000000 ) ) ;
#2511 = CARTESIAN_POINT ( 'NONE',  ( -2.239999999999998900, 0.9999999999999988900, 0.3800000000000000000 ) ) ;
#2512 = CARTESIAN_POINT ( 'NONE',  ( -4.950000000000000200, -1.089830043761449100E-015, 1.905999999999999700 ) ) ;
#2513 = ORIENTED_EDGE ( 'NONE', *, *, #1913, .F. ) ;
#2514 = VERTEX_POINT ( 'NONE', #3109 ) ;
#2515 = EDGE_CURVE ( 'NONE', #1122, #1634, #1372, .T. ) ;
#2516 = CARTESIAN_POINT ( 'NONE',  ( -3.107501779941427100, 0.8499999999999994200, 2.665999999999999900 ) ) ;
#2517 = ORIENTED_EDGE ( 'NONE', *, *, #1027, .F. ) ;
#2518 = CARTESIAN_POINT ( 'NONE',  ( 3.307891343280053400, 0.5150000000000000100, -0.7999999999999994900 ) ) ;
#2519 = EDGE_LOOP ( 'NONE', ( #1206, #805, #1714, #2758 ) ) ;
#2520 = PLANE ( 'NONE',  #2967 ) ;
#2521 = CARTESIAN_POINT ( 'NONE',  ( -0.4918499720787620200, 2.279999999999998500, 0.5181104893249364200 ) ) ;
#2522 = CARTESIAN_POINT ( 'NONE',  ( -2.847694158806095600, 0.6999999999999990700, 1.905999999999999700 ) ) ;
#2523 = EDGE_LOOP ( 'NONE', ( #1772, #725, #3081, #2702, #2629 ) ) ;
#2524 = MECHANICAL_DESIGN_GEOMETRIC_PRESENTATION_REPRESENTATION (  '', ( #1409 ), #3009 ) ;
#2525 = DIRECTION ( 'NONE',  ( -7.392287539673893200E-017, 0.0000000000000000000, -1.000000000000000000 ) ) ;
#2526 = DIRECTION ( 'NONE',  ( 0.0000000000000000000, 0.0000000000000000000, -1.000000000000000000 ) ) ;
#2527 = LINE ( 'NONE', #2701, #388 ) ;
#2528 = AXIS2_PLACEMENT_3D ( 'NONE', #646, #1130, #368 ) ;
#2529 = ORIENTED_EDGE ( 'NONE', *, *, #929, .F. ) ;
#2530 = CARTESIAN_POINT ( 'NONE',  ( -0.3499999999999999200, 0.5150000000000000100, -2.200000000000000200 ) ) ;
#2531 = CARTESIAN_POINT ( 'NONE',  ( 3.607891343280052800, 0.5150000000000000100, -2.669999999999999500 ) ) ;
#2532 = EDGE_CURVE ( 'NONE', #345, #158, #2945, .T. ) ;
#2533 = FILL_AREA_STYLE_COLOUR ( '', #3015 ) ;
#2534 = LINE ( 'NONE', #2983, #2465 ) ;
#2535 = DIRECTION ( 'NONE',  ( 0.0000000000000000000, 0.0000000000000000000, 1.000000000000000000 ) ) ;
#2536 = EDGE_CURVE ( 'NONE', #766, #1909, #1682, .T. ) ;
#2537 = DIRECTION ( 'NONE',  ( -0.8660254037844381500, 0.5000000000000006700, 0.0000000000000000000 ) ) ;
#2538 = VECTOR ( 'NONE', #1003, 1000.000000000000000 ) ;
#2539 = CIRCLE ( 'NONE', #2223, 0.2999999999999999300 ) ;
#2540 = EDGE_CURVE ( 'NONE', #1661, #446, #1749, .T. ) ;
#2541 = CARTESIAN_POINT ( 'NONE',  ( -3.365000000000001100, 0.4039999999999986900, 2.763500000000000100 ) ) ;
#2542 = VERTEX_POINT ( 'NONE', #1179 ) ;
#2543 = VECTOR ( 'NONE', #2559, 1000.000000000000000 ) ;
#2544 =( NAMED_UNIT ( * ) PLANE_ANGLE_UNIT ( ) SI_UNIT ( $, .RADIAN. ) );
#2545 = VECTOR ( 'NONE', #3056, 1000.000000000000000 ) ;
#2546 = DIRECTION ( 'NONE',  ( 1.000000000000000000, 0.0000000000000000000, -1.331170451368002900E-016 ) ) ;
#2547 = EDGE_LOOP ( 'NONE', ( #3113, #1479, #320, #2108 ) ) ;
#2548 = DIRECTION ( 'NONE',  ( 0.0000000000000000000, 1.000000000000000000, 0.0000000000000000000 ) ) ;
#2549 = EDGE_LOOP ( 'NONE', ( #100, #1100, #77, #151 ) ) ;
#2550 = DIRECTION ( 'NONE',  ( 0.0000000000000000000, 0.0000000000000000000, 1.000000000000000000 ) ) ;
#2551 = CARTESIAN_POINT ( 'NONE',  ( -0.4918499720787620200, 2.279999999999998500, 0.5181104893249364200 ) ) ;
#2552 = ORIENTED_EDGE ( 'NONE', *, *, #2598, .F. ) ;
#2553 = EDGE_CURVE ( 'NONE', #2106, #718, #2647, .T. ) ;
#2554 = DIRECTION ( 'NONE',  ( -0.9902680687415702500, 0.1391731009600658300, 0.0000000000000000000 ) ) ;
#2555 = ORIENTED_EDGE ( 'NONE', *, *, #2342, .F. ) ;
#2556 = CARTESIAN_POINT ( 'NONE',  ( 4.545854811567260800, 0.5149999999999997900, 2.670000000000001300 ) ) ;
#2557 = EDGE_LOOP ( 'NONE', ( #2144, #886, #1213, #2720, #652, #1608 ) ) ;
#2558 = DIRECTION ( 'NONE',  ( 0.9902680687415711400, 0.1391731009600592500, -0.0000000000000000000 ) ) ;
#2559 = DIRECTION ( 'NONE',  ( -0.0000000000000000000, -0.0000000000000000000, -1.000000000000000000 ) ) ;
#2560 = DIRECTION ( 'NONE',  ( -0.0000000000000000000, -1.000000000000000000, 0.0000000000000000000 ) ) ;
#2561 = DIRECTION ( 'NONE',  ( -1.000000000000000000, 0.0000000000000000000, -4.623643496330790900E-016 ) ) ;
#2562 = COLOUR_RGB ( '',0.7921568627450980000, 0.8196078431372548800, 0.9333333333333333500 ) ;
#2563 = ORIENTED_EDGE ( 'NONE', *, *, #2145, .F. ) ;
#2564 = ORIENTED_EDGE ( 'NONE', *, *, #165, .F. ) ;
#2565 = PLANE ( 'NONE',  #2871 ) ;
#2566 = DIRECTION ( 'NONE',  ( 0.0000000000000000000, 0.0000000000000000000, -1.000000000000000000 ) ) ;
#2567 = CYLINDRICAL_SURFACE ( 'NONE', #2507, 0.2999999999999999300 ) ;
#2568 = DIRECTION ( 'NONE',  ( 0.0000000000000000000, 0.0000000000000000000, -1.000000000000000000 ) ) ;
#2569 = DIRECTION ( 'NONE',  ( 2.201425730935034200E-016, 0.0000000000000000000, 1.000000000000000000 ) ) ;
#2570 = CARTESIAN_POINT ( 'NONE',  ( -0.3499999999999999200, 8.038669317560415800, -2.200000000000000200 ) ) ;
#2571 = VECTOR ( 'NONE', #3012, 1000.000000000000000 ) ;
#2572 = EDGE_CURVE ( 'NONE', #345, #2966, #2234, .T. ) ;
#2573 = VECTOR ( 'NONE', #2466, 1000.000000000000200 ) ;
#2574 = DIRECTION ( 'NONE',  ( 0.0000000000000000000, 1.000000000000000000, 0.0000000000000000000 ) ) ;
#2575 =( NAMED_UNIT ( * ) SI_UNIT ( $, .STERADIAN. ) SOLID_ANGLE_UNIT ( ) );
#2576 = VECTOR ( 'NONE', #1815, 1000.000000000000000 ) ;
#2577 = AXIS2_PLACEMENT_3D ( 'NONE', #1915, #3119, #995 ) ;
#2578 = CARTESIAN_POINT ( 'NONE',  ( 3.607891343280052800, 8.038669317560415800, -2.669999999999999500 ) ) ;
#2579 = LINE ( 'NONE', #3014, #1384 ) ;
#2580 = DIRECTION ( 'NONE',  ( -0.0000000000000000000, -0.0000000000000000000, 1.000000000000000000 ) ) ;
#2581 = CARTESIAN_POINT ( 'NONE',  ( 2.907891343280052600, 0.5150000000000000100, 2.100000000000000100 ) ) ;
#2582 = VECTOR ( 'NONE', #2028, 1000.000000000000000 ) ;
#2583 = DIRECTION ( 'NONE',  ( -6.357370129138908900E-018, 1.000000000000000000, 0.0000000000000000000 ) ) ;
#2584 = LINE ( 'NONE', #858, #678 ) ;
#2585 = EDGE_CURVE ( 'NONE', #2542, #814, #1492, .T. ) ;
#2586 = FILL_AREA_STYLE ('',( #1334 ) ) ;
#2587 = ORIENTED_EDGE ( 'NONE', *, *, #2363, .T. ) ;
#2588 = CLOSED_SHELL ( 'NONE', ( #992, #323, #1718, #1076, #2012, #2365, #1049, #64, #2733, #1517, #342, #3111, #2220, #463, #2668, #2161, #822, #2315, #854, #696, #1578, #1943 ) ) ;
#2589 = DIRECTION ( 'NONE',  ( 0.0000000000000000000, -1.000000000000000000, 0.0000000000000000000 ) ) ;
#2590 = CARTESIAN_POINT ( 'NONE',  ( 3.007891343280053600, 0.5150000000000000100, 0.5000000000000004400 ) ) ;
#2591 = ORIENTED_EDGE ( 'NONE', *, *, #576, .F. ) ;
#2592 = DIRECTION ( 'NONE',  ( 0.1391731009600658300, 0.9902680687415702500, 0.0000000000000000000 ) ) ;
#2593 = ORIENTED_EDGE ( 'NONE', *, *, #2703, .F. ) ;
#2594 = EDGE_CURVE ( 'NONE', #1970, #962, #2833, .T. ) ;
#2595 = DIRECTION ( 'NONE',  ( 0.0000000000000000000, 0.0000000000000000000, -1.000000000000000000 ) ) ;
#2596 = CARTESIAN_POINT ( 'NONE',  ( -2.847694158806095600, 0.6999999999999991800, -1.905999999999999700 ) ) ;
#2597 = ORIENTED_EDGE ( 'NONE', *, *, #520, .F. ) ;
#2598 = EDGE_CURVE ( 'NONE', #158, #812, #1078, .T. ) ;
#2599 = DIRECTION ( 'NONE',  ( 1.000000000000000000, -0.0000000000000000000, -0.0000000000000000000 ) ) ;
#2600 = ORIENTED_EDGE ( 'NONE', *, *, #2976, .F. ) ;
#2601 = ORIENTED_EDGE ( 'NONE', *, *, #795, .F. ) ;
#2602 = LINE ( 'NONE', #1792, #655 ) ;
#2603 = EDGE_CURVE ( 'NONE', #2859, #1139, #2418, .T. ) ;
#2604 = EDGE_LOOP ( 'NONE', ( #841, #2146, #2380, #2260 ) ) ;
#2605 = CARTESIAN_POINT ( 'NONE',  ( -2.239999999999998900, 0.9999999999999988900, -2.665999999999999900 ) ) ;
#2606 = LINE ( 'NONE', #2904, #1263 ) ;
#2607 = VERTEX_POINT ( 'NONE', #522 ) ;
#2608 = VERTEX_POINT ( 'NONE', #777 ) ;
#2609 = LINE ( 'NONE', #2649, #816 ) ;
#2610 = ADVANCED_FACE ( 'NONE', ( #936, #1642 ), #734, .F. ) ;
#2611 = DIRECTION ( 'NONE',  ( 0.0000000000000000000, -1.000000000000000000, 0.0000000000000000000 ) ) ;
#2612 = CARTESIAN_POINT ( 'NONE',  ( -3.105192378864669100, 0.2539999999999983400, 1.905999999999999700 ) ) ;
#2613 = PRESENTATION_STYLE_ASSIGNMENT (( #1808 ) ) ;
#2614 = DIRECTION ( 'NONE',  ( -1.000000000000000000, 0.0000000000000000000, 0.0000000000000000000 ) ) ;
#2615 = ORIENTED_EDGE ( 'NONE', *, *, #2536, .T. ) ;
#2616 = DIRECTION ( 'NONE',  ( -0.0000000000000000000, -0.0000000000000000000, 1.000000000000000000 ) ) ;
#2617 = FACE_OUTER_BOUND ( 'NONE', #240, .T. ) ;
#2618 = DIRECTION ( 'NONE',  ( -0.0000000000000000000, -0.0000000000000000000, -1.000000000000000000 ) ) ;
#2619 = CARTESIAN_POINT ( 'NONE',  ( -0.3499999999999999200, 0.5150000000000000100, -2.200000000000000200 ) ) ;
#2620 = AXIS2_PLACEMENT_3D ( 'NONE', #2214, #2714, #2929 ) ;
#2621 = LINE ( 'NONE', #1874, #3104 ) ;
#2622 = EDGE_CURVE ( 'NONE', #452, #2341, #1188, .T. ) ;
#2623 = SURFACE_SIDE_STYLE ('',( #400 ) ) ;
#2624 = VECTOR ( 'NONE', #2669, 1000.000000000000000 ) ;
#2625 = CARTESIAN_POINT ( 'NONE',  ( -4.064748526257827300, 0.8079999999999993900, -1.905999999999999700 ) ) ;
#2626 = VECTOR ( 'NONE', #2616, 1000.000000000000000 ) ;
#2627 = LINE ( 'NONE', #1118, #2545 ) ;
#2628 = CARTESIAN_POINT ( 'NONE',  ( 3.307891343280053400, 0.5150000000000000100, 0.5000000000000004400 ) ) ;
#2629 = ORIENTED_EDGE ( 'NONE', *, *, #12, .T. ) ;
#2630 = DIRECTION ( 'NONE',  ( -0.0000000000000000000, -1.000000000000000000, -0.0000000000000000000 ) ) ;
#2631 = PLANE ( 'NONE',  #2954 ) ;
#2632 = AXIS2_PLACEMENT_3D ( 'NONE', #1761, #800, #2995 ) ;
#2633 = ORIENTED_EDGE ( 'NONE', *, *, #2922, .T. ) ;
#2634 = SURFACE_STYLE_USAGE ( .BOTH. , #2623 ) ;
#2635 = CARTESIAN_POINT ( 'NONE',  ( -2.239999999999998900, -1.301042606982605300E-015, 3.285000000000000100 ) ) ;
#2636 = ORIENTED_EDGE ( 'NONE', *, *, #1321, .T. ) ;
#2637 = ORIENTED_EDGE ( 'NONE', *, *, #1162, .F. ) ;
#2638 = EDGE_CURVE ( 'NONE', #1073, #1882, #2048, .T. ) ;
#2639 = ORIENTED_EDGE ( 'NONE', *, *, #1541, .T. ) ;
#2640 = ADVANCED_FACE ( 'NONE', ( #1159 ), #357, .F. ) ;
#2641 = EDGE_CURVE ( 'NONE', #38, #559, #2791, .T. ) ;
#2642 = VECTOR ( 'NONE', #1844, 1000.000000000000000 ) ;
#2643 = ORIENTED_EDGE ( 'NONE', *, *, #1108, .F. ) ;
#2644 = DIRECTION ( 'NONE',  ( 0.0000000000000000000, 1.000000000000000000, 0.0000000000000000000 ) ) ;
#2645 = ORIENTED_EDGE ( 'NONE', *, *, #944, .F. ) ;
#2646 = CARTESIAN_POINT ( 'NONE',  ( -3.365000000000001100, 0.4039999999999986900, -1.808499999999999800 ) ) ;
#2647 = LINE ( 'NONE', #2387, #2348 ) ;
#2648 = AXIS2_PLACEMENT_3D ( 'NONE', #1809, #594, #2491 ) ;
#2649 = CARTESIAN_POINT ( 'NONE',  ( -4.950000000000000200, 0.5079999999999991200, -2.665999999999999900 ) ) ;
#2650 = LINE ( 'NONE', #844, #2798 ) ;
#2651 = CARTESIAN_POINT ( 'NONE',  ( 0.0000000000000000000, 0.0000000000000000000, -1.808499999999999800 ) ) ;
#2652 = CARTESIAN_POINT ( 'NONE',  ( -2.847694158806095600, 0.6999999999999990700, -1.905999999999999700 ) ) ;
#2653 = LINE ( 'NONE', #455, #1056 ) ;
#2654 = EDGE_CURVE ( 'NONE', #2677, #2411, #2527, .T. ) ;
#2655 = VECTOR ( 'NONE', #824, 1000.000000000000000 ) ;
#2656 = CIRCLE ( 'NONE', #830, 0.8080000000000001600 ) ;
#2657 = ORIENTED_EDGE ( 'NONE', *, *, #2167, .F. ) ;
#2658 = EDGE_CURVE ( 'NONE', #591, #879, #1711, .T. ) ;
#2659 = VECTOR ( 'NONE', #1592, 1000.000000000000100 ) ;
#2660 = VERTEX_POINT ( 'NONE', #579 ) ;
#2661 = CARTESIAN_POINT ( 'NONE',  ( -3.804940905122495800, 0.6579999999999990300, -2.665999999999999900 ) ) ;
#2662 = EDGE_LOOP ( 'NONE', ( #2119, #1927, #443, #838 ) ) ;
#2663 = VERTEX_POINT ( 'NONE', #851 ) ;
#2664 = DIRECTION ( 'NONE',  ( 1.331170451368003300E-016, 0.0000000000000000000, 1.000000000000000000 ) ) ;
#2665 = ORIENTED_EDGE ( 'NONE', *, *, #2658, .T. ) ;
#2666 = ORIENTED_EDGE ( 'NONE', *, *, #2532, .F. ) ;
#2667 = ORIENTED_EDGE ( 'NONE', *, *, #1108, .T. ) ;
#2668 = ADVANCED_FACE ( 'NONE', ( #458 ), #1043, .F. ) ;
#2669 = DIRECTION ( 'NONE',  ( -0.5000000000000004400, -0.8660254037844383700, 0.0000000000000000000 ) ) ;
#2670 = ORIENTED_EDGE ( 'NONE', *, *, #223, .T. ) ;
#2671 = DIRECTION ( 'NONE',  ( -0.9902680687415703600, 0.1391731009600656000, 0.0000000000000000000 ) ) ;
#2672 = PRESENTATION_LAYER_ASSIGNMENT (  '', '', ( #261 ) ) ;
#2673 = ORIENTED_EDGE ( 'NONE', *, *, #837, .T. ) ;
#2674 = EDGE_CURVE ( 'NONE', #2663, #1356, #2130, .T. ) ;
#2675 = DIRECTION ( 'NONE',  ( 0.9902680687415702500, -0.1391731009600658000, 0.0000000000000000000 ) ) ;
#2676 = LINE ( 'NONE', #2751, #349 ) ;
#2677 = VERTEX_POINT ( 'NONE', #2790 ) ;
#2678 = DIRECTION ( 'NONE',  ( 0.0000000000000000000, 0.0000000000000000000, 1.000000000000000000 ) ) ;
#2679 = EDGE_LOOP ( 'NONE', ( #1695, #2555, #596, #2338 ) ) ;
#2680 = CIRCLE ( 'NONE', #516, 0.2999999999999999300 ) ;
#2681 = DIRECTION ( 'NONE',  ( -3.568249445133970600E-016, 1.000000000000000000, 0.0000000000000000000 ) ) ;
#2682 = ORIENTED_EDGE ( 'NONE', *, *, #3102, .F. ) ;
#2683 = DIRECTION ( 'NONE',  ( 1.000000000000000000, 0.0000000000000000000, 0.0000000000000000000 ) ) ;
#2684 = CARTESIAN_POINT ( 'NONE',  ( -4.064748526257827300, 0.5079999999999994500, 1.905999999999999700 ) ) ;
#2685 = EDGE_LOOP ( 'NONE', ( #2331, #662, #1876, #2673, #1337 ) ) ;
#2686 = FACE_OUTER_BOUND ( 'NONE', #3022, .T. ) ;
#2687 = ADVANCED_FACE ( 'NONE', ( #1890 ), #42, .T. ) ;
#2688 = AXIS2_PLACEMENT_3D ( 'NONE', #2742, #1546, #84 ) ;
#2689 = VECTOR ( 'NONE', #3003, 1000.000000000000000 ) ;
#2690 = CARTESIAN_POINT ( 'NONE',  ( -0.3499999999999999200, 0.0000000000000000000, -2.200000000000000200 ) ) ;
#2691 = FACE_OUTER_BOUND ( 'NONE', #950, .T. ) ;
#2692 = CARTESIAN_POINT ( 'NONE',  ( 4.949999999999999300, 0.0000000000000000000, -1.970000000000000000 ) ) ;
#2693 = PLANE ( 'NONE',  #2193 ) ;
#2694 = VECTOR ( 'NONE', #3025, 1000.000000000000000 ) ;
#2695 = VECTOR ( 'NONE', #2849, 1000.000000000000000 ) ;
#2696 = VECTOR ( 'NONE', #875, 1000.000000000000000 ) ;
#2697 = EDGE_CURVE ( 'NONE', #1730, #1944, #1414, .T. ) ;
#2698 = EDGE_LOOP ( 'NONE', ( #1998, #2848, #1872, #2665, #1110, #302, #571, #1912 ) ) ;
#2699 = DIRECTION ( 'NONE',  ( -0.0000000000000000000, -0.0000000000000000000, -1.000000000000000000 ) ) ;
#2700 = CARTESIAN_POINT ( 'NONE',  ( 3.007891343280054000, -1.089830043761449100E-015, -0.4999999999999995600 ) ) ;
#2701 = CARTESIAN_POINT ( 'NONE',  ( -2.099459165297613800, -1.089830043761449100E-015, 3.285000000000000100 ) ) ;
#2702 = ORIENTED_EDGE ( 'NONE', *, *, #2134, .T. ) ;
#2703 = EDGE_CURVE ( 'NONE', #1768, #1037, #3019, .T. ) ;
#2704 = ADVANCED_FACE ( 'NONE', ( #1566 ), #2458, .F. ) ;
#2705 = CARTESIAN_POINT ( 'NONE',  ( -2.168605255971184100, 1.507999999999998900, 1.905999999999999700 ) ) ;
#2706 = DIRECTION ( 'NONE',  ( 0.0000000000000000000, 0.0000000000000000000, -1.000000000000000000 ) ) ;
#2707 = ORIENTED_EDGE ( 'NONE', *, *, #1127, .F. ) ;
#2708 = DIRECTION ( 'NONE',  ( 1.000000000000000000, 0.0000000000000000000, 0.0000000000000000000 ) ) ;
#2709 = EDGE_CURVE ( 'NONE', #2892, #204, #1120, .T. ) ;
#2710 = VERTEX_POINT ( 'NONE', #3079 ) ;
#2711 = DIRECTION ( 'NONE',  ( -0.0000000000000000000, -0.0000000000000000000, 1.000000000000000000 ) ) ;
#2712 = CARTESIAN_POINT ( 'NONE',  ( -4.064748526257827300, 0.5079999999999994500, -2.665999999999999900 ) ) ;
#2713 = VERTEX_POINT ( 'NONE', #176 ) ;
#2714 = DIRECTION ( 'NONE',  ( 0.0000000000000000000, 1.000000000000000000, 0.0000000000000000000 ) ) ;
#2715 = ORIENTED_EDGE ( 'NONE', *, *, #1162, .T. ) ;
#2716 = DIRECTION ( 'NONE',  ( 0.0000000000000000000, 1.000000000000000000, 0.0000000000000000000 ) ) ;
#2717 = DIRECTION ( 'NONE',  ( -0.5000000000000007800, -0.8660254037844382600, 0.0000000000000000000 ) ) ;
#2718 = SURFACE_STYLE_FILL_AREA ( #457 ) ;
#2719 = ADVANCED_FACE ( 'NONE', ( #852 ), #1160, .F. ) ;
#2720 = ORIENTED_EDGE ( 'NONE', *, *, #520, .T. ) ;
#2721 = EDGE_CURVE ( 'NONE', #604, #2960, #1820, .T. ) ;
#2722 = DIRECTION ( 'NONE',  ( -0.0000000000000000000, -0.0000000000000000000, 1.000000000000000000 ) ) ;
#2723 = VECTOR ( 'NONE', #1432, 1000.000000000000000 ) ;
#2724 = DIRECTION ( 'NONE',  ( 0.0000000000000000000, 0.0000000000000000000, -1.000000000000000000 ) ) ;
#2725 = VECTOR ( 'NONE', #1802, 1000.000000000000000 ) ;
#2726 = DIRECTION ( 'NONE',  ( -1.000000000000000000, -3.568249445133970600E-016, 0.0000000000000000000 ) ) ;
#2727 = VECTOR ( 'NONE', #998, 1000.000000000000000 ) ;
#2728 = AXIS2_PLACEMENT_3D ( 'NONE', #2522, #1645, #432 ) ;
#2729 = VECTOR ( 'NONE', #2054, 1000.000000000000100 ) ;
#2730 = LINE ( 'NONE', #2908, #1199 ) ;
#2731 = LINE ( 'NONE', #4, #1466 ) ;
#2732 = DIRECTION ( 'NONE',  ( 0.0000000000000000000, -0.05233595624293671500, 0.9986295347545742800 ) ) ;
#2733 = ADVANCED_FACE ( 'NONE', ( #310 ), #206, .F. ) ;
#2734 = CARTESIAN_POINT ( 'NONE',  ( -2.847694158806095600, 0.6999999999999990700, 1.905999999999999700 ) ) ;
#2735 = CARTESIAN_POINT ( 'NONE',  ( 3.007891343280052300, 0.5149999999999997900, 2.100000038075664000 ) ) ;
#2736 = ORIENTED_EDGE ( 'NONE', *, *, #2857, .F. ) ;
#2737 = SURFACE_STYLE_USAGE ( .BOTH. , #2949 ) ;
#2738 = CARTESIAN_POINT ( 'NONE',  ( -4.950000000000000200, 0.5079999999999991200, 1.905999999999999700 ) ) ;
#2739 = ORIENTED_EDGE ( 'NONE', *, *, #2127, .F. ) ;
#2740 = EDGE_CURVE ( 'NONE', #2232, #953, #2680, .T. ) ;
#2741 = EDGE_LOOP ( 'NONE', ( #2925, #2295, #2011, #1823 ) ) ;
#2742 = CARTESIAN_POINT ( 'NONE',  ( 3.307891343280053400, 8.038669317560415800, -0.4999999999999995600 ) ) ;
#2743 = AXIS2_PLACEMENT_3D ( 'NONE', #729, #280, #1955 ) ;
#2744 = ORIENTED_EDGE ( 'NONE', *, *, #1687, .T. ) ;
#2745 = CARTESIAN_POINT ( 'NONE',  ( -3.107501779941427100, 0.8499999999999994200, -2.763500000000000100 ) ) ;
#2746 = ORIENTED_EDGE ( 'NONE', *, *, #2014, .F. ) ;
#2747 = PLANE ( 'NONE',  #2728 ) ;
#2748 = EDGE_CURVE ( 'NONE', #230, #194, #3061, .T. ) ;
#2749 = ORIENTED_EDGE ( 'NONE', *, *, #1887, .F. ) ;
#2750 = ADVANCED_FACE ( 'NONE', ( #699 ), #690, .T. ) ;
#2751 = CARTESIAN_POINT ( 'NONE',  ( 2.907891343280052600, 0.5150000000000000100, 2.200000000000004200 ) ) ;
#2752 = VERTEX_POINT ( 'NONE', #195 ) ;
#2753 = DIRECTION ( 'NONE',  ( 0.0000000000000000000, 1.000000000000000000, -0.0000000000000000000 ) ) ;
#2754 = DIRECTION ( 'NONE',  ( -0.0000000000000000000, -1.000000000000000000, -0.0000000000000000000 ) ) ;
#2755 = ORIENTED_EDGE ( 'NONE', *, *, #839, .T. ) ;
#2756 = EDGE_CURVE ( 'NONE', #162, #452, #2383, .T. ) ;
#2757 = LINE ( 'NONE', #592, #1966 ) ;
#2758 = ORIENTED_EDGE ( 'NONE', *, *, #180, .T. ) ;
#2759 = LINE ( 'NONE', #2359, #619 ) ;
#2760 = EDGE_CURVE ( 'NONE', #2231, #59, #2276, .T. ) ;
#2761 = CARTESIAN_POINT ( 'NONE',  ( 3.607891343280053700, 0.0000000000000000000, 2.670000000000000400 ) ) ;
#2762 = CARTESIAN_POINT ( 'NONE',  ( -4.950000000000000200, 0.5079999999999991200, 2.665999999999999900 ) ) ;
#2763 = DIRECTION ( 'NONE',  ( -0.0000000000000000000, -0.0000000000000000000, -1.000000000000000000 ) ) ;
#2764 = CARTESIAN_POINT ( 'NONE',  ( -0.4918499720787620200, 2.279999999999998500, 0.0000000000000000000 ) ) ;
#2765 = EDGE_CURVE ( 'NONE', #562, #2864, #1604, .T. ) ;
#2766 = DIRECTION ( 'NONE',  ( 0.1391731009600658300, 0.9902680687415702500, 0.0000000000000000000 ) ) ;
#2767 = SURFACE_STYLE_FILL_AREA ( #60 ) ;
#2768 = LINE ( 'NONE', #256, #2538 ) ;
#2769 = VECTOR ( 'NONE', #738, 1000.000000000000000 ) ;
#2770 = DIRECTION ( 'NONE',  ( 1.000000000000000000, 0.0000000000000000000, 0.0000000000000000000 ) ) ;
#2771 = VECTOR ( 'NONE', #159, 1000.000000000000000 ) ;
#2772 = ORIENTED_EDGE ( 'NONE', *, *, #2594, .F. ) ;
#2773 = DIRECTION ( 'NONE',  ( -0.0000000000000000000, 1.000000000000000000, -0.0000000000000000000 ) ) ;
#2774 = DIRECTION ( 'NONE',  ( 0.5000000000000011100, 0.8660254037844379300, 0.0000000000000000000 ) ) ;
#2775 = PLANE ( 'NONE',  #2451 ) ;
#2776 = ORIENTED_EDGE ( 'NONE', *, *, #208, .T. ) ;
#2777 = EDGE_LOOP ( 'NONE', ( #188, #2182 ) ) ;
#2778 = ORIENTED_EDGE ( 'NONE', *, *, #1257, .F. ) ;
#2779 = AXIS2_PLACEMENT_3D ( 'NONE', #2010, #1330, #1323 ) ;
#2780 = DIRECTION ( 'NONE',  ( -0.5000000000000004400, -0.8660254037844383700, 0.0000000000000000000 ) ) ;
#2781 = EDGE_CURVE ( 'NONE', #953, #109, #2863, .T. ) ;
#2782 = ORIENTED_EDGE ( 'NONE', *, *, #227, .F. ) ;
#2783 = CARTESIAN_POINT ( 'NONE',  ( 2.907891343280052600, 0.5150000000000000100, 2.200000000000004200 ) ) ;
#2784 = ORIENTED_EDGE ( 'NONE', *, *, #1994, .T. ) ;
#2785 = DIRECTION ( 'NONE',  ( 1.000000000000000000, 3.674217568604495500E-016, 0.0000000000000000000 ) ) ;
#2786 = CARTESIAN_POINT ( 'NONE',  ( -0.4918499720787620200, 2.379999999999998600, 0.0000000000000000000 ) ) ;
#2787 = DIRECTION ( 'NONE',  ( 0.0000000000000000000, 0.0000000000000000000, 1.000000000000000000 ) ) ;
#2788 = ORIENTED_EDGE ( 'NONE', *, *, #1583, .T. ) ;
#2789 = AXIS2_PLACEMENT_3D ( 'NONE', #331, #1551, #565 ) ;
#2790 = CARTESIAN_POINT ( 'NONE',  ( -2.099459165297613800, -1.089830043761449100E-015, 3.285000000000000100 ) ) ;
#2791 = LINE ( 'NONE', #146, #1745 ) ;
#2792 = CARTESIAN_POINT ( 'NONE',  ( -2.239999999999998900, 0.9999999999999988900, 2.665999999999999900 ) ) ;
#2793 = EDGE_LOOP ( 'NONE', ( #1916, #235, #3077, #1178 ) ) ;
#2794 = CARTESIAN_POINT ( 'NONE',  ( -3.365000000000001100, 0.4039999999999986900, 1.905999999999999900 ) ) ;
#2795 = FACE_OUTER_BOUND ( 'NONE', #1389, .T. ) ;
#2796 = EDGE_CURVE ( 'NONE', #3117, #1557, #352, .T. ) ;
#2797 = CARTESIAN_POINT ( 'NONE',  ( -0.3499999999999999200, 8.038669317560415800, -2.200000000000000200 ) ) ;
#2798 = VECTOR ( 'NONE', #2026, 1000.000000000000000 ) ;
#2799 = CARTESIAN_POINT ( 'NONE',  ( 2.907891343280052600, 0.0000000000000000000, -2.200000000000000600 ) ) ;
#2800 = FACE_OUTER_BOUND ( 'NONE', #2679, .T. ) ;
#2801 = EDGE_CURVE ( 'NONE', #194, #36, #570, .T. ) ;
#2802 = CARTESIAN_POINT ( 'NONE',  ( 2.907891343280052600, 0.0000000000000000000, 2.200000000000000600 ) ) ;
#2803 = ORIENTED_EDGE ( 'NONE', *, *, #3116, .F. ) ;
#2804 = CARTESIAN_POINT ( 'NONE',  ( 3.007891343280048700, 0.0000000000000000000, -2.100000038075664000 ) ) ;
#2805 = VECTOR ( 'NONE', #746, 1000.000000000000000 ) ;
#2806 = CARTESIAN_POINT ( 'NONE',  ( -3.107501779941427100, 0.8499999999999994200, 2.763500000000000100 ) ) ;
#2807 = VECTOR ( 'NONE', #1969, 1000.000000000000000 ) ;
#2808 = EDGE_CURVE ( 'NONE', #158, #637, #497, .T. ) ;
#2809 = AXIS2_PLACEMENT_3D ( 'NONE', #1114, #2044, #371 ) ;
#2810 = CYLINDRICAL_SURFACE ( 'NONE', #748, 0.2999999999999999300 ) ;
#2811 = VECTOR ( 'NONE', #1345, 1000.000000000000100 ) ;
#2812 = CARTESIAN_POINT ( 'NONE',  ( -4.064748526257827300, -7.589415207398531000E-016, -1.905999999999999700 ) ) ;
#2813 = DIRECTION ( 'NONE',  ( -0.0000000000000000000, -1.000000000000000000, -0.0000000000000000000 ) ) ;
#2814 = FACE_OUTER_BOUND ( 'NONE', #1033, .T. ) ;
#2815 = ORIENTED_EDGE ( 'NONE', *, *, #2270, .T. ) ;
#2816 = DIRECTION ( 'NONE',  ( 0.0000000000000000000, 0.0000000000000000000, -1.000000000000000000 ) ) ;
#2817 = DIRECTION ( 'NONE',  ( -0.0000000000000000000, -0.0000000000000000000, 1.000000000000000000 ) ) ;
#2818 = ORIENTED_EDGE ( 'NONE', *, *, #267, .F. ) ;
#2819 = EDGE_CURVE ( 'NONE', #366, #2881, #2606, .T. ) ;
#2820 = DIRECTION ( 'NONE',  ( 1.000000000000000000, 0.0000000000000000000, -7.392287539673893200E-017 ) ) ;
#2821 = ORIENTED_EDGE ( 'NONE', *, *, #2654, .T. ) ;
#2822 = CARTESIAN_POINT ( 'NONE',  ( 3.307891343280053400, 0.0000000000000000000, -0.4999999999999995600 ) ) ;
#2823 = EDGE_CURVE ( 'NONE', #2406, #1351, #2757, .T. ) ;
#2824 = ORIENTED_EDGE ( 'NONE', *, *, #3090, .T. ) ;
#2825 = PLANE ( 'NONE',  #459 ) ;
#2826 = ORIENTED_EDGE ( 'NONE', *, *, #1736, .F. ) ;
#2827 = CARTESIAN_POINT ( 'NONE',  ( -3.064999999999999100, 1.524999999999998800, -0.3800000000000000000 ) ) ;
#2828 = CARTESIAN_POINT ( 'NONE',  ( 3.254999999999994100, -1.301042606982605300E-015, 3.285000000000000100 ) ) ;
#2829 = CIRCLE ( 'NONE', #2620, 0.2999999999999999300 ) ;
#2830 = AXIS2_PLACEMENT_3D ( 'NONE', #878, #89, #2034 ) ;
#2831 = CARTESIAN_POINT ( 'NONE',  ( 3.307891343280052100, 0.5149999999999997900, 1.800000038075664400 ) ) ;
#2832 = VERTEX_POINT ( 'NONE', #1769 ) ;
#2833 = CIRCLE ( 'NONE', #260, 0.2999999999999999300 ) ;
#2834 = CARTESIAN_POINT ( 'NONE',  ( 3.607891343280053200, 2.379999999999998600, -2.932108656719945000 ) ) ;
#2835 = CARTESIAN_POINT ( 'NONE',  ( 4.545854811567259900, 0.5150000000000000100, -2.669999999999999900 ) ) ;
#2836 = DIRECTION ( 'NONE',  ( 1.000000000000000000, -0.0000000000000000000, 0.0000000000000000000 ) ) ;
#2837 = AXIS2_PLACEMENT_3D ( 'NONE', #1477, #265, #2194 ) ;
#2838 = EDGE_CURVE ( 'NONE', #2341, #1634, #1677, .T. ) ;
#2839 =( NAMED_UNIT ( * ) SI_UNIT ( $, .STERADIAN. ) SOLID_ANGLE_UNIT ( ) );
#2840 = LINE ( 'NONE', #2278, #2137 ) ;
#2841 = CARTESIAN_POINT ( 'NONE',  ( -4.064748526257827300, -7.589415207398531000E-016, 1.905999999999999700 ) ) ;
#2842 = CARTESIAN_POINT ( 'NONE',  ( -3.804940905122495800, 0.6579999999999990300, 1.905999999999999700 ) ) ;
#2843 = FACE_OUTER_BOUND ( 'NONE', #2113, .T. ) ;
#2844 = CARTESIAN_POINT ( 'NONE',  ( -4.064748526257827300, 0.8079999999999993900, -1.905999999999999700 ) ) ;
#2845 = VECTOR ( 'NONE', #1246, 1000.000000000000000 ) ;
#2846 = ORIENTED_EDGE ( 'NONE', *, *, #223, .F. ) ;
#2847 = ORIENTED_EDGE ( 'NONE', *, *, #2285, .T. ) ;
#2848 = ORIENTED_EDGE ( 'NONE', *, *, #1375, .F. ) ;
#2849 = DIRECTION ( 'NONE',  ( -0.0000000000000000000, 1.000000000000000000, -0.0000000000000000000 ) ) ;
#2850 = ORIENTED_EDGE ( 'NONE', *, *, #3118, .T. ) ;
#2851 = CARTESIAN_POINT ( 'NONE',  ( -3.547442685063921800, 1.103999999999999900, 2.665999999999999900 ) ) ;
#2852 = ORIENTED_EDGE ( 'NONE', *, *, #1004, .F. ) ;
#2853 = EDGE_CURVE ( 'NONE', #2710, #2066, #2164, .T. ) ;
#2854 = DIRECTION ( 'NONE',  ( -1.000000000000000000, 0.0000000000000000000, 1.331170451368003100E-016 ) ) ;
#2855 = ORIENTED_EDGE ( 'NONE', *, *, #2186, .F. ) ;
#2856 = ORIENTED_EDGE ( 'NONE', *, *, #495, .F. ) ;
#2857 = EDGE_CURVE ( 'NONE', #935, #2152, #2676, .T. ) ;
#2858 = DIRECTION ( 'NONE',  ( 0.0000000000000000000, 0.0000000000000000000, -1.000000000000000000 ) ) ;
#2859 = VERTEX_POINT ( 'NONE', #115 ) ;
#2860 = ORIENTED_EDGE ( 'NONE', *, *, #1150, .T. ) ;
#2861 = DIRECTION ( 'NONE',  ( 1.000000000000000000, -0.0000000000000000000, 4.623643496330790900E-016 ) ) ;
#2862 = MECHANICAL_DESIGN_GEOMETRIC_PRESENTATION_REPRESENTATION (  '', ( #394 ), #62 ) ;
#2863 = CIRCLE ( 'NONE', #2239, 0.1000000000000037200 ) ;
#2864 = VERTEX_POINT ( 'NONE', #1574 ) ;
#2865 = CARTESIAN_POINT ( 'NONE',  ( 3.870000000000001000, -1.301042606982605300E-015, -2.669999999999999500 ) ) ;
#2866 = ORIENTED_EDGE ( 'NONE', *, *, #1720, .T. ) ;
#2867 =( LENGTH_UNIT ( ) NAMED_UNIT ( * ) SI_UNIT ( .MILLI., .METRE. ) );
#2868 = VECTOR ( 'NONE', #1434, 1000.000000000000000 ) ;
#2869 = DIRECTION ( 'NONE',  ( 0.0000000000000000000, 1.000000000000000000, 0.0000000000000000000 ) ) ;
#2870 = FACE_OUTER_BOUND ( 'NONE', #1928, .T. ) ;
#2871 = AXIS2_PLACEMENT_3D ( 'NONE', #385, #365, #2053 ) ;
#2872 = ORIENTED_EDGE ( 'NONE', *, *, #2976, .T. ) ;
#2873 = ADVANCED_FACE ( 'NONE', ( #1451 ), #2565, .T. ) ;
#2874 = CARTESIAN_POINT ( 'NONE',  ( -3.804940905122495800, 0.6579999999999990300, 2.763500000000000100 ) ) ;
#2875 = LINE ( 'NONE', #1402, #785 ) ;
#2876 = EDGE_CURVE ( 'NONE', #1217, #2231, #73, .T. ) ;
#2877 = CARTESIAN_POINT ( 'NONE',  ( 3.607891343280052300, 0.5149999999999997900, -2.100000038075664000 ) ) ;
#2878 = LINE ( 'NONE', #1658, #826 ) ;
#2879 = VERTEX_POINT ( 'NONE', #2556 ) ;
#2880 = LINE ( 'NONE', #925, #1864 ) ;
#2881 = VERTEX_POINT ( 'NONE', #396 ) ;
#2882 = VECTOR ( 'NONE', #6, 1000.000000000000100 ) ;
#2883 = ORIENTED_EDGE ( 'NONE', *, *, #160, .T. ) ;
#2884 = CARTESIAN_POINT ( 'NONE',  ( 3.607891343280053700, 2.379999999999998600, 3.285000000000000100 ) ) ;
#2885 = EDGE_LOOP ( 'NONE', ( #2776, #523, #874, #1699 ) ) ;
#2886 = PLANE ( 'NONE',  #2972 ) ;
#2887 = DIRECTION ( 'NONE',  ( -0.5000000000000007800, -0.8660254037844382600, 0.0000000000000000000 ) ) ;
#2888 = DIRECTION ( 'NONE',  ( 0.0000000000000000000, 0.0000000000000000000, -1.000000000000000000 ) ) ;
#2889 = EDGE_LOOP ( 'NONE', ( #2850, #884, #876, #3031 ) ) ;
#2890 = VERTEX_POINT ( 'NONE', #2834 ) ;
#2891 = EDGE_CURVE ( 'NONE', #2302, #1328, #2455, .T. ) ;
#2892 = VERTEX_POINT ( 'NONE', #1873 ) ;
#2893 = PLANE ( 'NONE',  #2837 ) ;
#2894 = CARTESIAN_POINT ( 'NONE',  ( -2.847694158806095600, 0.6999999999999990700, 1.905999999999999700 ) ) ;
#2895 = AXIS2_PLACEMENT_3D ( 'NONE', #490, #1235, #2896 ) ;
#2896 = DIRECTION ( 'NONE',  ( 0.0000000000000000000, 0.0000000000000000000, 1.000000000000000000 ) ) ;
#2897 = VERTEX_POINT ( 'NONE', #155 ) ;
#2898 = VECTOR ( 'NONE', #2187, 1000.000000000000000 ) ;
#2899 = ORIENTED_EDGE ( 'NONE', *, *, #112, .T. ) ;
#2900 = CARTESIAN_POINT ( 'NONE',  ( -3.064999999999999100, 1.524999999999998800, 0.3800000000000000000 ) ) ;
#2901 = VECTOR ( 'NONE', #436, 1000.000000000000000 ) ;
#2902 = ADVANCED_FACE ( 'NONE', ( #2126 ), #2825, .T. ) ;
#2903 = ORIENTED_EDGE ( 'NONE', *, *, #987, .T. ) ;
#2904 = CARTESIAN_POINT ( 'NONE',  ( -2.168605255971184100, 1.507999999999998900, -2.665999999999999900 ) ) ;
#2905 = VERTEX_POINT ( 'NONE', #1856 ) ;
#2906 = VECTOR ( 'NONE', #1785, 1000.000000000000000 ) ;
#2907 = LINE ( 'NONE', #1271, #1234 ) ;
#2908 = CARTESIAN_POINT ( 'NONE',  ( -3.064999999999999100, 1.524999999999998800, 0.3800000000000000000 ) ) ;
#2909 = CARTESIAN_POINT ( 'NONE',  ( 3.007891343280052300, 0.0000000000000000000, 2.100000038075664000 ) ) ;
#2910 = LINE ( 'NONE', #786, #1273 ) ;
#2911 = EDGE_CURVE ( 'NONE', #220, #2106, #809, .T. ) ;
#2912 = FACE_OUTER_BOUND ( 'NONE', #382, .T. ) ;
#2913 = DIRECTION ( 'NONE',  ( -0.0000000000000000000, -0.0000000000000000000, 1.000000000000000000 ) ) ;
#2914 = LINE ( 'NONE', #2429, #2769 ) ;
#2915 = CARTESIAN_POINT ( 'NONE',  ( 4.545854811567259900, 8.038669317560415800, -2.669999999999999900 ) ) ;
#2916 = EDGE_CURVE ( 'NONE', #2262, #281, #695, .T. ) ;
#2917 = VECTOR ( 'NONE', #2766, 1000.000000000000100 ) ;
#2918 = DIRECTION ( 'NONE',  ( -0.0000000000000000000, -0.0000000000000000000, 1.000000000000000000 ) ) ;
#2919 = ORIENTED_EDGE ( 'NONE', *, *, #2082, .F. ) ;
#2920 = DIRECTION ( 'NONE',  ( -1.000000000000000000, 0.0000000000000000000, 1.331170451368003100E-016 ) ) ;
#2921 = DIRECTION ( 'NONE',  ( 0.8660254037844381500, -0.5000000000000006700, 0.0000000000000000000 ) ) ;
#2922 = EDGE_CURVE ( 'NONE', #2892, #2486, #274, .T. ) ;
#2923 = ORIENTED_EDGE ( 'NONE', *, *, #1080, .T. ) ;
#2924 = ORIENTED_EDGE ( 'NONE', *, *, #883, .F. ) ;
#2925 = ORIENTED_EDGE ( 'NONE', *, *, #94, .F. ) ;
#2926 = DIRECTION ( 'NONE',  ( 0.5000000000000008900, 0.8660254037844381500, -0.0000000000000000000 ) ) ;
#2927 = MECHANICAL_DESIGN_GEOMETRIC_PRESENTATION_REPRESENTATION (  '', ( #1232 ), #1903 ) ;
#2928 = ORIENTED_EDGE ( 'NONE', *, *, #1220, .T. ) ;
#2929 = DIRECTION ( 'NONE',  ( 0.0000000000000000000, 0.0000000000000000000, 1.000000000000000000 ) ) ;
#2930 = CARTESIAN_POINT ( 'NONE',  ( -2.239622487402883200, 0.9973138582966625300, 3.232732995438477800 ) ) ;
#2931 = DIRECTION ( 'NONE',  ( -0.8660254037844383700, 0.5000000000000004400, 0.0000000000000000000 ) ) ;
#2932 = ORIENTED_EDGE ( 'NONE', *, *, #2460, .F. ) ;
#2933 = VERTEX_POINT ( 'NONE', #1185 ) ;
#2934 = CARTESIAN_POINT ( 'NONE',  ( 3.307891343280052100, 0.0000000000000000000, -2.100000038075664500 ) ) ;
#2935 = DIRECTION ( 'NONE',  ( 0.0000000000000000000, 0.0000000000000000000, -1.000000000000000000 ) ) ;
#2936 = ORIENTED_EDGE ( 'NONE', *, *, #1355, .T. ) ;
#2937 = ADVANCED_FACE ( 'NONE', ( #3058 ), #135, .T. ) ;
#2938 = MANIFOLD_SOLID_BREP ( 'Boss-Extrude2', #1956 ) ;
#2939 = DIRECTION ( 'NONE',  ( 0.0000000000000000000, 0.0000000000000000000, 1.000000000000000000 ) ) ;
#2940 = EDGE_CURVE ( 'NONE', #3005, #1548, #2345, .T. ) ;
#2941 = CARTESIAN_POINT ( 'NONE',  ( 3.007891343280053600, 0.5150000000000000100, -0.4999999999999997800 ) ) ;
#2942 = ORIENTED_EDGE ( 'NONE', *, *, #267, .T. ) ;
#2943 = CARTESIAN_POINT ( 'NONE',  ( -2.239999999999998900, 0.9999999999999988900, -1.905999999999999700 ) ) ;
#2944 = VERTEX_POINT ( 'NONE', #2877 ) ;
#2945 = LINE ( 'NONE', #2136, #2316 ) ;
#2946 = AXIS2_PLACEMENT_3D ( 'NONE', #304, #2445, #319 ) ;
#2947 = FACE_OUTER_BOUND ( 'NONE', #2377, .T. ) ;
#2948 = ADVANCED_FACE ( 'NONE', ( #1525 ), #2893, .F. ) ;
#2949 = SURFACE_SIDE_STYLE ('',( #2767 ) ) ;
#2950 = DIRECTION ( 'NONE',  ( -3.568249445133970600E-016, 1.000000000000000000, 0.0000000000000000000 ) ) ;
#2951 = CYLINDRICAL_SURFACE ( 'NONE', #373, 0.1000000000000037200 ) ;
#2952 = ORIENTED_EDGE ( 'NONE', *, *, #2603, .T. ) ;
#2953 = CARTESIAN_POINT ( 'NONE',  ( 3.307891343280052100, 0.5150000000000000100, 1.800000038075664400 ) ) ;
#2954 = AXIS2_PLACEMENT_3D ( 'NONE', #2439, #2675, #1495 ) ;
#2955 = VECTOR ( 'NONE', #23, 1000.000000000000000 ) ;
#2956 = EDGE_CURVE ( 'NONE', #2944, #345, #1299, .T. ) ;
#2957 = FACE_OUTER_BOUND ( 'NONE', #1639, .T. ) ;
#2958 = DIRECTION ( 'NONE',  ( 7.392287539673893200E-017, 0.0000000000000000000, 1.000000000000000000 ) ) ;
#2959 = VECTOR ( 'NONE', #3029, 1000.000000000000000 ) ;
#2960 = VERTEX_POINT ( 'NONE', #1942 ) ;
#2961 = AXIS2_PLACEMENT_3D ( 'NONE', #2337, #3066, #153 ) ;
#2962 = DIRECTION ( 'NONE',  ( 0.8660254037844382600, -0.5000000000000007800, 0.0000000000000000000 ) ) ;
#2963 = CARTESIAN_POINT ( 'NONE',  ( -4.950000000000000200, -1.089830043761449100E-015, -2.665999999999999900 ) ) ;
#2964 = CARTESIAN_POINT ( 'NONE',  ( -3.547442685063921800, 1.103999999999999900, -2.763500000000000100 ) ) ;
#2965 = DIRECTION ( 'NONE',  ( -0.8660254037844379300, 0.0000000000000000000, 0.5000000000000014400 ) ) ;
#2966 = VERTEX_POINT ( 'NONE', #2484 ) ;
#2967 = AXIS2_PLACEMENT_3D ( 'NONE', #2764, #35, #314 ) ;
#2968 = ORIENTED_EDGE ( 'NONE', *, *, #2292, .F. ) ;
#2969 = ADVANCED_FACE ( 'NONE', ( #2495 ), #2416, .T. ) ;
#2970 = CARTESIAN_POINT ( 'NONE',  ( -3.365000000000001100, 0.4039999999999986900, -1.808499999999999800 ) ) ;
#2971 = ORIENTED_EDGE ( 'NONE', *, *, #1756, .T. ) ;
#2972 = AXIS2_PLACEMENT_3D ( 'NONE', #1702, #2185, #610 ) ;
#2973 = ORIENTED_EDGE ( 'NONE', *, *, #1896, .F. ) ;
#2974 = DIRECTION ( 'NONE',  ( 1.000000000000000000, 6.357370129138909600E-018, 0.0000000000000000000 ) ) ;
#2975 = CARTESIAN_POINT ( 'NONE',  ( 2.907891343280052600, 0.0000000000000000000, 2.100000000000000100 ) ) ;
#2976 = EDGE_CURVE ( 'NONE', #1605, #3112, #2829, .T. ) ;
#2977 = ORIENTED_EDGE ( 'NONE', *, *, #363, .T. ) ;
#2978 = CARTESIAN_POINT ( 'NONE',  ( 3.607891343280052800, 0.5150000000000000100, -2.669999999999999500 ) ) ;
#2979 = EDGE_CURVE ( 'NONE', #2030, #1488, #491, .T. ) ;
#2980 = EDGE_LOOP ( 'NONE', ( #3082, #229, #873, #1601 ) ) ;
#2981 = VECTOR ( 'NONE', #2618, 1000.000000000000000 ) ;
#2982 = CARTESIAN_POINT ( 'NONE',  ( -3.804940905122495800, 0.6579999999999990300, 1.808499999999999800 ) ) ;
#2983 = CARTESIAN_POINT ( 'NONE',  ( 3.870000000000001000, -1.301042606982605300E-015, -2.669999999999999500 ) ) ;
#2984 = VECTOR ( 'NONE', #1371, 1000.000000000000000 ) ;
#2985 = DIRECTION ( 'NONE',  ( 7.608436806382990900E-016, 0.0000000000000000000, -1.000000000000000000 ) ) ;
#2986 = DIRECTION ( 'NONE',  ( -0.0000000000000000000, -0.0000000000000000000, 1.000000000000000000 ) ) ;
#2987 = CARTESIAN_POINT ( 'NONE',  ( 3.307891343280053400, 0.5149999999999997900, 0.5000000000000004400 ) ) ;
#2988 = LINE ( 'NONE', #895, #1573 ) ;
#2989 =( GEOMETRIC_REPRESENTATION_CONTEXT ( 3 ) GLOBAL_UNCERTAINTY_ASSIGNED_CONTEXT ( ( #564 ) ) GLOBAL_UNIT_ASSIGNED_CONTEXT ( ( #2098, #917, #429 ) ) REPRESENTATION_CONTEXT ( 'NONE', 'WORKASPACE' ) );
#2990 = AXIS2_PLACEMENT_3D ( 'NONE', #2503, #1124, #573 ) ;
#2991 = LINE ( 'NONE', #868, #433 ) ;
#2992 = CARTESIAN_POINT ( 'NONE',  ( 3.607891343280053700, 8.038669317560415800, 2.670000000000000400 ) ) ;
#2993 = FACE_OUTER_BOUND ( 'NONE', #2166, .T. ) ;
#2994 = CARTESIAN_POINT ( 'NONE',  ( 3.607891343280052800, 0.5150000000000000100, -2.669999999999999500 ) ) ;
#2995 = DIRECTION ( 'NONE',  ( 0.0000000000000000000, 0.0000000000000000000, -1.000000000000000000 ) ) ;
#2996 = VECTOR ( 'NONE', #2611, 1000.000000000000000 ) ;
#2997 = CARTESIAN_POINT ( 'NONE',  ( -2.239999999999998900, 1.507999999999998900, 2.665999999999999900 ) ) ;
#2998 = VECTOR ( 'NONE', #2537, 1000.000000000000200 ) ;
#2999 = ORIENTED_EDGE ( 'NONE', *, *, #1668, .F. ) ;
#3000 = EDGE_LOOP ( 'NONE', ( #2086, #2078, #1946, #1347 ) ) ;
#3001 = EDGE_CURVE ( 'NONE', #1748, #1172, #1781, .T. ) ;
#3002 = ORIENTED_EDGE ( 'NONE', *, *, #1777, .F. ) ;
#3003 = DIRECTION ( 'NONE',  ( -2.201425730935034400E-016, 0.0000000000000000000, -1.000000000000000000 ) ) ;
#3004 = DIRECTION ( 'NONE',  ( 0.0000000000000000000, -1.000000000000000000, 0.0000000000000000000 ) ) ;
#3005 = VERTEX_POINT ( 'NONE', #768 ) ;
#3006 = CARTESIAN_POINT ( 'NONE',  ( -2.847694158806095600, 0.6999999999999990700, 2.665999999999999900 ) ) ;
#3007 = CARTESIAN_POINT ( 'NONE',  ( 4.949999999999999300, 0.5149999999999997900, -1.970000000000000900 ) ) ;
#3008 = ORIENTED_EDGE ( 'NONE', *, *, #2501, .F. ) ;
#3009 =( GEOMETRIC_REPRESENTATION_CONTEXT ( 3 ) GLOBAL_UNCERTAINTY_ASSIGNED_CONTEXT ( ( #1511 ) ) GLOBAL_UNIT_ASSIGNED_CONTEXT ( ( #2273, #607, #863 ) ) REPRESENTATION_CONTEXT ( 'NONE', 'WORKASPACE' ) );
#3010 = AXIS2_PLACEMENT_3D ( 'NONE', #1726, #2644, #1226 ) ;
#3011 = ORIENTED_EDGE ( 'NONE', *, *, #861, .T. ) ;
#3012 = DIRECTION ( 'NONE',  ( 2.282531041914893400E-015, -0.0000000000000000000, 1.000000000000000000 ) ) ;
#3013 = ORIENTED_EDGE ( 'NONE', *, *, #450, .F. ) ;
#3014 = CARTESIAN_POINT ( 'NONE',  ( 4.054154905846800700, -0.7953302412909009100, -2.485845094153202400 ) ) ;
#3015 = COLOUR_RGB ( '',0.7921568627450980000, 0.8196078431372548800, 0.9333333333333333500 ) ;
#3016 = DIRECTION ( 'NONE',  ( 0.7071067811865513500, -0.0000000000000000000, 0.7071067811865438000 ) ) ;
#3017 = CARTESIAN_POINT ( 'NONE',  ( 3.007891343280048700, 0.5150000000000000100, -2.100000038075664000 ) ) ;
#3018 = EDGE_CURVE ( 'NONE', #1069, #2152, #1225, .T. ) ;
#3019 = LINE ( 'NONE', #2095, #972 ) ;
#3020 = CARTESIAN_POINT ( 'NONE',  ( 0.0000000000000000000, 0.0000000000000000000, 0.0000000000000000000 ) ) ;
#3021 = CARTESIAN_POINT ( 'NONE',  ( 3.607891343280053700, 0.5150000000000000100, 0.5000000000000004400 ) ) ;
#3022 = EDGE_LOOP ( 'NONE', ( #1002, #687, #236, #1804 ) ) ;
#3023 = FACE_OUTER_BOUND ( 'NONE', #1397, .T. ) ;
#3024 = EDGE_CURVE ( 'NONE', #1252, #1062, #1884, .T. ) ;
#3025 = DIRECTION ( 'NONE',  ( -0.0000000000000000000, 1.000000000000000000, -0.0000000000000000000 ) ) ;
#3026 = VECTOR ( 'NONE', #1087, 1000.000000000000000 ) ;
#3027 = CARTESIAN_POINT ( 'NONE',  ( 4.545854811567259900, 0.5150000000000000100, -2.669999999999999900 ) ) ;
#3028 = ORIENTED_EDGE ( 'NONE', *, *, #2162, .T. ) ;
#3029 = DIRECTION ( 'NONE',  ( 0.0000000000000000000, -1.000000000000000000, 0.0000000000000000000 ) ) ;
#3030 = VECTOR ( 'NONE', #55, 1000.000000000000000 ) ;
#3031 = ORIENTED_EDGE ( 'NONE', *, *, #1214, .T. ) ;
#3032 = FACE_OUTER_BOUND ( 'NONE', #1776, .T. ) ;
#3033 = DIRECTION ( 'NONE',  ( 0.0000000000000000000, 0.0000000000000000000, 1.000000000000000000 ) ) ;
#3034 = DIRECTION ( 'NONE',  ( -0.8660254037844381500, 0.5000000000000008900, 0.0000000000000000000 ) ) ;
#3035 = CYLINDRICAL_SURFACE ( 'NONE', #2789, 0.1000000000000037200 ) ;
#3036 = AXIS2_PLACEMENT_3D ( 'NONE', #891, #2836, #2595 ) ;
#3037 = LINE ( 'NONE', #2851, #2955 ) ;
#3038 = DIRECTION ( 'NONE',  ( -0.8660254037844381500, 0.5000000000000008900, 0.0000000000000000000 ) ) ;
#3039 = EDGE_LOOP ( 'NONE', ( #1354, #1891, #1950, #930 ) ) ;
#3040 = DIRECTION ( 'NONE',  ( 0.0000000000000000000, 0.0000000000000000000, -1.000000000000000000 ) ) ;
#3041 = CARTESIAN_POINT ( 'NONE',  ( 4.545854811567260800, 0.5150000000000000100, 2.670000000000000800 ) ) ;
#3042 = EDGE_LOOP ( 'NONE', ( #2755, #2942, #407, #730, #1288, #9 ) ) ;
#3043 = ORIENTED_EDGE ( 'NONE', *, *, #944, .T. ) ;
#3044 = EDGE_CURVE ( 'NONE', #1634, #305, #846, .T. ) ;
#3045 = CARTESIAN_POINT ( 'NONE',  ( -3.547442685063921800, 1.103999999999999900, -1.905999999999999900 ) ) ;
#3046 = DIRECTION ( 'NONE',  ( 1.000000000000000000, -0.0000000000000000000, 1.331170451368003300E-016 ) ) ;
#3047 = EDGE_LOOP ( 'NONE', ( #2149, #2347, #1, #1117 ) ) ;
#3048 = DIRECTION ( 'NONE',  ( 0.0000000000000000000, 0.0000000000000000000, -1.000000000000000000 ) ) ;
#3049 = VERTEX_POINT ( 'NONE', #550 ) ;
#3050 = ADVANCED_FACE ( 'NONE', ( #2272 ), #1965, .F. ) ;
#3051 = CARTESIAN_POINT ( 'NONE',  ( -4.064748526257827300, 0.8079999999999993900, -2.665999999999999900 ) ) ;
#3052 = DIRECTION ( 'NONE',  ( 4.623643496330790900E-016, 0.0000000000000000000, -1.000000000000000000 ) ) ;
#3053 = ORIENTED_EDGE ( 'NONE', *, *, #1355, .F. ) ;
#3054 = AXIS2_PLACEMENT_3D ( 'NONE', #75, #2681, #2464 ) ;
#3055 = AXIS2_PLACEMENT_3D ( 'NONE', #2024, #1794, #614 ) ;
#3056 = DIRECTION ( 'NONE',  ( -0.0000000000000000000, -1.000000000000000000, -0.0000000000000000000 ) ) ;
#3057 = CARTESIAN_POINT ( 'NONE',  ( 2.907891343280052600, 0.5149999999999997900, 2.200000000000000600 ) ) ;
#3058 = FACE_OUTER_BOUND ( 'NONE', #1881, .T. ) ;
#3059 = CARTESIAN_POINT ( 'NONE',  ( 0.0000000000000000000, 0.0000000000000000000, -0.3800000000000000000 ) ) ;
#3060 = VERTEX_POINT ( 'NONE', #101 ) ;
#3061 = CIRCLE ( 'NONE', #2094, 0.2999999999999999300 ) ;
#3062 =( NAMED_UNIT ( * ) PLANE_ANGLE_UNIT ( ) SI_UNIT ( $, .RADIAN. ) );
#3063 = EDGE_CURVE ( 'NONE', #335, #2607, #114, .T. ) ;
#3064 = APPLICATION_CONTEXT ( 'automotive_design' ) ;
#3065 = LINE ( 'NONE', #76, #1534 ) ;
#3066 = DIRECTION ( 'NONE',  ( 0.8660254037844387100, -0.4999999999999998300, 0.0000000000000000000 ) ) ;
#3067 = ORIENTED_EDGE ( 'NONE', *, *, #987, .F. ) ;
#3068 = CIRCLE ( 'NONE', #2946, 0.2999999999999999300 ) ;
#3069 = AXIS2_PLACEMENT_3D ( 'NONE', #2382, #1412, #228 ) ;
#3070 = DIRECTION ( 'NONE',  ( -0.0000000000000000000, 1.000000000000000000, -0.0000000000000000000 ) ) ;
#3071 = VECTOR ( 'NONE', #343, 1000.000000000000000 ) ;
#3072 = DIRECTION ( 'NONE',  ( 1.000000000000000000, 3.568249445133970600E-016, 0.0000000000000000000 ) ) ;
#3073 = DIRECTION ( 'NONE',  ( -7.392287539673893200E-017, 0.0000000000000000000, -1.000000000000000000 ) ) ;
#3074 = VECTOR ( 'NONE', #1885, 1000.000000000000000 ) ;
#3075 = LINE ( 'NONE', #1424, #509 ) ;
#3076 = CARTESIAN_POINT ( 'NONE',  ( 3.607891343280052300, 0.0000000000000000000, 2.100000038075664000 ) ) ;
#3077 = ORIENTED_EDGE ( 'NONE', *, *, #1220, .F. ) ;
#3078 = CARTESIAN_POINT ( 'NONE',  ( -3.547442685063921800, 1.103999999999999900, -2.763500000000000100 ) ) ;
#3079 = CARTESIAN_POINT ( 'NONE',  ( -0.3499999999999999200, 0.5149999999999997900, -2.200000000000000200 ) ) ;
#3080 = DIRECTION ( 'NONE',  ( 0.0000000000000000000, 0.0000000000000000000, -1.000000000000000000 ) ) ;
#3081 = ORIENTED_EDGE ( 'NONE', *, *, #1241, .T. ) ;
#3082 = ORIENTED_EDGE ( 'NONE', *, *, #3083, .F. ) ;
#3083 = EDGE_CURVE ( 'NONE', #1996, #962, #2602, .T. ) ;
#3084 = DIRECTION ( 'NONE',  ( 0.0000000000000000000, -1.000000000000000000, 0.0000000000000000000 ) ) ;
#3085 = ORIENTED_EDGE ( 'NONE', *, *, #731, .F. ) ;
#3086 = VERTEX_POINT ( 'NONE', #1568 ) ;
#3087 = DIRECTION ( 'NONE',  ( -1.000000000000000000, 0.0000000000000000000, 0.0000000000000000000 ) ) ;
#3088 = ORIENTED_EDGE ( 'NONE', *, *, #2940, .T. ) ;
#3089 = DIRECTION ( 'NONE',  ( 0.1391731009600655500, 0.9902680687415702500, 0.0000000000000000000 ) ) ;
#3090 = EDGE_CURVE ( 'NONE', #1195, #2257, #1075, .T. ) ;
#3091 = CARTESIAN_POINT ( 'NONE',  ( 3.007891343280053600, 0.0000000000000000000, -0.4999999999999995600 ) ) ;
#3092 = ORIENTED_EDGE ( 'NONE', *, *, #3001, .F. ) ;
#3093 = DIRECTION ( 'NONE',  ( 1.000000000000000000, 0.0000000000000000000, -4.623643496330790900E-016 ) ) ;
#3094 = ORIENTED_EDGE ( 'NONE', *, *, #1338, .F. ) ;
#3095 = DIRECTION ( 'NONE',  ( -0.0000000000000000000, -0.0000000000000000000, -1.000000000000000000 ) ) ;
#3096 = VECTOR ( 'NONE', #97, 999.9999999999998900 ) ;
#3097 = CARTESIAN_POINT ( 'NONE',  ( 3.607891343280053700, 0.0000000000000000000, 2.670000000000000400 ) ) ;
#3098 = CARTESIAN_POINT ( 'NONE',  ( -0.4918499720787620200, 2.279999999999998500, 0.0000000000000000000 ) ) ;
#3099 = LINE ( 'NONE', #658, #2723 ) ;
#3100 = LINE ( 'NONE', #1967, #428 ) ;
#3101 = AXIS2_PLACEMENT_3D ( 'NONE', #2225, #2202, #2233 ) ;
#3102 = EDGE_CURVE ( 'NONE', #1627, #1548, #1260, .T. ) ;
#3103 = FACE_BOUND ( 'NONE', #2523, .T. ) ;
#3104 = VECTOR ( 'NONE', #2369, 1000.000000000000000 ) ;
#3105 = DIRECTION ( 'NONE',  ( 1.000000000000000000, 2.412598014677960000E-016, 0.0000000000000000000 ) ) ;
#3106 = LINE ( 'NONE', #2661, #1428 ) ;
#3107 = LINE ( 'NONE', #449, #2021 ) ;
#3108 = LINE ( 'NONE', #1367, #1866 ) ;
#3109 = CARTESIAN_POINT ( 'NONE',  ( -3.365000000000001100, 0.4039999999999986900, 2.665999999999999900 ) ) ;
#3110 = AXIS2_PLACEMENT_3D ( 'NONE', #1306, #2931, #555 ) ;
#3111 = ADVANCED_FACE ( 'NONE', ( #933 ), #2097, .F. ) ;
#3112 = VERTEX_POINT ( 'NONE', #2518 ) ;
#3113 = ORIENTED_EDGE ( 'NONE', *, *, #837, .F. ) ;
#3114 = PLANE ( 'NONE',  #1633 ) ;
#3115 = ORIENTED_EDGE ( 'NONE', *, *, #2674, .T. ) ;
#3116 = EDGE_CURVE ( 'NONE', #2710, #1351, #1368, .T. ) ;
#3117 = VERTEX_POINT ( 'NONE', #152 ) ;
#3118 = EDGE_CURVE ( 'NONE', #681, #281, #1331, .T. ) ;
#3119 = DIRECTION ( 'NONE',  ( 1.000000000000000000, 0.0000000000000000000, -0.0000000000000000000 ) ) ;
ENDSEC;
END-ISO-10303-21;
