ISO-10303-21;
HEADER;
FILE_DESCRIPTION (( 'STEP AP214' ),
    '1' );
FILE_NAME ('533980871.STEP',
    '2024-03-28T00:38:50',
    ( '' ),
    ( '' ),
    'SwSTEP 2.0',
    'SolidWorks 2021',
    '' );
FILE_SCHEMA (( 'AUTOMOTIVE_DESIGN' ));
ENDSEC;

DATA;
#1 = COLOUR_RGB ( '',1.000000000000000000, 1.000000000000000000, 1.000000000000000000 ) ;
#2 = CYLINDRICAL_SURFACE ( 'NONE', #6472, 0.1999999999999996503 ) ;
#3 = ADVANCED_FACE ( 'NONE', ( #7616 ), #6603, .T. ) ;
#4 = VERTEX_POINT ( 'NONE', #13105 ) ;
#5 = CARTESIAN_POINT ( 'NONE',  ( -0.7850000000000010303, 3.548929149633788249, -1.004535961130712751 ) ) ;
#6 = ADVANCED_FACE ( 'NONE', ( #10123 ), #11118, .F. ) ;
#7 = VERTEX_POINT ( 'NONE', #824 ) ;
#8 = PRESENTATION_STYLE_ASSIGNMENT (( #9100 ) ) ;
#9 = PLANE ( 'NONE',  #8320 ) ;
#10 = PRESENTATION_STYLE_ASSIGNMENT (( #9103 ) ) ;
#11 =( LENGTH_UNIT ( ) NAMED_UNIT ( * ) SI_UNIT ( .MILLI., .METRE. ) );
#12 = CARTESIAN_POINT ( 'NONE',  ( -2.965000000000000746, 0.2787990747163040517, -1.581148123764847258 ) ) ;
#13 = LINE ( 'NONE', #6182, #6027 ) ;
#14 = FILL_AREA_STYLE ('',( #7980 ) ) ;
#15 = SURFACE_STYLE_FILL_AREA ( #7048 ) ;
#16 = EDGE_CURVE ( 'NONE', #4387, #1954, #7929, .T. ) ;
#17 = SURFACE_SIDE_STYLE ('',( #3113 ) ) ;
#18 = FACE_OUTER_BOUND ( 'NONE', #11061, .T. ) ;
#19 = STYLED_ITEM ( 'NONE', ( #7151 ), #6159 ) ;
#20 = ORIENTED_EDGE ( 'NONE', *, *, #1921, .F. ) ;
#21 = EDGE_LOOP ( 'NONE', ( #6062, #871, #7354, #11567 ) ) ;
#22 = VERTEX_POINT ( 'NONE', #11187 ) ;
#23 = ORIENTED_EDGE ( 'NONE', *, *, #9015, .T. ) ;
#24 = CARTESIAN_POINT ( 'NONE',  ( 0.7849999999999992539, 4.000000000000000000, -0.9250000000000404565 ) ) ;
#25 = PRESENTATION_STYLE_ASSIGNMENT (( #6270 ) ) ;
#26 = VECTOR ( 'NONE', #1664, 1000.000000000000000 ) ;
#27 = DIRECTION ( 'NONE',  ( -1.000000000000000000, -0.000000000000000000, -0.000000000000000000 ) ) ;
#28 = CARTESIAN_POINT ( 'NONE',  ( 5.275000000000024336, 1.749999999999999778, 0.2249377794898753391 ) ) ;
#29 = LINE ( 'NONE', #4069, #4318 ) ;
#30 = SURFACE_STYLE_USAGE ( .BOTH. , #951 ) ;
#31 = COLOUR_RGB ( '',1.000000000000000000, 0.8117647058823529438, 0.5019607843137254832 ) ;
#32 = LINE ( 'NONE', #4264, #6446 ) ;
#33 = DIRECTION ( 'NONE',  ( 7.542275982507857147E-16, 1.000000000000000000, 0.000000000000000000 ) ) ;
#34 = VECTOR ( 'NONE', #1957, 1000.000000000000000 ) ;
#35 = EDGE_LOOP ( 'NONE', ( #4516, #7491, #11130, #3330 ) ) ;
#36 = PRESENTATION_STYLE_ASSIGNMENT (( #8137 ) ) ;
#37 = EDGE_CURVE ( 'NONE', #842, #2619, #4855, .T. ) ;
#38 = ORIENTED_EDGE ( 'NONE', *, *, #11558, .T. ) ;
#39 = VERTEX_POINT ( 'NONE', #2860 ) ;
#40 = EDGE_LOOP ( 'NONE', ( #4272, #9264, #9904, #6299 ) ) ;
#41 =( NAMED_UNIT ( * ) PLANE_ANGLE_UNIT ( ) SI_UNIT ( $, .RADIAN. ) );
#42 = DIRECTION ( 'NONE',  ( 0.000000000000000000, -0.000000000000000000, 1.000000000000000000 ) ) ;
#43 = CARTESIAN_POINT ( 'NONE',  ( 5.575000000000018829, 1.749999999999999778, 0.1750000000000090372 ) ) ;
#44 = LINE ( 'NONE', #8015, #7787 ) ;
#45 = AXIS2_PLACEMENT_3D ( 'NONE', #11601, #2542, #6408 ) ;
#46 = DIRECTION ( 'NONE',  ( 0.2133021165724272028, -0.9621436710723735297, -0.1696518885279465483 ) ) ;
#47 = PRESENTATION_LAYER_ASSIGNMENT (  '', '', ( #8107 ) ) ;
#48 = EDGE_CURVE ( 'NONE', #7190, #7108, #8125, .T. ) ;
#49 =( NAMED_UNIT ( * ) SI_UNIT ( $, .STERADIAN. ) SOLID_ANGLE_UNIT ( ) );
#50 = AXIS2_PLACEMENT_3D ( 'NONE', #1978, #11841, #12940 ) ;
#51 = ORIENTED_EDGE ( 'NONE', *, *, #10160, .T. ) ;
#52 = VECTOR ( 'NONE', #6993, 999.9999999999998863 ) ;
#53 =( GEOMETRIC_REPRESENTATION_CONTEXT ( 3 ) GLOBAL_UNCERTAINTY_ASSIGNED_CONTEXT ( ( #5881 ) ) GLOBAL_UNIT_ASSIGNED_CONTEXT ( ( #6113, #1271, #1068 ) ) REPRESENTATION_CONTEXT ( 'NONE', 'WORKASPACE' ) );
#54 = LINE ( 'NONE', #4091, #364 ) ;
#55 = DIRECTION ( 'NONE',  ( 0.000000000000000000, -0.7071067811865482389, -0.7071067811865469066 ) ) ;
#56 = EDGE_LOOP ( 'NONE', ( #11972, #12404, #7339, #435 ) ) ;
#57 = CARTESIAN_POINT ( 'NONE',  ( 2.964999999999998970, 0.4499999999999999556, 2.250000000000004441 ) ) ;
#58 = CARTESIAN_POINT ( 'NONE',  ( 7.374999999999985789, 1.749999999999991118, -1.849999999999996980 ) ) ;
#59 = CARTESIAN_POINT ( 'NONE',  ( 0.7849999999999992539, 0.000000000000000000, 0.000000000000000000 ) ) ;
#60 = DIRECTION ( 'NONE',  ( 0.000000000000000000, 0.000000000000000000, 1.000000000000000000 ) ) ;
#61 = CARTESIAN_POINT ( 'NONE',  ( 0.7849999999999992539, 3.548929149633788249, -1.004535961130712751 ) ) ;
#62 = DIRECTION ( 'NONE',  ( 0.000000000000000000, 1.000000000000000000, -4.858652729125647208E-17 ) ) ;
#63 = ADVANCED_FACE ( 'NONE', ( #2013 ), #5101, .T. ) ;
#64 = EDGE_CURVE ( 'NONE', #5049, #12986, #5530, .T. ) ;
#65 = COLOUR_RGB ( '',1.000000000000000000, 0.8117647058823529438, 0.5019607843137254832 ) ;
#66 = CARTESIAN_POINT ( 'NONE',  ( 0.7849999999999992539, 2.865743636076471645, -0.3250000000000474731 ) ) ;
#67 = CARTESIAN_POINT ( 'NONE',  ( 3.200000000000007727, 0.000000000000000000, -1.850000000000001865 ) ) ;
#68 = VECTOR ( 'NONE', #7403, 1000.000000000000000 ) ;
#69 = LINE ( 'NONE', #4110, #5398 ) ;
#70 = ORIENTED_EDGE ( 'NONE', *, *, #2876, .T. ) ;
#71 = CARTESIAN_POINT ( 'NONE',  ( -6.094999999999995310, 0.4500000000000013989, 0.3500000000000039746 ) ) ;
#72 = VECTOR ( 'NONE', #4795, 1000.000000000000000 ) ;
#73 = VERTEX_POINT ( 'NONE', #4138 ) ;
#74 = LINE ( 'NONE', #10104, #9036 ) ;
#75 = DIRECTION ( 'NONE',  ( 0.000000000000000000, -0.000000000000000000, 1.000000000000000000 ) ) ;
#76 = STYLED_ITEM ( 'NONE', ( #7553 ), #1831 ) ;
#77 = CARTESIAN_POINT ( 'NONE',  ( 2.964999999999998970, 1.749999999999999778, -1.125000000000033973 ) ) ;
#78 = CARTESIAN_POINT ( 'NONE',  ( 7.374999999999997335, 0.4500000000000040634, 0.3500000000000039746 ) ) ;
#79 = UNCERTAINTY_MEASURE_WITH_UNIT (LENGTH_MEASURE( 1.000000000000000082E-05 ), #507, 'distance_accuracy_value', 'NONE');
#80 = SURFACE_SIDE_STYLE ('',( #7115 ) ) ;
#81 =( LENGTH_UNIT ( ) NAMED_UNIT ( * ) SI_UNIT ( .MILLI., .METRE. ) );
#82 = CARTESIAN_POINT ( 'NONE',  ( -2.965000000000000746, 0.000000000000000000, 2.350000000000004530 ) ) ;
#83 = VECTOR ( 'NONE', #7606, 1000.000000000000114 ) ;
#84 = DIRECTION ( 'NONE',  ( -1.000000000000000000, 0.000000000000000000, 1.176083712526648949E-16 ) ) ;
#85 = CARTESIAN_POINT ( 'NONE',  ( -6.544999999999994600, 0.2500000000000017208, 0.3500000000000039746 ) ) ;
#86 = ORIENTED_EDGE ( 'NONE', *, *, #415, .T. ) ;
#87 = ORIENTED_EDGE ( 'NONE', *, *, #1436, .T. ) ;
#88 =( LENGTH_UNIT ( ) NAMED_UNIT ( * ) SI_UNIT ( .MILLI., .METRE. ) );
#89 = ORIENTED_EDGE ( 'NONE', *, *, #2866, .T. ) ;
#90 = ORIENTED_EDGE ( 'NONE', *, *, #12600, .F. ) ;
#91 = CARTESIAN_POINT ( 'NONE',  ( -5.575000000000018829, 4.700000000000000178, -0.6750000000000004885 ) ) ;
#92 = DIRECTION ( 'NONE',  ( 1.000000000000000000, 0.000000000000000000, 0.000000000000000000 ) ) ;
#93 = PRESENTATION_LAYER_ASSIGNMENT (  '', '', ( #8999 ) ) ;
#94 = CARTESIAN_POINT ( 'NONE',  ( 3.900000000000007017, 3.250000000000005329, -1.850000000000001865 ) ) ;
#95 = DIRECTION ( 'NONE',  ( 0.000000000000000000, -0.000000000000000000, 1.000000000000000000 ) ) ;
#96 = LINE ( 'NONE', #4206, #6192 ) ;
#97 = DIRECTION ( 'NONE',  ( 0.7071067811865544561, 0.000000000000000000, 0.7071067811865405783 ) ) ;
#99 = DIRECTION ( 'NONE',  ( 0.000000000000000000, 0.000000000000000000, -1.000000000000000000 ) ) ;
#98 = UNCERTAINTY_MEASURE_WITH_UNIT (LENGTH_MEASURE( 1.000000000000000082E-05 ), #5457, 'distance_accuracy_value', 'NONE');
#100 = CARTESIAN_POINT ( 'NONE',  ( -5.275000000000024336, 3.700000000000000178, 1.249999999999983347 ) ) ;
#101 = AXIS2_PLACEMENT_3D ( 'NONE', #11174, #7981, #8250 ) ;
#102 =( NAMED_UNIT ( * ) PLANE_ANGLE_UNIT ( ) SI_UNIT ( $, .RADIAN. ) );
#103 = AXIS2_PLACEMENT_3D ( 'NONE', #459, #5555, #6629 ) ;
#104 = DIRECTION ( 'NONE',  ( 0.7071067811865454633, 0.7071067811865495711, 8.458823937093295996E-16 ) ) ;
#105 = COLOUR_RGB ( '',1.000000000000000000, 0.8117647058823529438, 0.5019607843137254832 ) ;
#106 = VERTEX_POINT ( 'NONE', #6197 ) ;
#107 =( LENGTH_UNIT ( ) NAMED_UNIT ( * ) SI_UNIT ( .MILLI., .METRE. ) );
#108 = ORIENTED_EDGE ( 'NONE', *, *, #6138, .T. ) ;
#109 = VERTEX_POINT ( 'NONE', #8468 ) ;
#110 = VECTOR ( 'NONE', #1597, 999.9999999999998863 ) ;
#112 = EDGE_CURVE ( 'NONE', #8892, #12719, #11455, .T. ) ;
#111 = ORIENTED_EDGE ( 'NONE', *, *, #2863, .T. ) ;
#113 = CARTESIAN_POINT ( 'NONE',  ( -5.275000000000024336, 1.749999999999999778, 0.2249377794898766436 ) ) ;
#114 = CARTESIAN_POINT ( 'NONE',  ( 5.400881904447568438, 1.749999999999999778, 0.1283451969090860234 ) ) ;
#115 = FILL_AREA_STYLE_COLOUR ( '', #8844 ) ;
#116 = CARTESIAN_POINT ( 'NONE',  ( -6.444999999999991402, 0.2999999999999999889, -1.849999999999995426 ) ) ;
#117 =( LENGTH_UNIT ( ) NAMED_UNIT ( * ) SI_UNIT ( .MILLI., .METRE. ) );
#118 = STYLED_ITEM ( 'NONE', ( #3878 ), #2881 ) ;
#119 = UNCERTAINTY_MEASURE_WITH_UNIT (LENGTH_MEASURE( 1.000000000000000082E-05 ), #3894, 'distance_accuracy_value', 'NONE');
#120 = CARTESIAN_POINT ( 'NONE',  ( -3.200000000000000622, 0.000000000000000000, -1.450000000000039924 ) ) ;
#121 = ORIENTED_EDGE ( 'NONE', *, *, #4831, .T. ) ;
#122 = LINE ( 'NONE', #12225, #4171 ) ;
#123 = ORIENTED_EDGE ( 'NONE', *, *, #4752, .F. ) ;
#124 = EDGE_LOOP ( 'NONE', ( #11065, #9768, #3813, #11263 ) ) ;
#125 = DIRECTION ( 'NONE',  ( -1.000000000000000000, -0.000000000000000000, -0.000000000000000000 ) ) ;
#126 = AXIS2_PLACEMENT_3D ( 'NONE', #5644, #5901, #9713 ) ;
#127 = DIRECTION ( 'NONE',  ( -1.000000000000000000, -0.000000000000000000, -0.000000000000000000 ) ) ;
#128 = PLANE ( 'NONE',  #8948 ) ;
#129 = FACE_OUTER_BOUND ( 'NONE', #7785, .T. ) ;
#130 = CARTESIAN_POINT ( 'NONE',  ( 5.275000000000024336, 1.749999999999999778, -1.450000000000041034 ) ) ;
#131 = DIRECTION ( 'NONE',  ( -0.000000000000000000, 1.000000000000000000, -0.000000000000000000 ) ) ;
#132 = STYLED_ITEM ( 'NONE', ( #8 ), #11363 ) ;
#133 = ADVANCED_FACE ( 'NONE', ( #8195 ), #9249, .F. ) ;
#134 = STYLED_ITEM ( 'NONE', ( #152 ), #10168 ) ;
#135 =( LENGTH_UNIT ( ) NAMED_UNIT ( * ) SI_UNIT ( .MILLI., .METRE. ) );
#136 = VECTOR ( 'NONE', #1267, 1000.000000000000000 ) ;
#137 = ORIENTED_EDGE ( 'NONE', *, *, #5054, .F. ) ;
#138 = CARTESIAN_POINT ( 'NONE',  ( -0.4650000000000010236, 0.8750000000000022204, 0.8749999999999842348 ) ) ;
#139 = EDGE_CURVE ( 'NONE', #1131, #12834, #11390, .T. ) ;
#140 = ORIENTED_EDGE ( 'NONE', *, *, #3385, .F. ) ;
#141 = CARTESIAN_POINT ( 'NONE',  ( 4.387500000000007283, 4.387500000000007283, -1.850000000000001865 ) ) ;
#142 = PRESENTATION_STYLE_ASSIGNMENT (( #6374 ) ) ;
#143 = EDGE_CURVE ( 'NONE', #13054, #12061, #6392, .T. ) ;
#144 = STYLED_ITEM ( 'NONE', ( #9118 ), #4139 ) ;
#145 = DIRECTION ( 'NONE',  ( -1.000000000000000000, -0.000000000000000000, -0.000000000000000000 ) ) ;
#146 = CARTESIAN_POINT ( 'NONE',  ( -4.925000000000019362, 3.700000000000000178, 1.249999999999983347 ) ) ;
#147 = CARTESIAN_POINT ( 'NONE',  ( -6.544999999999994600, 0.2500000000000017208, -1.849999999999996092 ) ) ;
#148 = MECHANICAL_DESIGN_GEOMETRIC_PRESENTATION_REPRESENTATION (  '', ( #3322 ), #8427 ) ;
#149 = AXIS2_PLACEMENT_3D ( 'NONE', #5759, #981, #9085 ) ;
#150 = FILL_AREA_STYLE_COLOUR ( '', #11366 ) ;
#151 = ORIENTED_EDGE ( 'NONE', *, *, #9488, .T. ) ;
#152 = PRESENTATION_STYLE_ASSIGNMENT (( #355 ) ) ;
#153 = EDGE_CURVE ( 'NONE', #1727, #11594, #5386, .T. ) ;
#154 = ORIENTED_EDGE ( 'NONE', *, *, #9740, .T. ) ;
#155 = VERTEX_POINT ( 'NONE', #6459 ) ;
#156 = CARTESIAN_POINT ( 'NONE',  ( -5.875000000000002665, 2.900000000000001688, 0.6500000000000037970 ) ) ;
#157 = VECTOR ( 'NONE', #11872, 1000.000000000000000 ) ;
#158 = DIRECTION ( 'NONE',  ( 0.000000000000000000, 0.000000000000000000, -1.000000000000000000 ) ) ;
#159 = EDGE_CURVE ( 'NONE', #6771, #12654, #12515, .T. ) ;
#160 = VECTOR ( 'NONE', #11657, 1000.000000000000000 ) ;
#161 = FILL_AREA_STYLE_COLOUR ( '', #12589 ) ;
#162 = FACE_OUTER_BOUND ( 'NONE', #3262, .T. ) ;
#163 = AXIS2_PLACEMENT_3D ( 'NONE', #2737, #8684, #763 ) ;
#164 = PLANE ( 'NONE',  #3307 ) ;
#165 = LINE ( 'NONE', #10659, #12184 ) ;
#166 = VECTOR ( 'NONE', #27, 1000.000000000000000 ) ;
#167 = CARTESIAN_POINT ( 'NONE',  ( 0.7849999999999992539, 0.03083447080518480002, 0.1748709736949816407 ) ) ;
#168 = PRESENTATION_STYLE_ASSIGNMENT (( #11128 ) ) ;
#169 = AXIS2_PLACEMENT_3D ( 'NONE', #10495, #4170, #255 ) ;
#170 = ORIENTED_EDGE ( 'NONE', *, *, #12175, .F. ) ;
#171 = DIRECTION ( 'NONE',  ( -0.000000000000000000, 1.000000000000000000, -0.000000000000000000 ) ) ;
#172 = AXIS2_PLACEMENT_3D ( 'NONE', #3469, #4263, #6396 ) ;
#173 = ORIENTED_EDGE ( 'NONE', *, *, #2597, .T. ) ;
#174 = ORIENTED_EDGE ( 'NONE', *, *, #7234, .T. ) ;
#175 = EDGE_CURVE ( 'NONE', #12119, #11802, #3398, .T. ) ;
#176 = EDGE_LOOP ( 'NONE', ( #2172, #7138, #7325, #5791 ) ) ;
#177 = CARTESIAN_POINT ( 'NONE',  ( -2.965000000000000746, 8.425943506694179847E-32, 1.750000000000004663 ) ) ;
#178 = DIRECTION ( 'NONE',  ( 0.000000000000000000, 4.814824860968090180E-32, 1.000000000000000000 ) ) ;
#179 = DIRECTION ( 'NONE',  ( 0.7071067811865471286, -0.7071067811865479058, 0.000000000000000000 ) ) ;
#180 = SURFACE_STYLE_FILL_AREA ( #1307 ) ;
#181 = LINE ( 'NONE', #10351, #11539 ) ;
#182 = STYLED_ITEM ( 'NONE', ( #814 ), #5566 ) ;
#183 = VECTOR ( 'NONE', #4830, 1000.000000000000000 ) ;
#184 = SURFACE_SIDE_STYLE ('',( #9342 ) ) ;
#185 = EDGE_CURVE ( 'NONE', #5042, #11234, #9458, .T. ) ;
#186 = SURFACE_STYLE_USAGE ( .BOTH. , #5340 ) ;
#187 = EDGE_LOOP ( 'NONE', ( #3091, #10948, #501, #5740 ) ) ;
#188 = CARTESIAN_POINT ( 'NONE',  ( -1.715000000000000746, 3.548929149633788249, 0.000000000000000000 ) ) ;
#189 = ORIENTED_EDGE ( 'NONE', *, *, #972, .F. ) ;
#190 = ORIENTED_EDGE ( 'NONE', *, *, #1273, .F. ) ;
#191 = LINE ( 'NONE', #8357, #5199 ) ;
#192 = CARTESIAN_POINT ( 'NONE',  ( -4.299999999999997158, -3.243178672478376749E-15, -1.850000000000001865 ) ) ;
#193 = CARTESIAN_POINT ( 'NONE',  ( 4.517509052022955192E-16, 2.600000000000005862, 0.6500000000000030198 ) ) ;
#194 = SURFACE_SIDE_STYLE ('',( #1322 ) ) ;
#195 = LINE ( 'NONE', #5289, #6827 ) ;
#196 = UNCERTAINTY_MEASURE_WITH_UNIT (LENGTH_MEASURE( 1.000000000000000082E-05 ), #2069, 'distance_accuracy_value', 'NONE');
#197 = CARTESIAN_POINT ( 'NONE',  ( -6.544999999999994600, 1.400000000000000133, -1.749999999999996003 ) ) ;
#198 = LINE ( 'NONE', #4301, #9850 ) ;
#199 = CARTESIAN_POINT ( 'NONE',  ( -1.715000000000000746, 0.2999999999999997113, 1.449999999999998623 ) ) ;
#200 = FILL_AREA_STYLE_COLOUR ( '', #12416 ) ;
#201 = VERTEX_POINT ( 'NONE', #286 ) ;
#202 = DIRECTION ( 'NONE',  ( 0.000000000000000000, -0.7071067811865470176, -0.7071067811865481278 ) ) ;
#203 = ORIENTED_EDGE ( 'NONE', *, *, #9075, .F. ) ;
#204 = CARTESIAN_POINT ( 'NONE',  ( 3.284999999999998810, 3.548929149633788249, -1.004535961130712751 ) ) ;
#205 = CARTESIAN_POINT ( 'NONE',  ( 4.214999999999999858, 1.350000000000001865, 1.350000000000004086 ) ) ;
#206 = SURFACE_STYLE_USAGE ( .BOTH. , #7237 ) ;
#207 = FILL_AREA_STYLE ('',( #3107 ) ) ;
#208 = PRODUCT_CONTEXT ( 'NONE', #8801, 'mechanical' ) ;
#209 = SURFACE_STYLE_FILL_AREA ( #6377 ) ;
#210 = UNCERTAINTY_MEASURE_WITH_UNIT (LENGTH_MEASURE( 1.000000000000000082E-05 ), #4879, 'distance_accuracy_value', 'NONE');
#211 = SURFACE_STYLE_FILL_AREA ( #12115 ) ;
#212 = DIRECTION ( 'NONE',  ( -0.2133021165724272306, -0.9621436710723736407, 0.1696518885279461319 ) ) ;
#213 = DIRECTION ( 'NONE',  ( 0.000000000000000000, 0.000000000000000000, 1.000000000000000000 ) ) ;
#215 = EDGE_CURVE ( 'NONE', #2234, #2803, #10526, .T. ) ;
#214 = VECTOR ( 'NONE', #7517, 1000.000000000000000 ) ;
#216 = FILL_AREA_STYLE ('',( #11574 ) ) ;
#217 = ORIENTED_EDGE ( 'NONE', *, *, #9013, .F. ) ;
#218 =( NAMED_UNIT ( * ) PLANE_ANGLE_UNIT ( ) SI_UNIT ( $, .RADIAN. ) );
#219 = ADVANCED_FACE ( 'NONE', ( #10324 ), #7328, .T. ) ;
#220 = ORIENTED_EDGE ( 'NONE', *, *, #9230, .F. ) ;
#221 = ORIENTED_EDGE ( 'NONE', *, *, #7649, .F. ) ;
#222 = FILL_AREA_STYLE_COLOUR ( '', #577 ) ;
#223 = SURFACE_STYLE_USAGE ( .BOTH. , #11136 ) ;
#224 = SURFACE_SIDE_STYLE ('',( #9320 ) ) ;
#225 = PRESENTATION_STYLE_ASSIGNMENT (( #10527 ) ) ;
#226 = SURFACE_STYLE_USAGE ( .BOTH. , #1228 ) ;
#227 = CARTESIAN_POINT ( 'NONE',  ( -5.275000000000024336, 3.400000000000002132, 0.9499999999999869660 ) ) ;
#228 = UNCERTAINTY_MEASURE_WITH_UNIT (LENGTH_MEASURE( 1.000000000000000082E-05 ), #6552, 'distance_accuracy_value', 'NONE');
#229 = PLANE ( 'NONE',  #12169 ) ;
#230 = FACE_OUTER_BOUND ( 'NONE', #6756, .T. ) ;
#231 = EDGE_CURVE ( 'NONE', #10183, #4801, #7882, .T. ) ;
#232 = EDGE_CURVE ( 'NONE', #5771, #342, #1674, .T. ) ;
#233 = EDGE_LOOP ( 'NONE', ( #4461, #5117, #3183, #4242, #8007 ) ) ;
#234 = FILL_AREA_STYLE_COLOUR ( '', #953 ) ;
#235 = ORIENTED_EDGE ( 'NONE', *, *, #1241, .T. ) ;
#236 = ORIENTED_EDGE ( 'NONE', *, *, #1707, .T. ) ;
#237 = ORIENTED_EDGE ( 'NONE', *, *, #6384, .F. ) ;
#238 =( LENGTH_UNIT ( ) NAMED_UNIT ( * ) SI_UNIT ( .MILLI., .METRE. ) );
#239 = SURFACE_SIDE_STYLE ('',( #3285 ) ) ;
#240 =( NAMED_UNIT ( * ) PLANE_ANGLE_UNIT ( ) SI_UNIT ( $, .RADIAN. ) );
#241 = DIRECTION ( 'NONE',  ( 0.000000000000000000, -0.000000000000000000, 1.000000000000000000 ) ) ;
#242 = FILL_AREA_STYLE_COLOUR ( '', #3702 ) ;
#243 = VECTOR ( 'NONE', #816, 1000.000000000000000 ) ;
#244 = EDGE_CURVE ( 'NONE', #9334, #12454, #12575, .T. ) ;
#245 = ORIENTED_EDGE ( 'NONE', *, *, #11199, .F. ) ;
#246 = PRESENTATION_LAYER_ASSIGNMENT (  '', '', ( #10649 ) ) ;
#247 = LINE ( 'NONE', #10152, #3096 ) ;
#248 = ORIENTED_EDGE ( 'NONE', *, *, #12576, .T. ) ;
#249 = DIRECTION ( 'NONE',  ( -0.000000000000000000, -0.000000000000000000, 1.000000000000000000 ) ) ;
#250 = VECTOR ( 'NONE', #8936, 1000.000000000000000 ) ;
#251 = ORIENTED_EDGE ( 'NONE', *, *, #5216, .F. ) ;
#252 = CARTESIAN_POINT ( 'NONE',  ( -1.023014168646321442, 0.4275827757330525891, -1.554913542985933539 ) ) ;
#253 =( GEOMETRIC_REPRESENTATION_CONTEXT ( 3 ) GLOBAL_UNCERTAINTY_ASSIGNED_CONTEXT ( ( #12462 ) ) GLOBAL_UNIT_ASSIGNED_CONTEXT ( ( #4740, #8810, #7872 ) ) REPRESENTATION_CONTEXT ( 'NONE', 'WORKASPACE' ) );
#254 = LINE ( 'NONE', #58, #8954 ) ;
#255 = DIRECTION ( 'NONE',  ( -1.000000000000000000, 0.000000000000000000, 0.000000000000000000 ) ) ;
#256 = CARTESIAN_POINT ( 'NONE',  ( -4.535000000000001030, 1.749999999999999778, -1.125000000000033973 ) ) ;
#257 = VECTOR ( 'NONE', #12694, 1000.000000000000000 ) ;
#258 = ADVANCED_FACE ( 'NONE', ( #7527 ), #3661, .F. ) ;
#259 = LINE ( 'NONE', #6237, #4431 ) ;
#260 = PRESENTATION_STYLE_ASSIGNMENT (( #10428 ) ) ;
#261 = STYLED_ITEM ( 'NONE', ( #11497 ), #7210 ) ;
#262 = ORIENTED_EDGE ( 'NONE', *, *, #563, .T. ) ;
#263 = CARTESIAN_POINT ( 'NONE',  ( 5.374999999950209606, 1.749999999999999778, 0.2249377794898753113 ) ) ;
#264 = MECHANICAL_DESIGN_GEOMETRIC_PRESENTATION_REPRESENTATION (  '', ( #5338 ), #3443 ) ;
#265 = VERTEX_POINT ( 'NONE', #1729 ) ;
#266 = DIRECTION ( 'NONE',  ( 0.000000000000000000, -0.7071067811865482389, 0.7071067811865469066 ) ) ;
#267 = CARTESIAN_POINT ( 'NONE',  ( 6.544999999999994600, 1.399999999999998579, 0.3500000000000039746 ) ) ;
#268 =( NAMED_UNIT ( * ) PLANE_ANGLE_UNIT ( ) SI_UNIT ( $, .RADIAN. ) );
#269 = PRESENTATION_LAYER_ASSIGNMENT (  '', '', ( #7477 ) ) ;
#270 = FILL_AREA_STYLE_COLOUR ( '', #1769 ) ;
#271 = CARTESIAN_POINT ( 'NONE',  ( -4.215000000000000746, 0.4500000000000002331, 6.098637220230963674E-17 ) ) ;
#272 = CARTESIAN_POINT ( 'NONE',  ( 3.284999999999998810, 0.1000000000000000056, 2.350000000000004530 ) ) ;
#273 = VECTOR ( 'NONE', #9972, 1000.000000000000000 ) ;
#274 = LINE ( 'NONE', #5576, #6870 ) ;
#275 = PLANE ( 'NONE',  #4765 ) ;
#276 = AXIS2_PLACEMENT_3D ( 'NONE', #9808, #711, #3288 ) ;
#277 = VECTOR ( 'NONE', #12281, 1000.000000000000000 ) ;
#278 = VERTEX_POINT ( 'NONE', #10723 ) ;
#279 = CARTESIAN_POINT ( 'NONE',  ( -0.4650000000000010236, 0.2999999999999999889, 1.850000000000004530 ) ) ;
#280 = ORIENTED_EDGE ( 'NONE', *, *, #8167, .F. ) ;
#281 = ORIENTED_EDGE ( 'NONE', *, *, #5474, .F. ) ;
#282 = FACE_OUTER_BOUND ( 'NONE', #8040, .T. ) ;
#283 =( GEOMETRIC_REPRESENTATION_CONTEXT ( 3 ) GLOBAL_UNCERTAINTY_ASSIGNED_CONTEXT ( ( #119 ) ) GLOBAL_UNIT_ASSIGNED_CONTEXT ( ( #3894, #6154, #8221 ) ) REPRESENTATION_CONTEXT ( 'NONE', 'WORKASPACE' ) );
#285 =( GEOMETRIC_REPRESENTATION_CONTEXT ( 3 ) GLOBAL_UNCERTAINTY_ASSIGNED_CONTEXT ( ( #8754 ) ) GLOBAL_UNIT_ASSIGNED_CONTEXT ( ( #10580, #10708, #1476 ) ) REPRESENTATION_CONTEXT ( 'NONE', 'WORKASPACE' ) );
#284 = CARTESIAN_POINT ( 'NONE',  ( 6.875000000000006217, 1.649999999999999023, -1.849999999999996092 ) ) ;
#286 = CARTESIAN_POINT ( 'NONE',  ( 1.814999999999999725, 4.000000000000000000, -0.9250000000000404565 ) ) ;
#287 = FILL_AREA_STYLE ('',( #4391 ) ) ;
#288 = DIRECTION ( 'NONE',  ( -0.000000000000000000, 1.000000000000000000, -0.000000000000000000 ) ) ;
#289 = CARTESIAN_POINT ( 'NONE',  ( 3.284999999999998810, 0.000000000000000000, 0.000000000000000000 ) ) ;
#290 = VECTOR ( 'NONE', #441, 1000.000000000000000 ) ;
#291 = CARTESIAN_POINT ( 'NONE',  ( -4.387500000000002842, 4.387500000000002842, 0.6500000000000034639 ) ) ;
#292 = SURFACE_STYLE_USAGE ( .BOTH. , #3272 ) ;
#293 = LINE ( 'NONE', #7668, #1147 ) ;
#294 = ADVANCED_FACE ( 'NONE', ( #6660 ), #422, .F. ) ;
#295 = MECHANICAL_DESIGN_GEOMETRIC_PRESENTATION_REPRESENTATION (  '', ( #8144 ), #4105 ) ;
#296 = CARTESIAN_POINT ( 'NONE',  ( -5.275000000000024336, 1.749999999999999778, -1.450000000000039702 ) ) ;
#297 = VECTOR ( 'NONE', #12769, 1000.000000000000000 ) ;
#298 = ORIENTED_EDGE ( 'NONE', *, *, #1373, .T. ) ;
#299 = AXIS2_PLACEMENT_3D ( 'NONE', #4190, #5087, #10239 ) ;
#300 = ORIENTED_EDGE ( 'NONE', *, *, #1620, .F. ) ;
#301 = ORIENTED_EDGE ( 'NONE', *, *, #10932, .T. ) ;
#302 = ORIENTED_EDGE ( 'NONE', *, *, #939, .F. ) ;
#303 = LINE ( 'NONE', #10403, #11186 ) ;
#304 = VECTOR ( 'NONE', #2980, 1000.000000000000000 ) ;
#305 = FILL_AREA_STYLE ('',( #379 ) ) ;
#306 = AXIS2_PLACEMENT_3D ( 'NONE', #9044, #3926, #7045 ) ;
#307 = PRESENTATION_STYLE_ASSIGNMENT (( #10405 ) ) ;
#308 =( NAMED_UNIT ( * ) SI_UNIT ( $, .STERADIAN. ) SOLID_ANGLE_UNIT ( ) );
#309 = ADVANCED_FACE ( 'NONE', ( #10839 ), #8591, .T. ) ;
#310 = PRESENTATION_STYLE_ASSIGNMENT (( #10204 ) ) ;
#311 = DIRECTION ( 'NONE',  ( 0.2133021165724272028, 0.9621436710723735297, 0.1696518885279465483 ) ) ;
#312 = SURFACE_STYLE_FILL_AREA ( #5609 ) ;
#313 = COLOUR_RGB ( '',1.000000000000000000, 0.8117647058823529438, 0.5019607843137254832 ) ;
#314 = DIRECTION ( 'NONE',  ( -1.000000000000000000, 0.000000000000000000, 1.176083712526648949E-16 ) ) ;
#315 = DIRECTION ( 'NONE',  ( -1.000000000000000000, -0.000000000000000000, -0.000000000000000000 ) ) ;
#316 = COLOUR_RGB ( '',1.000000000000000000, 1.000000000000000000, 1.000000000000000000 ) ;
#317 = ORIENTED_EDGE ( 'NONE', *, *, #3718, .F. ) ;
#318 = DIRECTION ( 'NONE',  ( -0.000000000000000000, 1.000000000000000000, -0.000000000000000000 ) ) ;
#319 = PRESENTATION_LAYER_ASSIGNMENT (  '', '', ( #76 ) ) ;
#320 = SURFACE_STYLE_FILL_AREA ( #9277 ) ;
#321 = ORIENTED_EDGE ( 'NONE', *, *, #3231, .T. ) ;
#322 = LINE ( 'NONE', #4355, #11070 ) ;
#323 = EDGE_CURVE ( 'NONE', #8692, #2939, #11097, .T. ) ;
#324 = EDGE_LOOP ( 'NONE', ( #11165, #7188, #7206, #3040 ) ) ;
#325 =( NAMED_UNIT ( * ) PLANE_ANGLE_UNIT ( ) SI_UNIT ( $, .RADIAN. ) );
#326 = CARTESIAN_POINT ( 'NONE',  ( 0.7849999999999992539, 0.3499999999999999223, 2.350000000000004530 ) ) ;
#327 = DIRECTION ( 'NONE',  ( -1.000000000000000000, 6.570922257487672349E-16, -0.000000000000000000 ) ) ;
#328 = PLANE ( 'NONE',  #2045 ) ;
#329 = EDGE_CURVE ( 'NONE', #7806, #1872, #1864, .T. ) ;
#330 = CYLINDRICAL_SURFACE ( 'NONE', #2797, 0.09999999995018510335 ) ;
#331 = UNCERTAINTY_MEASURE_WITH_UNIT (LENGTH_MEASURE( 1.000000000000000082E-05 ), #5830, 'distance_accuracy_value', 'NONE');
#332 = AXIS2_PLACEMENT_3D ( 'NONE', #11666, #7464, #10733 ) ;
#333 = CARTESIAN_POINT ( 'NONE',  ( 6.975000000000007638, 1.750000000000001554, -1.849999999999996980 ) ) ;
#334 = CARTESIAN_POINT ( 'NONE',  ( 7.375000000000001776, 24.60698852501704437, 0.9499999999999968470 ) ) ;
#335 = LINE ( 'NONE', #7373, #13031 ) ;
#336 = COLOUR_RGB ( '',0.7921568627450980005, 0.8196078431372548767, 0.9333333333333333481 ) ;
#337 = PLANE ( 'NONE',  #7975 ) ;
#338 = ORIENTED_EDGE ( 'NONE', *, *, #11805, .F. ) ;
#339 = VECTOR ( 'NONE', #5515, 1000.000000000000000 ) ;
#340 = VERTEX_POINT ( 'NONE', #1994 ) ;
#341 = EDGE_CURVE ( 'NONE', #6785, #11803, #7914, .T. ) ;
#342 = VERTEX_POINT ( 'NONE', #3046 ) ;
#343 = DIRECTION ( 'NONE',  ( 0.000000000000000000, 0.000000000000000000, -1.000000000000000000 ) ) ;
#344 = DIRECTION ( 'NONE',  ( 0.000000000000000000, -1.355252715606880049E-16, 1.000000000000000000 ) ) ;
#345 =( NAMED_UNIT ( * ) SI_UNIT ( $, .STERADIAN. ) SOLID_ANGLE_UNIT ( ) );
#346 = VECTOR ( 'NONE', #2079, 1000.000000000000000 ) ;
#347 = CARTESIAN_POINT ( 'NONE',  ( 1.934999999999999165, 3.999999999999999112, -0.5250000000000403233 ) ) ;
#348 = PRESENTATION_LAYER_ASSIGNMENT (  '', '', ( #12444 ) ) ;
#349 = LINE ( 'NONE', #6450, #6746 ) ;
#350 = CARTESIAN_POINT ( 'NONE',  ( 0.000000000000000000, 2.600000000000005862, -1.850000000000001865 ) ) ;
#351 = CARTESIAN_POINT ( 'NONE',  ( -0.4650000000000010236, 0.000000000000000000, 2.350000000000004530 ) ) ;
#352 = SURFACE_STYLE_USAGE ( .BOTH. , #12636 ) ;
#353 = EDGE_CURVE ( 'NONE', #5268, #5079, #12049, .T. ) ;
#354 = ORIENTED_EDGE ( 'NONE', *, *, #7355, .F. ) ;
#355 = SURFACE_STYLE_USAGE ( .BOTH. , #2139 ) ;
#356 = VERTEX_POINT ( 'NONE', #5975 ) ;
#357 = ORIENTED_EDGE ( 'NONE', *, *, #7631, .F. ) ;
#358 = FACE_OUTER_BOUND ( 'NONE', #6738, .T. ) ;
#359 = LINE ( 'NONE', #8071, #1533 ) ;
#360 = DIRECTION ( 'NONE',  ( -0.7071067811865471286, 0.7071067811865479058, 8.316167683706431825E-17 ) ) ;
#361 =( NAMED_UNIT ( * ) SI_UNIT ( $, .STERADIAN. ) SOLID_ANGLE_UNIT ( ) );
#362 = PRESENTATION_LAYER_ASSIGNMENT (  '', '', ( #10540 ) ) ;
#363 =( LENGTH_UNIT ( ) NAMED_UNIT ( * ) SI_UNIT ( .MILLI., .METRE. ) );
#364 = VECTOR ( 'NONE', #11217, 1000.000000000000000 ) ;
#366 = CARTESIAN_POINT ( 'NONE',  ( -0.7850000000000010303, 0.3499999999999999223, 2.350000000000004530 ) ) ;
#365 = UNCERTAINTY_MEASURE_WITH_UNIT (LENGTH_MEASURE( 1.000000000000000082E-05 ), #6165, 'distance_accuracy_value', 'NONE');
#367 = DIRECTION ( 'NONE',  ( -0.000000000000000000, 0.000000000000000000, 1.000000000000000000 ) ) ;
#368 = FACE_OUTER_BOUND ( 'NONE', #13053, .T. ) ;
#369 = FILL_AREA_STYLE ('',( #12465 ) ) ;
#370 = LINE ( 'NONE', #9727, #12006 ) ;
#371 = ORIENTED_EDGE ( 'NONE', *, *, #6123, .F. ) ;
#372 = LINE ( 'NONE', #2279, #11572 ) ;
#373 = MECHANICAL_DESIGN_GEOMETRIC_PRESENTATION_REPRESENTATION (  '', ( #8838 ), #3531 ) ;
#374 = ORIENTED_EDGE ( 'NONE', *, *, #6260, .F. ) ;
#375 = ORIENTED_EDGE ( 'NONE', *, *, #799, .F. ) ;
#376 = VERTEX_POINT ( 'NONE', #7111 ) ;
#377 =( NAMED_UNIT ( * ) PLANE_ANGLE_UNIT ( ) SI_UNIT ( $, .RADIAN. ) );
#378 = PRESENTATION_LAYER_ASSIGNMENT (  '', '', ( #9714 ) ) ;
#379 = FILL_AREA_STYLE_COLOUR ( '', #1730 ) ;
#380 =( LENGTH_UNIT ( ) NAMED_UNIT ( * ) SI_UNIT ( .MILLI., .METRE. ) );
#381 = CARTESIAN_POINT ( 'NONE',  ( -5.275000000000024336, 3.700000000000000178, 0.000000000000000000 ) ) ;
#382 = ADVANCED_FACE ( 'NONE', ( #10971 ), #3423, .F. ) ;
#383 = VECTOR ( 'NONE', #1492, 999.9999999999998863 ) ;
#384 = ORIENTED_EDGE ( 'NONE', *, *, #5598, .F. ) ;
#385 = EDGE_CURVE ( 'NONE', #6544, #5760, #4774, .T. ) ;
#386 = CARTESIAN_POINT ( 'NONE',  ( 6.444999999999995843, 24.60698852501704437, -1.849999999999996758 ) ) ;
#387 = VECTOR ( 'NONE', #4019, 1000.000000000000000 ) ;
#388 = ORIENTED_EDGE ( 'NONE', *, *, #6628, .T. ) ;
#389 = CARTESIAN_POINT ( 'NONE',  ( -2.965000000000000746, 0.000000000000000000, -1.125000000000033973 ) ) ;
#390 = VERTEX_POINT ( 'NONE', #9970 ) ;
#391 = FACE_OUTER_BOUND ( 'NONE', #5808, .T. ) ;
#392 = SURFACE_SIDE_STYLE ('',( #9496 ) ) ;
#393 = CARTESIAN_POINT ( 'NONE',  ( 6.544999999999994600, 1.399999999999998579, -1.749999999999997558 ) ) ;
#394 =( NAMED_UNIT ( * ) SI_UNIT ( $, .STERADIAN. ) SOLID_ANGLE_UNIT ( ) );
#395 = FILL_AREA_STYLE_COLOUR ( '', #10346 ) ;
#396 = STYLED_ITEM ( 'NONE', ( #11777 ), #5681 ) ;
#397 = FILL_AREA_STYLE_COLOUR ( '', #2379 ) ;
#398 = CARTESIAN_POINT ( 'NONE',  ( -6.544999999999994600, 0.4500000000000015099, 0.3500000000000039746 ) ) ;
#399 = DIRECTION ( 'NONE',  ( 0.000000000000000000, -0.9848077530122087975, -0.1736481776669268895 ) ) ;
#400 = LINE ( 'NONE', #5218, #11134 ) ;
#401 = ADVANCED_FACE ( 'NONE', ( #12902 ), #3791, .F. ) ;
#402 = DIRECTION ( 'NONE',  ( 0.000000000000000000, 0.000000000000000000, -1.000000000000000000 ) ) ;
#403 = ORIENTED_EDGE ( 'NONE', *, *, #11224, .T. ) ;
#404 = EDGE_CURVE ( 'NONE', #2474, #8225, #7382, .T. ) ;
#405 = AXIS2_PLACEMENT_3D ( 'NONE', #7419, #5478, #2485 ) ;
#406 = ORIENTED_EDGE ( 'NONE', *, *, #9395, .F. ) ;
#407 = CARTESIAN_POINT ( 'NONE',  ( -2.035000000000000586, -1.125000000000002442, 1.125000000000004663 ) ) ;
#408 = ORIENTED_EDGE ( 'NONE', *, *, #5679, .F. ) ;
#409 = SURFACE_SIDE_STYLE ('',( #6444 ) ) ;
#410 = CARTESIAN_POINT ( 'NONE',  ( -6.875000000000006217, 1.650000000000000799, -1.749999999999996003 ) ) ;
#411 = DIRECTION ( 'NONE',  ( -1.000000000000000000, 0.000000000000000000, 0.000000000000000000 ) ) ;
#412 = CARTESIAN_POINT ( 'NONE',  ( -6.544999999999994600, 1.650000000000000577, 0.3500000000000039746 ) ) ;
#413 = ADVANCED_FACE ( 'NONE', ( #9445 ), #9367, .F. ) ;
#414 = FILL_AREA_STYLE_COLOUR ( '', #3939 ) ;
#415 = EDGE_CURVE ( 'NONE', #11019, #5906, #10306, .T. ) ;
#416 = ADVANCED_FACE ( 'NONE', ( #10173 ), #3316, .T. ) ;
#417 = VERTEX_POINT ( 'NONE', #4183 ) ;
#418 = ORIENTED_EDGE ( 'NONE', *, *, #3786, .T. ) ;
#419 = VERTEX_POINT ( 'NONE', #1661 ) ;
#420 = CARTESIAN_POINT ( 'NONE',  ( 6.344999999999994422, 1.199999999999998623, -1.749999999999997558 ) ) ;
#421 = DIRECTION ( 'NONE',  ( 1.000000000000000000, -0.000000000000000000, 0.000000000000000000 ) ) ;
#422 = PLANE ( 'NONE',  #8932 ) ;
#423 = SURFACE_STYLE_USAGE ( .BOTH. , #9388 ) ;
#424 = CARTESIAN_POINT ( 'NONE',  ( 4.925000000000019362, 3.700000000000000178, 1.549999999999988942 ) ) ;
#425 = STYLED_ITEM ( 'NONE', ( #6568 ), #6058 ) ;
#426 = ADVANCED_FACE ( 'NONE', ( #4435 ), #6576, .F. ) ;
#427 = CARTESIAN_POINT ( 'NONE',  ( -6.094999999999994422, 1.649999999999999023, -1.749999999999996003 ) ) ;
#428 = DIRECTION ( 'NONE',  ( 0.000000000000000000, 0.000000000000000000, -1.000000000000000000 ) ) ;
#429 = CARTESIAN_POINT ( 'NONE',  ( 5.875000000000001776, 2.100000000000005862, -1.550000000000004929 ) ) ;
#430 = ADVANCED_FACE ( 'NONE', ( #7586 ), #10579, .T. ) ;
#431 = CARTESIAN_POINT ( 'NONE',  ( 0.7849999999999992539, 0.4499999999999999556, 2.250000000000004441 ) ) ;
#432 = ORIENTED_EDGE ( 'NONE', *, *, #12970, .F. ) ;
#433 = CARTESIAN_POINT ( 'NONE',  ( -6.544999999999994600, 1.200000000000000178, 0.3500000000000039746 ) ) ;
#434 = ORIENTED_EDGE ( 'NONE', *, *, #9578, .T. ) ;
#435 = ORIENTED_EDGE ( 'NONE', *, *, #8037, .T. ) ;
#436 = ORIENTED_EDGE ( 'NONE', *, *, #9440, .T. ) ;
#437 = CARTESIAN_POINT ( 'NONE',  ( 4.535000000000000142, 4.000000000000000000, 0.000000000000000000 ) ) ;
#438 = LINE ( 'NONE', #8611, #477 ) ;
#439 = EDGE_CURVE ( 'NONE', #6918, #4148, #10512, .T. ) ;
#440 = SURFACE_STYLE_FILL_AREA ( #3209 ) ;
#441 = DIRECTION ( 'NONE',  ( 0.000000000000000000, -1.000000000000000000, 0.000000000000000000 ) ) ;
#442 = CARTESIAN_POINT ( 'NONE',  ( -5.212426537614711641, 0.4932555058087333966, -1.543333668776806888 ) ) ;
#443 = EDGE_CURVE ( 'NONE', #7003, #1034, #2573, .T. ) ;
#444 = AXIS2_PLACEMENT_3D ( 'NONE', #4748, #13062, #1839 ) ;
#445 = EDGE_LOOP ( 'NONE', ( #12623, #4481, #7909, #3071, #6095, #11115, #10401, #9999, #7155, #2922, #1049, #20, #7657, #4057, #9469, #5471, #3482, #12674 ) ) ;
#446 =( NAMED_UNIT ( * ) SI_UNIT ( $, .STERADIAN. ) SOLID_ANGLE_UNIT ( ) );
#447 = CARTESIAN_POINT ( 'NONE',  ( 6.544999999999994600, 0.2500000000000001110, 0.3500000000000039746 ) ) ;
#448 = VERTEX_POINT ( 'NONE', #9707 ) ;
#449 = LINE ( 'NONE', #12486, #2767 ) ;
#450 = ORIENTED_EDGE ( 'NONE', *, *, #4824, .F. ) ;
#451 = DIRECTION ( 'NONE',  ( 0.000000000000000000, 0.000000000000000000, -1.000000000000000000 ) ) ;
#452 = SURFACE_SIDE_STYLE ('',( #7634 ) ) ;
#453 = DIRECTION ( 'NONE',  ( 0.000000000000000000, -4.814824860968089633E-32, -1.000000000000000000 ) ) ;
#454 = CARTESIAN_POINT ( 'NONE',  ( 0.7849999999999992539, 0.000000000000000000, 2.350000000000004530 ) ) ;
#455 = SURFACE_STYLE_FILL_AREA ( #5288 ) ;
#456 = DIRECTION ( 'NONE',  ( -0.3420201433256629953, 0.9396926207859105373, 0.000000000000000000 ) ) ;
#457 = UNCERTAINTY_MEASURE_WITH_UNIT (LENGTH_MEASURE( 1.000000000000000082E-05 ), #11273, 'distance_accuracy_value', 'NONE');
#458 = VECTOR ( 'NONE', #13030, 1000.000000000000000 ) ;
#459 = CARTESIAN_POINT ( 'NONE',  ( -0.4650000000000010236, 0.000000000000000000, -1.125000000000033973 ) ) ;
#460 = DIRECTION ( 'NONE',  ( -1.000000000000000000, 0.000000000000000000, -0.000000000000000000 ) ) ;
#461 =( NAMED_UNIT ( * ) SI_UNIT ( $, .STERADIAN. ) SOLID_ANGLE_UNIT ( ) );
#462 = VECTOR ( 'NONE', #2268, 1000.000000000000000 ) ;
#463 = DIRECTION ( 'NONE',  ( 5.052592648476138302E-15, -1.000000000000000000, -0.000000000000000000 ) ) ;
#464 = VERTEX_POINT ( 'NONE', #3644 ) ;
#465 = COLOUR_RGB ( '',1.000000000000000000, 1.000000000000000000, 1.000000000000000000 ) ;
#466 = ORIENTED_EDGE ( 'NONE', *, *, #722, .T. ) ;
#467 = CARTESIAN_POINT ( 'NONE',  ( 0.7849999999999992539, 0.2787990747163040517, -1.581148123764847258 ) ) ;
#468 = ORIENTED_EDGE ( 'NONE', *, *, #9303, .F. ) ;
#469 = SURFACE_STYLE_FILL_AREA ( #1713 ) ;
#470 = CARTESIAN_POINT ( 'NONE',  ( 6.544999999999994600, 1.199999999999998623, 0.3500000000000039746 ) ) ;
#471 = VECTOR ( 'NONE', #5229, 1000.000000000000114 ) ;
#472 = SURFACE_SIDE_STYLE ('',( #5635 ) ) ;
#473 = EDGE_CURVE ( 'NONE', #12911, #5562, #12753, .T. ) ;
#474 = DIRECTION ( 'NONE',  ( 0.000000000000000000, 1.000000000000000000, 0.000000000000000000 ) ) ;
#475 =( NAMED_UNIT ( * ) PLANE_ANGLE_UNIT ( ) SI_UNIT ( $, .RADIAN. ) );
#476 = EDGE_CURVE ( 'NONE', #718, #1685, #6641, .T. ) ;
#477 = VECTOR ( 'NONE', #4466, 1000.000000000000000 ) ;
#478 = VECTOR ( 'NONE', #8178, 1000.000000000000000 ) ;
#479 = CARTESIAN_POINT ( 'NONE',  ( -6.094999999999994422, 1.649999999999999023, 0.3500000000000039746 ) ) ;
#480 = LINE ( 'NONE', #4642, #8927 ) ;
#481 = CARTESIAN_POINT ( 'NONE',  ( 1.714999999999999414, 0.1000000000000000056, 2.350000000000004530 ) ) ;
#482 = ORIENTED_EDGE ( 'NONE', *, *, #7223, .T. ) ;
#483 = VECTOR ( 'NONE', #10457, 1000.000000000000000 ) ;
#484 = ORIENTED_EDGE ( 'NONE', *, *, #3858, .F. ) ;
#485 = ORIENTED_EDGE ( 'NONE', *, *, #5418, .F. ) ;
#486 = VECTOR ( 'NONE', #6162, 1000.000000000000000 ) ;
#487 = SURFACE_STYLE_FILL_AREA ( #6658 ) ;
#488 = SURFACE_SIDE_STYLE ('',( #6589 ) ) ;
#489 = DIRECTION ( 'NONE',  ( -0.000000000000000000, 0.000000000000000000, -1.000000000000000000 ) ) ;
#490 = CARTESIAN_POINT ( 'NONE',  ( -5.275000000000025224, 4.400000000000000355, -0.7249377794898657079 ) ) ;
#492 = SURFACE_SIDE_STYLE ('',( #12463 ) ) ;
#491 = UNCERTAINTY_MEASURE_WITH_UNIT (LENGTH_MEASURE( 1.000000000000000082E-05 ), #1612, 'distance_accuracy_value', 'NONE');
#493 = FACE_OUTER_BOUND ( 'NONE', #8702, .T. ) ;
#494 = FILL_AREA_STYLE ('',( #6594 ) ) ;
#495 = CARTESIAN_POINT ( 'NONE',  ( 6.875000000000006217, 1.649999999999999023, 0.3500000000000039746 ) ) ;
#496 = VECTOR ( 'NONE', #10347, 1000.000000000000227 ) ;
#497 = DIRECTION ( 'NONE',  ( 0.000000000000000000, -0.7071067811865482389, -0.7071067811865469066 ) ) ;
#498 = ORIENTED_EDGE ( 'NONE', *, *, #12197, .F. ) ;
#499 =( NAMED_UNIT ( * ) SI_UNIT ( $, .STERADIAN. ) SOLID_ANGLE_UNIT ( ) );
#500 = VECTOR ( 'NONE', #6909, 1000.000000000000000 ) ;
#501 = ORIENTED_EDGE ( 'NONE', *, *, #8619, .F. ) ;
#502 = ORIENTED_EDGE ( 'NONE', *, *, #2631, .T. ) ;
#503 = ORIENTED_EDGE ( 'NONE', *, *, #6517, .F. ) ;
#505 = EDGE_CURVE ( 'NONE', #5877, #2360, #2378, .T. ) ;
#504 = VECTOR ( 'NONE', #12663, 1000.000000000000000 ) ;
#506 = DIRECTION ( 'NONE',  ( -0.000000000000000000, 1.000000000000000000, 0.000000000000000000 ) ) ;
#507 =( LENGTH_UNIT ( ) NAMED_UNIT ( * ) SI_UNIT ( .MILLI., .METRE. ) );
#508 = FILL_AREA_STYLE ('',( #572 ) ) ;
#509 = VECTOR ( 'NONE', #8329, 1000.000000000000000 ) ;
#510 = FILL_AREA_STYLE_COLOUR ( '', #3577 ) ;
#511 = MECHANICAL_DESIGN_GEOMETRIC_PRESENTATION_REPRESENTATION (  '', ( #5365 ), #285 ) ;
#512 = CARTESIAN_POINT ( 'NONE',  ( -5.375000000000000888, -1.029563014098701546, 1.850000000000001421 ) ) ;
#513 = DIRECTION ( 'NONE',  ( -0.000000000000000000, 1.000000000000000000, -0.000000000000000000 ) ) ;
#514 = VECTOR ( 'NONE', #367, 1000.000000000000000 ) ;
#515 = ORIENTED_EDGE ( 'NONE', *, *, #4678, .T. ) ;
#516 = EDGE_CURVE ( 'NONE', #10893, #12571, #5507, .T. ) ;
#517 = VECTOR ( 'NONE', #1343, 1000.000000000000000 ) ;
#518 = FILL_AREA_STYLE_COLOUR ( '', #1636 ) ;
#519 = ORIENTED_EDGE ( 'NONE', *, *, #12451, .T. ) ;
#520 = CARTESIAN_POINT ( 'NONE',  ( 5.875000000000004441, 0.2999999999999999889, -1.850000000000001865 ) ) ;
#521 = ORIENTED_EDGE ( 'NONE', *, *, #5799, .T. ) ;
#522 =( NAMED_UNIT ( * ) PLANE_ANGLE_UNIT ( ) SI_UNIT ( $, .RADIAN. ) );
#523 = DIRECTION ( 'NONE',  ( 1.000000000000000000, -0.000000000000000000, 0.000000000000000000 ) ) ;
#524 = DIRECTION ( 'NONE',  ( 0.000000000000000000, -0.000000000000000000, 1.000000000000000000 ) ) ;
#525 =( NAMED_UNIT ( * ) PLANE_ANGLE_UNIT ( ) SI_UNIT ( $, .RADIAN. ) );
#526 = STYLED_ITEM ( 'NONE', ( #12227 ), #9580 ) ;
#527 = PRESENTATION_STYLE_ASSIGNMENT (( #3627 ) ) ;
#528 = AXIS2_PLACEMENT_3D ( 'NONE', #1007, #2918, #10177 ) ;
#529 = CARTESIAN_POINT ( 'NONE',  ( -2.035000000000000586, 3.548929149633788249, 0.000000000000000000 ) ) ;
#530 = CARTESIAN_POINT ( 'NONE',  ( 0.4649999999999992473, 0.000000000000000000, 2.350000000000004530 ) ) ;
#531 = CARTESIAN_POINT ( 'NONE',  ( -5.275000000000024336, 1.749999999999999778, 0.9499999999999869660 ) ) ;
#532 = ORIENTED_EDGE ( 'NONE', *, *, #11265, .F. ) ;
#533 = PRESENTATION_LAYER_ASSIGNMENT (  '', '', ( #3276 ) ) ;
#534 = VERTEX_POINT ( 'NONE', #3713 ) ;
#535 = VERTEX_POINT ( 'NONE', #11498 ) ;
#536 = AXIS2_PLACEMENT_3D ( 'NONE', #7300, #5497, #11633 ) ;
#537 = CARTESIAN_POINT ( 'NONE',  ( 1.714999999999999414, 0.4499999999999999556, 2.250000000000004441 ) ) ;
#538 = SURFACE_STYLE_FILL_AREA ( #9641 ) ;
#539 = EDGE_CURVE ( 'NONE', #12796, #9509, #5569, .T. ) ;
#540 = DIRECTION ( 'NONE',  ( -0.7071067811865405783, 0.000000000000000000, 0.7071067811865544561 ) ) ;
#541 = CARTESIAN_POINT ( 'NONE',  ( -7.574999999999993960, 3.686287386450715076E-15, -1.849999999999996092 ) ) ;
#542 =( NAMED_UNIT ( * ) SI_UNIT ( $, .STERADIAN. ) SOLID_ANGLE_UNIT ( ) );
#543 = DIRECTION ( 'NONE',  ( 0.000000000000000000, 0.9848077530122087975, -0.1736481776669264454 ) ) ;
#544 = FILL_AREA_STYLE_COLOUR ( '', #866 ) ;
#545 = VECTOR ( 'NONE', #7411, 1000.000000000000000 ) ;
#546 = ORIENTED_EDGE ( 'NONE', *, *, #9538, .F. ) ;
#547 = CARTESIAN_POINT ( 'NONE',  ( -6.544999999999994600, 1.650000000000000577, -1.849999999999996092 ) ) ;
#548 = ADVANCED_FACE ( 'NONE', ( #604 ), #3517, .F. ) ;
#549 = COLOUR_RGB ( '',1.000000000000000000, 0.8117647058823529438, 0.5019607843137254832 ) ;
#550 = VERTEX_POINT ( 'NONE', #6767 ) ;
#551 = ORIENTED_EDGE ( 'NONE', *, *, #353, .T. ) ;
#552 = SURFACE_STYLE_FILL_AREA ( #5247 ) ;
#553 = CARTESIAN_POINT ( 'NONE',  ( -5.875000000000001776, 2.900000000000003020, 0.9500000000000011768 ) ) ;
#554 = FILL_AREA_STYLE_COLOUR ( '', #5124 ) ;
#555 = LINE ( 'NONE', #6337, #3657 ) ;
#556 = CARTESIAN_POINT ( 'NONE',  ( 5.875000000000003553, 2.400000000000007017, 0.9500000000000005107 ) ) ;
#557 = PLANE ( 'NONE',  #1364 ) ;
#558 = LINE ( 'NONE', #5315, #9638 ) ;
#559 = LINE ( 'NONE', #495, #6861 ) ;
#560 =( GEOMETRIC_REPRESENTATION_CONTEXT ( 3 ) GLOBAL_UNCERTAINTY_ASSIGNED_CONTEXT ( ( #2722 ) ) GLOBAL_UNIT_ASSIGNED_CONTEXT ( ( #12438, #3170, #9298 ) ) REPRESENTATION_CONTEXT ( 'NONE', 'WORKASPACE' ) );
#561 = CARTESIAN_POINT ( 'NONE',  ( -6.544999999999994600, 0.4500000000000015099, 0.3500000000000039746 ) ) ;
#562 = EDGE_CURVE ( 'NONE', #7, #7689, #2165, .T. ) ;
#563 = EDGE_CURVE ( 'NONE', #4343, #12061, #5957, .T. ) ;
#564 = ORIENTED_EDGE ( 'NONE', *, *, #12348, .T. ) ;
#565 = EDGE_CURVE ( 'NONE', #7823, #4151, #9822, .T. ) ;
#566 = VERTEX_POINT ( 'NONE', #13071 ) ;
#567 = VERTEX_POINT ( 'NONE', #9023 ) ;
#568 = VERTEX_POINT ( 'NONE', #12886 ) ;
#569 = STYLED_ITEM ( 'NONE', ( #8825 ), #10695 ) ;
#570 = DIRECTION ( 'NONE',  ( -1.000000000000000000, 0.000000000000000000, 3.469446951953615372E-15 ) ) ;
#571 = DIRECTION ( 'NONE',  ( 0.000000000000000000, -1.355252715606880049E-16, 1.000000000000000000 ) ) ;
#572 = FILL_AREA_STYLE_COLOUR ( '', #8774 ) ;
#573 =( LENGTH_UNIT ( ) NAMED_UNIT ( * ) SI_UNIT ( .MILLI., .METRE. ) );
#574 = SURFACE_STYLE_USAGE ( .BOTH. , #10549 ) ;
#575 = ADVANCED_FACE ( 'NONE', ( #5825 ), #3978, .F. ) ;
#576 = VECTOR ( 'NONE', #11944, 1000.000000000000000 ) ;
#577 = COLOUR_RGB ( '',1.000000000000000000, 1.000000000000000000, 1.000000000000000000 ) ;
#578 = ADVANCED_FACE ( 'NONE', ( #914 ), #789, .F. ) ;
#579 = ADVANCED_FACE ( 'NONE', ( #8029 ), #3906, .T. ) ;
#580 = ORIENTED_EDGE ( 'NONE', *, *, #11609, .T. ) ;
#581 = FILL_AREA_STYLE ('',( #518 ) ) ;
#582 = VERTEX_POINT ( 'NONE', #10828 ) ;
#583 = DIRECTION ( 'NONE',  ( 0.000000000000000000, 1.000000000000000000, 0.000000000000000000 ) ) ;
#584 = ORIENTED_EDGE ( 'NONE', *, *, #9538, .T. ) ;
#585 = CARTESIAN_POINT ( 'NONE',  ( -5.875000000000001776, 0.000000000000000000, 1.850000000000001421 ) ) ;
#586 = PRESENTATION_LAYER_ASSIGNMENT (  '', '', ( #10778 ) ) ;
#587 = CARTESIAN_POINT ( 'NONE',  ( 1.814999999999999725, 4.000000000000000000, -0.5250000000000403233 ) ) ;
#588 = PLANE ( 'NONE',  #3099 ) ;
#589 = CARTESIAN_POINT ( 'NONE',  ( 7.374999999999995559, 3.281777730845507692E-15, -1.850000000000001865 ) ) ;
#590 = UNCERTAINTY_MEASURE_WITH_UNIT (LENGTH_MEASURE( 1.000000000000000082E-05 ), #4984, 'distance_accuracy_value', 'NONE');
#591 = CARTESIAN_POINT ( 'NONE',  ( 1.714999999999999414, -1.579062136966065191E-17, -0.3250000000000473066 ) ) ;
#592 = ADVANCED_FACE ( 'NONE', ( #2761 ), #7892, .T. ) ;
#593 = STYLED_ITEM ( 'NONE', ( #11591 ), #5506 ) ;
#594 = AXIS2_PLACEMENT_3D ( 'NONE', #12000, #6135, #11051 ) ;
#595 = CARTESIAN_POINT ( 'NONE',  ( 5.275000000000024336, 4.400000000000000355, -1.450000000000041034 ) ) ;
#596 = PRESENTATION_STYLE_ASSIGNMENT (( #8889 ) ) ;
#597 = ORIENTED_EDGE ( 'NONE', *, *, #8737, .T. ) ;
#598 =( GEOMETRIC_REPRESENTATION_CONTEXT ( 3 ) GLOBAL_UNCERTAINTY_ASSIGNED_CONTEXT ( ( #4844 ) ) GLOBAL_UNIT_ASSIGNED_CONTEXT ( ( #4676, #9561, #7635 ) ) REPRESENTATION_CONTEXT ( 'NONE', 'WORKASPACE' ) );
#599 = ORIENTED_EDGE ( 'NONE', *, *, #12034, .F. ) ;
#600 = CARTESIAN_POINT ( 'NONE',  ( 1.714999999999999414, 2.865743636076471645, -0.3250000000000474731 ) ) ;
#601 = ORIENTED_EDGE ( 'NONE', *, *, #5882, .T. ) ;
#602 = PLANE ( 'NONE',  #12459 ) ;
#603 = DIRECTION ( 'NONE',  ( 0.000000000000000000, 0.000000000000000000, -1.000000000000000000 ) ) ;
#604 = FACE_OUTER_BOUND ( 'NONE', #7398, .T. ) ;
#605 = SURFACE_STYLE_FILL_AREA ( #10638 ) ;
#606 = MECHANICAL_DESIGN_GEOMETRIC_PRESENTATION_REPRESENTATION (  '', ( #5243 ), #6953 ) ;
#607 = DIRECTION ( 'NONE',  ( -1.000000000000000000, 2.022548278026049936E-15, -0.000000000000000000 ) ) ;
#608 =( NAMED_UNIT ( * ) SI_UNIT ( $, .STERADIAN. ) SOLID_ANGLE_UNIT ( ) );
#609 = DIRECTION ( 'NONE',  ( 0.7071067811865471286, 0.7071067811865479058, 0.000000000000000000 ) ) ;
#610 = COLOUR_RGB ( '',1.000000000000000000, 0.8117647058823529438, 0.5019607843137254832 ) ;
#611 =( NAMED_UNIT ( * ) PLANE_ANGLE_UNIT ( ) SI_UNIT ( $, .RADIAN. ) );
#612 = ORIENTED_EDGE ( 'NONE', *, *, #1225, .F. ) ;
#613 =( NAMED_UNIT ( * ) PLANE_ANGLE_UNIT ( ) SI_UNIT ( $, .RADIAN. ) );
#614 = ORIENTED_EDGE ( 'NONE', *, *, #8818, .T. ) ;
#615 = VERTEX_POINT ( 'NONE', #3229 ) ;
#616 = FILL_AREA_STYLE_COLOUR ( '', #4073 ) ;
#617 = CARTESIAN_POINT ( 'NONE',  ( 6.544999999999994600, 1.199999999999998623, -1.849999999999996092 ) ) ;
#618 = EDGE_CURVE ( 'NONE', #12290, #8984, #3029, .T. ) ;
#619 = FACE_OUTER_BOUND ( 'NONE', #12472, .T. ) ;
#621 = DIRECTION ( 'NONE',  ( -0.000000000000000000, -0.000000000000000000, 1.000000000000000000 ) ) ;
#620 = UNCERTAINTY_MEASURE_WITH_UNIT (LENGTH_MEASURE( 1.000000000000000082E-05 ), #6627, 'distance_accuracy_value', 'NONE');
#622 =( LENGTH_UNIT ( ) NAMED_UNIT ( * ) SI_UNIT ( .MILLI., .METRE. ) );
#623 = FILL_AREA_STYLE ('',( #6469 ) ) ;
#624 = DIRECTION ( 'NONE',  ( -0.000000000000000000, -0.000000000000000000, 1.000000000000000000 ) ) ;
#625 = ORIENTED_EDGE ( 'NONE', *, *, #8600, .F. ) ;
#626 =( NAMED_UNIT ( * ) PLANE_ANGLE_UNIT ( ) SI_UNIT ( $, .RADIAN. ) );
#627 = VERTEX_POINT ( 'NONE', #12231 ) ;
#628 = ORIENTED_EDGE ( 'NONE', *, *, #8265, .T. ) ;
#629 = VERTEX_POINT ( 'NONE', #5352 ) ;
#630 = PLANE ( 'NONE',  #12250 ) ;
#631 = ADVANCED_FACE ( 'NONE', ( #7162 ), #128, .T. ) ;
#632 = DIRECTION ( 'NONE',  ( 0.000000000000000000, 0.000000000000000000, -1.000000000000000000 ) ) ;
#633 = EDGE_CURVE ( 'NONE', #1109, #8559, #4099, .T. ) ;
#634 = FACE_OUTER_BOUND ( 'NONE', #7005, .T. ) ;
#635 = CARTESIAN_POINT ( 'NONE',  ( -3.962426537614711197, 0.4932555058087333966, -1.543333668776806888 ) ) ;
#636 = LINE ( 'NONE', #6999, #9411 ) ;
#637 = EDGE_CURVE ( 'NONE', #12213, #10632, #4497, .T. ) ;
#638 = PRESENTATION_LAYER_ASSIGNMENT (  '', '', ( #425 ) ) ;
#639 = EDGE_LOOP ( 'NONE', ( #1036, #9087, #8901, #11185 ) ) ;
#640 = PLANE ( 'NONE',  #2009 ) ;
#641 = PLANE ( 'NONE',  #12877 ) ;
#642 = ORIENTED_EDGE ( 'NONE', *, *, #5896, .F. ) ;
#643 = SURFACE_STYLE_USAGE ( .BOTH. , #11820 ) ;
#644 = ORIENTED_EDGE ( 'NONE', *, *, #7062, .F. ) ;
#645 = LINE ( 'NONE', #9690, #5645 ) ;
#646 = LINE ( 'NONE', #10874, #2598 ) ;
#647 = SURFACE_STYLE_USAGE ( .BOTH. , #9749 ) ;
#648 = CARTESIAN_POINT ( 'NONE',  ( -6.544999999999994600, 0.4500000000000015099, 0.3500000000000039746 ) ) ;
#649 = CARTESIAN_POINT ( 'NONE',  ( 5.374999999950209606, 1.749999999999999778, 0.2249377794898753113 ) ) ;
#650 = CARTESIAN_POINT ( 'NONE',  ( 7.374999999999994671, 3.755083101769488084E-15, 0.3500000000000079714 ) ) ;
#651 = EDGE_CURVE ( 'NONE', #566, #11019, #10289, .T. ) ;
#652 = CARTESIAN_POINT ( 'NONE',  ( 5.375000000000002665, -1.029563014098701546, -1.850000000000001865 ) ) ;
#653 = PLANE ( 'NONE',  #1209 ) ;
#654 = EDGE_LOOP ( 'NONE', ( #10835, #2525, #6494, #3605 ) ) ;
#655 = ORIENTED_EDGE ( 'NONE', *, *, #6375, .T. ) ;
#656 = CARTESIAN_POINT ( 'NONE',  ( -6.544999999999994600, 0.4500000000000015099, 0.3500000000000039746 ) ) ;
#657 = ORIENTED_EDGE ( 'NONE', *, *, #9173, .T. ) ;
#658 = CARTESIAN_POINT ( 'NONE',  ( -2.965000000000000746, 0.8750000000000022204, 0.8749999999999842348 ) ) ;
#659 = CARTESIAN_POINT ( 'NONE',  ( 6.544999999999994600, 1.199999999999998623, 0.3500000000000039746 ) ) ;
#660 =( NAMED_UNIT ( * ) SI_UNIT ( $, .STERADIAN. ) SOLID_ANGLE_UNIT ( ) );
#661 = ADVANCED_FACE ( 'NONE', ( #5138 ), #9424, .T. ) ;
#662 = EDGE_CURVE ( 'NONE', #567, #10183, #4792, .T. ) ;
#663 = AXIS2_PLACEMENT_3D ( 'NONE', #12067, #2925, #10053 ) ;
#664 = DIRECTION ( 'NONE',  ( 1.000000000000000000, -6.570922257487672349E-16, 0.000000000000000000 ) ) ;
#665 = SURFACE_STYLE_FILL_AREA ( #7653 ) ;
#666 = AXIS2_PLACEMENT_3D ( 'NONE', #2075, #6055, #10113 ) ;
#667 = EDGE_LOOP ( 'NONE', ( #3658, #4460, #11956, #8843 ) ) ;
#668 = AXIS2_PLACEMENT_3D ( 'NONE', #4521, #7728, #2655 ) ;
#669 = EDGE_LOOP ( 'NONE', ( #3819, #12025, #8793, #655 ) ) ;
#670 = EDGE_LOOP ( 'NONE', ( #11262, #3509, #7766, #1516, #6598, #5455 ) ) ;
#671 = PLANE ( 'NONE',  #4800 ) ;
#672 =( LENGTH_UNIT ( ) NAMED_UNIT ( * ) SI_UNIT ( .MILLI., .METRE. ) );
#673 = FILL_AREA_STYLE_COLOUR ( '', #10860 ) ;
#674 = AXIS2_PLACEMENT_3D ( 'NONE', #7742, #5674, #1878 ) ;
#675 = VECTOR ( 'NONE', #4926, 1000.000000000000000 ) ;
#676 = DIRECTION ( 'NONE',  ( -1.000000000000000000, -5.981805089575197183E-16, 0.000000000000000000 ) ) ;
#677 = CARTESIAN_POINT ( 'NONE',  ( -2.035000000000000586, 1.350000000000001865, 1.350000000000004086 ) ) ;
#678 = SURFACE_STYLE_USAGE ( .BOTH. , #4898 ) ;
#679 =( NAMED_UNIT ( * ) PLANE_ANGLE_UNIT ( ) SI_UNIT ( $, .RADIAN. ) );
#680 = VECTOR ( 'NONE', #5703, 1000.000000000000000 ) ;
#681 = CARTESIAN_POINT ( 'NONE',  ( 5.875000000000003553, 2.400000000000007017, 0.9500000000000005107 ) ) ;
#682 = LINE ( 'NONE', #4900, #2639 ) ;
#683 = AXIS2_PLACEMENT_3D ( 'NONE', #11023, #3595, #1905 ) ;
#684 = ORIENTED_EDGE ( 'NONE', *, *, #12809, .F. ) ;
#685 = CARTESIAN_POINT ( 'NONE',  ( 4.214999999999999858, 0.03083447080518480002, 0.1748709736949816407 ) ) ;
#686 = EDGE_LOOP ( 'NONE', ( #8056, #8187, #9769, #11732 ) ) ;
#687 = ORIENTED_EDGE ( 'NONE', *, *, #4906, .T. ) ;
#688 = ORIENTED_EDGE ( 'NONE', *, *, #11994, .F. ) ;
#689 = DIRECTION ( 'NONE',  ( -0.000000000000000000, -0.000000000000000000, -1.000000000000000000 ) ) ;
#690 = DIRECTION ( 'NONE',  ( -1.000000000000000000, 0.000000000000000000, -0.000000000000000000 ) ) ;
#691 = DIRECTION ( 'NONE',  ( 0.000000000000000000, 0.000000000000000000, 1.000000000000000000 ) ) ;
#692 = CARTESIAN_POINT ( 'NONE',  ( 6.094999999999995310, 1.199999999999998623, 0.3500000000000039746 ) ) ;
#693 = ADVANCED_FACE ( 'NONE', ( #2793 ), #10494, .F. ) ;
#694 = AXIS2_PLACEMENT_3D ( 'NONE', #10498, #5426, #12740 ) ;
#695 = DIRECTION ( 'NONE',  ( -0.000000000000000000, -0.000000000000000000, -1.000000000000000000 ) ) ;
#696 = CARTESIAN_POINT ( 'NONE',  ( -1.715000000000000746, 0.4500000000000002331, 6.098637220230963674E-17 ) ) ;
#697 = VECTOR ( 'NONE', #13023, 1000.000000000000000 ) ;
#698 = ORIENTED_EDGE ( 'NONE', *, *, #5050, .T. ) ;
#699 = DIRECTION ( 'NONE',  ( 0.000000000000000000, -1.000000000000000000, 0.000000000000000000 ) ) ;
#700 = VECTOR ( 'NONE', #950, 1000.000000000000000 ) ;
#701 = SURFACE_STYLE_USAGE ( .BOTH. , #8689 ) ;
#702 = ORIENTED_EDGE ( 'NONE', *, *, #12997, .T. ) ;
#703 = FILL_AREA_STYLE ('',( #11004 ) ) ;
#704 = ORIENTED_EDGE ( 'NONE', *, *, #9302, .F. ) ;
#705 = LINE ( 'NONE', #12990, #3753 ) ;
#706 = VECTOR ( 'NONE', #5677, 1000.000000000000000 ) ;
#707 = DIRECTION ( 'NONE',  ( 1.000000000000000000, -6.570922257487672349E-16, -1.176083712526648949E-16 ) ) ;
#708 = MECHANICAL_DESIGN_GEOMETRIC_PRESENTATION_REPRESENTATION (  '', ( #4918 ), #8347 ) ;
#709 = DIRECTION ( 'NONE',  ( 0.000000000000000000, 1.000000000000000000, -4.858652729125647208E-17 ) ) ;
#710 = DIRECTION ( 'NONE',  ( 0.000000000000000000, -1.000000000000000000, -1.355252715606880296E-16 ) ) ;
#711 = DIRECTION ( 'NONE',  ( -0.000000000000000000, 0.000000000000000000, -1.000000000000000000 ) ) ;
#712 = UNCERTAINTY_MEASURE_WITH_UNIT (LENGTH_MEASURE( 1.000000000000000082E-05 ), #11342, 'distance_accuracy_value', 'NONE');
#713 = UNCERTAINTY_MEASURE_WITH_UNIT (LENGTH_MEASURE( 1.000000000000000082E-05 ), #2051, 'distance_accuracy_value', 'NONE');
#714 = CARTESIAN_POINT ( 'NONE',  ( 4.535000000000000142, 3.999999999999999112, -0.5250000000000403233 ) ) ;
#715 = AXIS2_PLACEMENT_3D ( 'NONE', #6843, #10979, #3732 ) ;
#716 = PLANE ( 'NONE',  #444 ) ;
#717 = VECTOR ( 'NONE', #11257, 1000.000000000000000 ) ;
#718 = VERTEX_POINT ( 'NONE', #8800 ) ;
#719 = PRESENTATION_LAYER_ASSIGNMENT (  '', '', ( #6447 ) ) ;
#720 = EDGE_CURVE ( 'NONE', #3169, #2153, #9787, .T. ) ;
#721 = DIRECTION ( 'NONE',  ( -0.000000000000000000, -0.000000000000000000, 1.000000000000000000 ) ) ;
#722 = EDGE_CURVE ( 'NONE', #9819, #10214, #2433, .T. ) ;
#723 = ORIENTED_EDGE ( 'NONE', *, *, #2729, .T. ) ;
#724 = DIRECTION ( 'NONE',  ( 0.000000000000000000, 0.7071067811865402453, -0.7071067811865547892 ) ) ;
#725 =( LENGTH_UNIT ( ) NAMED_UNIT ( * ) SI_UNIT ( .MILLI., .METRE. ) );
#726 = MECHANICAL_DESIGN_GEOMETRIC_PRESENTATION_REPRESENTATION (  '', ( #1372 ), #2417 ) ;
#727 =( LENGTH_UNIT ( ) NAMED_UNIT ( * ) SI_UNIT ( .MILLI., .METRE. ) );
#728 =( NAMED_UNIT ( * ) PLANE_ANGLE_UNIT ( ) SI_UNIT ( $, .RADIAN. ) );
#729 = ADVANCED_FACE ( 'NONE', ( #7431 ), #11482, .T. ) ;
#730 = COLOUR_RGB ( '',1.000000000000000000, 0.8117647058823529438, 0.5019607843137254832 ) ;
#731 = DIRECTION ( 'NONE',  ( -0.7071067811865475727, -0.7071067811865475727, 0.000000000000000000 ) ) ;
#732 = CARTESIAN_POINT ( 'NONE',  ( -7.125000000000001776, 0.3000000000000015987, 0.8000000000000005995 ) ) ;
#733 = AXIS2_PLACEMENT_3D ( 'NONE', #8000, #11935, #9995 ) ;
#734 = ORIENTED_EDGE ( 'NONE', *, *, #2514, .T. ) ;
#735 = SURFACE_SIDE_STYLE ('',( #5904 ) ) ;
#736 = ORIENTED_EDGE ( 'NONE', *, *, #12721, .F. ) ;
#737 = ORIENTED_EDGE ( 'NONE', *, *, #6679, .T. ) ;
#738 = SURFACE_STYLE_FILL_AREA ( #10721 ) ;
#739 = MECHANICAL_DESIGN_GEOMETRIC_PRESENTATION_REPRESENTATION (  '', ( #7528 ), #8805 ) ;
#740 = PLANE ( 'NONE',  #5992 ) ;
#741 = PLANE ( 'NONE',  #5031 ) ;
#742 = DIRECTION ( 'NONE',  ( 0.000000000000000000, 0.000000000000000000, -1.000000000000000000 ) ) ;
#743 = UNCERTAINTY_MEASURE_WITH_UNIT (LENGTH_MEASURE( 1.000000000000000082E-05 ), #6680, 'distance_accuracy_value', 'NONE');
#744 = LINE ( 'NONE', #4779, #5589 ) ;
#745 = VECTOR ( 'NONE', #2562, 1000.000000000000000 ) ;
#746 =( NAMED_UNIT ( * ) SI_UNIT ( $, .STERADIAN. ) SOLID_ANGLE_UNIT ( ) );
#747 = DIRECTION ( 'NONE',  ( 0.000000000000000000, 0.000000000000000000, 1.000000000000000000 ) ) ;
#748 = EDGE_CURVE ( 'NONE', #11276, #9494, #2363, .T. ) ;
#749 = DIRECTION ( 'NONE',  ( -0.000000000000000000, -1.000000000000000000, -0.000000000000000000 ) ) ;
#750 = ORIENTED_EDGE ( 'NONE', *, *, #2725, .T. ) ;
#751 = VECTOR ( 'NONE', #2217, 1000.000000000000000 ) ;
#752 = ORIENTED_EDGE ( 'NONE', *, *, #1327, .T. ) ;
#753 = ORIENTED_EDGE ( 'NONE', *, *, #618, .T. ) ;
#754 = ORIENTED_EDGE ( 'NONE', *, *, #3654, .T. ) ;
#755 = STYLED_ITEM ( 'NONE', ( #12564 ), #3387 ) ;
#756 = ORIENTED_EDGE ( 'NONE', *, *, #9511, .T. ) ;
#757 = CARTESIAN_POINT ( 'NONE',  ( 5.875000000000004441, 0.000000000000000000, 1.850000000000001421 ) ) ;
#758 = FILL_AREA_STYLE ('',( #5422 ) ) ;
#759 = SURFACE_STYLE_USAGE ( .BOTH. , #8922 ) ;
#760 = PRESENTATION_STYLE_ASSIGNMENT (( #5798 ) ) ;
#761 = MECHANICAL_DESIGN_GEOMETRIC_PRESENTATION_REPRESENTATION (  '', ( #134 ), #964 ) ;
#762 = CARTESIAN_POINT ( 'NONE',  ( -7.575000000000017053, 4.700000000000013500, 0.1500000000000051570 ) ) ;
#763 = DIRECTION ( 'NONE',  ( 0.000000000000000000, 0.9848077530122086864, 0.1736481776669268617 ) ) ;
#764 = CARTESIAN_POINT ( 'NONE',  ( 6.544999999999994600, 0.4499999999999999001, 0.3500000000000039746 ) ) ;
#765 =( GEOMETRIC_REPRESENTATION_CONTEXT ( 3 ) GLOBAL_UNCERTAINTY_ASSIGNED_CONTEXT ( ( #1651 ) ) GLOBAL_UNIT_ASSIGNED_CONTEXT ( ( #12371, #7436, #5499 ) ) REPRESENTATION_CONTEXT ( 'NONE', 'WORKASPACE' ) );
#766 = DIRECTION ( 'NONE',  ( 0.000000000000000000, -1.000000000000000000, 0.000000000000000000 ) ) ;
#767 = VERTEX_POINT ( 'NONE', #4421 ) ;
#768 =( NAMED_UNIT ( * ) SI_UNIT ( $, .STERADIAN. ) SOLID_ANGLE_UNIT ( ) );
#769 = STYLED_ITEM ( 'NONE', ( #8827 ), #11675 ) ;
#770 = EDGE_CURVE ( 'NONE', #2031, #8491, #1690, .T. ) ;
#771 = VECTOR ( 'NONE', #8175, 1000.000000000000000 ) ;
#772 = VERTEX_POINT ( 'NONE', #4485 ) ;
#773 = ORIENTED_EDGE ( 'NONE', *, *, #1197, .T. ) ;
#774 = FILL_AREA_STYLE ('',( #8073 ) ) ;
#775 = COLOUR_RGB ( '',1.000000000000000000, 0.8117647058823529438, 0.5019607843137254832 ) ;
#776 = CARTESIAN_POINT ( 'NONE',  ( 7.574999999999970868, 4.700000000000089884, -1.649999999999997469 ) ) ;
#777 = DIRECTION ( 'NONE',  ( 0.000000000000000000, -0.000000000000000000, 1.000000000000000000 ) ) ;
#778 = SURFACE_SIDE_STYLE ('',( #5947 ) ) ;
#780 = ADVANCED_FACE ( 'NONE', ( #3748 ), #7812, .F. ) ;
#779 = COLOUR_RGB ( '',1.000000000000000000, 1.000000000000000000, 1.000000000000000000 ) ;
#781 = LINE ( 'NONE', #714, #929 ) ;
#782 = PRESENTATION_LAYER_ASSIGNMENT (  '', '', ( #4374 ) ) ;
#783 = DIRECTION ( 'NONE',  ( 0.5773502691896263972, -0.5773502691896238437, 0.5773502691896269523 ) ) ;
#784 = FACE_OUTER_BOUND ( 'NONE', #11388, .T. ) ;
#785 = VERTEX_POINT ( 'NONE', #2862 ) ;
#786 = VECTOR ( 'NONE', #3030, 1000.000000000000000 ) ;
#787 = ORIENTED_EDGE ( 'NONE', *, *, #8294, .F. ) ;
#788 = DIRECTION ( 'NONE',  ( -0.000000000000000000, 1.000000000000000000, 0.000000000000000000 ) ) ;
#789 = PLANE ( 'NONE',  #9378 ) ;
#790 = PRESENTATION_STYLE_ASSIGNMENT (( #9957 ) ) ;
#792 =( GEOMETRIC_REPRESENTATION_CONTEXT ( 3 ) GLOBAL_UNCERTAINTY_ASSIGNED_CONTEXT ( ( #11486 ) ) GLOBAL_UNIT_ASSIGNED_CONTEXT ( ( #3609, #3484, #1819 ) ) REPRESENTATION_CONTEXT ( 'NONE', 'WORKASPACE' ) );
#791 = PRESENTATION_STYLE_ASSIGNMENT (( #1980 ) ) ;
#793 = DIRECTION ( 'NONE',  ( -0.2133021165724272306, -0.9621436710723736407, 0.1696518885279461319 ) ) ;
#794 = ADVANCED_FACE ( 'NONE', ( #2995 ), #2926, .T. ) ;
#795 =( NAMED_UNIT ( * ) SI_UNIT ( $, .STERADIAN. ) SOLID_ANGLE_UNIT ( ) );
#796 = ADVANCED_FACE ( 'NONE', ( #11251 ), #10055, .T. ) ;
#797 =( NAMED_UNIT ( * ) SI_UNIT ( $, .STERADIAN. ) SOLID_ANGLE_UNIT ( ) );
#798 = VECTOR ( 'NONE', #5552, 1000.000000000000000 ) ;
#799 = EDGE_CURVE ( 'NONE', #5098, #4133, #9322, .T. ) ;
#800 = COLOUR_RGB ( '',1.000000000000000000, 1.000000000000000000, 1.000000000000000000 ) ;
#801 = AXIS2_PLACEMENT_3D ( 'NONE', #4651, #2592, #5656 ) ;
#802 = ORIENTED_EDGE ( 'NONE', *, *, #5558, .T. ) ;
#803 = ORIENTED_EDGE ( 'NONE', *, *, #10794, .F. ) ;
#804 = ORIENTED_EDGE ( 'NONE', *, *, #10226, .F. ) ;
#805 = MECHANICAL_DESIGN_GEOMETRIC_PRESENTATION_REPRESENTATION (  '', ( #5232 ), #2912 ) ;
#806 = DIRECTION ( 'NONE',  ( -1.000000000000000000, 0.000000000000000000, 0.000000000000000000 ) ) ;
#807 =( NAMED_UNIT ( * ) SI_UNIT ( $, .STERADIAN. ) SOLID_ANGLE_UNIT ( ) );
#808 = CARTESIAN_POINT ( 'NONE',  ( 4.300000000000006928, 3.250000000000005329, -1.450000000000041034 ) ) ;
#809 = MECHANICAL_DESIGN_GEOMETRIC_PRESENTATION_REPRESENTATION (  '', ( #12286 ), #8017 ) ;
#810 = ADVANCED_FACE ( 'NONE', ( #10255 ), #2209, .F. ) ;
#811 = DIRECTION ( 'NONE',  ( 0.000000000000000000, -0.7071067811865482389, 0.7071067811865469066 ) ) ;
#812 = MECHANICAL_DESIGN_GEOMETRIC_PRESENTATION_REPRESENTATION (  '', ( #8469 ), #6335 ) ;
#813 = EDGE_CURVE ( 'NONE', #11246, #615, #1154, .T. ) ;
#814 = PRESENTATION_STYLE_ASSIGNMENT (( #5089 ) ) ;
#815 = EDGE_CURVE ( 'NONE', #10966, #12570, #6393, .T. ) ;
#816 = DIRECTION ( 'NONE',  ( 0.000000000000000000, 0.000000000000000000, -1.000000000000000000 ) ) ;
#817 = CARTESIAN_POINT ( 'NONE',  ( 0.7849999999999992539, 0.1000000000000000056, 2.350000000000004530 ) ) ;
#818 = COLOUR_RGB ( '',0.7921568627450980005, 0.8196078431372548767, 0.9333333333333333481 ) ;
#819 = ORIENTED_EDGE ( 'NONE', *, *, #1524, .F. ) ;
#820 = FILL_AREA_STYLE_COLOUR ( '', #4552 ) ;
#821 = ORIENTED_EDGE ( 'NONE', *, *, #12905, .F. ) ;
#822 = ORIENTED_EDGE ( 'NONE', *, *, #4741, .F. ) ;
#823 = PRESENTATION_LAYER_ASSIGNMENT (  '', '', ( #8034 ) ) ;
#824 = CARTESIAN_POINT ( 'NONE',  ( 5.275000000000024336, 1.749999999999999778, 0.2249377794898753391 ) ) ;
#825 = DIRECTION ( 'NONE',  ( -1.000000000000000000, -0.000000000000000000, -0.000000000000000000 ) ) ;
#826 =( NAMED_UNIT ( * ) PLANE_ANGLE_UNIT ( ) SI_UNIT ( $, .RADIAN. ) );
#827 = SURFACE_STYLE_USAGE ( .BOTH. , #9932 ) ;
#828 = DIRECTION ( 'NONE',  ( 0.000000000000000000, 0.000000000000000000, 1.000000000000000000 ) ) ;
#829 = EDGE_CURVE ( 'NONE', #3986, #11880, #3267, .T. ) ;
#830 = LINE ( 'NONE', #9063, #1857 ) ;
#831 = CARTESIAN_POINT ( 'NONE',  ( 3.284999999999998810, 0.1000000000000000056, 2.350000000000004530 ) ) ;
#832 = ORIENTED_EDGE ( 'NONE', *, *, #3877, .F. ) ;
#833 = ORIENTED_EDGE ( 'NONE', *, *, #3041, .T. ) ;
#834 = ORIENTED_EDGE ( 'NONE', *, *, #4125, .T. ) ;
#835 = DIRECTION ( 'NONE',  ( 0.000000000000000000, 0.000000000000000000, 1.000000000000000000 ) ) ;
#836 = ORIENTED_EDGE ( 'NONE', *, *, #9955, .T. ) ;
#837 =( NAMED_UNIT ( * ) PLANE_ANGLE_UNIT ( ) SI_UNIT ( $, .RADIAN. ) );
#838 = DIRECTION ( 'NONE',  ( 0.000000000000000000, 1.000000000000000000, 0.000000000000000000 ) ) ;
#839 = VECTOR ( 'NONE', #5766, 1000.000000000000000 ) ;
#840 = UNCERTAINTY_MEASURE_WITH_UNIT (LENGTH_MEASURE( 1.000000000000000082E-05 ), #4726, 'distance_accuracy_value', 'NONE');
#841 = CARTESIAN_POINT ( 'NONE',  ( -1.715000000000000746, 2.865743636076471201, -1.125000000000033973 ) ) ;
#842 = VERTEX_POINT ( 'NONE', #10390 ) ;
#843 = EDGE_LOOP ( 'NONE', ( #6654, #1825, #9982, #2459 ) ) ;
#844 =( NAMED_UNIT ( * ) PLANE_ANGLE_UNIT ( ) SI_UNIT ( $, .RADIAN. ) );
#845 =( LENGTH_UNIT ( ) NAMED_UNIT ( * ) SI_UNIT ( .MILLI., .METRE. ) );
#846 = FILL_AREA_STYLE_COLOUR ( '', #5559 ) ;
#847 = CARTESIAN_POINT ( 'NONE',  ( 6.975000000000007638, 1.299999999999999378, -1.849999999999996980 ) ) ;
#848 = SURFACE_SIDE_STYLE ('',( #6896 ) ) ;
#849 = DIRECTION ( 'NONE',  ( 1.000000000000000000, 0.000000000000000000, -1.233215741215733931E-16 ) ) ;
#850 = DIRECTION ( 'NONE',  ( 0.7071067811865471286, -0.7071067811865479058, -8.316167683706431825E-17 ) ) ;
#851 = CARTESIAN_POINT ( 'NONE',  ( 5.375000000000002665, 0.000000000000000000, 0.9500000000000013989 ) ) ;
#852 = DIRECTION ( 'NONE',  ( 0.000000000000000000, 0.000000000000000000, 1.000000000000000000 ) ) ;
#853 = AXIS2_PLACEMENT_3D ( 'NONE', #1250, #7350, #8079 ) ;
#854 = EDGE_LOOP ( 'NONE', ( #2495, #1454, #5489, #6601 ) ) ;
#855 = DIRECTION ( 'NONE',  ( -1.199542829132897993E-16, 0.000000000000000000, -1.000000000000000000 ) ) ;
#856 = ADVANCED_FACE ( 'NONE', ( #6272 ), #3399, .F. ) ;
#857 = ORIENTED_EDGE ( 'NONE', *, *, #10711, .T. ) ;
#858 = ORIENTED_EDGE ( 'NONE', *, *, #5650, .F. ) ;
#859 = CARTESIAN_POINT ( 'NONE',  ( 6.175000000000008704, 2.600000000000005862, -1.850000000000001865 ) ) ;
#860 = STYLED_ITEM ( 'NONE', ( #6333 ), #219 ) ;
#861 = EDGE_CURVE ( 'NONE', #5170, #11596, #11585, .T. ) ;
#862 = LINE ( 'NONE', #4122, #2183 ) ;
#864 = SURFACE_STYLE_FILL_AREA ( #8047 ) ;
#863 = UNCERTAINTY_MEASURE_WITH_UNIT (LENGTH_MEASURE( 1.000000000000000082E-05 ), #12307, 'distance_accuracy_value', 'NONE');
#865 = LINE ( 'NONE', #4653, #11969 ) ;
#866 = COLOUR_RGB ( '',1.000000000000000000, 1.000000000000000000, 1.000000000000000000 ) ;
#867 =( LENGTH_UNIT ( ) NAMED_UNIT ( * ) SI_UNIT ( .MILLI., .METRE. ) );
#868 = DIRECTION ( 'NONE',  ( 0.000000000000000000, 0.9848077530122087975, -0.1736481776669264454 ) ) ;
#869 = CARTESIAN_POINT ( 'NONE',  ( 5.875000000000001776, 2.900000000000011902, 0.6500000000000039080 ) ) ;
#870 = VECTOR ( 'NONE', #3991, 1000.000000000000000 ) ;
#871 = ORIENTED_EDGE ( 'NONE', *, *, #7039, .F. ) ;
#872 = VERTEX_POINT ( 'NONE', #2658 ) ;
#873 = FILL_AREA_STYLE ('',( #4851 ) ) ;
#874 = VECTOR ( 'NONE', #11481, 999.9999999999998863 ) ;
#875 = VERTEX_POINT ( 'NONE', #8664 ) ;
#876 = EDGE_LOOP ( 'NONE', ( #9243, #5061, #9123, #2988, #468, #7073 ) ) ;
#877 = COLOUR_RGB ( '',1.000000000000000000, 1.000000000000000000, 1.000000000000000000 ) ;
#878 = FILL_AREA_STYLE ('',( #3868 ) ) ;
#879 = SURFACE_STYLE_USAGE ( .BOTH. , #12856 ) ;
#880 = AXIS2_PLACEMENT_3D ( 'NONE', #3776, #7772, #2708 ) ;
#881 = CARTESIAN_POINT ( 'NONE',  ( -6.544999999999994600, 0.4500000000000015099, 0.3500000000000039746 ) ) ;
#882 = CARTESIAN_POINT ( 'NONE',  ( 3.284999999999998810, 2.865743636076471645, -0.3250000000000474731 ) ) ;
#883 = SURFACE_STYLE_USAGE ( .BOTH. , #13112 ) ;
#884 = CARTESIAN_POINT ( 'NONE',  ( 4.315000000000000391, 4.000000000000000000, -0.5250000000000403233 ) ) ;
#885 = VECTOR ( 'NONE', #2927, 1000.000000000000000 ) ;
#886 = VECTOR ( 'NONE', #11857, 1000.000000000000000 ) ;
#887 = SURFACE_STYLE_USAGE ( .BOTH. , #13115 ) ;
#888 = EDGE_CURVE ( 'NONE', #12213, #13103, #3792, .T. ) ;
#889 = EDGE_LOOP ( 'NONE', ( #9486, #3408, #5382, #374, #5533, #11452, #1169 ) ) ;
#890 = DIRECTION ( 'NONE',  ( 0.000000000000000000, -1.000000000000000000, 0.000000000000000000 ) ) ;
#891 =( GEOMETRIC_REPRESENTATION_CONTEXT ( 3 ) GLOBAL_UNCERTAINTY_ASSIGNED_CONTEXT ( ( #6948 ) ) GLOBAL_UNIT_ASSIGNED_CONTEXT ( ( #1877, #826, #6992 ) ) REPRESENTATION_CONTEXT ( 'NONE', 'WORKASPACE' ) );
#892 = EDGE_CURVE ( 'NONE', #3883, #4344, #11860, .T. ) ;
#893 = VERTEX_POINT ( 'NONE', #7602 ) ;
#894 = ORIENTED_EDGE ( 'NONE', *, *, #2660, .F. ) ;
#895 = ORIENTED_EDGE ( 'NONE', *, *, #3555, .F. ) ;
#896 = CARTESIAN_POINT ( 'NONE',  ( 0.000000000000000000, 0.000000000000000000, 0.000000000000000000 ) ) ;
#897 = PRESENTATION_LAYER_ASSIGNMENT (  '', '', ( #6632 ) ) ;
#898 = ORIENTED_EDGE ( 'NONE', *, *, #5646, .T. ) ;
#899 =( NAMED_UNIT ( * ) SI_UNIT ( $, .STERADIAN. ) SOLID_ANGLE_UNIT ( ) );
#900 = CARTESIAN_POINT ( 'NONE',  ( -6.875000000000006217, 1.650000000000000799, -1.749999999999996003 ) ) ;
#901 = CARTESIAN_POINT ( 'NONE',  ( 6.412712434446764753, 0.2999999999999999889, 0.3500000000000039746 ) ) ;
#902 = CARTESIAN_POINT ( 'NONE',  ( -3.065000000000000835, 4.000000000000000000, -0.9250000000000404565 ) ) ;
#903 = VECTOR ( 'NONE', #7791, 1000.000000000000000 ) ;
#904 = FILL_AREA_STYLE_COLOUR ( '', #10718 ) ;
#905 = DIRECTION ( 'NONE',  ( 0.000000000000000000, -1.000000000000000000, 4.858652729125647824E-17 ) ) ;
#906 = EDGE_CURVE ( 'NONE', #6457, #8211, #10028, .T. ) ;
#907 = COLOUR_RGB ( '',1.000000000000000000, 1.000000000000000000, 1.000000000000000000 ) ;
#908 = DIRECTION ( 'NONE',  ( 0.000000000000000000, -0.7071067811865402453, 0.7071067811865549002 ) ) ;
#909 = AXIS2_PLACEMENT_3D ( 'NONE', #11139, #1171, #42 ) ;
#910 = ORIENTED_EDGE ( 'NONE', *, *, #175, .F. ) ;
#911 = COLOUR_RGB ( '',1.000000000000000000, 1.000000000000000000, 1.000000000000000000 ) ;
#912 = ORIENTED_EDGE ( 'NONE', *, *, #215, .F. ) ;
#913 = FILL_AREA_STYLE_COLOUR ( '', #6717 ) ;
#914 = FACE_OUTER_BOUND ( 'NONE', #11000, .T. ) ;
#915 = FACE_OUTER_BOUND ( 'NONE', #12798, .T. ) ;
#916 = PRESENTATION_LAYER_ASSIGNMENT (  '', '', ( #9824 ) ) ;
#917 = DIRECTION ( 'NONE',  ( -0.7071067811865475727, 0.7071067811865475727, 0.000000000000000000 ) ) ;
#918 = CARTESIAN_POINT ( 'NONE',  ( -3.900000000000000355, 4.700000000000004619, -1.850000000000001865 ) ) ;
#919 = MECHANICAL_DESIGN_GEOMETRIC_PRESENTATION_REPRESENTATION (  '', ( #6673 ), #3474 ) ;
#920 = FACE_OUTER_BOUND ( 'NONE', #669, .T. ) ;
#921 = LINE ( 'NONE', #67, #13067 ) ;
#922 = ORIENTED_EDGE ( 'NONE', *, *, #10981, .T. ) ;
#923 = PRESENTATION_STYLE_ASSIGNMENT (( #10031 ) ) ;
#924 = EDGE_CURVE ( 'NONE', #5473, #10182, #6777, .T. ) ;
#925 = ORIENTED_EDGE ( 'NONE', *, *, #8131, .F. ) ;
#926 = SURFACE_STYLE_FILL_AREA ( #6837 ) ;
#927 = VECTOR ( 'NONE', #7838, 1000.000000000000000 ) ;
#929 = VECTOR ( 'NONE', #2697, 1000.000000000000000 ) ;
#928 = SURFACE_SIDE_STYLE ('',( #9907 ) ) ;
#930 = DIRECTION ( 'NONE',  ( 0.000000000000000000, -0.9848077530122087975, -0.1736481776669268895 ) ) ;
#931 = LINE ( 'NONE', #11978, #500 ) ;
#932 = DIRECTION ( 'NONE',  ( -1.000000000000000000, 0.000000000000000000, 0.000000000000000000 ) ) ;
#933 = VECTOR ( 'NONE', #249, 1000.000000000000000 ) ;
#934 = SURFACE_STYLE_USAGE ( .BOTH. , #2072 ) ;
#935 = CARTESIAN_POINT ( 'NONE',  ( -4.535000000000001030, 3.548929149633788249, 0.000000000000000000 ) ) ;
#936 = CARTESIAN_POINT ( 'NONE',  ( -2.965000000000000746, 0.000000000000000000, 1.850000000000004530 ) ) ;
#937 = VECTOR ( 'NONE', #9290, 1000.000000000000000 ) ;
#938 = ORIENTED_EDGE ( 'NONE', *, *, #10850, .F. ) ;
#939 = EDGE_CURVE ( 'NONE', #6889, #9732, #7846, .T. ) ;
#940 = VERTEX_POINT ( 'NONE', #4588 ) ;
#941 = STYLED_ITEM ( 'NONE', ( #3492 ), #9807 ) ;
#942 = ORIENTED_EDGE ( 'NONE', *, *, #6557, .F. ) ;
#943 = ORIENTED_EDGE ( 'NONE', *, *, #9742, .T. ) ;
#944 = LINE ( 'NONE', #4003, #9704 ) ;
#945 = CARTESIAN_POINT ( 'NONE',  ( -6.544999999999994600, 1.200000000000000178, 0.3500000000000039746 ) ) ;
#946 = PRESENTATION_STYLE_ASSIGNMENT (( #12976 ) ) ;
#947 = CARTESIAN_POINT ( 'NONE',  ( 5.875000000000004441, -1.029563014098701546, 0.9500000000000013989 ) ) ;
#948 = SURFACE_SIDE_STYLE ('',( #2865 ) ) ;
#949 =( NAMED_UNIT ( * ) SI_UNIT ( $, .STERADIAN. ) SOLID_ANGLE_UNIT ( ) );
#950 = DIRECTION ( 'NONE',  ( -0.000000000000000000, -1.000000000000000000, -0.000000000000000000 ) ) ;
#951 = SURFACE_SIDE_STYLE ('',( #1948 ) ) ;
#952 = DIRECTION ( 'NONE',  ( 0.000000000000000000, -0.7071067811865482389, 0.7071067811865469066 ) ) ;
#954 = EDGE_CURVE ( 'NONE', #6013, #7437, #9841, .T. ) ;
#953 = COLOUR_RGB ( '',1.000000000000000000, 1.000000000000000000, 1.000000000000000000 ) ;
#955 = LINE ( 'NONE', #8635, #3490 ) ;
#956 = ADVANCED_FACE ( 'NONE', ( #5586 ), #740, .T. ) ;
#957 = VECTOR ( 'NONE', #1413, 1000.000000000000000 ) ;
#958 = ORIENTED_EDGE ( 'NONE', *, *, #4831, .F. ) ;
#959 = FILL_AREA_STYLE ('',( #1035 ) ) ;
#960 = VERTEX_POINT ( 'NONE', #11661 ) ;
#961 = ORIENTED_EDGE ( 'NONE', *, *, #6334, .T. ) ;
#962 = VERTEX_POINT ( 'NONE', #7729 ) ;
#963 = DIRECTION ( 'NONE',  ( 0.000000000000000000, 0.7071067811865482389, 0.7071067811865469066 ) ) ;
#964 =( GEOMETRIC_REPRESENTATION_CONTEXT ( 3 ) GLOBAL_UNCERTAINTY_ASSIGNED_CONTEXT ( ( #2193 ) ) GLOBAL_UNIT_ASSIGNED_CONTEXT ( ( #5381, #218, #5242 ) ) REPRESENTATION_CONTEXT ( 'NONE', 'WORKASPACE' ) );
#965 = EDGE_LOOP ( 'NONE', ( #11668, #1016, #12498, #4228, #10475, #9466 ) ) ;
#966 = CARTESIAN_POINT ( 'NONE',  ( 8.059999999999993392, 0.2499999999999996392, -1.164999999999996039 ) ) ;
#967 =( NAMED_UNIT ( * ) SI_UNIT ( $, .STERADIAN. ) SOLID_ANGLE_UNIT ( ) );
#968 = PLANE ( 'NONE',  #10554 ) ;
#969 = LINE ( 'NONE', #8938, #1346 ) ;
#970 = VECTOR ( 'NONE', #3376, 1000.000000000000000 ) ;
#971 = LINE ( 'NONE', #2751, #1786 ) ;
#972 = EDGE_CURVE ( 'NONE', #11819, #39, #5522, .T. ) ;
#973 = ADVANCED_FACE ( 'NONE', ( #9596 ), #2528, .F. ) ;
#974 = SURFACE_STYLE_USAGE ( .BOTH. , #2948 ) ;
#975 = MECHANICAL_DESIGN_GEOMETRIC_PRESENTATION_REPRESENTATION (  '', ( #7968 ), #3943 ) ;
#976 = EDGE_CURVE ( 'NONE', #5366, #7467, #1000, .T. ) ;
#977 = COLOUR_RGB ( '',1.000000000000000000, 1.000000000000000000, 1.000000000000000000 ) ;
#978 = CARTESIAN_POINT ( 'NONE',  ( -7.125000000000001776, 0.3000000000000015987, 0.9500000000000005107 ) ) ;
#979 = ORIENTED_EDGE ( 'NONE', *, *, #5320, .T. ) ;
#980 = COLOUR_RGB ( '',1.000000000000000000, 1.000000000000000000, 1.000000000000000000 ) ;
#981 = DIRECTION ( 'NONE',  ( -0.000000000000000000, 1.000000000000000000, -0.000000000000000000 ) ) ;
#982 = DIRECTION ( 'NONE',  ( -1.000000000000000000, 0.000000000000000000, 0.000000000000000000 ) ) ;
#983 = EDGE_LOOP ( 'NONE', ( #1438, #2857, #10373, #11549 ) ) ;
#984 = SURFACE_STYLE_FILL_AREA ( #8086 ) ;
#985 = VECTOR ( 'NONE', #8562, 1000.000000000000000 ) ;
#986 = CARTESIAN_POINT ( 'NONE',  ( -2.965000000000000746, 0.8750000000000022204, 0.8749999999999842348 ) ) ;
#987 = CARTESIAN_POINT ( 'NONE',  ( 0.000000000000000000, 2.600000000000005862, -1.850000000000001865 ) ) ;
#988 = EDGE_CURVE ( 'NONE', #12796, #9084, #2847, .T. ) ;
#989 = VECTOR ( 'NONE', #4026, 1000.000000000000000 ) ;
#990 = FILL_AREA_STYLE ('',( #12159 ) ) ;
#991 = AXIS2_PLACEMENT_3D ( 'NONE', #9806, #7697, #777 ) ;
#992 = LINE ( 'NONE', #11027, #5058 ) ;
#993 = LINE ( 'NONE', #1124, #3909 ) ;
#994 = CARTESIAN_POINT ( 'NONE',  ( -0.4650000000000010236, 0.000000000000000000, 1.850000000000004530 ) ) ;
#995 = COLOUR_RGB ( '',1.000000000000000000, 0.8117647058823529438, 0.5019607843137254832 ) ;
#996 = ORIENTED_EDGE ( 'NONE', *, *, #7283, .F. ) ;
#997 = VERTEX_POINT ( 'NONE', #7112 ) ;
#998 = CARTESIAN_POINT ( 'NONE',  ( 3.485102157375180809, 0.2565727441013923582, 0.1350672255343199901 ) ) ;
#999 = COLOUR_RGB ( '',1.000000000000000000, 0.8117647058823529438, 0.5019607843137254832 ) ;
#1000 = LINE ( 'NONE', #2775, #697 ) ;
#1001 = PRESENTATION_STYLE_ASSIGNMENT (( #10237 ) ) ;
#1002 = PRESENTATION_LAYER_ASSIGNMENT (  '', '', ( #3335 ) ) ;
#1003 = SURFACE_STYLE_FILL_AREA ( #2849 ) ;
#1004 = UNCERTAINTY_MEASURE_WITH_UNIT (LENGTH_MEASURE( 1.000000000000000082E-05 ), #9842, 'distance_accuracy_value', 'NONE');
#1005 = SURFACE_STYLE_USAGE ( .BOTH. , #80 ) ;
#1006 =( NAMED_UNIT ( * ) SI_UNIT ( $, .STERADIAN. ) SOLID_ANGLE_UNIT ( ) );
#1007 = CARTESIAN_POINT ( 'NONE',  ( -4.215000000000000746, 0.3000000000000002665, 4.065758146820583696E-17 ) ) ;
#1008 = ADVANCED_FACE ( 'NONE', ( #10902 ), #12955, .F. ) ;
#1009 = COLOUR_RGB ( '',1.000000000000000000, 1.000000000000000000, 1.000000000000000000 ) ;
#1010 = FACE_OUTER_BOUND ( 'NONE', #2125, .T. ) ;
#1011 =( GEOMETRIC_REPRESENTATION_CONTEXT ( 3 ) GLOBAL_UNCERTAINTY_ASSIGNED_CONTEXT ( ( #10567 ) ) GLOBAL_UNIT_ASSIGNED_CONTEXT ( ( #3048, #6840, #1733 ) ) REPRESENTATION_CONTEXT ( 'NONE', 'WORKASPACE' ) );
#1012 = CARTESIAN_POINT ( 'NONE',  ( -7.574999999999993960, 3.686287386450715076E-15, 0.3500000000000039746 ) ) ;
#1013 = ORIENTED_EDGE ( 'NONE', *, *, #2522, .T. ) ;
#1014 = ORIENTED_EDGE ( 'NONE', *, *, #3058, .T. ) ;
#1015 = VECTOR ( 'NONE', #11354, 1000.000000000000000 ) ;
#1016 = ORIENTED_EDGE ( 'NONE', *, *, #4022, .T. ) ;
#1017 = ORIENTED_EDGE ( 'NONE', *, *, #2582, .F. ) ;
#1018 = CARTESIAN_POINT ( 'NONE',  ( 4.535000000000000142, 0.3000000000000002665, 4.065758146820583696E-17 ) ) ;
#1019 = EDGE_CURVE ( 'NONE', #1510, #10735, #1069, .T. ) ;
#1020 = CARTESIAN_POINT ( 'NONE',  ( 0.7849999999999992539, 0.2999999999999997113, 1.449999999999998623 ) ) ;
#1021 = AXIS2_PLACEMENT_3D ( 'NONE', #9307, #9519, #4127 ) ;
#1022 = DIRECTION ( 'NONE',  ( 0.000000000000000000, -0.000000000000000000, 1.000000000000000000 ) ) ;
#1023 = VECTOR ( 'NONE', #3340, 1000.000000000000114 ) ;
#1024 = FILL_AREA_STYLE ('',( #11998 ) ) ;
#1025 =( LENGTH_UNIT ( ) NAMED_UNIT ( * ) SI_UNIT ( .MILLI., .METRE. ) );
#1026 = LINE ( 'NONE', #9990, #166 ) ;
#1027 = UNCERTAINTY_MEASURE_WITH_UNIT (LENGTH_MEASURE( 1.000000000000000082E-05 ), #2519, 'distance_accuracy_value', 'NONE');
#1028 = CARTESIAN_POINT ( 'NONE',  ( -0.4650000000000010236, 8.425943506694179847E-32, 1.750000000000004663 ) ) ;
#1029 = DIRECTION ( 'NONE',  ( 0.6847910787717357284, 0.2492435693639493410, -0.6847910787717379488 ) ) ;
#1030 = EDGE_CURVE ( 'NONE', #4803, #9528, #12050, .T. ) ;
#1031 = STYLED_ITEM ( 'NONE', ( #1001 ), #13123 ) ;
#1032 = EDGE_CURVE ( 'NONE', #2907, #3026, #931, .T. ) ;
#1033 = VECTOR ( 'NONE', #11571, 1000.000000000000114 ) ;
#1034 = VERTEX_POINT ( 'NONE', #77 ) ;
#1035 = FILL_AREA_STYLE_COLOUR ( '', #8376 ) ;
#1036 = ORIENTED_EDGE ( 'NONE', *, *, #11469, .T. ) ;
#1037 = ORIENTED_EDGE ( 'NONE', *, *, #9584, .F. ) ;
#1038 = EDGE_CURVE ( 'NONE', #7304, #12452, #862, .T. ) ;
#1039 = ORIENTED_EDGE ( 'NONE', *, *, #6054, .F. ) ;
#1040 = ADVANCED_FACE ( 'NONE', ( #11035 ), #9041, .T. ) ;
#1041 = DIRECTION ( 'NONE',  ( -1.000000000000000000, -0.000000000000000000, -0.000000000000000000 ) ) ;
#1042 = LINE ( 'NONE', #4930, #6540 ) ;
#1043 = CARTESIAN_POINT ( 'NONE',  ( -6.094999999999995310, 0.4500000000000013989, 0.3500000000000039746 ) ) ;
#1044 = EDGE_CURVE ( 'NONE', #12487, #4673, #3992, .T. ) ;
#1045 = FACE_OUTER_BOUND ( 'NONE', #12485, .T. ) ;
#1046 = CARTESIAN_POINT ( 'NONE',  ( -1.715000000000000746, 0.8750000000000022204, 0.8749999999999842348 ) ) ;
#1047 = FILL_AREA_STYLE_COLOUR ( '', #11475 ) ;
#1048 =( LENGTH_UNIT ( ) NAMED_UNIT ( * ) SI_UNIT ( .MILLI., .METRE. ) );
#1049 = ORIENTED_EDGE ( 'NONE', *, *, #3111, .F. ) ;
#1050 = CARTESIAN_POINT ( 'NONE',  ( -5.994999999999993889, 0.4500000000000013989, -1.849999999999995426 ) ) ;
#1051 = DIRECTION ( 'NONE',  ( -1.000000000000000000, -0.000000000000000000, -0.000000000000000000 ) ) ;
#1052 = ORIENTED_EDGE ( 'NONE', *, *, #7389, .F. ) ;
#1053 = SURFACE_STYLE_USAGE ( .BOTH. , #2827 ) ;
#1054 = DIRECTION ( 'NONE',  ( 1.084202172485507589E-15, 1.000000000000000000, 0.000000000000000000 ) ) ;
#1055 = DIRECTION ( 'NONE',  ( 1.000000000000000000, -0.000000000000000000, 0.000000000000000000 ) ) ;
#1056 = EDGE_CURVE ( 'NONE', #3282, #9512, #6046, .T. ) ;
#1057 = CARTESIAN_POINT ( 'NONE',  ( 3.284999999999998810, 3.548929149633788249, 0.000000000000000000 ) ) ;
#1058 = SURFACE_STYLE_FILL_AREA ( #10162 ) ;
#1059 = FILL_AREA_STYLE_COLOUR ( '', #316 ) ;
#1060 = VECTOR ( 'NONE', #10368, 1000.000000000000000 ) ;
#1061 = CARTESIAN_POINT ( 'NONE',  ( 5.575000000000025935, 4.700000000000000178, 0.9499999999999856337 ) ) ;
#1062 = VERTEX_POINT ( 'NONE', #347 ) ;
#1063 = DIRECTION ( 'NONE',  ( 0.000000000000000000, 0.7071067811865481278, -0.7071067811865470176 ) ) ;
#1064 = EDGE_CURVE ( 'NONE', #12079, #7250, #10514, .T. ) ;
#1065 = ORIENTED_EDGE ( 'NONE', *, *, #7060, .T. ) ;
#1066 =( NAMED_UNIT ( * ) SI_UNIT ( $, .STERADIAN. ) SOLID_ANGLE_UNIT ( ) );
#1067 = ADVANCED_FACE ( 'NONE', ( #6376 ), #11298, .T. ) ;
#1068 =( NAMED_UNIT ( * ) SI_UNIT ( $, .STERADIAN. ) SOLID_ANGLE_UNIT ( ) );
#1069 = LINE ( 'NONE', #3851, #3238 ) ;
#1070 = FILL_AREA_STYLE_COLOUR ( '', #313 ) ;
#1071 = SURFACE_SIDE_STYLE ('',( #7117 ) ) ;
#1072 = FACE_OUTER_BOUND ( 'NONE', #6284, .T. ) ;
#1073 = CARTESIAN_POINT ( 'NONE',  ( 5.383751660540249340, 4.508751660540222694, -0.6249377795396822144 ) ) ;
#1074 = FILL_AREA_STYLE ('',( #150 ) ) ;
#1075 = VECTOR ( 'NONE', #5429, 1000.000000000000000 ) ;
#1076 = EDGE_CURVE ( 'NONE', #4202, #9507, #9516, .T. ) ;
#1077 = VERTEX_POINT ( 'NONE', #6252 ) ;
#1078 = ORIENTED_EDGE ( 'NONE', *, *, #2497, .F. ) ;
#1079 = VERTEX_POINT ( 'NONE', #3248 ) ;
#1080 = VERTEX_POINT ( 'NONE', #4312 ) ;
#1081 = CARTESIAN_POINT ( 'NONE',  ( -2.965000000000000746, 2.865743636076471201, -1.125000000000033973 ) ) ;
#1082 = FILL_AREA_STYLE ('',( #8987 ) ) ;
#1083 = ADVANCED_BREP_SHAPE_REPRESENTATION ( '533980871', ( #9811, #9880, #1120, #1300, #5848, #10168, #5506, #1483, #10080, #5785, #10009, #10230, #9947, #10100, #1146, #5566, #1192, #5681, #5702, #5485 ), #6549 ) ;
#1084 = SURFACE_STYLE_FILL_AREA ( #878 ) ;
#1085 = STYLED_ITEM ( 'NONE', ( #11381 ), #6482 ) ;
#1086 = LINE ( 'NONE', #947, #2160 ) ;
#1087 = FILL_AREA_STYLE_COLOUR ( '', #2064 ) ;
#1088 = SURFACE_STYLE_USAGE ( .BOTH. , #1158 ) ;
#1089 = FILL_AREA_STYLE_COLOUR ( '', #6969 ) ;
#1090 = STYLED_ITEM ( 'NONE', ( #2791 ), #63 ) ;
#1091 = FILL_AREA_STYLE_COLOUR ( '', #7727 ) ;
#1092 =( BOUNDED_CURVE ( )  B_SPLINE_CURVE ( 3, ( #8186, #8912, #1073, #12963 ),
 .UNSPECIFIED., .F., .T. ) 
 B_SPLINE_CURVE_WITH_KNOTS ( ( 4, 4 ),
 ( 1.308996938995744763, 1.570796326794897224 ),
 .UNSPECIFIED. ) 
 CURVE ( )  GEOMETRIC_REPRESENTATION_ITEM ( )  RATIONAL_B_SPLINE_CURVE ( ( 1.000000000000000000, 0.9942965742492066994, 0.9942965742492066994, 1.000000000000000000 ) ) 
 REPRESENTATION_ITEM ( '' )  );
#1093 = CARTESIAN_POINT ( 'NONE',  ( -5.275000000000024336, 4.400000000000000355, -1.450000000000039702 ) ) ;
#1094 = VERTEX_POINT ( 'NONE', #10236 ) ;
#1095 = FILL_AREA_STYLE_COLOUR ( '', #1399 ) ;
#1096 = ORIENTED_EDGE ( 'NONE', *, *, #232, .F. ) ;
#1097 = ORIENTED_EDGE ( 'NONE', *, *, #6241, .T. ) ;
#1098 = COLOUR_RGB ( '',1.000000000000000000, 0.8117647058823529438, 0.5019607843137254832 ) ;
#1099 = ORIENTED_EDGE ( 'NONE', *, *, #5668, .T. ) ;
#1100 = EDGE_CURVE ( 'NONE', #3865, #2583, #4185, .T. ) ;
#1101 = FILL_AREA_STYLE_COLOUR ( '', #6924 ) ;
#1102 = DIRECTION ( 'NONE',  ( -1.000000000000000000, -0.000000000000000000, -0.000000000000000000 ) ) ;
#1103 = DIRECTION ( 'NONE',  ( -0.000000000000000000, -1.000000000000000000, -0.000000000000000000 ) ) ;
#1104 = CARTESIAN_POINT ( 'NONE',  ( 6.175000000000007816, 2.600000000000005862, -1.550000000000004041 ) ) ;
#1105 = VECTOR ( 'NONE', #6100, 1000.000000000000000 ) ;
#1106 = ADVANCED_FACE ( 'NONE', ( #1134 ), #5443, .F. ) ;
#1107 = ADVANCED_FACE ( 'NONE', ( #2256 ), #9368, .F. ) ;
#1108 = CARTESIAN_POINT ( 'NONE',  ( 4.434999999999999609, 3.999999999999999112, -0.5250000000000403233 ) ) ;
#1109 = VERTEX_POINT ( 'NONE', #2518 ) ;
#1110 = EDGE_CURVE ( 'NONE', #10182, #6934, #4638, .T. ) ;
#1111 = VECTOR ( 'NONE', #11225, 1000.000000000000000 ) ;
#1112 = LINE ( 'NONE', #4164, #2676 ) ;
#1113 = ORIENTED_EDGE ( 'NONE', *, *, #11265, .T. ) ;
#1114 = SURFACE_SIDE_STYLE ('',( #7158 ) ) ;
#1115 = VERTEX_POINT ( 'NONE', #7773 ) ;
#1116 = CARTESIAN_POINT ( 'NONE',  ( -4.215000000000000746, 1.749999999999999778, -0.3250000000000474176 ) ) ;
#1117 = LINE ( 'NONE', #9217, #6529 ) ;
#1118 = LINE ( 'NONE', #7367, #12569 ) ;
#1119 = CARTESIAN_POINT ( 'NONE',  ( 5.994999999999993889, 24.60698852501704437, -1.849999999999996758 ) ) ;
#1120 = MANIFOLD_SOLID_BREP ( 'Chamfer2', #12744 ) ;
#1121 = VECTOR ( 'NONE', #8344, 1000.000000000000000 ) ;
#1122 = VECTOR ( 'NONE', #523, 1000.000000000000000 ) ;
#1123 = LINE ( 'NONE', #334, #1060 ) ;
#1124 = CARTESIAN_POINT ( 'NONE',  ( 0.2269858313536784744, 0.4275827757330525891, -1.554913542985933539 ) ) ;
#1125 = ADVANCED_FACE ( 'NONE', ( #1539 ), #3645, .T. ) ;
#1126 = LINE ( 'NONE', #2965, #8194 ) ;
#1127 = STYLED_ITEM ( 'NONE', ( #3463 ), #856 ) ;
#1128 = EDGE_CURVE ( 'NONE', #12081, #11787, #9092, .T. ) ;
#1129 = VERTEX_POINT ( 'NONE', #13010 ) ;
#1130 = SURFACE_SIDE_STYLE ('',( #6312 ) ) ;
#1131 = VERTEX_POINT ( 'NONE', #5827 ) ;
#1132 = PLANE ( 'NONE',  #10101 ) ;
#1133 = DIRECTION ( 'NONE',  ( -1.000000000000000000, 0.000000000000000000, -0.000000000000000000 ) ) ;
#1134 = FACE_OUTER_BOUND ( 'NONE', #11405, .T. ) ;
#1135 = DIRECTION ( 'NONE',  ( 0.000000000000000000, 0.000000000000000000, -1.000000000000000000 ) ) ;
#1136 = COLOUR_RGB ( '',0.7921568627450980005, 0.8196078431372548767, 0.9333333333333333481 ) ;
#1137 = EDGE_CURVE ( 'NONE', #11802, #10303, #12101, .T. ) ;
#1138 = FILL_AREA_STYLE_COLOUR ( '', #12287 ) ;
#1139 = UNCERTAINTY_MEASURE_WITH_UNIT (LENGTH_MEASURE( 1.000000000000000082E-05 ), #2615, 'distance_accuracy_value', 'NONE');
#1140 = CARTESIAN_POINT ( 'NONE',  ( 6.875000000000006217, 1.649999999999999023, 0.3500000000000039746 ) ) ;
#1141 = LINE ( 'NONE', #8050, #304 ) ;
#1143 = EDGE_CURVE ( 'NONE', #960, #8509, #3777, .T. ) ;
#1142 = MECHANICAL_DESIGN_GEOMETRIC_PRESENTATION_REPRESENTATION (  '', ( #7930 ), #10265 ) ;
#1144 = FACE_OUTER_BOUND ( 'NONE', #8703, .T. ) ;
#1145 = DIRECTION ( 'NONE',  ( 0.000000000000000000, 1.000000000000000000, 0.000000000000000000 ) ) ;
#1146 = MANIFOLD_SOLID_BREP ( 'LPattern1[6]', #1912 ) ;
#1147 = VECTOR ( 'NONE', #7410, 1000.000000000000000 ) ;
#1148 = VERTEX_POINT ( 'NONE', #11024 ) ;
#1149 = VERTEX_POINT ( 'NONE', #10887 ) ;
#1150 = ORIENTED_EDGE ( 'NONE', *, *, #651, .T. ) ;
#1151 = DIRECTION ( 'NONE',  ( 0.000000000000000000, 1.000000000000000000, 0.000000000000000000 ) ) ;
#1152 = VECTOR ( 'NONE', #3319, 1000.000000000000000 ) ;
#1153 = DIRECTION ( 'NONE',  ( -1.000000000000000000, 0.000000000000000000, 0.000000000000000000 ) ) ;
#1154 = LINE ( 'NONE', #5175, #68 ) ;
#1155 = EDGE_CURVE ( 'NONE', #2082, #12373, #6825, .T. ) ;
#1156 = PLANE ( 'NONE',  #9928 ) ;
#1158 = SURFACE_SIDE_STYLE ('',( #11255 ) ) ;
#1157 = UNCERTAINTY_MEASURE_WITH_UNIT (LENGTH_MEASURE( 1.000000000000000082E-05 ), #4280, 'distance_accuracy_value', 'NONE');
#1159 = CARTESIAN_POINT ( 'NONE',  ( 6.544999999999994600, 1.399999999999998579, 0.3500000000000039746 ) ) ;
#1160 = AXIS2_PLACEMENT_3D ( 'NONE', #4246, #2258, #9375 ) ;
#1161 = FACE_OUTER_BOUND ( 'NONE', #1370, .T. ) ;
#1162 = STYLED_ITEM ( 'NONE', ( #3571 ), #1642 ) ;
#1163 = DIRECTION ( 'NONE',  ( -0.000000000000000000, 0.000000000000000000, 1.000000000000000000 ) ) ;
#1164 = CARTESIAN_POINT ( 'NONE',  ( 2.034999999999999698, 3.999999999999999112, -0.5250000000000403233 ) ) ;
#1165 = ORIENTED_EDGE ( 'NONE', *, *, #11365, .T. ) ;
#1166 = DIRECTION ( 'NONE',  ( -0.7071067811865474617, -0.7071067811865474617, 1.277744513902814987E-16 ) ) ;
#1167 = ORIENTED_EDGE ( 'NONE', *, *, #9138, .F. ) ;
#1168 = ORIENTED_EDGE ( 'NONE', *, *, #12783, .F. ) ;
#1169 = ORIENTED_EDGE ( 'NONE', *, *, #10534, .F. ) ;
#1170 = LINE ( 'NONE', #4273, #2259 ) ;
#1171 = DIRECTION ( 'NONE',  ( 0.000000000000000000, 1.000000000000000000, 0.000000000000000000 ) ) ;
#1172 = DIRECTION ( 'NONE',  ( -0.5773502691896326144, -0.5773502691896271743, -0.5773502691896175154 ) ) ;
#1173 = STYLED_ITEM ( 'NONE', ( #12778 ), #10009 ) ;
#1174 = LINE ( 'NONE', #5194, #6642 ) ;
#1175 = CARTESIAN_POINT ( 'NONE',  ( 5.875000000000005329, 0.3000000000000014322, 0.8000000000000005995 ) ) ;
#1176 =( GEOMETRIC_REPRESENTATION_CONTEXT ( 3 ) GLOBAL_UNCERTAINTY_ASSIGNED_CONTEXT ( ( #1773 ) ) GLOBAL_UNIT_ASSIGNED_CONTEXT ( ( #5183, #6596, #2599 ) ) REPRESENTATION_CONTEXT ( 'NONE', 'WORKASPACE' ) );
#1177 = SURFACE_STYLE_USAGE ( .BOTH. , #184 ) ;
#1178 = DIRECTION ( 'NONE',  ( 0.000000000000000000, -1.000000000000000000, 0.000000000000000000 ) ) ;
#1179 = ORIENTED_EDGE ( 'NONE', *, *, #9830, .T. ) ;
#1180 = MECHANICAL_DESIGN_GEOMETRIC_PRESENTATION_REPRESENTATION (  '', ( #7763 ), #3933 ) ;
#1181 = CARTESIAN_POINT ( 'NONE',  ( -3.900000000000000355, 2.399999999999994138, 0.5499999999999785061 ) ) ;
#1182 = VERTEX_POINT ( 'NONE', #10091 ) ;
#1183 = DIRECTION ( 'NONE',  ( 0.000000000000000000, 0.000000000000000000, -1.000000000000000000 ) ) ;
#1184 = ORIENTED_EDGE ( 'NONE', *, *, #11605, .T. ) ;
#1185 = CARTESIAN_POINT ( 'NONE',  ( -1.935000000000000497, 3.999999999999999112, -0.5250000000000403233 ) ) ;
#1186 = VECTOR ( 'NONE', #3181, 1000.000000000000000 ) ;
#1187 = LINE ( 'NONE', #8162, #12787 ) ;
#1188 = EDGE_CURVE ( 'NONE', #4618, #8418, #8032, .T. ) ;
#1189 = CARTESIAN_POINT ( 'NONE',  ( 2.034999999999999698, 0.2999999999999999889, 1.850000000000004530 ) ) ;
#1190 = CARTESIAN_POINT ( 'NONE',  ( -5.375000000000000888, 0.2999999999999999889, 1.850000000000001421 ) ) ;
#1191 = DIRECTION ( 'NONE',  ( -1.000000000000000000, 0.000000000000000000, 1.176083712526648949E-16 ) ) ;
#1192 = MANIFOLD_SOLID_BREP ( 'LPattern2[5]', #5743 ) ;
#1193 = VECTOR ( 'NONE', #1406, 1000.000000000000000 ) ;
#1194 = FACE_OUTER_BOUND ( 'NONE', #6328, .T. ) ;
#1195 = DIRECTION ( 'NONE',  ( -1.000000000000000000, 0.000000000000000000, 0.000000000000000000 ) ) ;
#1196 = DIRECTION ( 'NONE',  ( 0.000000000000000000, 1.000000000000000000, -4.814824860968090180E-32 ) ) ;
#1197 = EDGE_CURVE ( 'NONE', #3564, #550, #1852, .T. ) ;
#1198 = AXIS2_PLACEMENT_3D ( 'NONE', #4368, #12435, #11432 ) ;
#1199 = FACE_OUTER_BOUND ( 'NONE', #9734, .T. ) ;
#1200 = VERTEX_POINT ( 'NONE', #847 ) ;
#1201 = FILL_AREA_STYLE ('',( #7439 ) ) ;
#1202 = COLOUR_RGB ( '',1.000000000000000000, 1.000000000000000000, 1.000000000000000000 ) ;
#1203 = VECTOR ( 'NONE', #13068, 999.9999999999998863 ) ;
#1204 = VERTEX_POINT ( 'NONE', #4884 ) ;
#1205 =( LENGTH_UNIT ( ) NAMED_UNIT ( * ) SI_UNIT ( .MILLI., .METRE. ) );
#1206 = CARTESIAN_POINT ( 'NONE',  ( 2.034999999999999698, 0.4500000000000002331, 6.098637220230963674E-17 ) ) ;
#1207 = SURFACE_STYLE_FILL_AREA ( #6177 ) ;
#1208 = EDGE_CURVE ( 'NONE', #4218, #448, #1906, .T. ) ;
#1209 = AXIS2_PLACEMENT_3D ( 'NONE', #4684, #7764, #8756 ) ;
#1210 = DIRECTION ( 'NONE',  ( 0.000000000000000000, 0.000000000000000000, 1.000000000000000000 ) ) ;
#1211 = ADVANCED_FACE ( 'NONE', ( #5213 ), #10293, .F. ) ;
#1212 = FILL_AREA_STYLE_COLOUR ( '', #8786 ) ;
#1213 = LINE ( 'NONE', #5236, #12491 ) ;
#1214 = CARTESIAN_POINT ( 'NONE',  ( 4.925000000000019362, 1.749999999999999778, 1.549999999999988942 ) ) ;
#1215 = VECTOR ( 'NONE', #11117, 1000.000000000000000 ) ;
#1216 =( LENGTH_UNIT ( ) NAMED_UNIT ( * ) SI_UNIT ( .MILLI., .METRE. ) );
#1217 = PRESENTATION_LAYER_ASSIGNMENT (  '', '', ( #4994 ) ) ;
#1218 = ORIENTED_EDGE ( 'NONE', *, *, #4596, .T. ) ;
#1219 = ORIENTED_EDGE ( 'NONE', *, *, #2600, .T. ) ;
#1220 = ORIENTED_EDGE ( 'NONE', *, *, #1771, .T. ) ;
#1221 = CARTESIAN_POINT ( 'NONE',  ( 6.875000000000006217, 1.399999999999998579, -1.749999999999997558 ) ) ;
#1222 = VECTOR ( 'NONE', #12263, 1000.000000000000000 ) ;
#1223 = FILL_AREA_STYLE_COLOUR ( '', #1304 ) ;
#1224 = PRESENTATION_LAYER_ASSIGNMENT (  '', '', ( #6933 ) ) ;
#1225 = EDGE_CURVE ( 'NONE', #3686, #11367, #12366, .T. ) ;
#1226 = FILL_AREA_STYLE ('',( #12198 ) ) ;
#1227 = DIRECTION ( 'NONE',  ( 0.000000000000000000, -4.814824860968089633E-32, -1.000000000000000000 ) ) ;
#1228 = SURFACE_SIDE_STYLE ('',( #10326 ) ) ;
#1229 = EDGE_CURVE ( 'NONE', #10069, #7806, #11226, .T. ) ;
#1230 = CARTESIAN_POINT ( 'NONE',  ( -6.244999999999996554, 1.500000000000001554, -1.599999999999997202 ) ) ;
#1231 = MECHANICAL_DESIGN_GEOMETRIC_PRESENTATION_REPRESENTATION (  '', ( #8687 ), #6936 ) ;
#1232 = DIRECTION ( 'NONE',  ( -0.9762960071199339174, 0.2164396139381006001, 0.000000000000000000 ) ) ;
#1233 = AXIS2_PLACEMENT_3D ( 'NONE', #1751, #6550, #8681 ) ;
#1234 = LINE ( 'NONE', #7462, #5013 ) ;
#1235 = ORIENTED_EDGE ( 'NONE', *, *, #9101, .T. ) ;
#1236 = DIRECTION ( 'NONE',  ( -0.000000000000000000, -0.000000000000000000, 1.000000000000000000 ) ) ;
#1237 = VECTOR ( 'NONE', #1360, 1000.000000000000000 ) ;
#1238 = VERTEX_POINT ( 'NONE', #9289 ) ;
#1239 = EDGE_LOOP ( 'NONE', ( #5696, #7377, #12473, #4553 ) ) ;
#1240 = ORIENTED_EDGE ( 'NONE', *, *, #12506, .F. ) ;
#1241 = EDGE_CURVE ( 'NONE', #11866, #1667, #3163, .T. ) ;
#1242 = EDGE_CURVE ( 'NONE', #962, #1149, #4235, .T. ) ;
#1243 = VECTOR ( 'NONE', #6839, 1000.000000000000000 ) ;
#1244 = FACE_OUTER_BOUND ( 'NONE', #9756, .T. ) ;
#1245 = LINE ( 'NONE', #5273, #6432 ) ;
#1246 = FACE_OUTER_BOUND ( 'NONE', #654, .T. ) ;
#1247 = DIRECTION ( 'NONE',  ( 0.7071067811865414665, 0.000000000000000000, 0.7071067811865536790 ) ) ;
#1248 = VECTOR ( 'NONE', #3587, 1000.000000000000000 ) ;
#1249 = VECTOR ( 'NONE', #11299, 1000.000000000000000 ) ;
#1250 = CARTESIAN_POINT ( 'NONE',  ( 7.574999999999993960, 0.000000000000000000, 0.3500000000000039746 ) ) ;
#1251 = LINE ( 'NONE', #9275, #8204 ) ;
#1252 = ORIENTED_EDGE ( 'NONE', *, *, #4104, .F. ) ;
#1253 = LINE ( 'NONE', #1181, #6718 ) ;
#1254 = EDGE_LOOP ( 'NONE', ( #3540, #11636, #1400, #3350 ) ) ;
#1255 = DIRECTION ( 'NONE',  ( 1.000000000000000000, 0.000000000000000000, -0.000000000000000000 ) ) ;
#1256 = ORIENTED_EDGE ( 'NONE', *, *, #8930, .T. ) ;
#1257 = DIRECTION ( 'NONE',  ( 0.000000000000000000, -0.7071067811865470176, -0.7071067811865481278 ) ) ;
#1258 = COLOUR_RGB ( '',1.000000000000000000, 1.000000000000000000, 1.000000000000000000 ) ;
#1259 = CARTESIAN_POINT ( 'NONE',  ( -4.215000000000000746, 2.865743636076471645, -0.3250000000000474731 ) ) ;
#1260 = CYLINDRICAL_SURFACE ( 'NONE', #169, 0.1999999999999996503 ) ;
#1261 = DIRECTION ( 'NONE',  ( 0.000000000000000000, -1.000000000000000000, 4.858652729125647824E-17 ) ) ;
#1262 = CARTESIAN_POINT ( 'NONE',  ( -3.285000000000000586, 0.2999999999999997113, 1.449999999999998623 ) ) ;
#1263 = UNCERTAINTY_MEASURE_WITH_UNIT (LENGTH_MEASURE( 1.000000000000000082E-05 ), #7851, 'distance_accuracy_value', 'NONE');
#1264 =( NAMED_UNIT ( * ) PLANE_ANGLE_UNIT ( ) SI_UNIT ( $, .RADIAN. ) );
#1265 = DIRECTION ( 'NONE',  ( 0.000000000000000000, -1.355252715606860081E-16, 1.000000000000000000 ) ) ;
#1266 = PLANE ( 'NONE',  #7534 ) ;
#1267 = DIRECTION ( 'NONE',  ( 0.000000000000000000, -1.355252715606860081E-16, 1.000000000000000000 ) ) ;
#1268 = ORIENTED_EDGE ( 'NONE', *, *, #8437, .F. ) ;
#1269 = LINE ( 'NONE', #10302, #2242 ) ;
#1270 = ORIENTED_EDGE ( 'NONE', *, *, #11442, .T. ) ;
#1271 =( NAMED_UNIT ( * ) PLANE_ANGLE_UNIT ( ) SI_UNIT ( $, .RADIAN. ) );
#1272 =( NAMED_UNIT ( * ) PLANE_ANGLE_UNIT ( ) SI_UNIT ( $, .RADIAN. ) );
#1273 = EDGE_CURVE ( 'NONE', #2633, #7190, #8292, .T. ) ;
#1274 =( LENGTH_UNIT ( ) NAMED_UNIT ( * ) SI_UNIT ( .MILLI., .METRE. ) );
#1275 =( NAMED_UNIT ( * ) PLANE_ANGLE_UNIT ( ) SI_UNIT ( $, .RADIAN. ) );
#1276 = UNCERTAINTY_MEASURE_WITH_UNIT (LENGTH_MEASURE( 1.000000000000000082E-05 ), #13004, 'distance_accuracy_value', 'NONE');
#1277 = LINE ( 'NONE', #272, #1463 ) ;
#1278 = SURFACE_STYLE_FILL_AREA ( #10382 ) ;
#1279 = VECTOR ( 'NONE', #399, 999.9999999999998863 ) ;
#1280 = DIRECTION ( 'NONE',  ( 1.000000000000000000, -6.570922257487672349E-16, 0.000000000000000000 ) ) ;
#1281 = ORIENTED_EDGE ( 'NONE', *, *, #10226, .T. ) ;
#1282 = CARTESIAN_POINT ( 'NONE',  ( -7.074999999999998401, -0.9059928172283340242, 0.6500000000000041300 ) ) ;
#1283 = EDGE_CURVE ( 'NONE', #2154, #940, #4103, .T. ) ;
#1284 = ORIENTED_EDGE ( 'NONE', *, *, #2829, .T. ) ;
#1285 = ORIENTED_EDGE ( 'NONE', *, *, #9984, .F. ) ;
#1286 = CARTESIAN_POINT ( 'NONE',  ( 3.284999999999998810, 0.000000000000000000, 0.000000000000000000 ) ) ;
#1287 = PLANE ( 'NONE',  #6613 ) ;
#1288 = CARTESIAN_POINT ( 'NONE',  ( 2.034999999999999698, 0.2999999999999997113, 1.449999999999998623 ) ) ;
#1289 = DIRECTION ( 'NONE',  ( -0.000000000000000000, 4.858652729125647824E-17, 1.000000000000000000 ) ) ;
#1290 = UNCERTAINTY_MEASURE_WITH_UNIT (LENGTH_MEASURE( 1.000000000000000082E-05 ), #622, 'distance_accuracy_value', 'NONE');
#1291 = PLANE ( 'NONE',  #715 ) ;
#1292 =( NAMED_UNIT ( * ) PLANE_ANGLE_UNIT ( ) SI_UNIT ( $, .RADIAN. ) );
#1293 = CLOSED_SHELL ( 'NONE', ( #6116, #11746, #6431, #3148, #4284, #3704, #2339, #8512, #3767, #4464 ) ) ;
#1294 = ORIENTED_EDGE ( 'NONE', *, *, #5917, .F. ) ;
#1295 = LINE ( 'NONE', #12332, #4349 ) ;
#1296 = EDGE_CURVE ( 'NONE', #7055, #12525, #4173, .T. ) ;
#1297 = ORIENTED_EDGE ( 'NONE', *, *, #7289, .F. ) ;
#1298 = VERTEX_POINT ( 'NONE', #3234 ) ;
#1299 =( GEOMETRIC_REPRESENTATION_CONTEXT ( 3 ) GLOBAL_UNCERTAINTY_ASSIGNED_CONTEXT ( ( #5106 ) ) GLOBAL_UNIT_ASSIGNED_CONTEXT ( ( #10910, #4412, #2544 ) ) REPRESENTATION_CONTEXT ( 'NONE', 'WORKASPACE' ) );
#1300 = MANIFOLD_SOLID_BREP ( 'Boss-Extrude4', #1293 ) ;
#1301 = ORIENTED_EDGE ( 'NONE', *, *, #9204, .T. ) ;
#1302 = DIRECTION ( 'NONE',  ( -1.000000000000000000, -0.000000000000000000, -0.000000000000000000 ) ) ;
#1303 = CARTESIAN_POINT ( 'NONE',  ( -5.385628445029388089, 4.510628445029362332, -0.6242580447761940654 ) ) ;
#1304 = COLOUR_RGB ( '',1.000000000000000000, 0.8117647058823529438, 0.5019607843137254832 ) ;
#1305 = CARTESIAN_POINT ( 'NONE',  ( -5.375000000000000888, 0.000000000000000000, -1.850000000000001865 ) ) ;
#1306 =( NAMED_UNIT ( * ) PLANE_ANGLE_UNIT ( ) SI_UNIT ( $, .RADIAN. ) );
#1307 = FILL_AREA_STYLE ('',( #2107 ) ) ;
#1308 = PRESENTATION_STYLE_ASSIGNMENT (( #8549 ) ) ;
#1309 =( GEOMETRIC_REPRESENTATION_CONTEXT ( 3 ) GLOBAL_UNCERTAINTY_ASSIGNED_CONTEXT ( ( #11519 ) ) GLOBAL_UNIT_ASSIGNED_CONTEXT ( ( #4383, #6381, #2197 ) ) REPRESENTATION_CONTEXT ( 'NONE', 'WORKASPACE' ) );
#1310 = ADVANCED_FACE ( 'NONE', ( #11589 ), #11458, .T. ) ;
#1311 = SURFACE_STYLE_FILL_AREA ( #2889 ) ;
#1312 = VERTEX_POINT ( 'NONE', #366 ) ;
#1313 = MECHANICAL_DESIGN_GEOMETRIC_PRESENTATION_REPRESENTATION (  '', ( #11715 ), #5537 ) ;
#1314 = CARTESIAN_POINT ( 'NONE',  ( 4.315000000000000391, 4.000000000000000000, -0.9250000000000404565 ) ) ;
#1315 = ORIENTED_EDGE ( 'NONE', *, *, #476, .T. ) ;
#1316 = LINE ( 'NONE', #5347, #8741 ) ;
#1317 = MECHANICAL_DESIGN_GEOMETRIC_PRESENTATION_REPRESENTATION (  '', ( #7028 ), #5097 ) ;
#1318 = ORIENTED_EDGE ( 'NONE', *, *, #1879, .T. ) ;
#1319 = DIRECTION ( 'NONE',  ( 0.000000000000000000, 1.000000000000000000, 0.000000000000000000 ) ) ;
#1320 = DIRECTION ( 'NONE',  ( -0.000000000000000000, 1.000000000000000000, -0.000000000000000000 ) ) ;
#1321 = DIRECTION ( 'NONE',  ( -0.7071067811865479058, -0.7071067811865472397, 2.453269466693400199E-15 ) ) ;
#1322 = SURFACE_STYLE_FILL_AREA ( #3301 ) ;
#1323 = DIRECTION ( 'NONE',  ( -0.000000000000000000, 1.000000000000000000, -0.000000000000000000 ) ) ;
#1324 = LINE ( 'NONE', #12428, #4072 ) ;
#1325 = MECHANICAL_DESIGN_GEOMETRIC_PRESENTATION_REPRESENTATION (  '', ( #10010 ), #1736 ) ;
#1326 = SURFACE_SIDE_STYLE ('',( #864 ) ) ;
#1327 = EDGE_CURVE ( 'NONE', #376, #12511, #7605, .T. ) ;
#1328 = DIRECTION ( 'NONE',  ( -3.942553354492748461E-16, -1.000000000000000000, 0.000000000000000000 ) ) ;
#1329 = LINE ( 'NONE', #9569, #2246 ) ;
#1330 = AXIS2_PLACEMENT_3D ( 'NONE', #6176, #5228, #1133 ) ;
#1331 = ORIENTED_EDGE ( 'NONE', *, *, #5819, .T. ) ;
#1332 = ORIENTED_EDGE ( 'NONE', *, *, #7303, .F. ) ;
#1333 = STYLED_ITEM ( 'NONE', ( #7993 ), #794 ) ;
#1334 = ORIENTED_EDGE ( 'NONE', *, *, #10741, .T. ) ;
#1335 = CYLINDRICAL_SURFACE ( 'NONE', #7771, 0.1999999999999996503 ) ;
#1336 = DIRECTION ( 'NONE',  ( 0.000000000000000000, 1.355252715606880296E-16, -1.000000000000000000 ) ) ;
#1337 = STYLED_ITEM ( 'NONE', ( #2448 ), #7213 ) ;
#1338 = FILL_AREA_STYLE_COLOUR ( '', #11089 ) ;
#1339 =( NAMED_UNIT ( * ) PLANE_ANGLE_UNIT ( ) SI_UNIT ( $, .RADIAN. ) );
#1340 = PRESENTATION_STYLE_ASSIGNMENT (( #4378 ) ) ;
#1341 = SURFACE_STYLE_USAGE ( .BOTH. , #1410 ) ;
#1342 = STYLED_ITEM ( 'NONE', ( #5654 ), #973 ) ;
#1343 = DIRECTION ( 'NONE',  ( 0.000000000000000000, 1.000000000000000000, -4.858652729125647208E-17 ) ) ;
#1344 = DIRECTION ( 'NONE',  ( 0.000000000000000000, 0.9848077530122086864, 0.1736481776669268617 ) ) ;
#1345 = CARTESIAN_POINT ( 'NONE',  ( 5.400881904447568438, 4.525881904447543569, 0.1283451969090860234 ) ) ;
#1346 = VECTOR ( 'NONE', #11949, 1000.000000000000000 ) ;
#1347 = VERTEX_POINT ( 'NONE', #427 ) ;
#1348 = LINE ( 'NONE', #5454, #6700 ) ;
#1349 = ORIENTED_EDGE ( 'NONE', *, *, #12197, .T. ) ;
#1350 = VERTEX_POINT ( 'NONE', #4452 ) ;
#1351 = CARTESIAN_POINT ( 'NONE',  ( -2.965000000000000746, 0.1000000000000000056, 2.350000000000004530 ) ) ;
#1352 = VECTOR ( 'NONE', #11274, 1000.000000000000000 ) ;
#1353 = SURFACE_STYLE_USAGE ( .BOTH. , #10454 ) ;
#1354 = CARTESIAN_POINT ( 'NONE',  ( -5.575000000000025935, 4.700000000000000178, 0.2249377794898766436 ) ) ;
#1355 = CARTESIAN_POINT ( 'NONE',  ( -6.544999999999994600, 0.4500000000000015099, 0.3500000000000039746 ) ) ;
#1356 = EDGE_CURVE ( 'NONE', #4343, #2248, #6466, .T. ) ;
#1357 = FILL_AREA_STYLE_COLOUR ( '', #10900 ) ;
#1358 = STYLED_ITEM ( 'NONE', ( #11053 ), #8996 ) ;
#1359 = DIRECTION ( 'NONE',  ( 0.000000000000000000, -0.9848077530122087975, -0.1736481776669268895 ) ) ;
#1360 = DIRECTION ( 'NONE',  ( 1.000000000000000000, -6.570922257487672349E-16, 0.000000000000000000 ) ) ;
#1361 = EDGE_CURVE ( 'NONE', #5186, #10492, #4524, .T. ) ;
#1362 =( GEOMETRIC_REPRESENTATION_CONTEXT ( 3 ) GLOBAL_UNCERTAINTY_ASSIGNED_CONTEXT ( ( #9628 ) ) GLOBAL_UNIT_ASSIGNED_CONTEXT ( ( #12269, #13114, #5048 ) ) REPRESENTATION_CONTEXT ( 'NONE', 'WORKASPACE' ) );
#1363 = CARTESIAN_POINT ( 'NONE',  ( -5.275000000000025224, 4.400000000000000355, -0.7249377794898655969 ) ) ;
#1364 = AXIS2_PLACEMENT_3D ( 'NONE', #7796, #1804, #1734 ) ;
#1365 = EDGE_LOOP ( 'NONE', ( #8878, #9607, #11580, #4787, #7121, #1743 ) ) ;
#1366 = PLANE ( 'NONE',  #2442 ) ;
#1367 = PRESENTATION_LAYER_ASSIGNMENT (  '', '', ( #6666 ) ) ;
#1368 = EDGE_LOOP ( 'NONE', ( #4878, #3591, #5266, #5793, #1809, #2458, #1017, #4178, #4720, #9276, #11203, #7056 ) ) ;
#1369 = VERTEX_POINT ( 'NONE', #4334 ) ;
#1370 = EDGE_LOOP ( 'NONE', ( #8807, #5990, #7885, #9676, #10815, #4872, #1697, #2731 ) ) ;
#1371 = DIRECTION ( 'NONE',  ( 0.000000000000000000, -0.000000000000000000, 1.000000000000000000 ) ) ;
#1372 = STYLED_ITEM ( 'NONE', ( #4812 ), #1703 ) ;
#1373 = EDGE_CURVE ( 'NONE', #5877, #1347, #12581, .T. ) ;
#1374 = CARTESIAN_POINT ( 'NONE',  ( -4.387500000000002842, 4.387500000000002842, -1.850000000000001865 ) ) ;
#1375 = ADVANCED_FACE ( 'NONE', ( #3466 ), #10530, .T. ) ;
#1376 = FILL_AREA_STYLE ('',( #11607 ) ) ;
#1377 = CARTESIAN_POINT ( 'NONE',  ( -5.575000000000018829, 4.700000000000000178, -0.6750000000000004885 ) ) ;
#1378 = EDGE_CURVE ( 'NONE', #5906, #8571, #4652, .T. ) ;
#1379 = CARTESIAN_POINT ( 'NONE',  ( -1.715000000000000746, 0.000000000000000000, 2.350000000000004530 ) ) ;
#1380 = LINE ( 'NONE', #9416, #6713 ) ;
#1381 = PRESENTATION_LAYER_ASSIGNMENT (  '', '', ( #5604 ) ) ;
#1382 = ORIENTED_EDGE ( 'NONE', *, *, #11696, .T. ) ;
#1383 = SURFACE_SIDE_STYLE ('',( #11231 ) ) ;
#1384 = VECTOR ( 'NONE', #9864, 1000.000000000000000 ) ;
#1385 = DIRECTION ( 'NONE',  ( -0.7071067811865471286, 0.7071067811865479058, 8.316167683706431825E-17 ) ) ;
#1386 = EDGE_LOOP ( 'NONE', ( #12626, #10170, #170, #9903, #11200 ) ) ;
#1387 = CARTESIAN_POINT ( 'NONE',  ( -5.875000000000001776, -0.9059928172283340242, -1.550000000000001821 ) ) ;
#1388 = ORIENTED_EDGE ( 'NONE', *, *, #10863, .T. ) ;
#1389 = CARTESIAN_POINT ( 'NONE',  ( -6.544999999999994600, 1.400000000000000133, 0.3500000000000039746 ) ) ;
#1390 = CARTESIAN_POINT ( 'NONE',  ( 3.200000000000007727, 2.100000000000005862, -1.450000000000040812 ) ) ;
#1391 = SURFACE_STYLE_USAGE ( .BOTH. , #2239 ) ;
#1392 = EDGE_CURVE ( 'NONE', #12259, #11234, #7665, .T. ) ;
#1393 = UNCERTAINTY_MEASURE_WITH_UNIT (LENGTH_MEASURE( 1.000000000000000082E-05 ), #2021, 'distance_accuracy_value', 'NONE');
#1394 =( GEOMETRIC_REPRESENTATION_CONTEXT ( 3 ) GLOBAL_UNCERTAINTY_ASSIGNED_CONTEXT ( ( #8816 ) ) GLOBAL_UNIT_ASSIGNED_CONTEXT ( ( #5935, #7264, #9327 ) ) REPRESENTATION_CONTEXT ( 'NONE', 'WORKASPACE' ) );
#1395 = EDGE_CURVE ( 'NONE', #9732, #7453, #7848, .T. ) ;
#1396 = DIRECTION ( 'NONE',  ( 0.000000000000000000, -0.7071067811865482389, -0.7071067811865469066 ) ) ;
#1397 = EDGE_CURVE ( 'NONE', #12971, #785, #4713, .T. ) ;
#1398 = CARTESIAN_POINT ( 'NONE',  ( 7.574999999999970868, 4.700000000000089884, -1.649999999999997469 ) ) ;
#1399 = COLOUR_RGB ( '',0.7921568627450980005, 0.8196078431372548767, 0.9333333333333333481 ) ;
#1400 = ORIENTED_EDGE ( 'NONE', *, *, #12104, .T. ) ;
#1401 = VECTOR ( 'NONE', #11652, 1000.000000000000000 ) ;
#1402 = ORIENTED_EDGE ( 'NONE', *, *, #5679, .T. ) ;
#1403 = LINE ( 'NONE', #3442, #9255 ) ;
#1404 = ADVANCED_FACE ( 'NONE', ( #12960 ), #557, .T. ) ;
#1405 = ORIENTED_EDGE ( 'NONE', *, *, #7628, .F. ) ;
#1406 = DIRECTION ( 'NONE',  ( 0.000000000000000000, 1.000000000000000000, 0.000000000000000000 ) ) ;
#1407 =( LENGTH_UNIT ( ) NAMED_UNIT ( * ) SI_UNIT ( .MILLI., .METRE. ) );
#1408 = DIRECTION ( 'NONE',  ( -1.000000000000000000, -0.000000000000000000, -0.000000000000000000 ) ) ;
#1409 = SURFACE_STYLE_USAGE ( .BOTH. , #9579 ) ;
#1410 = SURFACE_SIDE_STYLE ('',( #10442 ) ) ;
#1411 = MECHANICAL_DESIGN_GEOMETRIC_PRESENTATION_REPRESENTATION (  '', ( #3949 ), #11814 ) ;
#1412 = CARTESIAN_POINT ( 'NONE',  ( -0.4650000000000010236, 3.548929149633788249, 0.000000000000000000 ) ) ;
#1413 = DIRECTION ( 'NONE',  ( 0.000000000000000000, -0.9063077870366520461, -0.4226182617406951114 ) ) ;
#1414 = PRESENTATION_LAYER_ASSIGNMENT (  '', '', ( #9890 ) ) ;
#1415 = AXIS2_PLACEMENT_3D ( 'NONE', #5150, #5222, #4372 ) ;
#1416 = ORIENTED_EDGE ( 'NONE', *, *, #7691, .T. ) ;
#1417 = EDGE_CURVE ( 'NONE', #12591, #8301, #4845, .T. ) ;
#1418 = ORIENTED_EDGE ( 'NONE', *, *, #8009, .F. ) ;
#1419 = ORIENTED_EDGE ( 'NONE', *, *, #1575, .F. ) ;
#1420 =( GEOMETRIC_REPRESENTATION_CONTEXT ( 3 ) GLOBAL_UNCERTAINTY_ASSIGNED_CONTEXT ( ( #7760 ) ) GLOBAL_UNIT_ASSIGNED_CONTEXT ( ( #2929, #11052, #9060 ) ) REPRESENTATION_CONTEXT ( 'NONE', 'WORKASPACE' ) );
#1421 = PRESENTATION_STYLE_ASSIGNMENT (( #3336 ) ) ;
#1422 =( LENGTH_UNIT ( ) NAMED_UNIT ( * ) SI_UNIT ( .MILLI., .METRE. ) );
#1423 = LINE ( 'NONE', #11586, #5109 ) ;
#1424 = AXIS2_PLACEMENT_3D ( 'NONE', #9495, #4419, #8629 ) ;
#1425 = DIRECTION ( 'NONE',  ( 0.000000000000000000, 0.9848077530122087975, -0.1736481776669264454 ) ) ;
#1426 = EDGE_CURVE ( 'NONE', #12761, #1916, #3854, .T. ) ;
#1428 = FILL_AREA_STYLE ('',( #1560 ) ) ;
#1427 = UNCERTAINTY_MEASURE_WITH_UNIT (LENGTH_MEASURE( 1.000000000000000082E-05 ), #1025, 'distance_accuracy_value', 'NONE');
#1429 = CARTESIAN_POINT ( 'NONE',  ( 5.374999999950209606, 1.749999999999999778, -0.7249377794898669292 ) ) ;
#1430 = LINE ( 'NONE', #429, #10780 ) ;
#1431 = PRESENTATION_STYLE_ASSIGNMENT (( #5318 ) ) ;
#1432 = AXIS2_PLACEMENT_3D ( 'NONE', #8075, #9133, #13127 ) ;
#1433 = EDGE_LOOP ( 'NONE', ( #4837, #2443, #10552, #5688, #5726, #2412, #2491, #7359, #6987, #6356, #8446, #220, #9588, #235, #1672, #5517, #7124, #6475 ) ) ;
#1434 = DIRECTION ( 'NONE',  ( 0.000000000000000000, 0.7071067811865469066, -0.7071067811865482389 ) ) ;
#1436 = EDGE_CURVE ( 'NONE', #9606, #566, #12907, .T. ) ;
#1435 = AXIS2_PLACEMENT_3D ( 'NONE', #2102, #4154, #8143 ) ;
#1437 = ORIENTED_EDGE ( 'NONE', *, *, #12201, .F. ) ;
#1438 = ORIENTED_EDGE ( 'NONE', *, *, #5896, .T. ) ;
#1439 = ORIENTED_EDGE ( 'NONE', *, *, #3475, .T. ) ;
#1440 = CARTESIAN_POINT ( 'NONE',  ( 2.034999999999999698, 4.000000000000000000, -0.9250000000000404565 ) ) ;
#1441 = FACE_OUTER_BOUND ( 'NONE', #8931, .T. ) ;
#1442 = ADVANCED_FACE ( 'NONE', ( #6731 ), #1678, .T. ) ;
#1443 = PLANE ( 'NONE',  #11431 ) ;
#1444 = PLANE ( 'NONE',  #405 ) ;
#1445 =( GEOMETRIC_REPRESENTATION_CONTEXT ( 3 ) GLOBAL_UNCERTAINTY_ASSIGNED_CONTEXT ( ( #11375 ) ) GLOBAL_UNIT_ASSIGNED_CONTEXT ( ( #8090, #4826, #4945 ) ) REPRESENTATION_CONTEXT ( 'NONE', 'WORKASPACE' ) );
#1446 =( NAMED_UNIT ( * ) PLANE_ANGLE_UNIT ( ) SI_UNIT ( $, .RADIAN. ) );
#1447 = LINE ( 'NONE', #6614, #9355 ) ;
#1448 = VECTOR ( 'NONE', #8666, 1000.000000000000114 ) ;
#1449 = ORIENTED_EDGE ( 'NONE', *, *, #2714, .F. ) ;
#1450 = EDGE_CURVE ( 'NONE', #2031, #10966, #8434, .T. ) ;
#1451 = EDGE_CURVE ( 'NONE', #7955, #5207, #11429, .T. ) ;
#1452 = CARTESIAN_POINT ( 'NONE',  ( -6.094999999999995310, 1.200000000000000178, 0.3500000000000039746 ) ) ;
#1453 = VECTOR ( 'NONE', #1596, 1000.000000000000000 ) ;
#1454 = ORIENTED_EDGE ( 'NONE', *, *, #11854, .F. ) ;
#1455 = DIRECTION ( 'NONE',  ( 0.000000000000000000, -1.000000000000000000, 0.000000000000000000 ) ) ;
#1456 = ADVANCED_FACE ( 'NONE', ( #11359 ), #12494, .T. ) ;
#1457 = EDGE_LOOP ( 'NONE', ( #38, #4341, #2340, #436, #3352, #8299 ) ) ;
#1458 = FILL_AREA_STYLE_COLOUR ( '', #4373 ) ;
#1459 = DIRECTION ( 'NONE',  ( 0.000000000000000000, -0.000000000000000000, 1.000000000000000000 ) ) ;
#1460 =( LENGTH_UNIT ( ) NAMED_UNIT ( * ) SI_UNIT ( .MILLI., .METRE. ) );
#1461 = CARTESIAN_POINT ( 'NONE',  ( 2.034999999999999698, -1.579062136966065191E-17, -0.3250000000000473066 ) ) ;
#1462 = CARTESIAN_POINT ( 'NONE',  ( -5.875000000000001776, 0.000000000000000000, 0.9500000000000013989 ) ) ;
#1463 = VECTOR ( 'NONE', #4316, 1000.000000000000000 ) ;
#1465 = VECTOR ( 'NONE', #6712, 1000.000000000000000 ) ;
#1464 = DIRECTION ( 'NONE',  ( 0.7071067811865472397, -0.7071067811865479058, 0.000000000000000000 ) ) ;
#1466 =( NAMED_UNIT ( * ) PLANE_ANGLE_UNIT ( ) SI_UNIT ( $, .RADIAN. ) );
#1467 = DIRECTION ( 'NONE',  ( 0.000000000000000000, -4.814824860968089633E-32, -1.000000000000000000 ) ) ;
#1468 = PRESENTATION_LAYER_ASSIGNMENT (  '', '', ( #1031 ) ) ;
#1469 = ORIENTED_EDGE ( 'NONE', *, *, #1296, .F. ) ;
#1470 = VECTOR ( 'NONE', #9934, 1000.000000000000000 ) ;
#1471 = ORIENTED_EDGE ( 'NONE', *, *, #3161, .F. ) ;
#1472 = DIRECTION ( 'NONE',  ( -1.000000000000000000, 0.000000000000000000, 0.000000000000000000 ) ) ;
#1473 = VERTEX_POINT ( 'NONE', #333 ) ;
#1474 = DIRECTION ( 'NONE',  ( -1.000000000000000000, 0.000000000000000000, 0.000000000000000000 ) ) ;
#1475 = CARTESIAN_POINT ( 'NONE',  ( -5.375000000000000888, 0.000000000000000000, -1.850000000000001865 ) ) ;
#1476 =( NAMED_UNIT ( * ) SI_UNIT ( $, .STERADIAN. ) SOLID_ANGLE_UNIT ( ) );
#1477 = CARTESIAN_POINT ( 'NONE',  ( -2.220542863636213671, 0.1909000140257115508, 0.1466470997434465018 ) ) ;
#1478 = DIRECTION ( 'NONE',  ( 0.000000000000000000, -1.355252715606880049E-16, 1.000000000000000000 ) ) ;
#1479 = CARTESIAN_POINT ( 'NONE',  ( -6.875000000000006217, 1.400000000000000133, 0.3500000000000039746 ) ) ;
#1480 = LINE ( 'NONE', #7448, #517 ) ;
#1481 = DIRECTION ( 'NONE',  ( 0.7071067811865479058, -0.7071067811865471286, 0.000000000000000000 ) ) ;
#1482 = SURFACE_STYLE_USAGE ( .BOTH. , #5578 ) ;
#1483 = MANIFOLD_SOLID_BREP ( 'LPattern1[3]', #7451 ) ;
#1484 = EDGE_CURVE ( 'NONE', #4893, #6942, #5215, .T. ) ;
#1485 = ORIENTED_EDGE ( 'NONE', *, *, #1056, .F. ) ;
#1486 = ORIENTED_EDGE ( 'NONE', *, *, #10541, .F. ) ;
#1487 = ORIENTED_EDGE ( 'NONE', *, *, #5173, .F. ) ;
#1488 =( NAMED_UNIT ( * ) PLANE_ANGLE_UNIT ( ) SI_UNIT ( $, .RADIAN. ) );
#1489 = CARTESIAN_POINT ( 'NONE',  ( 6.094999999999995310, 1.199999999999998623, -1.849999999999996092 ) ) ;
#1490 = SURFACE_SIDE_STYLE ('',( #5521 ) ) ;
#1491 = DIRECTION ( 'NONE',  ( -0.000000000000000000, 1.000000000000000000, -0.000000000000000000 ) ) ;
#1492 = DIRECTION ( 'NONE',  ( 0.7071067811865479058, 0.7071067811865472397, 0.000000000000000000 ) ) ;
#1493 = CARTESIAN_POINT ( 'NONE',  ( -5.875000000000001776, 0.2999999999999999889, 0.8000000000000005995 ) ) ;
#1494 = CARTESIAN_POINT ( 'NONE',  ( 7.374999999999995559, 3.281777730845507692E-15, -1.850000000000001865 ) ) ;
#1495 = PRESENTATION_STYLE_ASSIGNMENT (( #12844 ) ) ;
#1496 = DIRECTION ( 'NONE',  ( -0.000000000000000000, 0.000000000000000000, -1.000000000000000000 ) ) ;
#1497 = ADVANCED_FACE ( 'NONE', ( #1194 ), #5979, .T. ) ;
#1498 = ORIENTED_EDGE ( 'NONE', *, *, #7702, .T. ) ;
#1499 = DIRECTION ( 'NONE',  ( 0.000000000000000000, 0.000000000000000000, -1.000000000000000000 ) ) ;
#1500 = ORIENTED_EDGE ( 'NONE', *, *, #7702, .F. ) ;
#1501 = ORIENTED_EDGE ( 'NONE', *, *, #7039, .T. ) ;
#1502 = ORIENTED_EDGE ( 'NONE', *, *, #11764, .T. ) ;
#1503 = CARTESIAN_POINT ( 'NONE',  ( 5.875000000000001776, 24.60698852501704437, 0.9500000000000020650 ) ) ;
#1504 = PRESENTATION_STYLE_ASSIGNMENT (( #5606 ) ) ;
#1505 = PLANE ( 'NONE',  #594 ) ;
#1506 = CARTESIAN_POINT ( 'NONE',  ( -7.374999999999995559, 3.281777730845507692E-15, -1.850000000000001865 ) ) ;
#1507 = CARTESIAN_POINT ( 'NONE',  ( 7.574999999999993960, 0.2499999999999997780, 0.3500000000000039746 ) ) ;
#1508 = CARTESIAN_POINT ( 'NONE',  ( 1.714999999999999414, 3.548929149633788249, -1.004535961130712751 ) ) ;
#1509 = PRESENTATION_LAYER_ASSIGNMENT (  '', '', ( #2967 ) ) ;
#1510 = VERTEX_POINT ( 'NONE', #7978 ) ;
#1511 = DIRECTION ( 'NONE',  ( -0.000000000000000000, -0.000000000000000000, -1.000000000000000000 ) ) ;
#1512 = EDGE_CURVE ( 'NONE', #3026, #12471, #12054, .T. ) ;
#1513 = CARTESIAN_POINT ( 'NONE',  ( -4.535000000000001030, 0.03083447080518480002, 0.1748709736949816407 ) ) ;
#1514 = VERTEX_POINT ( 'NONE', #6978 ) ;
#1515 = LINE ( 'NONE', #5546, #1723 ) ;
#1516 = ORIENTED_EDGE ( 'NONE', *, *, #4046, .T. ) ;
#1517 = CARTESIAN_POINT ( 'NONE',  ( 5.875000000000001776, 4.699999999999999289, -1.849999999999996758 ) ) ;
#1518 = FILL_AREA_STYLE_COLOUR ( '', #1937 ) ;
#1519 = DIRECTION ( 'NONE',  ( -1.000000000000000000, 0.000000000000000000, -0.000000000000000000 ) ) ;
#1520 =( NAMED_UNIT ( * ) SI_UNIT ( $, .STERADIAN. ) SOLID_ANGLE_UNIT ( ) );
#1521 = SURFACE_STYLE_USAGE ( .BOTH. , #11626 ) ;
#1522 = UNCERTAINTY_MEASURE_WITH_UNIT (LENGTH_MEASURE( 1.000000000000000082E-05 ), #2800, 'distance_accuracy_value', 'NONE');
#1523 =( GEOMETRIC_REPRESENTATION_CONTEXT ( 3 ) GLOBAL_UNCERTAINTY_ASSIGNED_CONTEXT ( ( #491 ) ) GLOBAL_UNIT_ASSIGNED_CONTEXT ( ( #1612, #3719, #8653 ) ) REPRESENTATION_CONTEXT ( 'NONE', 'WORKASPACE' ) );
#1524 = EDGE_CURVE ( 'NONE', #8140, #10303, #198, .T. ) ;
#1525 =( NAMED_UNIT ( * ) PLANE_ANGLE_UNIT ( ) SI_UNIT ( $, .RADIAN. ) );
#1526 = FACE_OUTER_BOUND ( 'NONE', #4869, .T. ) ;
#1527 = CARTESIAN_POINT ( 'NONE',  ( -6.875000000000006217, 1.400000000000000133, 0.3500000000000039746 ) ) ;
#1528 =( BOUNDED_CURVE ( )  B_SPLINE_CURVE ( 3, ( #4322, #3394, #3184, #6191 ),
 .UNSPECIFIED., .F., .T. ) 
 B_SPLINE_CURVE_WITH_KNOTS ( ( 4, 4 ),
 ( 1.308996938995745429, 3.141592653589793116 ),
 .UNSPECIFIED. ) 
 CURVE ( )  GEOMETRIC_REPRESENTATION_ITEM ( )  RATIONAL_B_SPLINE_CURVE ( ( 1.000000000000000000, 0.7391742860058132525, 0.7391742860058132525, 1.000000000000000000 ) ) 
 REPRESENTATION_ITEM ( '' )  );
#1529 = EDGE_CURVE ( 'NONE', #12468, #7941, #4236, .T. ) ;
#1530 = FILL_AREA_STYLE_COLOUR ( '', #1823 ) ;
#1531 = ORIENTED_EDGE ( 'NONE', *, *, #11643, .T. ) ;
#1532 = AXIS2_PLACEMENT_3D ( 'NONE', #776, #2942, #3762 ) ;
#1533 = VECTOR ( 'NONE', #3009, 1000.000000000000000 ) ;
#1534 = VERTEX_POINT ( 'NONE', #7297 ) ;
#1535 = DIRECTION ( 'NONE',  ( 0.000000000000000000, 0.000000000000000000, 1.000000000000000000 ) ) ;
#1536 = EDGE_LOOP ( 'NONE', ( #6817, #9701, #11683, #8678 ) ) ;
#1537 = DIRECTION ( 'NONE',  ( -1.000000000000000000, -0.000000000000000000, -0.000000000000000000 ) ) ;
#1538 = AXIS2_PLACEMENT_3D ( 'NONE', #6710, #8574, #9515 ) ;
#1539 = FACE_OUTER_BOUND ( 'NONE', #21, .T. ) ;
#1540 = EDGE_CURVE ( 'NONE', #5280, #10539, #4426, .T. ) ;
#1541 = AXIS2_PLACEMENT_3D ( 'NONE', #12836, #12644, #2462 ) ;
#1542 = SURFACE_STYLE_USAGE ( .BOTH. , #4506 ) ;
#1543 = CARTESIAN_POINT ( 'NONE',  ( 6.875000000000006217, 1.649999999999999023, -1.749999999999997558 ) ) ;
#1544 = EDGE_CURVE ( 'NONE', #4148, #10538, #11557, .T. ) ;
#1545 = DIRECTION ( 'NONE',  ( 0.2133021165724272028, 0.9621436710723735297, 0.1696518885279465483 ) ) ;
#1546 = FILL_AREA_STYLE_COLOUR ( '', #7761 ) ;
#1547 = ORIENTED_EDGE ( 'NONE', *, *, #12625, .T. ) ;
#1548 = EDGE_LOOP ( 'NONE', ( #8657, #6205, #9417, #5725 ) ) ;
#1549 = ORIENTED_EDGE ( 'NONE', *, *, #3568, .T. ) ;
#1550 = FACE_OUTER_BOUND ( 'NONE', #11401, .T. ) ;
#1551 = VECTOR ( 'NONE', #127, 1000.000000000000000 ) ;
#1552 = PRESENTATION_STYLE_ASSIGNMENT (( #1619 ) ) ;
#1554 = ADVANCED_FACE ( 'NONE', ( #11691 ), #9696, .F. ) ;
#1553 = FILL_AREA_STYLE_COLOUR ( '', #1098 ) ;
#1555 = SURFACE_SIDE_STYLE ('',( #6531 ) ) ;
#1556 = DIRECTION ( 'NONE',  ( -1.000000000000000000, 0.000000000000000000, -0.000000000000000000 ) ) ;
#1557 = STYLED_ITEM ( 'NONE', ( #946 ), #796 ) ;
#1558 = SURFACE_STYLE_USAGE ( .BOTH. , #6533 ) ;
#1560 = FILL_AREA_STYLE_COLOUR ( '', #7084 ) ;
#1559 = UNCERTAINTY_MEASURE_WITH_UNIT (LENGTH_MEASURE( 1.000000000000000082E-05 ), #5621, 'distance_accuracy_value', 'NONE');
#1561 = EDGE_CURVE ( 'NONE', #8676, #3169, #11761, .T. ) ;
#1562 = DIRECTION ( 'NONE',  ( 0.7071067811865474617, 0.7071067811865474617, -1.277744513902814987E-16 ) ) ;
#1563 = EDGE_CURVE ( 'NONE', #11852, #1510, #7700, .T. ) ;
#1564 = LINE ( 'NONE', #9726, #2489 ) ;
#1565 = DIRECTION ( 'NONE',  ( -1.000000000000000000, 6.570922257487672349E-16, -0.000000000000000000 ) ) ;
#1566 = CIRCLE ( 'NONE', #276, 0.4499999999999999001 ) ;
#1567 = COLOUR_RGB ( '',1.000000000000000000, 1.000000000000000000, 1.000000000000000000 ) ;
#1568 = LINE ( 'NONE', #6471, #8608 ) ;
#1569 = ORIENTED_EDGE ( 'NONE', *, *, #6649, .F. ) ;
#1570 = DIRECTION ( 'NONE',  ( 0.000000000000000000, 0.9848077530122087975, -0.1736481776669264454 ) ) ;
#1571 = VECTOR ( 'NONE', #7661, 1000.000000000000000 ) ;
#1572 = ORIENTED_EDGE ( 'NONE', *, *, #1426, .T. ) ;
#1573 = ORIENTED_EDGE ( 'NONE', *, *, #3001, .F. ) ;
#1575 = EDGE_CURVE ( 'NONE', #12468, #9099, #8698, .T. ) ;
#1574 = EDGE_LOOP ( 'NONE', ( #8160, #8318, #1252, #1989, #4041, #3202 ) ) ;
#1576 = AXIS2_PLACEMENT_3D ( 'NONE', #7333, #10332, #11397 ) ;
#1577 = SURFACE_STYLE_FILL_AREA ( #7677 ) ;
#1578 = CARTESIAN_POINT ( 'NONE',  ( 6.120735931288066034, 0.2999999999999999889, 0.3500000000000039746 ) ) ;
#1579 = DIRECTION ( 'NONE',  ( -1.000000000000000000, -0.000000000000000000, -0.000000000000000000 ) ) ;
#1580 = PRESENTATION_STYLE_ASSIGNMENT (( #4610 ) ) ;
#1581 = COLOUR_RGB ( '',1.000000000000000000, 1.000000000000000000, 1.000000000000000000 ) ;
#1582 = FILL_AREA_STYLE ('',( #9738 ) ) ;
#1583 = VECTOR ( 'NONE', #9233, 1000.000000000000000 ) ;
#1584 = PLANE ( 'NONE',  #10259 ) ;
#1585 = VECTOR ( 'NONE', #1359, 999.9999999999998863 ) ;
#1586 = EDGE_LOOP ( 'NONE', ( #6127, #2325, #4988, #2113, #1065, #8963, #1037, #13034 ) ) ;
#1587 = LINE ( 'NONE', #3952, #6037 ) ;
#1588 = STYLED_ITEM ( 'NONE', ( #3390 ), #2517 ) ;
#1589 = DIRECTION ( 'NONE',  ( 0.000000000000000000, -1.355252715606880049E-16, 1.000000000000000000 ) ) ;
#1590 = VECTOR ( 'NONE', #11287, 1000.000000000000000 ) ;
#1591 = ORIENTED_EDGE ( 'NONE', *, *, #2243, .F. ) ;
#1592 = CARTESIAN_POINT ( 'NONE',  ( -6.120735931288066922, 0.2999999999999999889, 0.3500000000000039746 ) ) ;
#1593 = ORIENTED_EDGE ( 'NONE', *, *, #12003, .F. ) ;
#1594 = CARTESIAN_POINT ( 'NONE',  ( 2.034999999999999698, 0.2999999999999999889, 1.850000000000004530 ) ) ;
#1595 = FACE_OUTER_BOUND ( 'NONE', #12900, .T. ) ;
#1596 = DIRECTION ( 'NONE',  ( 0.000000000000000000, 0.7071067811865402453, -0.7071067811865547892 ) ) ;
#1597 = DIRECTION ( 'NONE',  ( 0.000000000000000000, -0.9848077530122087975, -0.1736481776669268895 ) ) ;
#1598 = FACE_OUTER_BOUND ( 'NONE', #9000, .T. ) ;
#1599 = ORIENTED_EDGE ( 'NONE', *, *, #9414, .F. ) ;
#1600 = VECTOR ( 'NONE', #10869, 1000.000000000000000 ) ;
#1601 = VERTEX_POINT ( 'NONE', #7638 ) ;
#1602 = FILL_AREA_STYLE ('',( #5503 ) ) ;
#1603 = EDGE_CURVE ( 'NONE', #4604, #1888, #8752, .T. ) ;
#1604 = ORIENTED_EDGE ( 'NONE', *, *, #720, .T. ) ;
#1605 = DIRECTION ( 'NONE',  ( 0.000000000000000000, -1.000000000000000000, 0.000000000000000000 ) ) ;
#1606 = VECTOR ( 'NONE', #8477, 1000.000000000000000 ) ;
#1607 = FILL_AREA_STYLE ('',( #6640 ) ) ;
#1608 = SURFACE_SIDE_STYLE ('',( #605 ) ) ;
#1609 = DIRECTION ( 'NONE',  ( -0.2810846377148385478, 0.6785983445458425578, 0.6785983445458440011 ) ) ;
#1610 = MECHANICAL_DESIGN_GEOMETRIC_PRESENTATION_REPRESENTATION (  '', ( #6264 ), #9018 ) ;
#1611 = CARTESIAN_POINT ( 'NONE',  ( 6.085588248252449262, 0.2999999999999999889, -1.783137553356637373 ) ) ;
#1612 =( LENGTH_UNIT ( ) NAMED_UNIT ( * ) SI_UNIT ( .MILLI., .METRE. ) );
#1613 = ORIENTED_EDGE ( 'NONE', *, *, #6595, .T. ) ;
#1614 = CARTESIAN_POINT ( 'NONE',  ( -6.344999999999994422, 0.4500000000000014544, 0.3500000000000039746 ) ) ;
#1615 = EDGE_CURVE ( 'NONE', #1916, #11545, #6504, .T. ) ;
#1616 = ORIENTED_EDGE ( 'NONE', *, *, #12314, .F. ) ;
#1617 = ORIENTED_EDGE ( 'NONE', *, *, #4037, .F. ) ;
#1618 = SURFACE_STYLE_USAGE ( .BOTH. , #6587 ) ;
#1619 = SURFACE_STYLE_USAGE ( .BOTH. , #4708 ) ;
#1620 = EDGE_CURVE ( 'NONE', #3155, #5369, #8792, .T. ) ;
#1621 = AXIS2_PLACEMENT_3D ( 'NONE', #10947, #4753, #11831 ) ;
#1622 = SURFACE_STYLE_USAGE ( .BOTH. , #10655 ) ;
#1623 = DIRECTION ( 'NONE',  ( 0.000000000000000000, -1.355252715606880049E-16, 1.000000000000000000 ) ) ;
#1624 =( LENGTH_UNIT ( ) NAMED_UNIT ( * ) SI_UNIT ( .MILLI., .METRE. ) );
#1625 = CARTESIAN_POINT ( 'NONE',  ( 4.535000000000000142, 1.749999999999999778, -1.125000000000033973 ) ) ;
#1626 = CARTESIAN_POINT ( 'NONE',  ( 5.275000000000024336, 1.749999999999999778, 0.2249377794898753391 ) ) ;
#1627 = DIRECTION ( 'NONE',  ( 0.000000000000000000, -0.7071067811865402453, 0.7071067811865549002 ) ) ;
#1628 =( GEOMETRIC_REPRESENTATION_CONTEXT ( 3 ) GLOBAL_UNCERTAINTY_ASSIGNED_CONTEXT ( ( #12308 ) ) GLOBAL_UNIT_ASSIGNED_CONTEXT ( ( #7967, #11162, #7842 ) ) REPRESENTATION_CONTEXT ( 'NONE', 'WORKASPACE' ) );
#1629 = CARTESIAN_POINT ( 'NONE',  ( -6.875000000000006217, 1.400000000000000133, -1.849999999999996092 ) ) ;
#1630 = ORIENTED_EDGE ( 'NONE', *, *, #1844, .T. ) ;
#1631 =( NAMED_UNIT ( * ) PLANE_ANGLE_UNIT ( ) SI_UNIT ( $, .RADIAN. ) );
#1632 = ORIENTED_EDGE ( 'NONE', *, *, #12451, .F. ) ;
#1633 = VERTEX_POINT ( 'NONE', #650 ) ;
#1634 = VECTOR ( 'NONE', #12938, 1000.000000000000000 ) ;
#1635 = ORIENTED_EDGE ( 'NONE', *, *, #4290, .T. ) ;
#1636 = COLOUR_RGB ( '',1.000000000000000000, 1.000000000000000000, 1.000000000000000000 ) ;
#1637 = PLANE ( 'NONE',  #5227 ) ;
#1638 = CARTESIAN_POINT ( 'NONE',  ( 5.375000000000003553, 0.2999999999999999889, -1.849999999999996758 ) ) ;
#1639 = VECTOR ( 'NONE', #12407, 1000.000000000000000 ) ;
#1640 = VECTOR ( 'NONE', #6332, 1000.000000000000000 ) ;
#1641 = EDGE_LOOP ( 'NONE', ( #9555, #7987, #5468, #11733 ) ) ;
#1642 = ADVANCED_FACE ( 'NONE', ( #5625 ), #7498, .T. ) ;
#1643 = CARTESIAN_POINT ( 'NONE',  ( -6.344999999999994422, 1.199999999999998845, -1.749999999999996447 ) ) ;
#1644 = VERTEX_POINT ( 'NONE', #2504 ) ;
#1645 = ORIENTED_EDGE ( 'NONE', *, *, #8025, .F. ) ;
#1646 =( NAMED_UNIT ( * ) PLANE_ANGLE_UNIT ( ) SI_UNIT ( $, .RADIAN. ) );
#1647 = PRODUCT_DEFINITION ( 'UNKNOWN', '', #11440, #9370 ) ;
#1648 = CARTESIAN_POINT ( 'NONE',  ( -6.174999999999998934, 2.600000000000005862, 0.9500000000000038414 ) ) ;
#1649 = LINE ( 'NONE', #4743, #7384 ) ;
#1650 = DIRECTION ( 'NONE',  ( 0.000000000000000000, 0.000000000000000000, -1.000000000000000000 ) ) ;
#1651 = UNCERTAINTY_MEASURE_WITH_UNIT (LENGTH_MEASURE( 1.000000000000000082E-05 ), #12371, 'distance_accuracy_value', 'NONE');
#1652 = DIRECTION ( 'NONE',  ( -0.000000000000000000, 1.000000000000000000, -0.000000000000000000 ) ) ;
#1653 = VECTOR ( 'NONE', #7129, 1000.000000000000000 ) ;
#1654 = CARTESIAN_POINT ( 'NONE',  ( 4.535000000000000142, 0.4499999999999999556, 2.250000000000004441 ) ) ;
#1655 = EDGE_LOOP ( 'NONE', ( #1939, #979, #12898, #1699 ) ) ;
#1656 = ORIENTED_EDGE ( 'NONE', *, *, #7621, .T. ) ;
#1657 = PRESENTATION_STYLE_ASSIGNMENT (( #4567 ) ) ;
#1658 = ORIENTED_EDGE ( 'NONE', *, *, #6551, .F. ) ;
#1659 = CARTESIAN_POINT ( 'NONE',  ( 4.228494262508519341, 13.00349426250852503, 0.9499999999999984013 ) ) ;
#1660 = DIRECTION ( 'NONE',  ( 0.000000000000000000, -1.355252715606880049E-16, 1.000000000000000000 ) ) ;
#1661 = CARTESIAN_POINT ( 'NONE',  ( 7.374999999999994671, 0.2500000000000002220, -1.849999999999996092 ) ) ;
#1662 =( GEOMETRIC_REPRESENTATION_CONTEXT ( 3 ) GLOBAL_UNCERTAINTY_ASSIGNED_CONTEXT ( ( #79 ) ) GLOBAL_UNIT_ASSIGNED_CONTEXT ( ( #507, #11603, #807 ) ) REPRESENTATION_CONTEXT ( 'NONE', 'WORKASPACE' ) );
#1663 = DIRECTION ( 'NONE',  ( -1.000000000000000000, -0.000000000000000000, -0.000000000000000000 ) ) ;
#1664 = DIRECTION ( 'NONE',  ( -0.000000000000000000, 1.000000000000000000, -0.000000000000000000 ) ) ;
#1665 = PRESENTATION_LAYER_ASSIGNMENT (  '', '', ( #9296 ) ) ;
#1666 = DIRECTION ( 'NONE',  ( 1.000000000000000000, -0.000000000000000000, 0.000000000000000000 ) ) ;
#1667 = VERTEX_POINT ( 'NONE', #4489 ) ;
#1668 = FACE_OUTER_BOUND ( 'NONE', #12566, .T. ) ;
#1669 = STYLED_ITEM ( 'NONE', ( #11171 ), #1083 ) ;
#1670 = EDGE_CURVE ( 'NONE', #5039, #11496, #3503, .T. ) ;
#1671 = ORIENTED_EDGE ( 'NONE', *, *, #7319, .T. ) ;
#1672 = ORIENTED_EDGE ( 'NONE', *, *, #4184, .F. ) ;
#1673 =( LENGTH_UNIT ( ) NAMED_UNIT ( * ) SI_UNIT ( .MILLI., .METRE. ) );
#1674 = LINE ( 'NONE', #5714, #3838 ) ;
#1675 =( LENGTH_UNIT ( ) NAMED_UNIT ( * ) SI_UNIT ( .MILLI., .METRE. ) );
#1676 = CARTESIAN_POINT ( 'NONE',  ( 4.925000000000019362, 1.749999999999999778, 1.549999999999988942 ) ) ;
#1678 = PLANE ( 'NONE',  #306 ) ;
#1677 = UNCERTAINTY_MEASURE_WITH_UNIT (LENGTH_MEASURE( 1.000000000000000082E-05 ), #6111, 'distance_accuracy_value', 'NONE');
#1679 = CARTESIAN_POINT ( 'NONE',  ( 0.4649999999999992473, 0.1000000000000000056, 2.350000000000004530 ) ) ;
#1680 = DIRECTION ( 'NONE',  ( -1.000000000000000000, 0.000000000000000000, 0.000000000000000000 ) ) ;
#1681 = DIRECTION ( 'NONE',  ( 1.196258353356355388E-15, 0.000000000000000000, 1.000000000000000000 ) ) ;
#1682 = ADVANCED_FACE ( 'NONE', ( #7572 ), #11629, .F. ) ;
#1683 = LINE ( 'NONE', #4718, #8379 ) ;
#1684 = EDGE_CURVE ( 'NONE', #3865, #3089, #781, .T. ) ;
#1685 = VERTEX_POINT ( 'NONE', #4932 ) ;
#1686 = ORIENTED_EDGE ( 'NONE', *, *, #2960, .T. ) ;
#1687 = VERTEX_POINT ( 'NONE', #10078 ) ;
#1688 = EDGE_LOOP ( 'NONE', ( #6574, #1875, #51, #5952, #9299, #3987, #10755, #9226, #1635 ) ) ;
#1689 = FILL_AREA_STYLE_COLOUR ( '', #11621 ) ;
#1690 = LINE ( 'NONE', #9560, #10241 ) ;
#1691 =( NAMED_UNIT ( * ) PLANE_ANGLE_UNIT ( ) SI_UNIT ( $, .RADIAN. ) );
#1692 = SURFACE_SIDE_STYLE ('',( #2735 ) ) ;
#1693 = CARTESIAN_POINT ( 'NONE',  ( -6.544999999999994600, 0.4500000000000015099, -1.849999999999996092 ) ) ;
#1694 = FILL_AREA_STYLE_COLOUR ( '', #3054 ) ;
#1695 = VECTOR ( 'NONE', #12162, 1000.000000000000000 ) ;
#1696 = EDGE_CURVE ( 'NONE', #2539, #997, #8819, .T. ) ;
#1697 = ORIENTED_EDGE ( 'NONE', *, *, #5799, .F. ) ;
#1698 = FACE_OUTER_BOUND ( 'NONE', #11492, .T. ) ;
#1699 = ORIENTED_EDGE ( 'NONE', *, *, #8330, .T. ) ;
#1700 = SURFACE_STYLE_FILL_AREA ( #703 ) ;
#1701 = ORIENTED_EDGE ( 'NONE', *, *, #9186, .T. ) ;
#1702 = CARTESIAN_POINT ( 'NONE',  ( -7.210634734867877750E-16, 2.078323961923567165, 0.8000000000000005995 ) ) ;
#1703 = ADVANCED_FACE ( 'NONE', ( #5948 ), #3825, .F. ) ;
#1704 = FILL_AREA_STYLE_COLOUR ( '', #4377 ) ;
#1705 = LINE ( 'NONE', #9875, #11523 ) ;
#1706 =( NAMED_UNIT ( * ) SI_UNIT ( $, .STERADIAN. ) SOLID_ANGLE_UNIT ( ) );
#1707 = EDGE_CURVE ( 'NONE', #2411, #5170, #971, .T. ) ;
#1708 = COLOUR_RGB ( '',1.000000000000000000, 0.8117647058823529438, 0.5019607843137254832 ) ;
#1709 = DIRECTION ( 'NONE',  ( 1.000000000000000000, -0.000000000000000000, 0.000000000000000000 ) ) ;
#1710 = EDGE_LOOP ( 'NONE', ( #9542, #13036, #8192, #12192 ) ) ;
#1711 = DIRECTION ( 'NONE',  ( 0.000000000000000000, 0.000000000000000000, -1.000000000000000000 ) ) ;
#1712 = ORIENTED_EDGE ( 'NONE', *, *, #8037, .F. ) ;
#1713 = FILL_AREA_STYLE ('',( #3514 ) ) ;
#1714 = AXIS2_PLACEMENT_3D ( 'NONE', #6580, #1481, #609 ) ;
#1715 = LINE ( 'NONE', #9954, #4081 ) ;
#1716 = ADVANCED_FACE ( 'NONE', ( #11888 ), #13129, .F. ) ;
#1717 = FILL_AREA_STYLE ('',( #8710 ) ) ;
#1718 = CLOSED_SHELL ( 'NONE', ( #10558, #11176, #9311, #3309, #3746, #10964, #9919, #7995, #3736, #5223, #5524, #8515, #8142, #8962, #4223, #8995, #4182 ) ) ;
#1719 = CARTESIAN_POINT ( 'NONE',  ( 7.074999999999998401, 2.600000000000005862, 0.6500000000000005773 ) ) ;
#1720 = DIRECTION ( 'NONE',  ( 1.000000000000000000, 0.000000000000000000, -1.233215741215733931E-16 ) ) ;
#1721 = CARTESIAN_POINT ( 'NONE',  ( 5.875000000000004441, 0.2999999999999999889, 0.9500000000000013989 ) ) ;
#1722 = CARTESIAN_POINT ( 'NONE',  ( 0.4649999999999992473, 1.749999999999999778, -0.3250000000000474176 ) ) ;
#1723 = VECTOR ( 'NONE', #9621, 1000.000000000000000 ) ;
#1724 =( NAMED_UNIT ( * ) PLANE_ANGLE_UNIT ( ) SI_UNIT ( $, .RADIAN. ) );
#1725 = ORIENTED_EDGE ( 'NONE', *, *, #12887, .F. ) ;
#1726 = ORIENTED_EDGE ( 'NONE', *, *, #1076, .F. ) ;
#1727 = VERTEX_POINT ( 'NONE', #5197 ) ;
#1728 = PLANE ( 'NONE',  #3004 ) ;
#1729 = CARTESIAN_POINT ( 'NONE',  ( -1.715000000000000746, 3.548929149633788693, -0.4454640388693684727 ) ) ;
#1730 = COLOUR_RGB ( '',1.000000000000000000, 1.000000000000000000, 1.000000000000000000 ) ;
#1731 = COLOUR_RGB ( '',1.000000000000000000, 1.000000000000000000, 1.000000000000000000 ) ;
#1732 =( NAMED_UNIT ( * ) SI_UNIT ( $, .STERADIAN. ) SOLID_ANGLE_UNIT ( ) );
#1733 =( NAMED_UNIT ( * ) SI_UNIT ( $, .STERADIAN. ) SOLID_ANGLE_UNIT ( ) );
#1734 = DIRECTION ( 'NONE',  ( 0.000000000000000000, 0.9848077530122086864, 0.1736481776669268617 ) ) ;
#1735 = FACE_OUTER_BOUND ( 'NONE', #11451, .T. ) ;
#1736 =( GEOMETRIC_REPRESENTATION_CONTEXT ( 3 ) GLOBAL_UNCERTAINTY_ASSIGNED_CONTEXT ( ( #5884 ) ) GLOBAL_UNIT_ASSIGNED_CONTEXT ( ( #2238, #4031, #8358 ) ) REPRESENTATION_CONTEXT ( 'NONE', 'WORKASPACE' ) );
#1737 = SURFACE_SIDE_STYLE ('',( #4848 ) ) ;
#1738 = SURFACE_SIDE_STYLE ('',( #11679 ) ) ;
#1739 = LINE ( 'NONE', #5788, #12220 ) ;
#1740 =( GEOMETRIC_REPRESENTATION_CONTEXT ( 3 ) GLOBAL_UNCERTAINTY_ASSIGNED_CONTEXT ( ( #3126 ) ) GLOBAL_UNIT_ASSIGNED_CONTEXT ( ( #6032, #5015, #9026 ) ) REPRESENTATION_CONTEXT ( 'NONE', 'WORKASPACE' ) );
#1741 = VECTOR ( 'NONE', #1537, 1000.000000000000000 ) ;
#1742 = ORIENTED_EDGE ( 'NONE', *, *, #10664, .T. ) ;
#1743 = ORIENTED_EDGE ( 'NONE', *, *, #7469, .F. ) ;
#1744 = ORIENTED_EDGE ( 'NONE', *, *, #9235, .F. ) ;
#1745 = MECHANICAL_DESIGN_GEOMETRIC_PRESENTATION_REPRESENTATION (  '', ( #11950 ), #11734 ) ;
#1746 = EDGE_CURVE ( 'NONE', #2667, #5875, #12285, .T. ) ;
#1747 = ORIENTED_EDGE ( 'NONE', *, *, #9079, .T. ) ;
#1748 = CARTESIAN_POINT ( 'NONE',  ( -2.965000000000000746, 0.2999999999999999889, 1.850000000000004530 ) ) ;
#1749 =( NAMED_UNIT ( * ) SI_UNIT ( $, .STERADIAN. ) SOLID_ANGLE_UNIT ( ) );
#1750 = DIRECTION ( 'NONE',  ( -1.000000000000000000, 6.570922257487672349E-16, 0.000000000000000000 ) ) ;
#1751 = CARTESIAN_POINT ( 'NONE',  ( 4.535000000000000142, 0.000000000000000000, 1.850000000000004530 ) ) ;
#1752 =( GEOMETRIC_REPRESENTATION_CONTEXT ( 3 ) GLOBAL_UNCERTAINTY_ASSIGNED_CONTEXT ( ( #5256 ) ) GLOBAL_UNIT_ASSIGNED_CONTEXT ( ( #12543, #4487, #11556 ) ) REPRESENTATION_CONTEXT ( 'NONE', 'WORKASPACE' ) );
#1753 = DIRECTION ( 'NONE',  ( 0.000000000000000000, -0.000000000000000000, 1.000000000000000000 ) ) ;
#1754 = PRESENTATION_LAYER_ASSIGNMENT (  '', '', ( #5777 ) ) ;
#1755 = SURFACE_STYLE_USAGE ( .BOTH. , #11742 ) ;
#1756 = LINE ( 'NONE', #7999, #1973 ) ;
#1757 = AXIS2_PLACEMENT_3D ( 'NONE', #5459, #4330, #6461 ) ;
#1758 = ORIENTED_EDGE ( 'NONE', *, *, #8575, .T. ) ;
#1759 = LINE ( 'NONE', #4668, #9212 ) ;
#1760 = AXIS2_PLACEMENT_3D ( 'NONE', #1693, #4915, #2868 ) ;
#1761 = EDGE_CURVE ( 'NONE', #9054, #567, #4283, .T. ) ;
#1762 = EDGE_LOOP ( 'NONE', ( #5438, #6311, #2281, #11479, #5612, #2858 ) ) ;
#1763 = DIRECTION ( 'NONE',  ( -3.814726918548513316E-16, -0.7071067811865483499, 0.7071067811865467956 ) ) ;
#1764 = EDGE_CURVE ( 'NONE', #3296, #1795, #2289, .T. ) ;
#1765 = ORIENTED_EDGE ( 'NONE', *, *, #4441, .F. ) ;
#1766 = DIRECTION ( 'NONE',  ( 0.000000000000000000, -1.000000000000000000, -1.355252715606860081E-16 ) ) ;
#1767 = PRESENTATION_LAYER_ASSIGNMENT (  '', '', ( #9444 ) ) ;
#1768 = LINE ( 'NONE', #7008, #5965 ) ;
#1769 = COLOUR_RGB ( '',1.000000000000000000, 1.000000000000000000, 1.000000000000000000 ) ;
#1770 = DIRECTION ( 'NONE',  ( 0.000000000000000000, 0.000000000000000000, -1.000000000000000000 ) ) ;
#1771 = EDGE_CURVE ( 'NONE', #8758, #6775, #3147, .T. ) ;
#1772 = LINE ( 'NONE', #5813, #12793 ) ;
#1773 = UNCERTAINTY_MEASURE_WITH_UNIT (LENGTH_MEASURE( 1.000000000000000082E-05 ), #5183, 'distance_accuracy_value', 'NONE');
#1774 = CARTESIAN_POINT ( 'NONE',  ( -5.875000000000001776, -1.029563014098701546, 0.9500000000000013989 ) ) ;
#1775 = CARTESIAN_POINT ( 'NONE',  ( 3.284999999999998810, 0.2999999999999997113, 1.449999999999998623 ) ) ;
#1776 = PRESENTATION_LAYER_ASSIGNMENT (  '', '', ( #11320 ) ) ;
#1777 = ORIENTED_EDGE ( 'NONE', *, *, #8381, .T. ) ;
#1778 = AXIS2_PLACEMENT_3D ( 'NONE', #9915, #10905, #5588 ) ;
#1780 = EDGE_CURVE ( 'NONE', #9422, #4176, #181, .T. ) ;
#1779 =( GEOMETRIC_REPRESENTATION_CONTEXT ( 3 ) GLOBAL_UNCERTAINTY_ASSIGNED_CONTEXT ( ( #4592 ) ) GLOBAL_UNIT_ASSIGNED_CONTEXT ( ( #2317, #6378, #4379 ) ) REPRESENTATION_CONTEXT ( 'NONE', 'WORKASPACE' ) );
#1781 = EDGE_LOOP ( 'NONE', ( #6407, #2570, #7357, #6473 ) ) ;
#1782 = PLANE ( 'NONE',  #3863 ) ;
#1783 = DIRECTION ( 'NONE',  ( 0.000000000000000000, -0.000000000000000000, 1.000000000000000000 ) ) ;
#1784 = DIRECTION ( 'NONE',  ( 0.000000000000000000, 0.000000000000000000, -1.000000000000000000 ) ) ;
#1785 = ADVANCED_FACE ( 'NONE', ( #9272 ), #11209, .T. ) ;
#1786 = VECTOR ( 'NONE', #9081, 1000.000000000000000 ) ;
#1787 = PRESENTATION_STYLE_ASSIGNMENT (( #11025 ) ) ;
#1788 = LINE ( 'NONE', #3036, #2320 ) ;
#1789 = CARTESIAN_POINT ( 'NONE',  ( -5.875000000000001776, 3.700000000000000178, 0.9499999999999869660 ) ) ;
#1790 = MECHANICAL_DESIGN_GEOMETRIC_PRESENTATION_REPRESENTATION (  '', ( #7747 ), #4545 ) ;
#1791 = EDGE_CURVE ( 'NONE', #9620, #4218, #3017, .T. ) ;
#1792 = DIRECTION ( 'NONE',  ( 1.000000000000000000, 0.000000000000000000, -0.000000000000000000 ) ) ;
#1793 = VECTOR ( 'NONE', #7101, 1000.000000000000000 ) ;
#1794 = VERTEX_POINT ( 'NONE', #1104 ) ;
#1795 = VERTEX_POINT ( 'NONE', #4158 ) ;
#1796 = ORIENTED_EDGE ( 'NONE', *, *, #3370, .T. ) ;
#1797 = SURFACE_STYLE_USAGE ( .BOTH. , #10898 ) ;
#1798 = EDGE_CURVE ( 'NONE', #5053, #10117, #8276, .T. ) ;
#1799 = CARTESIAN_POINT ( 'NONE',  ( 0.7849999999999992539, 2.865743636076471201, -1.125000000000033973 ) ) ;
#1800 = MECHANICAL_DESIGN_GEOMETRIC_PRESENTATION_REPRESENTATION (  '', ( #3068 ), #8601 ) ;
#1801 = CARTESIAN_POINT ( 'NONE',  ( 5.875000000000001776, 3.700000000000000178, 0.9499999999999855227 ) ) ;
#1802 = SURFACE_STYLE_FILL_AREA ( #10904 ) ;
#1804 = DIRECTION ( 'NONE',  ( 0.000000000000000000, 0.1736481776669268617, -0.9848077530122086864 ) ) ;
#1803 = UNCERTAINTY_MEASURE_WITH_UNIT (LENGTH_MEASURE( 1.000000000000000082E-05 ), #6061, 'distance_accuracy_value', 'NONE');
#1805 = PRESENTATION_STYLE_ASSIGNMENT (( #678 ) ) ;
#1806 = FACE_OUTER_BOUND ( 'NONE', #5279, .T. ) ;
#1807 =( NAMED_UNIT ( * ) SI_UNIT ( $, .STERADIAN. ) SOLID_ANGLE_UNIT ( ) );
#1808 = AXIS2_PLACEMENT_3D ( 'NONE', #4252, #9314, #5167 ) ;
#1809 = ORIENTED_EDGE ( 'NONE', *, *, #7267, .F. ) ;
#1810 = DIRECTION ( 'NONE',  ( 0.000000000000000000, -0.000000000000000000, 1.000000000000000000 ) ) ;
#1811 = ORIENTED_EDGE ( 'NONE', *, *, #5941, .T. ) ;
#1812 = ORIENTED_EDGE ( 'NONE', *, *, #1791, .F. ) ;
#1813 = MECHANICAL_DESIGN_GEOMETRIC_PRESENTATION_REPRESENTATION (  '', ( #11152 ), #13050 ) ;
#1814 =( NAMED_UNIT ( * ) SI_UNIT ( $, .STERADIAN. ) SOLID_ANGLE_UNIT ( ) );
#1815 = EDGE_CURVE ( 'NONE', #5671, #5042, #10275, .T. ) ;
#1816 = SURFACE_STYLE_FILL_AREA ( #2733 ) ;
#1817 = FILL_AREA_STYLE_COLOUR ( '', #8944 ) ;
#1818 = CIRCLE ( 'NONE', #2241, 0.5500000000000001554 ) ;
#1819 =( NAMED_UNIT ( * ) SI_UNIT ( $, .STERADIAN. ) SOLID_ANGLE_UNIT ( ) );
#1820 = AXIS2_PLACEMENT_3D ( 'NONE', #7708, #9510, #1472 ) ;
#1821 = CARTESIAN_POINT ( 'NONE',  ( -0.4650000000000010236, 0.000000000000000000, 1.850000000000004530 ) ) ;
#1822 = CARTESIAN_POINT ( 'NONE',  ( -4.535000000000001030, 0.4500000000000002331, 6.098637220230963674E-17 ) ) ;
#1823 = COLOUR_RGB ( '',1.000000000000000000, 1.000000000000000000, 1.000000000000000000 ) ;
#1824 = FILL_AREA_STYLE_COLOUR ( '', #9225 ) ;
#1825 = ORIENTED_EDGE ( 'NONE', *, *, #1225, .T. ) ;
#1826 = SURFACE_STYLE_USAGE ( .BOTH. , #8622 ) ;
#1827 = VECTOR ( 'NONE', #10215, 1000.000000000000000 ) ;
#1828 = ORIENTED_EDGE ( 'NONE', *, *, #10564, .T. ) ;
#1829 = EDGE_CURVE ( 'NONE', #12331, #5744, #3215, .T. ) ;
#1830 = ORIENTED_EDGE ( 'NONE', *, *, #6968, .F. ) ;
#1831 = ADVANCED_FACE ( 'NONE', ( #6611 ), #10611, .F. ) ;
#1832 = ORIENTED_EDGE ( 'NONE', *, *, #1670, .F. ) ;
#1833 = DIRECTION ( 'NONE',  ( 1.000000000000000000, 0.000000000000000000, -3.097720492815684271E-16 ) ) ;
#1834 = VECTOR ( 'NONE', #12351, 1000.000000000000000 ) ;
#1835 =( NAMED_UNIT ( * ) SI_UNIT ( $, .STERADIAN. ) SOLID_ANGLE_UNIT ( ) );
#1836 = PRESENTATION_STYLE_ASSIGNMENT (( #4810 ) ) ;
#1837 = DIRECTION ( 'NONE',  ( -1.000000000000000000, -0.000000000000000000, -0.000000000000000000 ) ) ;
#1838 = AXIS2_PLACEMENT_3D ( 'NONE', #9686, #2493, #7688 ) ;
#1839 = DIRECTION ( 'NONE',  ( 0.000000000000000000, 0.000000000000000000, -1.000000000000000000 ) ) ;
#1840 = ADVANCED_FACE ( 'NONE', ( #10747 ), #3418, .T. ) ;
#1841 = COLOUR_RGB ( '',1.000000000000000000, 1.000000000000000000, 1.000000000000000000 ) ;
#1842 = LINE ( 'NONE', #9949, #4358 ) ;
#1843 = ORIENTED_EDGE ( 'NONE', *, *, #8961, .T. ) ;
#1844 = EDGE_CURVE ( 'NONE', #2360, #4079, #11542, .T. ) ;
#1845 = FACE_OUTER_BOUND ( 'NONE', #11307, .T. ) ;
#1846 = COLOUR_RGB ( '',1.000000000000000000, 0.8117647058823529438, 0.5019607843137254832 ) ;
#1847 = PRESENTATION_LAYER_ASSIGNMENT (  '', '', ( #6089 ) ) ;
#1848 = ORIENTED_EDGE ( 'NONE', *, *, #3616, .T. ) ;
#1849 = FILL_AREA_STYLE_COLOUR ( '', #6503 ) ;
#1850 = PRESENTATION_STYLE_ASSIGNMENT (( #10955 ) ) ;
#1851 = PRESENTATION_LAYER_ASSIGNMENT (  '', '', ( #12475 ) ) ;
#1852 = LINE ( 'NONE', #5895, #11768 ) ;
#1853 = CARTESIAN_POINT ( 'NONE',  ( 4.535000000000000142, 0.2999999999999999889, 1.850000000000004530 ) ) ;
#1854 = CARTESIAN_POINT ( 'NONE',  ( -3.285000000000000586, 0.3000000000000002665, 4.065758146820583696E-17 ) ) ;
#1855 = VECTOR ( 'NONE', #8694, 1000.000000000000000 ) ;
#1856 = LINE ( 'NONE', #10891, #3049 ) ;
#1857 = VECTOR ( 'NONE', #12131, 1000.000000000000000 ) ;
#1858 = VECTOR ( 'NONE', #11980, 999.9999999999998863 ) ;
#1859 = ORIENTED_EDGE ( 'NONE', *, *, #3584, .F. ) ;
#1860 = EDGE_LOOP ( 'NONE', ( #4754, #11468, #910, #4657 ) ) ;
#1861 = ORIENTED_EDGE ( 'NONE', *, *, #8699, .F. ) ;
#1862 = CARTESIAN_POINT ( 'NONE',  ( -0.4650000000000010236, -1.125000000000002442, 1.125000000000004663 ) ) ;
#1863 = COLOUR_RGB ( '',1.000000000000000000, 1.000000000000000000, 1.000000000000000000 ) ;
#1864 = LINE ( 'NONE', #8043, #12138 ) ;
#1865 =( NAMED_UNIT ( * ) PLANE_ANGLE_UNIT ( ) SI_UNIT ( $, .RADIAN. ) );
#1866 = SURFACE_STYLE_USAGE ( .BOTH. , #10973 ) ;
#1867 =( NAMED_UNIT ( * ) SI_UNIT ( $, .STERADIAN. ) SOLID_ANGLE_UNIT ( ) );
#1868 = STYLED_ITEM ( 'NONE', ( #3109 ), #5574 ) ;
#1869 = STYLED_ITEM ( 'NONE', ( #9043 ), #4936 ) ;
#1870 = SURFACE_STYLE_FILL_AREA ( #11984 ) ;
#1871 = ADVANCED_FACE ( 'NONE', ( #5540 ), #1584, .T. ) ;
#1872 = VERTEX_POINT ( 'NONE', #1638 ) ;
#1873 = ORIENTED_EDGE ( 'NONE', *, *, #8456, .T. ) ;
#1874 = CARTESIAN_POINT ( 'NONE',  ( -4.925000000000019362, 3.400000000000002132, 0.9499999999999868550 ) ) ;
#1875 = ORIENTED_EDGE ( 'NONE', *, *, #1764, .T. ) ;
#1876 = VERTEX_POINT ( 'NONE', #1377 ) ;
#1877 =( LENGTH_UNIT ( ) NAMED_UNIT ( * ) SI_UNIT ( .MILLI., .METRE. ) );
#1878 = DIRECTION ( 'NONE',  ( 0.000000000000000000, 0.000000000000000000, 1.000000000000000000 ) ) ;
#1879 = EDGE_CURVE ( 'NONE', #8892, #4458, #7420, .T. ) ;
#1880 = PLANE ( 'NONE',  #9504 ) ;
#1881 = CARTESIAN_POINT ( 'NONE',  ( -7.375000000000000000, 2.600000000000004974, 0.9500000000000041744 ) ) ;
#1882 = CARTESIAN_POINT ( 'NONE',  ( 0.4649999999999992473, 1.749999999999999778, 0.000000000000000000 ) ) ;
#1883 = DIRECTION ( 'NONE',  ( 1.000000000000000000, 0.000000000000000000, -0.000000000000000000 ) ) ;
#1884 = EDGE_LOOP ( 'NONE', ( #6804, #4804, #12657, #7470 ) ) ;
#1885 = FILL_AREA_STYLE_COLOUR ( '', #3496 ) ;
#1886 = ORIENTED_EDGE ( 'NONE', *, *, #10614, .F. ) ;
#1887 = ORIENTED_EDGE ( 'NONE', *, *, #9129, .F. ) ;
#1888 = VERTEX_POINT ( 'NONE', #11472 ) ;
#1889 = SURFACE_STYLE_USAGE ( .BOTH. , #4871 ) ;
#1890 = ORIENTED_EDGE ( 'NONE', *, *, #4385, .F. ) ;
#1891 = FACE_OUTER_BOUND ( 'NONE', #983, .T. ) ;
#1892 = DIRECTION ( 'NONE',  ( 0.000000000000000000, -1.000000000000000000, 0.000000000000000000 ) ) ;
#1893 = PRESENTATION_STYLE_ASSIGNMENT (( #4020 ) ) ;
#1894 = LINE ( 'NONE', #11010, #5357 ) ;
#1895 = VECTOR ( 'NONE', #1195, 1000.000000000000000 ) ;
#1896 =( NAMED_UNIT ( * ) SI_UNIT ( $, .STERADIAN. ) SOLID_ANGLE_UNIT ( ) );
#1897 = EDGE_CURVE ( 'NONE', #12084, #12966, #11608, .T. ) ;
#1898 = CARTESIAN_POINT ( 'NONE',  ( -3.470542863636213671, 0.1909000140257115508, 0.1466470997434465018 ) ) ;
#1899 = ORIENTED_EDGE ( 'NONE', *, *, #9969, .T. ) ;
#1900 = SURFACE_STYLE_FILL_AREA ( #3830 ) ;
#1901 = ORIENTED_EDGE ( 'NONE', *, *, #8930, .F. ) ;
#1902 = CARTESIAN_POINT ( 'NONE',  ( -3.285000000000000586, -1.125000000000002442, 1.125000000000004663 ) ) ;
#1903 = DIRECTION ( 'NONE',  ( 1.000000000000000000, 0.000000000000000000, -3.097720492815727659E-16 ) ) ;
#1904 = FILL_AREA_STYLE ('',( #11084 ) ) ;
#1905 = DIRECTION ( 'NONE',  ( 0.000000000000000000, 0.7071067811865482389, 0.7071067811865469066 ) ) ;
#1906 = LINE ( 'NONE', #12298, #4530 ) ;
#1907 = UNCERTAINTY_MEASURE_WITH_UNIT (LENGTH_MEASURE( 1.000000000000000082E-05 ), #4825, 'distance_accuracy_value', 'NONE');
#1908 = DIRECTION ( 'NONE',  ( 0.000000000000000000, 1.000000000000000000, 0.000000000000000000 ) ) ;
#1909 = EDGE_CURVE ( 'NONE', #10063, #12848, #2350, .T. ) ;
#1910 =( NAMED_UNIT ( * ) SI_UNIT ( $, .STERADIAN. ) SOLID_ANGLE_UNIT ( ) );
#1911 = FILL_AREA_STYLE_COLOUR ( '', #4336 ) ;
#1912 = CLOSED_SHELL ( 'NONE', ( #12211, #1554, #10796, #9931, #7203, #10227, #578, #5359, #12509, #5636 ) ) ;
#1913 = CARTESIAN_POINT ( 'NONE',  ( -4.215000000000000746, 1.749999999999999778, -1.125000000000033973 ) ) ;
#1914 = DIRECTION ( 'NONE',  ( 0.000000000000000000, -1.000000000000000000, 0.000000000000000000 ) ) ;
#1915 = VECTOR ( 'NONE', #3360, 1000.000000000000000 ) ;
#1916 = VERTEX_POINT ( 'NONE', #10927 ) ;
#1917 = LINE ( 'NONE', #5835, #12023 ) ;
#1918 = ORIENTED_EDGE ( 'NONE', *, *, #5130, .T. ) ;
#1919 = CARTESIAN_POINT ( 'NONE',  ( -6.875000000000006217, 1.400000000000000133, -1.749999999999996003 ) ) ;
#1920 = MECHANICAL_DESIGN_GEOMETRIC_PRESENTATION_REPRESENTATION (  '', ( #3414 ), #9359 ) ;
#1921 = EDGE_CURVE ( 'NONE', #11218, #12937, #12074, .T. ) ;
#1922 = EDGE_CURVE ( 'NONE', #4344, #7806, #7863, .T. ) ;
#1923 =( NAMED_UNIT ( * ) PLANE_ANGLE_UNIT ( ) SI_UNIT ( $, .RADIAN. ) );
#1924 = SURFACE_SIDE_STYLE ('',( #1003 ) ) ;
#1925 = ADVANCED_FACE ( 'NONE', ( #8739 ), #10808, .T. ) ;
#1926 = UNCERTAINTY_MEASURE_WITH_UNIT (LENGTH_MEASURE( 1.000000000000000082E-05 ), #238, 'distance_accuracy_value', 'NONE');
#1927 = DIRECTION ( 'NONE',  ( -0.000000000000000000, 0.7071067811865549002, 0.7071067811865402453 ) ) ;
#1928 = PRESENTATION_LAYER_ASSIGNMENT (  '', '', ( #9136 ) ) ;
#1929 = FACE_OUTER_BOUND ( 'NONE', #7673, .T. ) ;
#1930 = LINE ( 'NONE', #13093, #10911 ) ;
#1931 = LINE ( 'NONE', #3859, #4681 ) ;
#1932 = SURFACE_STYLE_USAGE ( .BOTH. , #7734 ) ;
#1933 = AXIS2_PLACEMENT_3D ( 'NONE', #617, #9657, #12645 ) ;
#1934 = EDGE_LOOP ( 'NONE', ( #803, #2185, #2937, #3523 ) ) ;
#1935 = ORIENTED_EDGE ( 'NONE', *, *, #4862, .F. ) ;
#1936 = DIRECTION ( 'NONE',  ( -0.000000000000000000, 1.000000000000000000, 0.000000000000000000 ) ) ;
#1937 = COLOUR_RGB ( '',1.000000000000000000, 0.8117647058823529438, 0.5019607843137254832 ) ;
#1938 = ORIENTED_EDGE ( 'NONE', *, *, #13083, .F. ) ;
#1939 = ORIENTED_EDGE ( 'NONE', *, *, #5001, .T. ) ;
#1940 = CARTESIAN_POINT ( 'NONE',  ( -1.715000000000000746, -1.579062136966065191E-17, -0.3250000000000473066 ) ) ;
#1941 = STYLED_ITEM ( 'NONE', ( #5385 ), #6845 ) ;
#1942 = SURFACE_STYLE_FILL_AREA ( #7126 ) ;
#1943 = EDGE_CURVE ( 'NONE', #1079, #1876, #636, .T. ) ;
#1944 = ADVANCED_FACE ( 'NONE', ( #4732 ), #11813, .T. ) ;
#1945 =( NAMED_UNIT ( * ) PLANE_ANGLE_UNIT ( ) SI_UNIT ( $, .RADIAN. ) );
#1946 = MECHANICAL_DESIGN_GEOMETRIC_PRESENTATION_REPRESENTATION (  '', ( #4271 ), #6823 ) ;
#1947 = CARTESIAN_POINT ( 'NONE',  ( 7.375000000000000888, 1.750000000000001554, -1.849999999999996980 ) ) ;
#1948 = SURFACE_STYLE_FILL_AREA ( #11126 ) ;
#1949 = VECTOR ( 'NONE', #7526, 1000.000000000000000 ) ;
#1950 = LINE ( 'NONE', #3950, #9219 ) ;
#1951 = VERTEX_POINT ( 'NONE', #9793 ) ;
#1952 = MECHANICAL_DESIGN_GEOMETRIC_PRESENTATION_REPRESENTATION (  '', ( #1557 ), #8323 ) ;
#1953 = EDGE_CURVE ( 'NONE', #12471, #875, #10996, .T. ) ;
#1954 = VERTEX_POINT ( 'NONE', #831 ) ;
#1955 = ORIENTED_EDGE ( 'NONE', *, *, #11029, .T. ) ;
#1956 = VERTEX_POINT ( 'NONE', #4865 ) ;
#1957 = DIRECTION ( 'NONE',  ( -0.000000000000000000, 1.000000000000000000, -0.000000000000000000 ) ) ;
#1958 = VECTOR ( 'NONE', #8322, 1000.000000000000000 ) ;
#1959 = ORIENTED_EDGE ( 'NONE', *, *, #7804, .T. ) ;
#1960 = LINE ( 'NONE', #6014, #3093 ) ;
#1961 = AXIS2_PLACEMENT_3D ( 'NONE', #12426, #1054, #8288 ) ;
#1962 = FACE_OUTER_BOUND ( 'NONE', #4919, .T. ) ;
#1963 =( NAMED_UNIT ( * ) PLANE_ANGLE_UNIT ( ) SI_UNIT ( $, .RADIAN. ) );
#1964 = CARTESIAN_POINT ( 'NONE',  ( -0.7850000000000010303, 1.083335593717822357E-31, 2.250000000000004441 ) ) ;
#1965 = DIRECTION ( 'NONE',  ( 1.000000000000000000, -0.000000000000000000, 0.000000000000000000 ) ) ;
#1966 = PRESENTATION_LAYER_ASSIGNMENT (  '', '', ( #1342 ) ) ;
#1967 = SURFACE_STYLE_USAGE ( .BOTH. , #2947 ) ;
#1968 = LINE ( 'NONE', #11828, #5729 ) ;
#1969 = VECTOR ( 'NONE', #6153, 1000.000000000000114 ) ;
#1970 = DIRECTION ( 'NONE',  ( -1.000000000000000000, -0.000000000000000000, -0.000000000000000000 ) ) ;
#1971 = COLOUR_RGB ( '',1.000000000000000000, 1.000000000000000000, 1.000000000000000000 ) ;
#1972 = ORIENTED_EDGE ( 'NONE', *, *, #5831, .F. ) ;
#1973 = VECTOR ( 'NONE', #8926, 1000.000000000000000 ) ;
#1974 = CARTESIAN_POINT ( 'NONE',  ( -4.315000000000001279, 4.000000000000000000, 0.000000000000000000 ) ) ;
#1975 = ORIENTED_EDGE ( 'NONE', *, *, #4065, .T. ) ;
#1976 = SURFACE_SIDE_STYLE ('',( #984 ) ) ;
#1977 = PLANE ( 'NONE',  #1961 ) ;
#1978 = CARTESIAN_POINT ( 'NONE',  ( 5.374999999950209606, 1.749999999999999778, 0.2249377794898753113 ) ) ;
#1979 = EDGE_CURVE ( 'NONE', #842, #1204, #4665, .T. ) ;
#1980 = SURFACE_STYLE_USAGE ( .BOTH. , #2830 ) ;
#1981 = FILL_AREA_STYLE_COLOUR ( '', #2813 ) ;
#1982 =( GEOMETRIC_REPRESENTATION_CONTEXT ( 3 ) GLOBAL_UNCERTAINTY_ASSIGNED_CONTEXT ( ( #1393 ) ) GLOBAL_UNIT_ASSIGNED_CONTEXT ( ( #2021, #10132, #5260 ) ) REPRESENTATION_CONTEXT ( 'NONE', 'WORKASPACE' ) );
#1983 = DIRECTION ( 'NONE',  ( -1.000000000000000000, 2.022548278026049936E-15, -0.000000000000000000 ) ) ;
#1984 = VECTOR ( 'NONE', #12842, 999.9999999999998863 ) ;
#1985 = PRESENTATION_STYLE_ASSIGNMENT (( #3983 ) ) ;
#1986 = EDGE_CURVE ( 'NONE', #10810, #3089, #10865, .T. ) ;
#1987 = CARTESIAN_POINT ( 'NONE',  ( -3.285000000000000586, 0.000000000000000000, -1.125000000000033973 ) ) ;
#1988 = VECTOR ( 'NONE', #3536, 1000.000000000000000 ) ;
#1989 = ORIENTED_EDGE ( 'NONE', *, *, #8206, .F. ) ;
#1990 = ORIENTED_EDGE ( 'NONE', *, *, #6551, .T. ) ;
#1991 = DIRECTION ( 'NONE',  ( 0.000000000000000000, 0.000000000000000000, 1.000000000000000000 ) ) ;
#1993 = PRESENTATION_LAYER_ASSIGNMENT (  '', '', ( #1162 ) ) ;
#1992 = SURFACE_STYLE_USAGE ( .BOTH. , #11033 ) ;
#1994 = CARTESIAN_POINT ( 'NONE',  ( -0.4650000000000010236, 0.4499999999999999556, 2.250000000000004441 ) ) ;
#1995 = DIRECTION ( 'NONE',  ( 1.000000000000000000, -0.000000000000000000, -1.291815354450813432E-16 ) ) ;
#1996 = SURFACE_STYLE_FILL_AREA ( #7042 ) ;
#1997 = CARTESIAN_POINT ( 'NONE',  ( -4.925000000000019362, 3.699999999999999289, 1.249999999999982458 ) ) ;
#1998 = AXIS2_PLACEMENT_3D ( 'NONE', #2047, #10212, #10153 ) ;
#1999 = PLANE ( 'NONE',  #11649 ) ;
#2000 = PLANE ( 'NONE',  #666 ) ;
#2001 =( GEOMETRIC_REPRESENTATION_CONTEXT ( 3 ) GLOBAL_UNCERTAINTY_ASSIGNED_CONTEXT ( ( #2304 ) ) GLOBAL_UNIT_ASSIGNED_CONTEXT ( ( #2123, #12103, #2182 ) ) REPRESENTATION_CONTEXT ( 'NONE', 'WORKASPACE' ) );
#2002 = CARTESIAN_POINT ( 'NONE',  ( -0.7850000000000010303, 0.000000000000000000, 1.850000000000004530 ) ) ;
#2003 = STYLED_ITEM ( 'NONE', ( #12789 ), #1944 ) ;
#2004 = EDGE_CURVE ( 'NONE', #106, #5564, #1756, .T. ) ;
#2005 = ORIENTED_EDGE ( 'NONE', *, *, #2184, .T. ) ;
#2006 = ADVANCED_FACE ( 'NONE', ( #2932 ), #5737, .T. ) ;
#2007 = ORIENTED_EDGE ( 'NONE', *, *, #906, .F. ) ;
#2008 = ADVANCED_FACE ( 'NONE', ( #6073 ), #8264, .F. ) ;
#2009 = AXIS2_PLACEMENT_3D ( 'NONE', #9796, #699, #4802 ) ;
#2010 = ORIENTED_EDGE ( 'NONE', *, *, #8555, .F. ) ;
#2011 = VERTEX_POINT ( 'NONE', #9190 ) ;
#2012 = DIRECTION ( 'NONE',  ( -1.000000000000000000, -0.000000000000000000, -0.000000000000000000 ) ) ;
#2013 = FACE_OUTER_BOUND ( 'NONE', #11871, .T. ) ;
#2014 = DIRECTION ( 'NONE',  ( -1.000000000000000000, 0.000000000000000000, 2.282530889443210409E-16 ) ) ;
#2015 =( NAMED_UNIT ( * ) SI_UNIT ( $, .STERADIAN. ) SOLID_ANGLE_UNIT ( ) );
#2016 = SURFACE_STYLE_FILL_AREA ( #10056 ) ;
#2017 = FACE_OUTER_BOUND ( 'NONE', #5903, .T. ) ;
#2018 = CARTESIAN_POINT ( 'NONE',  ( -6.544999999999994600, 2.059984127722458425E-15, 0.3500000000000039746 ) ) ;
#2019 = LINE ( 'NONE', #2212, #4717 ) ;
#2020 = CARTESIAN_POINT ( 'NONE',  ( -6.344999999999994422, 0.4500000000000014544, 0.3500000000000039746 ) ) ;
#2021 =( LENGTH_UNIT ( ) NAMED_UNIT ( * ) SI_UNIT ( .MILLI., .METRE. ) );
#2022 = LINE ( 'NONE', #11259, #5174 ) ;
#2023 = EDGE_CURVE ( 'NONE', #6405, #2803, #32, .T. ) ;
#2024 = VECTOR ( 'NONE', #3053, 1000.000000000000000 ) ;
#2025 = ORIENTED_EDGE ( 'NONE', *, *, #4599, .T. ) ;
#2026 = FACE_OUTER_BOUND ( 'NONE', #2551, .T. ) ;
#2027 = ORIENTED_EDGE ( 'NONE', *, *, #7484, .F. ) ;
#2028 = ORIENTED_EDGE ( 'NONE', *, *, #11145, .T. ) ;
#2029 = ORIENTED_EDGE ( 'NONE', *, *, #2876, .F. ) ;
#2030 =( NAMED_UNIT ( * ) PLANE_ANGLE_UNIT ( ) SI_UNIT ( $, .RADIAN. ) );
#2031 = VERTEX_POINT ( 'NONE', #4145 ) ;
#2032 = DIRECTION ( 'NONE',  ( -0.000000000000000000, 1.000000000000000000, -0.000000000000000000 ) ) ;
#2033 = PLANE ( 'NONE',  #45 ) ;
#2034 = SURFACE_SIDE_STYLE ('',( #6877 ) ) ;
#2035 = SURFACE_SIDE_STYLE ('',( #10940 ) ) ;
#2036 = FACE_OUTER_BOUND ( 'NONE', #12111, .T. ) ;
#2037 = CARTESIAN_POINT ( 'NONE',  ( 5.275000000000024336, 1.749999999999999778, -1.450000000000041034 ) ) ;
#2038 = EDGE_CURVE ( 'NONE', #4089, #12109, #11398, .T. ) ;
#2039 = VECTOR ( 'NONE', #6639, 1000.000000000000000 ) ;
#2040 = AXIS2_PLACEMENT_3D ( 'NONE', #2126, #11368, #10229 ) ;
#2041 = EDGE_CURVE ( 'NONE', #9403, #6358, #6001, .T. ) ;
#2042 = SURFACE_STYLE_FILL_AREA ( #12092 ) ;
#2043 = EDGE_CURVE ( 'NONE', #7108, #4784, #4007, .T. ) ;
#2044 = ORIENTED_EDGE ( 'NONE', *, *, #6513, .F. ) ;
#2045 = AXIS2_PLACEMENT_3D ( 'NONE', #9352, #3302, #1261 ) ;
#2046 = DIRECTION ( 'NONE',  ( 0.000000000000000000, 0.000000000000000000, 1.000000000000000000 ) ) ;
#2047 = CARTESIAN_POINT ( 'NONE',  ( -6.344999999999994422, 0.4500000000000014544, 0.3500000000000039746 ) ) ;
#2048 = VERTEX_POINT ( 'NONE', #8133 ) ;
#2049 = FACE_OUTER_BOUND ( 'NONE', #8985, .T. ) ;
#2050 = LINE ( 'NONE', #4229, #8548 ) ;
#2051 =( LENGTH_UNIT ( ) NAMED_UNIT ( * ) SI_UNIT ( .MILLI., .METRE. ) );
#2052 = DIRECTION ( 'NONE',  ( 1.000000000000000000, -0.000000000000000000, 0.000000000000000000 ) ) ;
#2053 = AXIS2_PLACEMENT_3D ( 'NONE', #7216, #7094, #11149 ) ;
#2054 =( NAMED_UNIT ( * ) PLANE_ANGLE_UNIT ( ) SI_UNIT ( $, .RADIAN. ) );
#2055 = SURFACE_STYLE_USAGE ( .BOTH. , #6966 ) ;
#2056 = CARTESIAN_POINT ( 'NONE',  ( -5.875000000000001776, 0.2999999999999999889, 0.8000000000000005995 ) ) ;
#2057 =( NAMED_UNIT ( * ) SI_UNIT ( $, .STERADIAN. ) SOLID_ANGLE_UNIT ( ) );
#2058 =( GEOMETRIC_REPRESENTATION_CONTEXT ( 3 ) GLOBAL_UNCERTAINTY_ASSIGNED_CONTEXT ( ( #11912 ) ) GLOBAL_UNIT_ASSIGNED_CONTEXT ( ( #13125, #11006, #2748 ) ) REPRESENTATION_CONTEXT ( 'NONE', 'WORKASPACE' ) );
#2059 = PRESENTATION_STYLE_ASSIGNMENT (( #8099 ) ) ;
#2060 = VECTOR ( 'NONE', #2717, 1000.000000000000114 ) ;
#2061 = ORIENTED_EDGE ( 'NONE', *, *, #11469, .F. ) ;
#2062 = ORIENTED_EDGE ( 'NONE', *, *, #1512, .F. ) ;
#2063 = SURFACE_STYLE_FILL_AREA ( #4956 ) ;
#2064 = COLOUR_RGB ( '',1.000000000000000000, 1.000000000000000000, 1.000000000000000000 ) ;
#2065 = DIRECTION ( 'NONE',  ( -0.000000000000000000, -0.000000000000000000, 1.000000000000000000 ) ) ;
#2066 = CARTESIAN_POINT ( 'NONE',  ( 5.385628445029388089, 4.510628445029362332, -0.6242580447761955087 ) ) ;
#2067 = FILL_AREA_STYLE ('',( #4897 ) ) ;
#2068 = VECTOR ( 'NONE', #11154, 1000.000000000000000 ) ;
#2069 =( LENGTH_UNIT ( ) NAMED_UNIT ( * ) SI_UNIT ( .MILLI., .METRE. ) );
#2070 = UNCERTAINTY_MEASURE_WITH_UNIT (LENGTH_MEASURE( 1.000000000000000082E-05 ), #11078, 'distance_accuracy_value', 'NONE');
#2071 =( NAMED_UNIT ( * ) SI_UNIT ( $, .STERADIAN. ) SOLID_ANGLE_UNIT ( ) );
#2072 = SURFACE_SIDE_STYLE ('',( #12116 ) ) ;
#2073 = PRESENTATION_STYLE_ASSIGNMENT (( #9046 ) ) ;
#2074 = STYLED_ITEM ( 'NONE', ( #2778 ), #5542 ) ;
#2075 = CARTESIAN_POINT ( 'NONE',  ( -1.715000000000000746, 0.2787990747163040517, -1.581148123764847258 ) ) ;
#2076 = ORIENTED_EDGE ( 'NONE', *, *, #1815, .T. ) ;
#2077 = EDGE_CURVE ( 'NONE', #4660, #10821, #12207, .T. ) ;
#2078 = ORIENTED_EDGE ( 'NONE', *, *, #9410, .F. ) ;
#2079 = DIRECTION ( 'NONE',  ( -1.000000000000000000, 0.000000000000000000, 1.176083712526648949E-16 ) ) ;
#2080 = VECTOR ( 'NONE', #11483, 1000.000000000000000 ) ;
#2081 = VERTEX_POINT ( 'NONE', #6139 ) ;
#2082 = VERTEX_POINT ( 'NONE', #4210 ) ;
#2083 = VECTOR ( 'NONE', #6322, 1000.000000000000000 ) ;
#2084 = MECHANICAL_DESIGN_GEOMETRIC_PRESENTATION_REPRESENTATION (  '', ( #7402 ), #9733 ) ;
#2085 = FILL_AREA_STYLE ('',( #6133 ) ) ;
#2086 = EDGE_CURVE ( 'NONE', #9399, #1644, #12329, .T. ) ;
#2087 = FILL_AREA_STYLE ('',( #11191 ) ) ;
#2088 = ADVANCED_FACE ( 'NONE', ( #10193 ), #3274, .F. ) ;
#2090 = FACE_OUTER_BOUND ( 'NONE', #8706, .T. ) ;
#2089 = UNCERTAINTY_MEASURE_WITH_UNIT (LENGTH_MEASURE( 1.000000000000000082E-05 ), #6822, 'distance_accuracy_value', 'NONE');
#2091 = DIRECTION ( 'NONE',  ( 0.000000000000000000, 0.000000000000000000, -1.000000000000000000 ) ) ;
#2092 = PRESENTATION_LAYER_ASSIGNMENT (  '', '', ( #3561 ) ) ;
#2093 = SURFACE_SIDE_STYLE ('',( #7070 ) ) ;
#2094 = EDGE_CURVE ( 'NONE', #2586, #7873, #3470, .T. ) ;
#2095 = DIRECTION ( 'NONE',  ( -0.000000000000000000, 0.000000000000000000, 1.000000000000000000 ) ) ;
#2096 = PRESENTATION_LAYER_ASSIGNMENT (  '', '', ( #8885 ) ) ;
#2097 = VERTEX_POINT ( 'NONE', #8536 ) ;
#2098 =( LENGTH_UNIT ( ) NAMED_UNIT ( * ) SI_UNIT ( .MILLI., .METRE. ) );
#2099 = EDGE_LOOP ( 'NONE', ( #2652, #704, #5483, #564 ) ) ;
#2100 = ORIENTED_EDGE ( 'NONE', *, *, #11114, .F. ) ;
#2101 = ORIENTED_EDGE ( 'NONE', *, *, #7385, .F. ) ;
#2102 = CARTESIAN_POINT ( 'NONE',  ( -6.544999999999994600, 0.4500000000000015099, 0.3500000000000039746 ) ) ;
#2103 =( LENGTH_UNIT ( ) NAMED_UNIT ( * ) SI_UNIT ( .MILLI., .METRE. ) );
#2104 = DIRECTION ( 'NONE',  ( 0.000000000000000000, 0.000000000000000000, 1.000000000000000000 ) ) ;
#2105 =( NAMED_UNIT ( * ) SI_UNIT ( $, .STERADIAN. ) SOLID_ANGLE_UNIT ( ) );
#2106 = EDGE_CURVE ( 'NONE', #10001, #3296, #10661, .T. ) ;
#2107 = FILL_AREA_STYLE_COLOUR ( '', #907 ) ;
#2108 = DIRECTION ( 'NONE',  ( 0.000000000000000000, -1.000000000000000000, -0.000000000000000000 ) ) ;
#2109 = ADVANCED_FACE ( 'NONE', ( #11461 ), #6341, .F. ) ;
#2110 = SURFACE_STYLE_USAGE ( .BOTH. , #12221 ) ;
#2111 = VERTEX_POINT ( 'NONE', #11522 ) ;
#2112 = PLANE ( 'NONE',  #2053 ) ;
#2113 = ORIENTED_EDGE ( 'NONE', *, *, #10861, .T. ) ;
#2114 =( NAMED_UNIT ( * ) PLANE_ANGLE_UNIT ( ) SI_UNIT ( $, .RADIAN. ) );
#2115 = ORIENTED_EDGE ( 'NONE', *, *, #6720, .F. ) ;
#2116 = CARTESIAN_POINT ( 'NONE',  ( 0.7849999999999992539, 8.425943506694179847E-32, 1.750000000000004663 ) ) ;
#2117 = LINE ( 'NONE', #192, #486 ) ;
#2118 = PRESENTATION_STYLE_ASSIGNMENT (( #10218 ) ) ;
#2119 = EDGE_CURVE ( 'NONE', #12155, #3847, #10394, .T. ) ;
#2120 = PRESENTATION_STYLE_ASSIGNMENT (( #11356 ) ) ;
#2121 = CARTESIAN_POINT ( 'NONE',  ( 5.375000000000002665, -1.029563014098701546, -0.9500000000000006217 ) ) ;
#2122 = DIRECTION ( 'NONE',  ( 1.000000000000000000, -3.942553354492748461E-16, 0.000000000000000000 ) ) ;
#2123 =( LENGTH_UNIT ( ) NAMED_UNIT ( * ) SI_UNIT ( .MILLI., .METRE. ) );
#2124 =( NAMED_UNIT ( * ) PLANE_ANGLE_UNIT ( ) SI_UNIT ( $, .RADIAN. ) );
#2125 = EDGE_LOOP ( 'NONE', ( #4867, #10737, #4852, #8057 ) ) ;
#2126 = CARTESIAN_POINT ( 'NONE',  ( -1.715000000000000746, 1.350000000000001865, 1.350000000000004086 ) ) ;
#2127 = EDGE_CURVE ( 'NONE', #10634, #4042, #559, .T. ) ;
#2128 = ORIENTED_EDGE ( 'NONE', *, *, #1615, .F. ) ;
#2129 = SURFACE_STYLE_FILL_AREA ( #6443 ) ;
#2130 = CARTESIAN_POINT ( 'NONE',  ( 5.575000000000018829, 1.749999999999999778, -0.6750000000000019318 ) ) ;
#2131 = DIRECTION ( 'NONE',  ( 3.097720492815734068E-16, 0.000000000000000000, 1.000000000000000000 ) ) ;
#2132 =( NAMED_UNIT ( * ) SI_UNIT ( $, .STERADIAN. ) SOLID_ANGLE_UNIT ( ) );
#2133 =( NAMED_UNIT ( * ) SI_UNIT ( $, .STERADIAN. ) SOLID_ANGLE_UNIT ( ) );
#2134 =( LENGTH_UNIT ( ) NAMED_UNIT ( * ) SI_UNIT ( .MILLI., .METRE. ) );
#2135 = DIRECTION ( 'NONE',  ( 0.000000000000000000, -0.9848077530122087975, -0.1736481776669268895 ) ) ;
#2136 = LINE ( 'NONE', #10315, #12852 ) ;
#2137 =( GEOMETRIC_REPRESENTATION_CONTEXT ( 3 ) GLOBAL_UNCERTAINTY_ASSIGNED_CONTEXT ( ( #3534 ) ) GLOBAL_UNIT_ASSIGNED_CONTEXT ( ( #9137, #7089, #3018 ) ) REPRESENTATION_CONTEXT ( 'NONE', 'WORKASPACE' ) );
#2138 = ORIENTED_EDGE ( 'NONE', *, *, #9250, .T. ) ;
#2139 = SURFACE_SIDE_STYLE ('',( #10522 ) ) ;
#2140 = ORIENTED_EDGE ( 'NONE', *, *, #6888, .T. ) ;
#2141 = ORIENTED_EDGE ( 'NONE', *, *, #3880, .F. ) ;
#2142 = LINE ( 'NONE', #1940, #11837 ) ;
#2143 =( LENGTH_UNIT ( ) NAMED_UNIT ( * ) SI_UNIT ( .MILLI., .METRE. ) );
#2144 = VECTOR ( 'NONE', #84, 1000.000000000000000 ) ;
#2145 = FILL_AREA_STYLE_COLOUR ( '', #3867 ) ;
#2146 = DIRECTION ( 'NONE',  ( 0.000000000000000000, 0.000000000000000000, 1.000000000000000000 ) ) ;
#2147 = PLANE ( 'NONE',  #5794 ) ;
#2148 =( NAMED_UNIT ( * ) SI_UNIT ( $, .STERADIAN. ) SOLID_ANGLE_UNIT ( ) );
#2149 = VECTOR ( 'NONE', #11516, 1000.000000000000000 ) ;
#2150 = VECTOR ( 'NONE', #13122, 1000.000000000000000 ) ;
#2151 = ORIENTED_EDGE ( 'NONE', *, *, #5244, .T. ) ;
#2152 = EDGE_CURVE ( 'NONE', #3634, #7204, #293, .T. ) ;
#2153 = VERTEX_POINT ( 'NONE', #6398 ) ;
#2154 = VERTEX_POINT ( 'NONE', #5395 ) ;
#2155 = COLOUR_RGB ( '',1.000000000000000000, 1.000000000000000000, 1.000000000000000000 ) ;
#2156 = ORIENTED_EDGE ( 'NONE', *, *, #4868, .F. ) ;
#2157 = DIRECTION ( 'NONE',  ( 0.000000000000000000, 1.000000000000000000, -4.814824860968090180E-32 ) ) ;
#2158 = FACE_OUTER_BOUND ( 'NONE', #5922, .T. ) ;
#2159 = CARTESIAN_POINT ( 'NONE',  ( 7.374999999999995559, 0.2499999999999998335, 0.3500000000000039746 ) ) ;
#2160 = VECTOR ( 'NONE', #4976, 1000.000000000000000 ) ;
#2161 = DIRECTION ( 'NONE',  ( 5.052592648476138302E-15, -1.000000000000000000, -0.000000000000000000 ) ) ;
#2162 =( GEOMETRIC_REPRESENTATION_CONTEXT ( 3 ) GLOBAL_UNCERTAINTY_ASSIGNED_CONTEXT ( ( #12202 ) ) GLOBAL_UNIT_ASSIGNED_CONTEXT ( ( #672, #6776, #12764 ) ) REPRESENTATION_CONTEXT ( 'NONE', 'WORKASPACE' ) );
#2163 = FILL_AREA_STYLE_COLOUR ( '', #2290 ) ;
#2164 = SURFACE_SIDE_STYLE ('',( #8348 ) ) ;
#2165 = CIRCLE ( 'NONE', #50, 0.09999999995018510335 ) ;
#2166 = CARTESIAN_POINT ( 'NONE',  ( -1.715000000000000746, 0.8750000000000022204, 0.8749999999999842348 ) ) ;
#2167 = ORIENTED_EDGE ( 'NONE', *, *, #3072, .F. ) ;
#2168 = ADVANCED_FACE ( 'NONE', ( #4396 ), #2403, .T. ) ;
#2169 = PRESENTATION_LAYER_ASSIGNMENT (  '', '', ( #5343 ) ) ;
#2170 = PRESENTATION_LAYER_ASSIGNMENT (  '', '', ( #1337 ) ) ;
#2171 = DIRECTION ( 'NONE',  ( 1.000000000000000000, -0.000000000000000000, -0.000000000000000000 ) ) ;
#2172 = ORIENTED_EDGE ( 'NONE', *, *, #9440, .F. ) ;
#2173 = ADVANCED_FACE ( 'NONE', ( #11985 ), #4654, .F. ) ;
#2174 = ORIENTED_EDGE ( 'NONE', *, *, #2641, .T. ) ;
#2175 = FACE_OUTER_BOUND ( 'NONE', #9297, .T. ) ;
#2176 = CARTESIAN_POINT ( 'NONE',  ( -1.715000000000000746, 2.865743636076471201, -1.125000000000033973 ) ) ;
#2177 = DIRECTION ( 'NONE',  ( -0.000000000000000000, 1.000000000000000000, -0.000000000000000000 ) ) ;
#2178 = DIRECTION ( 'NONE',  ( 0.000000000000000000, 0.000000000000000000, 1.000000000000000000 ) ) ;
#2179 = DIRECTION ( 'NONE',  ( 0.000000000000000000, 1.000000000000000000, -0.000000000000000000 ) ) ;
#2180 = AXIS2_PLACEMENT_3D ( 'NONE', #10876, #1965, #10077 ) ;
#2181 =( GEOMETRIC_REPRESENTATION_CONTEXT ( 3 ) GLOBAL_UNCERTAINTY_ASSIGNED_CONTEXT ( ( #1559 ) ) GLOBAL_UNIT_ASSIGNED_CONTEXT ( ( #5621, #11553, #12613 ) ) REPRESENTATION_CONTEXT ( 'NONE', 'WORKASPACE' ) );
#2182 =( NAMED_UNIT ( * ) SI_UNIT ( $, .STERADIAN. ) SOLID_ANGLE_UNIT ( ) );
#2183 = VECTOR ( 'NONE', #10972, 999.9999999999998863 ) ;
#2184 = EDGE_CURVE ( 'NONE', #5188, #2474, #6782, .T. ) ;
#2185 = ORIENTED_EDGE ( 'NONE', *, *, #5250, .F. ) ;
#2186 = LINE ( 'NONE', #10167, #10753 ) ;
#2187 = MECHANICAL_DESIGN_GEOMETRIC_PRESENTATION_REPRESENTATION (  '', ( #11963 ), #4510 ) ;
#2188 = EDGE_LOOP ( 'NONE', ( #12830, #12864, #5804, #3886 ) ) ;
#2189 = CARTESIAN_POINT ( 'NONE',  ( -6.015849737787071660, 0.2999999999999999889, -1.849999999999995426 ) ) ;
#2190 =( NAMED_UNIT ( * ) SI_UNIT ( $, .STERADIAN. ) SOLID_ANGLE_UNIT ( ) );
#2191 = VECTOR ( 'NONE', #5181, 1000.000000000000000 ) ;
#2192 = CARTESIAN_POINT ( 'NONE',  ( -6.094999999999994422, 1.200000000000000178, 0.3500000000000039746 ) ) ;
#2193 = UNCERTAINTY_MEASURE_WITH_UNIT (LENGTH_MEASURE( 1.000000000000000082E-05 ), #5381, 'distance_accuracy_value', 'NONE');
#2194 =( NAMED_UNIT ( * ) PLANE_ANGLE_UNIT ( ) SI_UNIT ( $, .RADIAN. ) );
#2195 = LINE ( 'NONE', #6184, #10788 ) ;
#2196 = AXIS2_PLACEMENT_3D ( 'NONE', #11983, #7849, #8973 ) ;
#2197 =( NAMED_UNIT ( * ) SI_UNIT ( $, .STERADIAN. ) SOLID_ANGLE_UNIT ( ) );
#2198 = SURFACE_STYLE_FILL_AREA ( #1074 ) ;
#2199 = MECHANICAL_DESIGN_GEOMETRIC_PRESENTATION_REPRESENTATION (  '', ( #10058 ), #5593 ) ;
#2200 = ORIENTED_EDGE ( 'NONE', *, *, #11001, .T. ) ;
#2201 = CARTESIAN_POINT ( 'NONE',  ( 6.344999999999994422, 0.4499999999999999001, 0.3500000000000039746 ) ) ;
#2202 = MECHANICAL_DESIGN_GEOMETRIC_PRESENTATION_REPRESENTATION (  '', ( #5146 ), #4313 ) ;
#2203 = EDGE_LOOP ( 'NONE', ( #8688, #1167, #11958, #9570, #6330, #5295, #7889, #11713, #4584, #9279, #11700, #10470, #9925, #2265, #1297, #2354, #3201, #12587, #599, #8478, #6789, #434, #2568, #12987, #996, #5682, #2479, #1742, #12045, #7014, #7928, #4444 ) ) ;
#2204 = EDGE_LOOP ( 'NONE', ( #2408, #6060, #3972, #1573 ) ) ;
#2205 = DIRECTION ( 'NONE',  ( -0.9659258262890683122, -0.000000000000000000, 0.2588190451025209060 ) ) ;
#2206 =( NAMED_UNIT ( * ) SI_UNIT ( $, .STERADIAN. ) SOLID_ANGLE_UNIT ( ) );
#2207 = VECTOR ( 'NONE', #982, 1000.000000000000000 ) ;
#2208 = LINE ( 'NONE', #10125, #8001 ) ;
#2209 = PLANE ( 'NONE',  #1757 ) ;
#2210 = DIRECTION ( 'NONE',  ( 0.000000000000000000, 0.000000000000000000, -1.000000000000000000 ) ) ;
#2211 = UNCERTAINTY_MEASURE_WITH_UNIT (LENGTH_MEASURE( 1.000000000000000082E-05 ), #12011, 'distance_accuracy_value', 'NONE');
#2212 = CARTESIAN_POINT ( 'NONE',  ( 7.374999999999984901, 1.299999999999999156, -1.849999999999996980 ) ) ;
#2213 = MECHANICAL_DESIGN_GEOMETRIC_PRESENTATION_REPRESENTATION (  '', ( #4540 ), #283 ) ;
#2214 = LINE ( 'NONE', #5111, #5824 ) ;
#2215 = VECTOR ( 'NONE', #2743, 1000.000000000000000 ) ;
#2216 = ORIENTED_EDGE ( 'NONE', *, *, #4039, .F. ) ;
#2217 = DIRECTION ( 'NONE',  ( 0.000000000000000000, -1.000000000000000000, 0.000000000000000000 ) ) ;
#2218 = VERTEX_POINT ( 'NONE', #8789 ) ;
#2219 = EDGE_LOOP ( 'NONE', ( #3007, #7971, #9719, #11205 ) ) ;
#2220 = PRESENTATION_LAYER_ASSIGNMENT (  '', '', ( #11343 ) ) ;
#2221 = VERTEX_POINT ( 'NONE', #10846 ) ;
#2222 = DIRECTION ( 'NONE',  ( 0.000000000000000000, -4.814824860968089633E-32, -1.000000000000000000 ) ) ;
#2223 = CARTESIAN_POINT ( 'NONE',  ( 5.275000000000024336, 4.400000000000000355, 0.9499999999999856337 ) ) ;
#2224 = DIRECTION ( 'NONE',  ( 0.000000000000000000, 0.000000000000000000, -1.000000000000000000 ) ) ;
#2225 = CARTESIAN_POINT ( 'NONE',  ( -5.575000000000018829, 1.749999999999999778, 0.1750000000000117295 ) ) ;
#2226 = VECTOR ( 'NONE', #1166, 1000.000000000000114 ) ;
#2227 = CARTESIAN_POINT ( 'NONE',  ( 5.275000000000024336, 3.700000000000000178, 0.000000000000000000 ) ) ;
#2228 = CARTESIAN_POINT ( 'NONE',  ( 0.7849999999999992539, 0.4500000000000002331, 6.098637220230963674E-17 ) ) ;
#2229 = FACE_OUTER_BOUND ( 'NONE', #11466, .T. ) ;
#2230 = EDGE_LOOP ( 'NONE', ( #12833, #3313, #11183, #10065 ) ) ;
#2231 = PRESENTATION_LAYER_ASSIGNMENT (  '', '', ( #5182 ) ) ;
#2232 = ORIENTED_EDGE ( 'NONE', *, *, #2964, .F. ) ;
#2233 = PLANE ( 'NONE',  #4111 ) ;
#2234 = VERTEX_POINT ( 'NONE', #3669 ) ;
#2235 = CARTESIAN_POINT ( 'NONE',  ( -2.035000000000000586, 0.2787990747163040517, -1.581148123764847258 ) ) ;
#2236 = AXIS2_PLACEMENT_3D ( 'NONE', #4319, #9522, #10520 ) ;
#2237 = LINE ( 'NONE', #12156, #4303 ) ;
#2238 =( LENGTH_UNIT ( ) NAMED_UNIT ( * ) SI_UNIT ( .MILLI., .METRE. ) );
#2239 = SURFACE_SIDE_STYLE ('',( #7569 ) ) ;
#2240 = SURFACE_SIDE_STYLE ('',( #12492 ) ) ;
#2241 = AXIS2_PLACEMENT_3D ( 'NONE', #12952, #12046, #9164 ) ;
#2243 = EDGE_CURVE ( 'NONE', #9851, #8676, #5662, .T. ) ;
#2242 = VECTOR ( 'NONE', #8444, 1000.000000000000000 ) ;
#2244 = LINE ( 'NONE', #3305, #4946 ) ;
#2245 = EDGE_CURVE ( 'NONE', #7, #2855, #3930, .T. ) ;
#2246 = VECTOR ( 'NONE', #6436, 1000.000000000000000 ) ;
#2247 = DIRECTION ( 'NONE',  ( 0.000000000000000000, -1.000000000000000000, 0.000000000000000000 ) ) ;
#2248 = VERTEX_POINT ( 'NONE', #9918 ) ;
#2249 = CARTESIAN_POINT ( 'NONE',  ( -6.874999999999999112, 0.2999999999999999889, -1.850000000000001865 ) ) ;
#2250 = AXIS2_PLACEMENT_3D ( 'NONE', #5892, #788, #10953 ) ;
#2251 = VECTOR ( 'NONE', #9554, 1000.000000000000000 ) ;
#2252 = ORIENTED_EDGE ( 'NONE', *, *, #5081, .F. ) ;
#2253 = DIRECTION ( 'NONE',  ( 0.000000000000000000, 0.000000000000000000, 1.000000000000000000 ) ) ;
#2254 = DIRECTION ( 'NONE',  ( 0.000000000000000000, 1.000000000000000000, -4.814824860968090180E-32 ) ) ;
#2255 =( NAMED_UNIT ( * ) SI_UNIT ( $, .STERADIAN. ) SOLID_ANGLE_UNIT ( ) );
#2256 = FACE_OUTER_BOUND ( 'NONE', #4224, .T. ) ;
#2257 = DIRECTION ( 'NONE',  ( 0.000000000000000000, 0.000000000000000000, -1.000000000000000000 ) ) ;
#2258 = DIRECTION ( 'NONE',  ( -0.9762960071199339174, -0.2164396139381006001, -0.000000000000000000 ) ) ;
#2259 = VECTOR ( 'NONE', #2222, 1000.000000000000000 ) ;
#2260 = ADVANCED_FACE ( 'NONE', ( #5786 ), #10980, .F. ) ;
#2261 = VECTOR ( 'NONE', #5308, 1000.000000000000000 ) ;
#2262 = DIRECTION ( 'NONE',  ( 0.000000000000000000, 0.000000000000000000, -1.000000000000000000 ) ) ;
#2263 = VECTOR ( 'NONE', #2694, 999.9999999999998863 ) ;
#2264 = VERTEX_POINT ( 'NONE', #5918 ) ;
#2265 = ORIENTED_EDGE ( 'NONE', *, *, #3896, .F. ) ;
#2266 = VERTEX_POINT ( 'NONE', #681 ) ;
#2267 = FILL_AREA_STYLE ('',( #4257 ) ) ;
#2268 = DIRECTION ( 'NONE',  ( 1.000000000000000000, 1.517883041479706010E-15, 0.000000000000000000 ) ) ;
#2269 = FILL_AREA_STYLE ('',( #161 ) ) ;
#2270 = DIRECTION ( 'NONE',  ( 0.000000000000000000, 0.000000000000000000, -1.000000000000000000 ) ) ;
#2271 = MECHANICAL_DESIGN_GEOMETRIC_PRESENTATION_REPRESENTATION (  '', ( #9926 ), #10574 ) ;
#2272 =( NAMED_UNIT ( * ) SI_UNIT ( $, .STERADIAN. ) SOLID_ANGLE_UNIT ( ) );
#2273 = ADVANCED_FACE ( 'NONE', ( #9846 ), #6733, .F. ) ;
#2274 = STYLED_ITEM ( 'NONE', ( #8343 ), #4356 ) ;
#2275 = CARTESIAN_POINT ( 'NONE',  ( -5.875000000000001776, 3.700000000000000178, 0.9499999999999869660 ) ) ;
#2276 =( LENGTH_UNIT ( ) NAMED_UNIT ( * ) SI_UNIT ( .MILLI., .METRE. ) );
#2277 = VECTOR ( 'NONE', #11285, 1000.000000000000000 ) ;
#2278 = ORIENTED_EDGE ( 'NONE', *, *, #8582, .T. ) ;
#2279 = CARTESIAN_POINT ( 'NONE',  ( -3.065000000000000835, 4.000000000000000000, 0.000000000000000000 ) ) ;
#2280 = VECTOR ( 'NONE', #5511, 1000.000000000000000 ) ;
#2281 = ORIENTED_EDGE ( 'NONE', *, *, #341, .F. ) ;
#2282 = ORIENTED_EDGE ( 'NONE', *, *, #1137, .F. ) ;
#2283 = VECTOR ( 'NONE', #11103, 1000.000000000000000 ) ;
#2285 = EDGE_CURVE ( 'NONE', #3742, #2907, #5036, .T. ) ;
#2284 = ORIENTED_EDGE ( 'NONE', *, *, #1798, .F. ) ;
#2286 = DIRECTION ( 'NONE',  ( 0.6847910787717375047, -0.2492435693639499239, 0.6847910787717360614 ) ) ;
#2287 = FILL_AREA_STYLE_COLOUR ( '', #9407 ) ;
#2288 = CARTESIAN_POINT ( 'NONE',  ( 3.900000000000007017, 4.700000000000004619, -1.850000000000001865 ) ) ;
#2289 = LINE ( 'NONE', #5059, #12215 ) ;
#2290 = COLOUR_RGB ( '',1.000000000000000000, 1.000000000000000000, 1.000000000000000000 ) ;
#2291 = FILL_AREA_STYLE ('',( #5950 ) ) ;
#2292 = LINE ( 'NONE', #3361, #3087 ) ;
#2293 = ORIENTED_EDGE ( 'NONE', *, *, #11558, .F. ) ;
#2294 = PRESENTATION_STYLE_ASSIGNMENT (( #3023 ) ) ;
#2295 = VERTEX_POINT ( 'NONE', #147 ) ;
#2296 = CARTESIAN_POINT ( 'NONE',  ( -7.375000000000000000, 0.7999999999999999334, -1.850000000000001865 ) ) ;
#2297 = VERTEX_POINT ( 'NONE', #3179 ) ;
#2298 = DIRECTION ( 'NONE',  ( 0.000000000000000000, 1.000000000000000000, 0.000000000000000000 ) ) ;
#2299 = STYLED_ITEM ( 'NONE', ( #5108 ), #5337 ) ;
#2300 = PLANE ( 'NONE',  #4903 ) ;
#2301 = DIRECTION ( 'NONE',  ( 1.000000000000000000, 3.493540333564404009E-15, 0.000000000000000000 ) ) ;
#2302 = FILL_AREA_STYLE_COLOUR ( '', #1841 ) ;
#2303 = DIRECTION ( 'NONE',  ( 0.000000000000000000, 0.000000000000000000, 1.000000000000000000 ) ) ;
#2304 = UNCERTAINTY_MEASURE_WITH_UNIT (LENGTH_MEASURE( 1.000000000000000082E-05 ), #2123, 'distance_accuracy_value', 'NONE');
#2305 = CARTESIAN_POINT ( 'NONE',  ( -4.215000000000000746, 1.083335593717822357E-31, 2.250000000000004441 ) ) ;
#2306 = PLANE ( 'NONE',  #733 ) ;
#2307 = LINE ( 'NONE', #4492, #3520 ) ;
#2308 = EDGE_LOOP ( 'NONE', ( #6385, #5405, #9553, #10508 ) ) ;
#2309 = ORIENTED_EDGE ( 'NONE', *, *, #6954, .F. ) ;
#2310 =( NAMED_UNIT ( * ) PLANE_ANGLE_UNIT ( ) SI_UNIT ( $, .RADIAN. ) );
#2311 = EDGE_CURVE ( 'NONE', #8917, #7579, #8583, .T. ) ;
#2312 = ORIENTED_EDGE ( 'NONE', *, *, #3815, .F. ) ;
#2313 = DIRECTION ( 'NONE',  ( -0.000000000000000000, -1.000000000000000000, -0.000000000000000000 ) ) ;
#2314 = CARTESIAN_POINT ( 'NONE',  ( -0.4650000000000010236, 2.865743636076471645, -0.3250000000000474731 ) ) ;
#2315 = FILL_AREA_STYLE_COLOUR ( '', #11062 ) ;
#2316 = DIRECTION ( 'NONE',  ( -0.9762960071199339174, 0.2164396139381006001, 0.000000000000000000 ) ) ;
#2317 =( LENGTH_UNIT ( ) NAMED_UNIT ( * ) SI_UNIT ( .MILLI., .METRE. ) );
#2318 = CARTESIAN_POINT ( 'NONE',  ( 4.535000000000000142, 0.2787990747163040517, -1.581148123764847258 ) ) ;
#2319 =( LENGTH_UNIT ( ) NAMED_UNIT ( * ) SI_UNIT ( .MILLI., .METRE. ) );
#2320 = VECTOR ( 'NONE', #11088, 1000.000000000000000 ) ;
#2321 = SURFACE_STYLE_FILL_AREA ( #216 ) ;
#2322 = ORIENTED_EDGE ( 'NONE', *, *, #12254, .T. ) ;
#2323 = ADVANCED_FACE ( 'NONE', ( #1072 ), #10041, .F. ) ;
#2324 = ORIENTED_EDGE ( 'NONE', *, *, #11529, .F. ) ;
#2325 = ORIENTED_EDGE ( 'NONE', *, *, #6308, .T. ) ;
#2326 = LINE ( 'NONE', #7399, #6305 ) ;
#2327 = FILL_AREA_STYLE ('',( #11454 ) ) ;
#2328 = EDGE_CURVE ( 'NONE', #2446, #11802, #10110, .T. ) ;
#2329 = FILL_AREA_STYLE ('',( #12391 ) ) ;
#2330 = CARTESIAN_POINT ( 'NONE',  ( -2.273014168646321220, 0.4275827757330525891, -1.554913542985933539 ) ) ;
#2331 = CARTESIAN_POINT ( 'NONE',  ( -2.965000000000000746, 0.4500000000000000111, 1.850000000000004530 ) ) ;
#2332 = UNCERTAINTY_MEASURE_WITH_UNIT (LENGTH_MEASURE( 1.000000000000000082E-05 ), #8349, 'distance_accuracy_value', 'NONE');
#2333 = CARTESIAN_POINT ( 'NONE',  ( 5.875000000000005329, 0.3000000000000014322, 0.9500000000000005107 ) ) ;
#2334 = MECHANICAL_DESIGN_GEOMETRIC_PRESENTATION_REPRESENTATION (  '', ( #10198 ), #4666 ) ;
#2335 =( LENGTH_UNIT ( ) NAMED_UNIT ( * ) SI_UNIT ( .MILLI., .METRE. ) );
#2336 = DIRECTION ( 'NONE',  ( -1.000000000000000000, -0.000000000000000000, -0.000000000000000000 ) ) ;
#2337 = EDGE_LOOP ( 'NONE', ( #3120, #1744, #7017, #3975 ) ) ;
#2338 = DIRECTION ( 'NONE',  ( 0.000000000000000000, -1.000000000000000000, 0.000000000000000000 ) ) ;
#2339 = ADVANCED_FACE ( 'NONE', ( #6053 ), #6185, .F. ) ;
#2340 = ORIENTED_EDGE ( 'NONE', *, *, #4211, .T. ) ;
#2341 = VERTEX_POINT ( 'NONE', #4128 ) ;
#2342 =( GEOMETRIC_REPRESENTATION_CONTEXT ( 3 ) GLOBAL_UNCERTAINTY_ASSIGNED_CONTEXT ( ( #2332 ) ) GLOBAL_UNIT_ASSIGNED_CONTEXT ( ( #8349, #12148, #49 ) ) REPRESENTATION_CONTEXT ( 'NONE', 'WORKASPACE' ) );
#2343 = EDGE_CURVE ( 'NONE', #5207, #3606, #5090, .T. ) ;
#2344 = ORIENTED_EDGE ( 'NONE', *, *, #5614, .T. ) ;
#2345 =( LENGTH_UNIT ( ) NAMED_UNIT ( * ) SI_UNIT ( .MILLI., .METRE. ) );
#2346 =( NAMED_UNIT ( * ) SI_UNIT ( $, .STERADIAN. ) SOLID_ANGLE_UNIT ( ) );
#2347 = CARTESIAN_POINT ( 'NONE',  ( -3.285000000000000586, 0.4499999999999999556, 2.250000000000004441 ) ) ;
#2348 = LINE ( 'NONE', #6410, #10131 ) ;
#2349 = SURFACE_STYLE_USAGE ( .BOTH. , #11471 ) ;
#2350 = LINE ( 'NONE', #696, #10035 ) ;
#2351 = LINE ( 'NONE', #1379, #7860 ) ;
#2352 = EDGE_CURVE ( 'NONE', #5039, #2413, #1930, .T. ) ;
#2353 = PRESENTATION_STYLE_ASSIGNMENT (( #186 ) ) ;
#2354 = ORIENTED_EDGE ( 'NONE', *, *, #329, .F. ) ;
#2355 = CARTESIAN_POINT ( 'NONE',  ( 0.7849999999999992539, 1.083335593717822357E-31, 2.250000000000004441 ) ) ;
#2356 = PRESENTATION_LAYER_ASSIGNMENT (  '', '', ( #8093 ) ) ;
#2357 = PLANE ( 'NONE',  #9263 ) ;
#2358 = VERTEX_POINT ( 'NONE', #5983 ) ;
#2359 = AXIS2_PLACEMENT_3D ( 'NONE', #6792, #10859, #1750 ) ;
#2360 = VERTEX_POINT ( 'NONE', #9172 ) ;
#2361 = CARTESIAN_POINT ( 'NONE',  ( 2.034999999999999698, 2.865743636076471645, -0.3250000000000474731 ) ) ;
#2362 = PLANE ( 'NONE',  #4503 ) ;
#2363 = LINE ( 'NONE', #393, #12157 ) ;
#2364 = FACE_OUTER_BOUND ( 'NONE', #12717, .T. ) ;
#2365 = CARTESIAN_POINT ( 'NONE',  ( -1.715000000000000746, 0.2999999999999999889, 1.850000000000004530 ) ) ;
#2366 = SURFACE_SIDE_STYLE ('',( #11632 ) ) ;
#2367 = PRESENTATION_STYLE_ASSIGNMENT (( #12433 ) ) ;
#2368 = AXIS2_PLACEMENT_3D ( 'NONE', #6663, #7894, #13009 ) ;
#2369 = CARTESIAN_POINT ( 'NONE',  ( 0.000000000000000000, 2.600000000000005862, -1.850000000000001865 ) ) ;
#2370 = VECTOR ( 'NONE', #10838, 1000.000000000000000 ) ;
#2371 = VERTEX_POINT ( 'NONE', #3996 ) ;
#2372 = ORIENTED_EDGE ( 'NONE', *, *, #9523, .T. ) ;
#2373 = CARTESIAN_POINT ( 'NONE',  ( 4.535000000000000142, 0.2999999999999999889, 1.850000000000004530 ) ) ;
#2374 = MECHANICAL_DESIGN_GEOMETRIC_PRESENTATION_REPRESENTATION (  '', ( #6416 ), #891 ) ;
#2375 = EDGE_CURVE ( 'NONE', #9854, #5116, #1141, .T. ) ;
#2376 = VERTEX_POINT ( 'NONE', #4050 ) ;
#2377 = SURFACE_STYLE_FILL_AREA ( #9229 ) ;
#2378 = LINE ( 'NONE', #410, #3435 ) ;
#2379 = COLOUR_RGB ( '',1.000000000000000000, 0.8117647058823529438, 0.5019607843137254832 ) ;
#2380 =( NAMED_UNIT ( * ) SI_UNIT ( $, .STERADIAN. ) SOLID_ANGLE_UNIT ( ) );
#2381 = DIRECTION ( 'NONE',  ( -1.000000000000000000, 0.000000000000000000, 5.059610138265694590E-16 ) ) ;
#2382 = FACE_OUTER_BOUND ( 'NONE', #6986, .T. ) ;
#2383 = EDGE_CURVE ( 'NONE', #4474, #6354, #8114, .T. ) ;
#2384 = SURFACE_SIDE_STYLE ('',( #2321 ) ) ;
#2385 =( NAMED_UNIT ( * ) SI_UNIT ( $, .STERADIAN. ) SOLID_ANGLE_UNIT ( ) );
#2386 = COLOUR_RGB ( '',1.000000000000000000, 1.000000000000000000, 1.000000000000000000 ) ;
#2387 = ORIENTED_EDGE ( 'NONE', *, *, #11054, .F. ) ;
#2388 = FACE_OUTER_BOUND ( 'NONE', #10756, .T. ) ;
#2389 = EDGE_CURVE ( 'NONE', #10001, #11276, #5161, .T. ) ;
#2390 = EDGE_CURVE ( 'NONE', #4690, #3564, #7185, .T. ) ;
#2391 = EDGE_LOOP ( 'NONE', ( #11511, #6763, #2882, #10716 ) ) ;
#2392 = VERTEX_POINT ( 'NONE', #10584 ) ;
#2393 = DIRECTION ( 'NONE',  ( 0.000000000000000000, -0.9848077530122087975, -0.1736481776669268895 ) ) ;
#2394 = MECHANICAL_DESIGN_GEOMETRIC_PRESENTATION_REPRESENTATION (  '', ( #2003 ), #5394 ) ;
#2395 = DIRECTION ( 'NONE',  ( 0.000000000000000000, -0.000000000000000000, -1.000000000000000000 ) ) ;
#2396 =( NAMED_UNIT ( * ) PLANE_ANGLE_UNIT ( ) SI_UNIT ( $, .RADIAN. ) );
#2397 = CARTESIAN_POINT ( 'NONE',  ( 6.094999999999995310, 0.4499999999999999001, -1.849999999999996092 ) ) ;
#2398 =( LENGTH_UNIT ( ) NAMED_UNIT ( * ) SI_UNIT ( .MILLI., .METRE. ) );
#2399 = DIRECTION ( 'NONE',  ( 0.000000000000000000, -1.000000000000000000, 0.000000000000000000 ) ) ;
#2400 = VECTOR ( 'NONE', #2915, 1000.000000000000000 ) ;
#2401 = DIRECTION ( 'NONE',  ( -0.000000000000000000, 1.000000000000000000, -0.000000000000000000 ) ) ;
#2402 = DIRECTION ( 'NONE',  ( -0.7071067811865474617, -0.7071067811865474617, 0.000000000000000000 ) ) ;
#2403 = PLANE ( 'NONE',  #9634 ) ;
#2404 = EDGE_CURVE ( 'NONE', #9672, #6785, #1480, .T. ) ;
#2405 = EDGE_CURVE ( 'NONE', #11545, #11855, #8454, .T. ) ;
#2406 = PRESENTATION_LAYER_ASSIGNMENT (  '', '', ( #8144 ) ) ;
#2407 = DIRECTION ( 'NONE',  ( -0.2133021165724272306, 0.9621436710723736407, -0.1696518885279461319 ) ) ;
#2408 = ORIENTED_EDGE ( 'NONE', *, *, #10062, .F. ) ;
#2409 = DIRECTION ( 'NONE',  ( 0.000000000000000000, 0.000000000000000000, -1.000000000000000000 ) ) ;
#2410 = PRESENTATION_LAYER_ASSIGNMENT (  '', '', ( #8159 ) ) ;
#2411 = VERTEX_POINT ( 'NONE', #9450 ) ;
#2412 = ORIENTED_EDGE ( 'NONE', *, *, #4265, .T. ) ;
#2413 = VERTEX_POINT ( 'NONE', #6323 ) ;
#2414 = DIRECTION ( 'NONE',  ( 0.000000000000000000, -0.000000000000000000, 1.000000000000000000 ) ) ;
#2415 = PRESENTATION_LAYER_ASSIGNMENT (  '', '', ( #3044 ) ) ;
#2416 = LINE ( 'NONE', #2481, #7465 ) ;
#2417 =( GEOMETRIC_REPRESENTATION_CONTEXT ( 3 ) GLOBAL_UNCERTAINTY_ASSIGNED_CONTEXT ( ( #12338 ) ) GLOBAL_UNIT_ASSIGNED_CONTEXT ( ( #8886, #11013, #1706 ) ) REPRESENTATION_CONTEXT ( 'NONE', 'WORKASPACE' ) );
#2418 = PRESENTATION_STYLE_ASSIGNMENT (( #8909 ) ) ;
#2419 = CARTESIAN_POINT ( 'NONE',  ( 5.275000000000024336, 4.400000000000000355, -1.450000000000041034 ) ) ;
#2420 = DIRECTION ( 'NONE',  ( 0.000000000000000000, 1.000000000000000000, 0.000000000000000000 ) ) ;
#2421 = LINE ( 'NONE', #442, #9741 ) ;
#2422 = COLOUR_RGB ( '',0.7921568627450980005, 0.8196078431372548767, 0.9333333333333333481 ) ;
#2423 = DIRECTION ( 'NONE',  ( -0.000000000000000000, 0.1736481776669264454, 0.9848077530122087975 ) ) ;
#2424 = ORIENTED_EDGE ( 'NONE', *, *, #11917, .F. ) ;
#2425 =( NAMED_UNIT ( * ) PLANE_ANGLE_UNIT ( ) SI_UNIT ( $, .RADIAN. ) );
#2426 = DIRECTION ( 'NONE',  ( 0.000000000000000000, 0.000000000000000000, -1.000000000000000000 ) ) ;
#2427 = VERTEX_POINT ( 'NONE', #11503 ) ;
#2428 = CARTESIAN_POINT ( 'NONE',  ( -0.5650000000000012790, 4.000000000000000000, 0.000000000000000000 ) ) ;
#2429 = AXIS2_PLACEMENT_3D ( 'NONE', #12792, #7751, #8743 ) ;
#2430 = ORIENTED_EDGE ( 'NONE', *, *, #7374, .F. ) ;
#2431 = PRESENTATION_STYLE_ASSIGNMENT (( #3623 ) ) ;
#2432 = DIRECTION ( 'NONE',  ( 0.000000000000000000, -0.7071067811865482389, -0.7071067811865469066 ) ) ;
#2433 = LINE ( 'NONE', #9498, #7903 ) ;
#2434 = CARTESIAN_POINT ( 'NONE',  ( -6.015849737787071660, 0.2999999999999999889, -1.849999999999995426 ) ) ;
#2435 =( LENGTH_UNIT ( ) NAMED_UNIT ( * ) SI_UNIT ( .MILLI., .METRE. ) );
#2436 = FACE_OUTER_BOUND ( 'NONE', #6417, .T. ) ;
#2437 = UNCERTAINTY_MEASURE_WITH_UNIT (LENGTH_MEASURE( 1.000000000000000082E-05 ), #11864, 'distance_accuracy_value', 'NONE');
#2438 = DIRECTION ( 'NONE',  ( 0.000000000000000000, -0.7071067811865470176, -0.7071067811865481278 ) ) ;
#2439 = UNCERTAINTY_MEASURE_WITH_UNIT (LENGTH_MEASURE( 1.000000000000000082E-05 ), #13109, 'distance_accuracy_value', 'NONE');
#2440 = PLANE ( 'NONE',  #8920 ) ;
#2441 =( BOUNDED_CURVE ( )  B_SPLINE_CURVE ( 3, ( #5707, #12634, #12827, #5643 ),
 .UNSPECIFIED., .F., .F. ) 
 B_SPLINE_CURVE_WITH_KNOTS ( ( 4, 4 ),
 ( 2.293530574608299677, 3.141592653589793116 ),
 .UNSPECIFIED. ) 
 CURVE ( )  GEOMETRIC_REPRESENTATION_ITEM ( )  RATIONAL_B_SPLINE_CURVE ( ( 1.000000000000000000, 0.9409585518440968244, 0.9409585518440968244, 1.000000000000000000 ) ) 
 REPRESENTATION_ITEM ( '' )  );
#2442 = AXIS2_PLACEMENT_3D ( 'NONE', #8539, #1434, #12521 ) ;
#2443 = ORIENTED_EDGE ( 'NONE', *, *, #3385, .T. ) ;
#2444 = ORIENTED_EDGE ( 'NONE', *, *, #1208, .T. ) ;
#2445 = LINE ( 'NONE', #2510, #3954 ) ;
#2446 = VERTEX_POINT ( 'NONE', #4317 ) ;
#2447 = CARTESIAN_POINT ( 'NONE',  ( -5.374999999950209606, 4.499999999950183849, -0.6249377795396809931 ) ) ;
#2448 = PRESENTATION_STYLE_ASSIGNMENT (( #4434 ) ) ;
#2449 = CARTESIAN_POINT ( 'NONE',  ( 4.535000000000000142, 1.350000000000001865, 1.350000000000004086 ) ) ;
#2450 = VECTOR ( 'NONE', #11714, 1000.000000000000000 ) ;
#2451 = FILL_AREA_STYLE_COLOUR ( '', #2916 ) ;
#2452 = AXIS2_PLACEMENT_3D ( 'NONE', #6701, #1709, #2755 ) ;
#2453 = DIRECTION ( 'NONE',  ( -1.000000000000000000, 0.000000000000000000, 0.000000000000000000 ) ) ;
#2454 = VECTOR ( 'NONE', #2298, 1000.000000000000000 ) ;
#2455 = AXIS2_PLACEMENT_3D ( 'NONE', #263, #9362, #3379 ) ;
#2456 = EDGE_LOOP ( 'NONE', ( #2232, #5984, #2025, #13121 ) ) ;
#2457 = SURFACE_STYLE_USAGE ( .BOTH. , #8522 ) ;
#2458 = ORIENTED_EDGE ( 'NONE', *, *, #8856, .F. ) ;
#2459 = ORIENTED_EDGE ( 'NONE', *, *, #11845, .F. ) ;
#2460 = CARTESIAN_POINT ( 'NONE',  ( -2.965000000000000746, 3.999999999999999112, -0.5250000000000403233 ) ) ;
#2461 = VECTOR ( 'NONE', #4023, 1000.000000000000000 ) ;
#2462 = DIRECTION ( 'NONE',  ( -1.000000000000000000, 0.000000000000000000, 1.233215741215733931E-16 ) ) ;
#2463 = CARTESIAN_POINT ( 'NONE',  ( 0.7849999999999992539, -1.125000000000002442, 1.125000000000004663 ) ) ;
#2464 = SURFACE_STYLE_FILL_AREA ( #287 ) ;
#2465 = AXIS2_PLACEMENT_3D ( 'NONE', #5270, #2157, #11206 ) ;
#2466 = MECHANICAL_DESIGN_GEOMETRIC_PRESENTATION_REPRESENTATION (  '', ( #2877 ), #10956 ) ;
#2468 = SURFACE_STYLE_USAGE ( .BOTH. , #492 ) ;
#2467 = UNCERTAINTY_MEASURE_WITH_UNIT (LENGTH_MEASURE( 1.000000000000000082E-05 ), #11473, 'distance_accuracy_value', 'NONE');
#2469 = LINE ( 'NONE', #6668, #514 ) ;
#2470 = FILL_AREA_STYLE_COLOUR ( '', #5883 ) ;
#2471 =( LENGTH_UNIT ( ) NAMED_UNIT ( * ) SI_UNIT ( .MILLI., .METRE. ) );
#2472 = EDGE_CURVE ( 'NONE', #1514, #6160, #3321, .T. ) ;
#2473 = PRESENTATION_LAYER_ASSIGNMENT (  '', '', ( #3971 ) ) ;
#2474 = VERTEX_POINT ( 'NONE', #8517 ) ;
#2475 = VECTOR ( 'NONE', #825, 1000.000000000000000 ) ;
#2476 = EDGE_LOOP ( 'NONE', ( #10836, #6028, #925, #1918 ) ) ;
#2477 = EDGE_LOOP ( 'NONE', ( #5709, #2806, #9436, #5166 ) ) ;
#2478 = ADVANCED_FACE ( 'NONE', ( #2382 ), #12508, .F. ) ;
#2479 = ORIENTED_EDGE ( 'NONE', *, *, #185, .F. ) ;
#2480 = PRESENTATION_LAYER_ASSIGNMENT (  '', '', ( #9921 ) ) ;
#2481 = CARTESIAN_POINT ( 'NONE',  ( -1.715000000000000746, 8.425943506694179847E-32, 1.750000000000004663 ) ) ;
#2482 = SURFACE_SIDE_STYLE ('',( #11535 ) ) ;
#2483 = DIRECTION ( 'NONE',  ( -0.000000000000000000, 1.000000000000000000, -0.000000000000000000 ) ) ;
#2484 = EDGE_CURVE ( 'NONE', #5564, #10087, #6579, .T. ) ;
#2485 = DIRECTION ( 'NONE',  ( 0.000000000000000000, 0.000000000000000000, -1.000000000000000000 ) ) ;
#2486 = AXIS2_PLACEMENT_3D ( 'NONE', #6427, #12490, #10219 ) ;
#2487 = DIRECTION ( 'NONE',  ( 1.000000000000000000, 0.000000000000000000, 0.000000000000000000 ) ) ;
#2488 = PLANE ( 'NONE',  #5949 ) ;
#2489 = VECTOR ( 'NONE', #3798, 1000.000000000000000 ) ;
#2490 = VECTOR ( 'NONE', #3794, 1000.000000000000000 ) ;
#2491 = ORIENTED_EDGE ( 'NONE', *, *, #11625, .F. ) ;
#2492 = PLANE ( 'NONE',  #2429 ) ;
#2493 = DIRECTION ( 'NONE',  ( -0.000000000000000000, 0.000000000000000000, -1.000000000000000000 ) ) ;
#2494 = AXIS2_PLACEMENT_3D ( 'NONE', #10272, #10348, #2104 ) ;
#2495 = ORIENTED_EDGE ( 'NONE', *, *, #7355, .T. ) ;
#2496 = LINE ( 'NONE', #12733, #6183 ) ;
#2497 = EDGE_CURVE ( 'NONE', #1129, #3743, #7592, .T. ) ;
#2498 = ORIENTED_EDGE ( 'NONE', *, *, #12726, .T. ) ;
#2499 = CARTESIAN_POINT ( 'NONE',  ( 6.544999999999994600, 0.4499999999999999001, 0.3500000000000039746 ) ) ;
#2500 = CARTESIAN_POINT ( 'NONE',  ( 7.074999999999998401, 2.100000000000005862, 0.6500000000000005773 ) ) ;
#2501 = EDGE_CURVE ( 'NONE', #1473, #12951, #10641, .T. ) ;
#2503 = AXIS2_PLACEMENT_3D ( 'NONE', #5233, #12247, #2257 ) ;
#2502 = CARTESIAN_POINT ( 'NONE',  ( -0.7850000000000010303, 0.1000000000000000056, 2.350000000000004530 ) ) ;
#2504 = CARTESIAN_POINT ( 'NONE',  ( 4.535000000000000142, 1.749999999999999778, -0.3250000000000474176 ) ) ;
#2505 = PRESENTATION_STYLE_ASSIGNMENT (( #11560 ) ) ;
#2506 = CARTESIAN_POINT ( 'NONE',  ( 2.964999999999998970, 0.2999999999999999889, 1.850000000000004530 ) ) ;
#2507 = ORIENTED_EDGE ( 'NONE', *, *, #9186, .F. ) ;
#2508 = PRESENTATION_LAYER_ASSIGNMENT (  '', '', ( #8687 ) ) ;
#2509 = ORIENTED_EDGE ( 'NONE', *, *, #1356, .F. ) ;
#2510 = CARTESIAN_POINT ( 'NONE',  ( -2.965000000000000746, -1.125000000000002442, 1.125000000000004663 ) ) ;
#2511 = EDGE_CURVE ( 'NONE', #11219, #2855, #274, .T. ) ;
#2512 = EDGE_LOOP ( 'NONE', ( #11512, #384, #11667, #8905 ) ) ;
#2513 =( NAMED_UNIT ( * ) SI_UNIT ( $, .STERADIAN. ) SOLID_ANGLE_UNIT ( ) );
#2514 = EDGE_CURVE ( 'NONE', #8984, #3331, #9520, .T. ) ;
#2515 = DIRECTION ( 'NONE',  ( -0.000000000000000000, -0.000000000000000000, 1.000000000000000000 ) ) ;
#2516 = CARTESIAN_POINT ( 'NONE',  ( 2.034999999999999698, 1.749999999999999778, -0.3250000000000474176 ) ) ;
#2517 = ADVANCED_FACE ( 'NONE', ( #3253 ), #3453, .T. ) ;
#2518 = CARTESIAN_POINT ( 'NONE',  ( -7.074999999999998401, 2.600000000000005862, 0.6500000000000041300 ) ) ;
#2519 =( LENGTH_UNIT ( ) NAMED_UNIT ( * ) SI_UNIT ( .MILLI., .METRE. ) );
#2520 = DIRECTION ( 'NONE',  ( 0.000000000000000000, 0.7071067811865402453, -0.7071067811865547892 ) ) ;
#2521 = DIRECTION ( 'NONE',  ( -1.000000000000000000, 1.084202172485507589E-15, 1.233215741215733931E-16 ) ) ;
#2522 = EDGE_CURVE ( 'NONE', #8418, #8569, #3781, .T. ) ;
#2523 = VERTEX_POINT ( 'NONE', #8772 ) ;
#2524 = EDGE_LOOP ( 'NONE', ( #11695, #11685, #7341, #4821, #1419, #2167 ) ) ;
#2525 = ORIENTED_EDGE ( 'NONE', *, *, #12903, .F. ) ;
#2526 = FILL_AREA_STYLE_COLOUR ( '', #7594 ) ;
#2527 = LINE ( 'NONE', #3529, #2370 ) ;
#2528 = PLANE ( 'NONE',  #8969 ) ;
#2529 = CARTESIAN_POINT ( 'NONE',  ( 0.4649999999999992473, 0.000000000000000000, 0.000000000000000000 ) ) ;
#2530 = STYLED_ITEM ( 'NONE', ( #11360 ), #5851 ) ;
#2531 = DIRECTION ( 'NONE',  ( -1.000000000000000000, 0.000000000000000000, 0.000000000000000000 ) ) ;
#2532 = SURFACE_STYLE_FILL_AREA ( #3341 ) ;
#2533 = DIRECTION ( 'NONE',  ( -1.000000000000000000, 0.000000000000000000, 0.000000000000000000 ) ) ;
#2534 = DIRECTION ( 'NONE',  ( -1.000000000000000000, 0.000000000000000000, 1.291815354450813185E-16 ) ) ;
#2535 = DIRECTION ( 'NONE',  ( 1.000000000000000000, 0.000000000000000000, 0.000000000000000000 ) ) ;
#2536 = CARTESIAN_POINT ( 'NONE',  ( -4.535000000000001030, -1.125000000000002442, 1.125000000000004663 ) ) ;
#2537 = ORIENTED_EDGE ( 'NONE', *, *, #7452, .F. ) ;
#2538 = EDGE_LOOP ( 'NONE', ( #6937, #10933, #3460, #8228 ) ) ;
#2539 = VERTEX_POINT ( 'NONE', #3841 ) ;
#2540 = ORIENTED_EDGE ( 'NONE', *, *, #11779, .T. ) ;
#2541 = CARTESIAN_POINT ( 'NONE',  ( 6.120735931288066034, 0.2999999999999999889, -1.749999999999997558 ) ) ;
#2542 = DIRECTION ( 'NONE',  ( 0.000000000000000000, 0.1736481776669268617, -0.9848077530122086864 ) ) ;
#2543 = CARTESIAN_POINT ( 'NONE',  ( 5.875000000000001776, 1.749999999999999778, 1.549999999999988942 ) ) ;
#2544 =( NAMED_UNIT ( * ) SI_UNIT ( $, .STERADIAN. ) SOLID_ANGLE_UNIT ( ) );
#2545 = EDGE_CURVE ( 'NONE', #6229, #5877, #7652, .T. ) ;
#2546 = VECTOR ( 'NONE', #314, 1000.000000000000000 ) ;
#2547 = ORIENTED_EDGE ( 'NONE', *, *, #11098, .T. ) ;
#2548 = SURFACE_STYLE_FILL_AREA ( #2686 ) ;
#2549 = PLANE ( 'NONE',  #10551 ) ;
#2550 = PRESENTATION_LAYER_ASSIGNMENT (  '', '', ( #3414 ) ) ;
#2551 = EDGE_LOOP ( 'NONE', ( #13132, #10137, #2076, #12256, #6774 ) ) ;
#2552 = EDGE_CURVE ( 'NONE', #9099, #5871, #8835, .T. ) ;
#2553 = EDGE_LOOP ( 'NONE', ( #6867, #7939, #6719, #9938 ) ) ;
#2554 = SURFACE_SIDE_STYLE ('',( #5689 ) ) ;
#2555 = LINE ( 'NONE', #9559, #8308 ) ;
#2556 = DIRECTION ( 'NONE',  ( -1.000000000000000000, -0.000000000000000000, -0.000000000000000000 ) ) ;
#2557 = SURFACE_STYLE_FILL_AREA ( #11689 ) ;
#2558 = DIRECTION ( 'NONE',  ( 1.000000000000000000, -0.000000000000000000, 0.000000000000000000 ) ) ;
#2559 = UNCERTAINTY_MEASURE_WITH_UNIT (LENGTH_MEASURE( 1.000000000000000082E-05 ), #6998, 'distance_accuracy_value', 'NONE');
#2560 =( GEOMETRIC_REPRESENTATION_CONTEXT ( 3 ) GLOBAL_UNCERTAINTY_ASSIGNED_CONTEXT ( ( #10598 ) ) GLOBAL_UNIT_ASSIGNED_CONTEXT ( ( #10982, #12058, #13095 ) ) REPRESENTATION_CONTEXT ( 'NONE', 'WORKASPACE' ) );
#2561 = FILL_AREA_STYLE ('',( #12681 ) ) ;
#2562 = DIRECTION ( 'NONE',  ( 0.000000000000000000, 1.000000000000000000, 0.000000000000000000 ) ) ;
#2563 = EDGE_CURVE ( 'NONE', #5871, #7871, #2578, .T. ) ;
#2564 = CARTESIAN_POINT ( 'NONE',  ( -5.400881904447568438, 1.749999999999999778, -0.6283451969090768641 ) ) ;
#2565 = ORIENTED_EDGE ( 'NONE', *, *, #1670, .T. ) ;
#2566 = EDGE_CURVE ( 'NONE', #3296, #9494, #10713, .T. ) ;
#2567 = PRESENTATION_LAYER_ASSIGNMENT (  '', '', ( #10654 ) ) ;
#2568 = ORIENTED_EDGE ( 'NONE', *, *, #12839, .T. ) ;
#2569 = LINE ( 'NONE', #9702, #7342 ) ;
#2570 = ORIENTED_EDGE ( 'NONE', *, *, #6140, .F. ) ;
#2571 = CARTESIAN_POINT ( 'NONE',  ( 5.875000000000001776, 2.100000000000005862, 0.6500000000000039080 ) ) ;
#2572 = CYLINDRICAL_SURFACE ( 'NONE', #11741, 0.4499999999999999001 ) ;
#2573 = LINE ( 'NONE', #12821, #257 ) ;
#2574 = FILL_AREA_STYLE_COLOUR ( '', #1136 ) ;
#2575 = PRESENTATION_STYLE_ASSIGNMENT (( #1409 ) ) ;
#2576 = AXIS2_PLACEMENT_3D ( 'NONE', #1206, #12503, #1336 ) ;
#2577 = DIRECTION ( 'NONE',  ( -1.000000000000000000, -0.000000000000000000, -0.000000000000000000 ) ) ;
#2578 = LINE ( 'NONE', #11778, #8364 ) ;
#2579 = FACE_OUTER_BOUND ( 'NONE', #10099, .T. ) ;
#2580 = PRESENTATION_LAYER_ASSIGNMENT (  '', '', ( #5338 ) ) ;
#2581 = ADVANCED_FACE ( 'NONE', ( #8897 ), #8650, .F. ) ;
#2582 = EDGE_CURVE ( 'NONE', #4042, #627, #5706, .T. ) ;
#2583 = VERTEX_POINT ( 'NONE', #8712 ) ;
#2584 = CARTESIAN_POINT ( 'NONE',  ( -3.065000000000000835, 3.999999999999999112, -0.5250000000000403233 ) ) ;
#2585 =( GEOMETRIC_REPRESENTATION_CONTEXT ( 3 ) GLOBAL_UNCERTAINTY_ASSIGNED_CONTEXT ( ( #1427 ) ) GLOBAL_UNIT_ASSIGNED_CONTEXT ( ( #1025, #1945, #4140 ) ) REPRESENTATION_CONTEXT ( 'NONE', 'WORKASPACE' ) );
#2586 = VERTEX_POINT ( 'NONE', #1789 ) ;
#2587 = EDGE_LOOP ( 'NONE', ( #7425, #5326, #6223, #6559 ) ) ;
#2588 = SURFACE_SIDE_STYLE ('',( #552 ) ) ;
#2589 = MECHANICAL_DESIGN_GEOMETRIC_PRESENTATION_REPRESENTATION (  '', ( #1337 ), #9814 ) ;
#2590 = LINE ( 'NONE', #10722, #1949 ) ;
#2591 = PRESENTATION_LAYER_ASSIGNMENT (  '', '', ( #1127 ) ) ;
#2592 = DIRECTION ( 'NONE',  ( 0.000000000000000000, -0.7071067811865470176, -0.7071067811865481278 ) ) ;
#2594 = SURFACE_SIDE_STYLE ('',( #2661 ) ) ;
#2593 = UNCERTAINTY_MEASURE_WITH_UNIT (LENGTH_MEASURE( 1.000000000000000082E-05 ), #11167, 'distance_accuracy_value', 'NONE');
#2595 = DIRECTION ( 'NONE',  ( 0.000000000000000000, 0.000000000000000000, -1.000000000000000000 ) ) ;
#2597 = EDGE_CURVE ( 'NONE', #5079, #9228, #9764, .T. ) ;
#2596 = MECHANICAL_DESIGN_GEOMETRIC_PRESENTATION_REPRESENTATION (  '', ( #8117 ), #4080 ) ;
#2598 = VECTOR ( 'NONE', #11007, 1000.000000000000000 ) ;
#2599 =( NAMED_UNIT ( * ) SI_UNIT ( $, .STERADIAN. ) SOLID_ANGLE_UNIT ( ) );
#2600 = EDGE_CURVE ( 'NONE', #9246, #7725, #2765, .T. ) ;
#2601 = ORIENTED_EDGE ( 'NONE', *, *, #2981, .T. ) ;
#2602 = SURFACE_STYLE_FILL_AREA ( #8861 ) ;
#2603 = VECTOR ( 'NONE', #793, 1000.000000000000000 ) ;
#2604 = ORIENTED_EDGE ( 'NONE', *, *, #12747, .F. ) ;
#2605 = ORIENTED_EDGE ( 'NONE', *, *, #4514, .T. ) ;
#2606 = ORIENTED_EDGE ( 'NONE', *, *, #9395, .T. ) ;
#2607 =( GEOMETRIC_REPRESENTATION_CONTEXT ( 3 ) GLOBAL_UNCERTAINTY_ASSIGNED_CONTEXT ( ( #8324 ) ) GLOBAL_UNIT_ASSIGNED_CONTEXT ( ( #7259, #10257, #10191 ) ) REPRESENTATION_CONTEXT ( 'NONE', 'WORKASPACE' ) );
#2608 = PRESENTATION_STYLE_ASSIGNMENT (( #4538 ) ) ;
#2609 = CARTESIAN_POINT ( 'NONE',  ( -7.374999999999999112, 0.2500000000000016098, -1.849999999999996092 ) ) ;
#2610 = CARTESIAN_POINT ( 'NONE',  ( 3.284999999999998810, 0.3499999999999999223, 2.350000000000004530 ) ) ;
#2611 = CARTESIAN_POINT ( 'NONE',  ( -1.715000000000000746, -1.125000000000002442, 1.125000000000004663 ) ) ;
#2612 = DIRECTION ( 'NONE',  ( 0.000000000000000000, -1.000000000000000000, 4.858652729125647824E-17 ) ) ;
#2613 = COLOUR_RGB ( '',1.000000000000000000, 0.8117647058823529438, 0.5019607843137254832 ) ;
#2614 = ORIENTED_EDGE ( 'NONE', *, *, #3327, .F. ) ;
#2615 =( LENGTH_UNIT ( ) NAMED_UNIT ( * ) SI_UNIT ( .MILLI., .METRE. ) );
#2616 =( GEOMETRIC_REPRESENTATION_CONTEXT ( 3 ) GLOBAL_UNCERTAINTY_ASSIGNED_CONTEXT ( ( #9503 ) ) GLOBAL_UNIT_ASSIGNED_CONTEXT ( ( #867, #11916, #10909 ) ) REPRESENTATION_CONTEXT ( 'NONE', 'WORKASPACE' ) );
#2617 = DIRECTION ( 'NONE',  ( 0.000000000000000000, 0.7071067811865481278, -0.7071067811865470176 ) ) ;
#2618 = VECTOR ( 'NONE', #5913, 1000.000000000000000 ) ;
#2619 = VERTEX_POINT ( 'NONE', #5074 ) ;
#2620 = CARTESIAN_POINT ( 'NONE',  ( 5.875000000000001776, -0.9059928172283340242, -1.550000000000004929 ) ) ;
#2621 = EDGE_LOOP ( 'NONE', ( #10196, #7852, #3056, #10115, #13099 ) ) ;
#2622 = CARTESIAN_POINT ( 'NONE',  ( 2.287573462385288359, 0.4932555058087333966, -1.543333668776806888 ) ) ;
#2623 = PLANE ( 'NONE',  #10358 ) ;
#2624 = FILL_AREA_STYLE_COLOUR ( '', #8215 ) ;
#2625 = VECTOR ( 'NONE', #4315, 1000.000000000000000 ) ;
#2626 = DIRECTION ( 'NONE',  ( 0.000000000000000000, 0.000000000000000000, 1.000000000000000000 ) ) ;
#2627 = CARTESIAN_POINT ( 'NONE',  ( 5.875000000000001776, 0.000000000000000000, -1.850000000000001865 ) ) ;
#2628 = MECHANICAL_DESIGN_GEOMETRIC_PRESENTATION_REPRESENTATION (  '', ( #11343 ), #2001 ) ;
#2629 = LINE ( 'NONE', #4627, #1279 ) ;
#2630 = COLOUR_RGB ( '',1.000000000000000000, 0.8117647058823529438, 0.5019607843137254832 ) ;
#2631 = EDGE_CURVE ( 'NONE', #1094, #718, #993, .T. ) ;
#2632 = DIRECTION ( 'NONE',  ( 1.000000000000000000, -0.000000000000000000, 0.000000000000000000 ) ) ;
#2633 = VERTEX_POINT ( 'NONE', #2963 ) ;
#2634 = VECTOR ( 'NONE', #5076, 1000.000000000000000 ) ;
#2635 = VERTEX_POINT ( 'NONE', #4950 ) ;
#2636 = LINE ( 'NONE', #10573, #13064 ) ;
#2637 = EDGE_LOOP ( 'NONE', ( #3444, #11032, #11116, #2151 ) ) ;
#2638 = LINE ( 'NONE', #6766, #5634 ) ;
#2639 = VECTOR ( 'NONE', #8726, 1000.000000000000000 ) ;
#2640 = CARTESIAN_POINT ( 'NONE',  ( 4.214999999999999858, 0.2787990747163040517, -1.581148123764847258 ) ) ;
#2641 = EDGE_CURVE ( 'NONE', #4388, #12951, #11288, .T. ) ;
#2642 = ADVANCED_FACE ( 'NONE', ( #920 ), #12163, .F. ) ;
#2643 = CARTESIAN_POINT ( 'NONE',  ( -6.120735931288066922, 0.2999999999999999889, 0.3500000000000039746 ) ) ;
#2644 = EDGE_CURVE ( 'NONE', #6583, #4853, #9962, .T. ) ;
#2645 = STYLED_ITEM ( 'NONE', ( #6542 ), #9998 ) ;
#2646 =( LENGTH_UNIT ( ) NAMED_UNIT ( * ) SI_UNIT ( .MILLI., .METRE. ) );
#2647 = LINE ( 'NONE', #6715, #26 ) ;
#2648 =( GEOMETRIC_REPRESENTATION_CONTEXT ( 3 ) GLOBAL_UNCERTAINTY_ASSIGNED_CONTEXT ( ( #1263 ) ) GLOBAL_UNIT_ASSIGNED_CONTEXT ( ( #7851, #10912, #1807 ) ) REPRESENTATION_CONTEXT ( 'NONE', 'WORKASPACE' ) );
#2649 = EDGE_LOOP ( 'NONE', ( #7584, #1165, #2880, #8254, #87, #1150 ) ) ;
#2650 = DIRECTION ( 'NONE',  ( 0.000000000000000000, 0.000000000000000000, -1.000000000000000000 ) ) ;
#2651 = ORIENTED_EDGE ( 'NONE', *, *, #3196, .T. ) ;
#2652 = ORIENTED_EDGE ( 'NONE', *, *, #10541, .T. ) ;
#2653 = CARTESIAN_POINT ( 'NONE',  ( -3.285000000000000586, 0.000000000000000000, 2.350000000000004530 ) ) ;
#2654 = FACE_OUTER_BOUND ( 'NONE', #11735, .T. ) ;
#2655 = DIRECTION ( 'NONE',  ( 0.000000000000000000, 0.000000000000000000, -1.000000000000000000 ) ) ;
#2656 = EDGE_CURVE ( 'NONE', #13102, #6754, #4036, .T. ) ;
#2657 = VECTOR ( 'NONE', #9224, 1000.000000000000000 ) ;
#2658 = CARTESIAN_POINT ( 'NONE',  ( -6.544999999999994600, 1.650000000000000577, 0.3500000000000039746 ) ) ;
#2659 = CARTESIAN_POINT ( 'NONE',  ( -1.715000000000000746, 1.749999999999999778, 0.000000000000000000 ) ) ;
#2660 = EDGE_CURVE ( 'NONE', #6775, #3497, #5147, .T. ) ;
#2661 = SURFACE_STYLE_FILL_AREA ( #11793 ) ;
#2662 = CARTESIAN_POINT ( 'NONE',  ( -6.344999999999994422, 0.4500000000000014544, 0.3500000000000039746 ) ) ;
#2663 = DIRECTION ( 'NONE',  ( 0.000000000000000000, 0.000000000000000000, -1.000000000000000000 ) ) ;
#2664 = PRESENTATION_LAYER_ASSIGNMENT (  '', '', ( #10352 ) ) ;
#2665 = COLOUR_RGB ( '',1.000000000000000000, 1.000000000000000000, 1.000000000000000000 ) ;
#2666 = FACE_OUTER_BOUND ( 'NONE', #4904, .T. ) ;
#2667 = VERTEX_POINT ( 'NONE', #2902 ) ;
#2668 = PRESENTATION_LAYER_ASSIGNMENT (  '', '', ( #10547 ) ) ;
#2669 = ORIENTED_EDGE ( 'NONE', *, *, #12721, .T. ) ;
#2670 =( NAMED_UNIT ( * ) PLANE_ANGLE_UNIT ( ) SI_UNIT ( $, .RADIAN. ) );
#2671 = EDGE_CURVE ( 'NONE', #10492, #6922, #11158, .T. ) ;
#2672 =( GEOMETRIC_REPRESENTATION_CONTEXT ( 3 ) GLOBAL_UNCERTAINTY_ASSIGNED_CONTEXT ( ( #9117 ) ) GLOBAL_UNIT_ASSIGNED_CONTEXT ( ( #12808, #1466, #3701 ) ) REPRESENTATION_CONTEXT ( 'NONE', 'WORKASPACE' ) );
#2673 = ORIENTED_EDGE ( 'NONE', *, *, #7868, .T. ) ;
#2674 = VERTEX_POINT ( 'NONE', #4108 ) ;
#2675 = ORIENTED_EDGE ( 'NONE', *, *, #9867, .F. ) ;
#2676 = VECTOR ( 'NONE', #12291, 1000.000000000000000 ) ;
#2677 = CARTESIAN_POINT ( 'NONE',  ( 6.444999999999995843, 1.158578643762688376, -1.849999999999996758 ) ) ;
#2678 = APPLICATION_CONTEXT ( 'automotive_design' ) ;
#2679 = LINE ( 'NONE', #5930, #9604 ) ;
#2680 = LINE ( 'NONE', #4728, #12059 ) ;
#2681 = FILL_AREA_STYLE ('',( #8738 ) ) ;
#2682 = PRESENTATION_LAYER_ASSIGNMENT (  '', '', ( #5865 ) ) ;
#2683 = PRESENTATION_STYLE_ASSIGNMENT (( #1755 ) ) ;
#2684 = DIRECTION ( 'NONE',  ( 0.000000000000000000, -1.355252715606880049E-16, 1.000000000000000000 ) ) ;
#2685 = ORIENTED_EDGE ( 'NONE', *, *, #5971, .T. ) ;
#2686 = FILL_AREA_STYLE ('',( #3615 ) ) ;
#2687 = EDGE_CURVE ( 'NONE', #9160, #3153, #10222, .T. ) ;
#2688 = AXIS2_PLACEMENT_3D ( 'NONE', #11809, #9678, #6743 ) ;
#2689 = EDGE_LOOP ( 'NONE', ( #4112, #12134, #10138, #9020 ) ) ;
#2690 = LINE ( 'NONE', #8934, #12551 ) ;
#2691 = VERTEX_POINT ( 'NONE', #6967 ) ;
#2692 =( NAMED_UNIT ( * ) PLANE_ANGLE_UNIT ( ) SI_UNIT ( $, .RADIAN. ) );
#2693 = FILL_AREA_STYLE ('',( #5622 ) ) ;
#2694 = DIRECTION ( 'NONE',  ( 0.000000000000000000, -0.9848077530122087975, -0.1736481776669268895 ) ) ;
#2695 = PLANE ( 'NONE',  #694 ) ;
#2696 = UNCERTAINTY_MEASURE_WITH_UNIT (LENGTH_MEASURE( 1.000000000000000082E-05 ), #2335, 'distance_accuracy_value', 'NONE');
#2697 = DIRECTION ( 'NONE',  ( -1.000000000000000000, -0.000000000000000000, -0.000000000000000000 ) ) ;
#2698 = STYLED_ITEM ( 'NONE', ( #2931 ), #5425 ) ;
#2699 = STYLED_ITEM ( 'NONE', ( #9534 ), #4843 ) ;
#2700 = DIRECTION ( 'NONE',  ( -1.000000000000000000, -0.000000000000000000, -0.000000000000000000 ) ) ;
#2701 = ORIENTED_EDGE ( 'NONE', *, *, #5882, .F. ) ;
#2702 = EDGE_LOOP ( 'NONE', ( #3828, #12690, #13005, #612 ) ) ;
#2703 = PRESENTATION_LAYER_ASSIGNMENT (  '', '', ( #396 ) ) ;
#2704 = ORIENTED_EDGE ( 'NONE', *, *, #7137, .T. ) ;
#2705 = CARTESIAN_POINT ( 'NONE',  ( -6.094999999999995310, 1.200000000000000178, -1.849999999999996092 ) ) ;
#2706 = VECTOR ( 'NONE', #4697, 1000.000000000000000 ) ;
#2707 = SURFACE_STYLE_FILL_AREA ( #5956 ) ;
#2708 = DIRECTION ( 'NONE',  ( 1.000000000000000000, 0.000000000000000000, -0.000000000000000000 ) ) ;
#2709 = EDGE_CURVE ( 'NONE', #12911, #7765, #9153, .T. ) ;
#2710 = CARTESIAN_POINT ( 'NONE',  ( -2.965000000000000746, 0.03083447080518480002, 0.1748709736949816407 ) ) ;
#2711 = ADVANCED_FACE ( 'NONE', ( #8238 ), #11028, .F. ) ;
#2712 = PLANE ( 'NONE',  #10516 ) ;
#2713 = EDGE_LOOP ( 'NONE', ( #121, #1285, #5453, #4268 ) ) ;
#2714 = EDGE_CURVE ( 'NONE', #4133, #12534, #12369, .T. ) ;
#2715 = EDGE_LOOP ( 'NONE', ( #9178, #3411, #10386, #9383 ) ) ;
#2716 = ORIENTED_EDGE ( 'NONE', *, *, #2472, .T. ) ;
#2717 = DIRECTION ( 'NONE',  ( 0.2133021165724272028, 0.9621436710723735297, 0.1696518885279465483 ) ) ;
#2718 = CARTESIAN_POINT ( 'NONE',  ( -5.875000000000001776, 0.2999999999999999889, -0.9500000000000006217 ) ) ;
#2719 = DIRECTION ( 'NONE',  ( 0.000000000000000000, 1.000000000000000000, -4.814824860968090180E-32 ) ) ;
#2720 = DIRECTION ( 'NONE',  ( 1.000000000000000000, 0.000000000000000000, 0.000000000000000000 ) ) ;
#2721 = DIRECTION ( 'NONE',  ( -1.000000000000000000, -3.469446951953613696E-16, -0.000000000000000000 ) ) ;
#2722 = UNCERTAINTY_MEASURE_WITH_UNIT (LENGTH_MEASURE( 1.000000000000000082E-05 ), #12438, 'distance_accuracy_value', 'NONE');
#2723 = LINE ( 'NONE', #2662, #8988 ) ;
#2724 = LINE ( 'NONE', #3738, #11796 ) ;
#2725 = EDGE_CURVE ( 'NONE', #3673, #22, #9435, .T. ) ;
#2726 = ADVANCED_FACE ( 'NONE', ( #8567 ), #8366, .T. ) ;
#2727 = ORIENTED_EDGE ( 'NONE', *, *, #4751, .T. ) ;
#2728 = FACE_OUTER_BOUND ( 'NONE', #12722, .T. ) ;
#2729 = EDGE_CURVE ( 'NONE', #11880, #9067, #335, .T. ) ;
#2730 = ORIENTED_EDGE ( 'NONE', *, *, #6954, .T. ) ;
#2731 = ORIENTED_EDGE ( 'NONE', *, *, #12341, .T. ) ;
#2732 = ORIENTED_EDGE ( 'NONE', *, *, #4098, .T. ) ;
#2733 = FILL_AREA_STYLE ('',( #1689 ) ) ;
#2734 = PLANE ( 'NONE',  #2359 ) ;
#2735 = SURFACE_STYLE_FILL_AREA ( #9862 ) ;
#2736 = CARTESIAN_POINT ( 'NONE',  ( 7.375000000000000888, 24.60698852501704437, -1.849999999999996980 ) ) ;
#2737 = CARTESIAN_POINT ( 'NONE',  ( -4.215000000000000746, 0.2787990747163040517, -1.581148123764847258 ) ) ;
#2738 = DIRECTION ( 'NONE',  ( -0.000000000000000000, 1.000000000000000000, -0.000000000000000000 ) ) ;
#2739 = PRESENTATION_LAYER_ASSIGNMENT (  '', '', ( #11030 ) ) ;
#2740 = EDGE_CURVE ( 'NONE', #448, #3362, #2244, .T. ) ;
#2741 = ADVANCED_FACE ( 'NONE', ( #10369 ), #1266, .F. ) ;
#2742 = ORIENTED_EDGE ( 'NONE', *, *, #1798, .T. ) ;
#2743 = DIRECTION ( 'NONE',  ( -0.000000000000000000, -0.000000000000000000, 1.000000000000000000 ) ) ;
#2744 = EDGE_CURVE ( 'NONE', #12735, #6126, #9292, .T. ) ;
#2745 = EDGE_LOOP ( 'NONE', ( #961, #3619, #6526, #8933 ) ) ;
#2746 = FILL_AREA_STYLE ('',( #3759 ) ) ;
#2747 = EDGE_LOOP ( 'NONE', ( #4600, #804, #8584, #3205 ) ) ;
#2748 =( NAMED_UNIT ( * ) SI_UNIT ( $, .STERADIAN. ) SOLID_ANGLE_UNIT ( ) );
#2749 = SURFACE_STYLE_USAGE ( .BOTH. , #6626 ) ;
#2750 = PLANE ( 'NONE',  #6834 ) ;
#2751 = CARTESIAN_POINT ( 'NONE',  ( -2.035000000000000586, 0.3000000000000002665, 4.065758146820583696E-17 ) ) ;
#2752 = EDGE_CURVE ( 'NONE', #8241, #12735, #400, .T. ) ;
#2753 = MECHANICAL_DESIGN_GEOMETRIC_PRESENTATION_REPRESENTATION (  '', ( #11702 ), #1299 ) ;
#2754 = ADVANCED_FACE ( 'NONE', ( #11562 ), #2306, .F. ) ;
#2755 = DIRECTION ( 'NONE',  ( 0.000000000000000000, 0.000000000000000000, -1.000000000000000000 ) ) ;
#2756 = ORIENTED_EDGE ( 'NONE', *, *, #11797, .F. ) ;
#2757 = ORIENTED_EDGE ( 'NONE', *, *, #3948, .F. ) ;
#2758 = SURFACE_STYLE_FILL_AREA ( #10155 ) ;
#2759 = MECHANICAL_DESIGN_GEOMETRIC_PRESENTATION_REPRESENTATION (  '', ( #1085 ), #1309 ) ;
#2760 =( NAMED_UNIT ( * ) PLANE_ANGLE_UNIT ( ) SI_UNIT ( $, .RADIAN. ) );
#2761 = FACE_OUTER_BOUND ( 'NONE', #10251, .T. ) ;
#2762 = VECTOR ( 'NONE', #5310, 1000.000000000000000 ) ;
#2763 = CARTESIAN_POINT ( 'NONE',  ( 5.575000000000025935, 4.700000000000000178, -1.750000000000042855 ) ) ;
#2764 = PRESENTATION_STYLE_ASSIGNMENT (( #5963 ) ) ;
#2765 = LINE ( 'NONE', #9897, #5164 ) ;
#2766 = CARTESIAN_POINT ( 'NONE',  ( 5.275000000000025224, 4.400000000000000355, -0.7249377794898669292 ) ) ;
#2767 = VECTOR ( 'NONE', #8691, 1000.000000000000000 ) ;
#2768 = EDGE_CURVE ( 'NONE', #155, #2633, #7000, .T. ) ;
#2769 = ORIENTED_EDGE ( 'NONE', *, *, #7621, .F. ) ;
#2770 = FILL_AREA_STYLE_COLOUR ( '', #977 ) ;
#2771 = ORIENTED_EDGE ( 'NONE', *, *, #1953, .F. ) ;
#2772 = ORIENTED_EDGE ( 'NONE', *, *, #2752, .F. ) ;
#2773 = PRESENTATION_STYLE_ASSIGNMENT (( #9593 ) ) ;
#2774 = STYLED_ITEM ( 'NONE', ( #11999 ), #7951 ) ;
#2775 = CARTESIAN_POINT ( 'NONE',  ( -19.27849426250852360, 12.70349426250851010, 0.9500000000000102807 ) ) ;
#2776 = DIRECTION ( 'NONE',  ( -0.000000000000000000, 1.000000000000000000, -0.000000000000000000 ) ) ;
#2777 = PLANE ( 'NONE',  #4525 ) ;
#2778 = PRESENTATION_STYLE_ASSIGNMENT (( #934 ) ) ;
#2779 = AXIS2_PLACEMENT_3D ( 'NONE', #2449, #9576, #7511 ) ;
#2780 = CARTESIAN_POINT ( 'NONE',  ( 5.275000000000024336, 1.749999999999999778, 0.2249377794898753391 ) ) ;
#2781 = FILL_AREA_STYLE ('',( #12480 ) ) ;
#2782 = PLANE ( 'NONE',  #4760 ) ;
#2783 = EDGE_CURVE ( 'NONE', #8509, #1109, #1950, .T. ) ;
#2784 = VECTOR ( 'NONE', #2303, 1000.000000000000000 ) ;
#2785 = VECTOR ( 'NONE', #6099, 999.9999999999998863 ) ;
#2786 = ORIENTED_EDGE ( 'NONE', *, *, #6645, .F. ) ;
#2787 = FILL_AREA_STYLE_COLOUR ( '', #10744 ) ;
#2788 = ORIENTED_EDGE ( 'NONE', *, *, #7762, .F. ) ;
#2789 = EDGE_LOOP ( 'NONE', ( #6421, #5519, #11369, #6193 ) ) ;
#2790 = VECTOR ( 'NONE', #12855, 1000.000000000000000 ) ;
#2791 = PRESENTATION_STYLE_ASSIGNMENT (( #9183 ) ) ;
#2792 = CARTESIAN_POINT ( 'NONE',  ( 3.284999999999998810, 1.749999999999999778, 0.000000000000000000 ) ) ;
#2793 = FACE_OUTER_BOUND ( 'NONE', #5487, .T. ) ;
#2794 =( NAMED_UNIT ( * ) SI_UNIT ( $, .STERADIAN. ) SOLID_ANGLE_UNIT ( ) );
#2795 = LINE ( 'NONE', #10057, #5004 ) ;
#2796 = EDGE_CURVE ( 'NONE', #7871, #5771, #6003, .T. ) ;
#2797 = AXIS2_PLACEMENT_3D ( 'NONE', #649, #11825, #2626 ) ;
#2798 = CARTESIAN_POINT ( 'NONE',  ( 3.900000000000007017, 3.250000000000005329, -1.450000000000040812 ) ) ;
#2799 =( NAMED_UNIT ( * ) SI_UNIT ( $, .STERADIAN. ) SOLID_ANGLE_UNIT ( ) );
#2800 =( LENGTH_UNIT ( ) NAMED_UNIT ( * ) SI_UNIT ( .MILLI., .METRE. ) );
#2801 = EDGE_CURVE ( 'NONE', #9334, #12373, #5557, .T. ) ;
#2802 = FILL_AREA_STYLE ('',( #1824 ) ) ;
#2803 = VERTEX_POINT ( 'NONE', #13049 ) ;
#2804 = CARTESIAN_POINT ( 'NONE',  ( -4.299999999999999822, 3.250000000000005329, -1.450000000000039924 ) ) ;
#2805 = PRESENTATION_LAYER_ASSIGNMENT (  '', '', ( #1358 ) ) ;
#2806 = ORIENTED_EDGE ( 'NONE', *, *, #8381, .F. ) ;
#2807 = EDGE_LOOP ( 'NONE', ( #4254, #8005, #1418, #4850 ) ) ;
#2808 = LINE ( 'NONE', #6873, #6811 ) ;
#2809 = EDGE_LOOP ( 'NONE', ( #11943, #6800, #2675, #10686 ) ) ;
#2810 = DIRECTION ( 'NONE',  ( -0.2588190451025209060, 0.000000000000000000, -0.9659258262890683122 ) ) ;
#2811 = MECHANICAL_DESIGN_GEOMETRIC_PRESENTATION_REPRESENTATION (  '', ( #5132 ), #6849 ) ;
#2812 = DIRECTION ( 'NONE',  ( 5.477960455289789327E-16, 0.7071067811865467956, 0.7071067811865482389 ) ) ;
#2813 = COLOUR_RGB ( '',0.7921568627450980005, 0.8196078431372548767, 0.9333333333333333481 ) ;
#2814 = CARTESIAN_POINT ( 'NONE',  ( -7.074999999999998401, -0.9059928172283340242, -1.550000000000001599 ) ) ;
#2815 = FILL_AREA_STYLE ('',( #2624 ) ) ;
#2816 =( NAMED_UNIT ( * ) PLANE_ANGLE_UNIT ( ) SI_UNIT ( $, .RADIAN. ) );
#2817 = UNCERTAINTY_MEASURE_WITH_UNIT (LENGTH_MEASURE( 1.000000000000000082E-05 ), #2398, 'distance_accuracy_value', 'NONE');
#2818 = SURFACE_STYLE_USAGE ( .BOTH. , #7880 ) ;
#2819 = AXIS2_PLACEMENT_3D ( 'NONE', #6467, #8534, #2533 ) ;
#2820 = CARTESIAN_POINT ( 'NONE',  ( -6.875000000000006217, 1.400000000000000133, 0.3500000000000039746 ) ) ;
#2821 = FACE_OUTER_BOUND ( 'NONE', #10286, .T. ) ;
#2822 = COLOUR_RGB ( '',1.000000000000000000, 1.000000000000000000, 1.000000000000000000 ) ;
#2823 = VERTEX_POINT ( 'NONE', #10997 ) ;
#2824 = VECTOR ( 'NONE', #1191, 1000.000000000000000 ) ;
#2825 = SURFACE_STYLE_USAGE ( .BOTH. , #6025 ) ;
#2826 = EDGE_LOOP ( 'NONE', ( #10650, #832, #11031, #6063 ) ) ;
#2827 = SURFACE_SIDE_STYLE ('',( #2758 ) ) ;
#2828 = SURFACE_STYLE_FILL_AREA ( #2957 ) ;
#2829 = EDGE_CURVE ( 'NONE', #12109, #9313, #6630, .T. ) ;
#2830 = SURFACE_SIDE_STYLE ('',( #12100 ) ) ;
#2831 = VECTOR ( 'NONE', #4963, 1000.000000000000000 ) ;
#2832 = VECTOR ( 'NONE', #4682, 1000.000000000000000 ) ;
#2833 = FILL_AREA_STYLE ('',( #2163 ) ) ;
#2834 =( LENGTH_UNIT ( ) NAMED_UNIT ( * ) SI_UNIT ( .MILLI., .METRE. ) );
#2835 = DIRECTION ( 'NONE',  ( 0.000000000000000000, -1.355252715606860081E-16, 1.000000000000000000 ) ) ;
#2836 = FACE_OUTER_BOUND ( 'NONE', #6208, .T. ) ;
#2837 = VECTOR ( 'NONE', #10060, 1000.000000000000000 ) ;
#2838 = VERTEX_POINT ( 'NONE', #1527 ) ;
#2839 = FILL_AREA_STYLE ('',( #2770 ) ) ;
#2840 = EDGE_CURVE ( 'NONE', #3883, #11819, #955, .T. ) ;
#2841 = ORIENTED_EDGE ( 'NONE', *, *, #11197, .F. ) ;
#2842 = VERTEX_POINT ( 'NONE', #4008 ) ;
#2843 =( LENGTH_UNIT ( ) NAMED_UNIT ( * ) SI_UNIT ( .MILLI., .METRE. ) );
#2844 =( NAMED_UNIT ( * ) PLANE_ANGLE_UNIT ( ) SI_UNIT ( $, .RADIAN. ) );
#2845 = PRESENTATION_STYLE_ASSIGNMENT (( #4839 ) ) ;
#2846 = AXIS2_PLACEMENT_3D ( 'NONE', #433, #2409, #4459 ) ;
#2847 = LINE ( 'NONE', #9909, #273 ) ;
#2848 = LINE ( 'NONE', #6910, #1243 ) ;
#2849 = FILL_AREA_STYLE ('',( #3993 ) ) ;
#2850 = UNCERTAINTY_MEASURE_WITH_UNIT (LENGTH_MEASURE( 1.000000000000000082E-05 ), #2843, 'distance_accuracy_value', 'NONE');
#2851 = LINE ( 'NONE', #12961, #6234 ) ;
#2852 = DIRECTION ( 'NONE',  ( 0.000000000000000000, -0.000000000000000000, 1.000000000000000000 ) ) ;
#2853 = CARTESIAN_POINT ( 'NONE',  ( -6.544999999999994600, 0.4500000000000015099, -1.849999999999996092 ) ) ;
#2854 = CARTESIAN_POINT ( 'NONE',  ( -2.035000000000000586, 0.000000000000000000, 0.000000000000000000 ) ) ;
#2855 = VERTEX_POINT ( 'NONE', #12005 ) ;
#2856 = PRESENTATION_STYLE_ASSIGNMENT (( #8120 ) ) ;
#2857 = ORIENTED_EDGE ( 'NONE', *, *, #6798, .F. ) ;
#2858 = ORIENTED_EDGE ( 'NONE', *, *, #12857, .F. ) ;
#2859 =( GEOMETRIC_REPRESENTATION_CONTEXT ( 3 ) GLOBAL_UNCERTAINTY_ASSIGNED_CONTEXT ( ( #10818 ) ) GLOBAL_UNIT_ASSIGNED_CONTEXT ( ( #11710, #8458, #2385 ) ) REPRESENTATION_CONTEXT ( 'NONE', 'WORKASPACE' ) );
#2860 = CARTESIAN_POINT ( 'NONE',  ( 5.375000000000002665, 0.000000000000000000, -1.850000000000001865 ) ) ;
#2861 = PLANE ( 'NONE',  #5667 ) ;
#2862 = CARTESIAN_POINT ( 'NONE',  ( -3.285000000000000586, 3.548929149633788693, -0.4454640388693684727 ) ) ;
#2863 = EDGE_CURVE ( 'NONE', #1149, #5936, #9065, .T. ) ;
#2864 = VECTOR ( 'NONE', #266, 999.9999999999998863 ) ;
#2865 = SURFACE_STYLE_FILL_AREA ( #2928 ) ;
#2866 = EDGE_CURVE ( 'NONE', #4133, #7674, #8874, .T. ) ;
#2867 = AXIS2_PLACEMENT_3D ( 'NONE', #7175, #202, #1063 ) ;
#2868 = DIRECTION ( 'NONE',  ( -1.000000000000000000, 0.000000000000000000, -0.000000000000000000 ) ) ;
#2869 = LINE ( 'NONE', #4144, #12913 ) ;
#2870 = SURFACE_STYLE_FILL_AREA ( #12002 ) ;
#2871 = VECTOR ( 'NONE', #10370, 1000.000000000000000 ) ;
#2872 = DIRECTION ( 'NONE',  ( 0.000000000000000000, 0.000000000000000000, -1.000000000000000000 ) ) ;
#2873 = ORIENTED_EDGE ( 'NONE', *, *, #1426, .F. ) ;
#2874 = SURFACE_STYLE_FILL_AREA ( #10136 ) ;
#2876 = EDGE_CURVE ( 'NONE', #6905, #6142, #9632, .T. ) ;
#2875 = VECTOR ( 'NONE', #5067, 1000.000000000000000 ) ;
#2878 = EDGE_CURVE ( 'NONE', #10632, #4388, #4562, .T. ) ;
#2877 = STYLED_ITEM ( 'NONE', ( #2294 ), #10799 ) ;
#2879 = ORIENTED_EDGE ( 'NONE', *, *, #7283, .T. ) ;
#2880 = ORIENTED_EDGE ( 'NONE', *, *, #1392, .F. ) ;
#2881 = ADVANCED_FACE ( 'NONE', ( #10696 ), #3812, .T. ) ;
#2882 = ORIENTED_EDGE ( 'NONE', *, *, #12967, .T. ) ;
#2883 = CARTESIAN_POINT ( 'NONE',  ( 0.7849999999999992539, 0.3000000000000002665, 4.065758146820583696E-17 ) ) ;
#2884 = VECTOR ( 'NONE', #1970, 1000.000000000000000 ) ;
#2885 = DIRECTION ( 'NONE',  ( -1.000000000000000000, -0.000000000000000000, -0.000000000000000000 ) ) ;
#2886 = LINE ( 'NONE', #6946, #11182 ) ;
#2887 = VECTOR ( 'NONE', #9798, 1000.000000000000000 ) ;
#2888 = FACE_OUTER_BOUND ( 'NONE', #1710, .T. ) ;
#2889 = FILL_AREA_STYLE ('',( #7954 ) ) ;
#2890 = EDGE_LOOP ( 'NONE', ( #3722, #11815, #11745, #3578, #5432, #3426 ) ) ;
#2891 = EDGE_CURVE ( 'NONE', #1080, #6918, #8332, .T. ) ;
#2892 = PLANE ( 'NONE',  #6915 ) ;
#2893 = AXIS2_PLACEMENT_3D ( 'NONE', #11600, #3547, #7618 ) ;
#2894 = EDGE_CURVE ( 'NONE', #3673, #5972, #2214, .T. ) ;
#2895 = VECTOR ( 'NONE', #10706, 1000.000000000000000 ) ;
#2896 = ORIENTED_EDGE ( 'NONE', *, *, #1137, .T. ) ;
#2897 = VECTOR ( 'NONE', #9412, 1000.000000000000000 ) ;
#2899 = MECHANICAL_DESIGN_GEOMETRIC_PRESENTATION_REPRESENTATION (  '', ( #9274 ), #3343 ) ;
#2898 = SURFACE_SIDE_STYLE ('',( #8091 ) ) ;
#2900 = PRESENTATION_STYLE_ASSIGNMENT (( #3033 ) ) ;
#2901 = SURFACE_STYLE_FILL_AREA ( #11157 ) ;
#2902 = CARTESIAN_POINT ( 'NONE',  ( -1.715000000000000746, 8.425943506694179847E-32, 1.750000000000004663 ) ) ;
#2903 = COLOUR_RGB ( '',1.000000000000000000, 0.8117647058823529438, 0.5019607843137254832 ) ;
#2904 =( LENGTH_UNIT ( ) NAMED_UNIT ( * ) SI_UNIT ( .MILLI., .METRE. ) );
#2905 = ADVANCED_FACE ( 'NONE', ( #10395 ), #6141, .F. ) ;
#2906 = EDGE_CURVE ( 'NONE', #4893, #8352, #2022, .T. ) ;
#2907 = VERTEX_POINT ( 'NONE', #11129 ) ;
#2908 = EDGE_CURVE ( 'NONE', #11075, #3932, #4147, .T. ) ;
#2909 = ORIENTED_EDGE ( 'NONE', *, *, #215, .T. ) ;
#2910 = CARTESIAN_POINT ( 'NONE',  ( -2.965000000000000746, 0.2999999999999999889, 1.850000000000004530 ) ) ;
#2911 = CARTESIAN_POINT ( 'NONE',  ( 5.575000000000018829, 1.749999999999999778, 0.1750000000000090372 ) ) ;
#2912 =( GEOMETRIC_REPRESENTATION_CONTEXT ( 3 ) GLOBAL_UNCERTAINTY_ASSIGNED_CONTEXT ( ( #11104 ) ) GLOBAL_UNIT_ASSIGNED_CONTEXT ( ( #7876, #1963, #4220 ) ) REPRESENTATION_CONTEXT ( 'NONE', 'WORKASPACE' ) );
#2913 = PLANE ( 'NONE',  #10139 ) ;
#2914 = CARTESIAN_POINT ( 'NONE',  ( -4.535000000000001030, 0.000000000000000000, 1.850000000000004530 ) ) ;
#2915 = DIRECTION ( 'NONE',  ( 0.000000000000000000, 0.7071067811865402453, -0.7071067811865547892 ) ) ;
#2916 = COLOUR_RGB ( '',1.000000000000000000, 1.000000000000000000, 1.000000000000000000 ) ;
#2917 =( NAMED_UNIT ( * ) PLANE_ANGLE_UNIT ( ) SI_UNIT ( $, .RADIAN. ) );
#2918 = DIRECTION ( 'NONE',  ( 0.000000000000000000, -1.000000000000000000, -1.355252715606860081E-16 ) ) ;
#2919 = EDGE_CURVE ( 'NONE', #1062, #9125, #8205, .T. ) ;
#2920 = ORIENTED_EDGE ( 'NONE', *, *, #9379, .T. ) ;
#2921 = EDGE_LOOP ( 'NONE', ( #9035, #8267, #11042, #3059 ) ) ;
#2922 = ORIENTED_EDGE ( 'NONE', *, *, #3041, .F. ) ;
#2923 = ORIENTED_EDGE ( 'NONE', *, *, #6571, .F. ) ;
#2924 = CARTESIAN_POINT ( 'NONE',  ( 3.900000000000007017, 0.000000000000000000, -1.850000000000001865 ) ) ;
#2925 = DIRECTION ( 'NONE',  ( -0.000000000000000000, 0.1736481776669264454, 0.9848077530122087975 ) ) ;
#2926 = PLANE ( 'NONE',  #5769 ) ;
#2927 = DIRECTION ( 'NONE',  ( -1.000000000000000000, -0.000000000000000000, -0.000000000000000000 ) ) ;
#2928 = FILL_AREA_STYLE ('',( #1087 ) ) ;
#2929 =( LENGTH_UNIT ( ) NAMED_UNIT ( * ) SI_UNIT ( .MILLI., .METRE. ) );
#2930 = CARTESIAN_POINT ( 'NONE',  ( -7.574999999999994849, 0.2500000000000019429, 0.1500000000000051570 ) ) ;
#2931 = PRESENTATION_STYLE_ASSIGNMENT (( #30 ) ) ;
#2932 = FACE_OUTER_BOUND ( 'NONE', #8728, .T. ) ;
#2933 =( NAMED_UNIT ( * ) SI_UNIT ( $, .STERADIAN. ) SOLID_ANGLE_UNIT ( ) );
#2934 = EDGE_LOOP ( 'NONE', ( #140, #2651, #10066, #4818 ) ) ;
#2935 =( NAMED_UNIT ( * ) PLANE_ANGLE_UNIT ( ) SI_UNIT ( $, .RADIAN. ) );
#2936 = ADVANCED_FACE ( 'NONE', ( #12270 ), #11321, .T. ) ;
#2937 = ORIENTED_EDGE ( 'NONE', *, *, #6123, .T. ) ;
#2938 = EDGE_LOOP ( 'NONE', ( #8959, #5096, #12193, #6010 ) ) ;
#2939 = VERTEX_POINT ( 'NONE', #1629 ) ;
#2940 = VERTEX_POINT ( 'NONE', #431 ) ;
#2941 = DIRECTION ( 'NONE',  ( 0.000000000000000000, -1.355252715606880049E-16, 1.000000000000000000 ) ) ;
#2942 = DIRECTION ( 'NONE',  ( -0.7071067811865475727, -3.572722524310775916E-15, 0.7071067811865475727 ) ) ;
#2943 = DIRECTION ( 'NONE',  ( -0.000000000000000000, -0.000000000000000000, 1.000000000000000000 ) ) ;
#2944 = DIRECTION ( 'NONE',  ( -8.260587980841922016E-16, 1.000000000000000000, 0.000000000000000000 ) ) ;
#2946 = EDGE_CURVE ( 'NONE', #11803, #1238, #10468, .T. ) ;
#2945 = VECTOR ( 'NONE', #1720, 1000.000000000000000 ) ;
#2947 = SURFACE_SIDE_STYLE ('',( #6759 ) ) ;
#2948 = SURFACE_SIDE_STYLE ('',( #12090 ) ) ;
#2949 = DIRECTION ( 'NONE',  ( -0.000000000000000000, -1.000000000000000000, -0.000000000000000000 ) ) ;
#2950 = ORIENTED_EDGE ( 'NONE', *, *, #9254, .T. ) ;
#2951 = EDGE_CURVE ( 'NONE', #12602, #8225, #9668, .T. ) ;
#2952 = CARTESIAN_POINT ( 'NONE',  ( -3.599999999999997868, -2.153449832247069842E-15, -1.850000000000001865 ) ) ;
#2953 = VERTEX_POINT ( 'NONE', #6539 ) ;
#2954 = SURFACE_STYLE_FILL_AREA ( #8027 ) ;
#2955 = DIRECTION ( 'NONE',  ( 0.000000000000000000, 0.000000000000000000, 1.000000000000000000 ) ) ;
#2956 = SURFACE_STYLE_USAGE ( .BOTH. , #6892 ) ;
#2957 = FILL_AREA_STYLE ('',( #7163 ) ) ;
#2958 = CARTESIAN_POINT ( 'NONE',  ( 4.535000000000000142, 3.548929149633788249, -1.004535961130712751 ) ) ;
#2959 = CARTESIAN_POINT ( 'NONE',  ( -2.764897842624819635, 0.2565727441013923582, 0.1350672255343199901 ) ) ;
#2960 = EDGE_CURVE ( 'NONE', #2376, #3564, #1568, .T. ) ;
#2961 = EDGE_CURVE ( 'NONE', #1094, #109, #3601, .T. ) ;
#2962 = LINE ( 'NONE', #7964, #7645 ) ;
#2963 = CARTESIAN_POINT ( 'NONE',  ( -0.4650000000000010236, 1.749999999999999778, -0.3250000000000474176 ) ) ;
#2964 = EDGE_CURVE ( 'NONE', #10604, #10813, #9674, .T. ) ;
#2965 = CARTESIAN_POINT ( 'NONE',  ( 4.300000000000006928, 3.250000000000005329, -1.850000000000001865 ) ) ;
#2966 =( NAMED_UNIT ( * ) SI_UNIT ( $, .STERADIAN. ) SOLID_ANGLE_UNIT ( ) );
#2967 = STYLED_ITEM ( 'NONE', ( #2505 ), #6090 ) ;
#2968 = VERTEX_POINT ( 'NONE', #8599 ) ;
#2969 = SURFACE_SIDE_STYLE ('',( #6772 ) ) ;
#2970 = ORIENTED_EDGE ( 'NONE', *, *, #12734, .F. ) ;
#2971 = PLANE ( 'NONE',  #8404 ) ;
#2972 =( NAMED_UNIT ( * ) SI_UNIT ( $, .STERADIAN. ) SOLID_ANGLE_UNIT ( ) );
#2973 = DIRECTION ( 'NONE',  ( 0.000000000000000000, -1.000000000000000000, 0.000000000000000000 ) ) ;
#2974 = FILL_AREA_STYLE_COLOUR ( '', #818 ) ;
#2976 =( LENGTH_UNIT ( ) NAMED_UNIT ( * ) SI_UNIT ( .MILLI., .METRE. ) );
#2975 = UNCERTAINTY_MEASURE_WITH_UNIT (LENGTH_MEASURE( 1.000000000000000082E-05 ), #3674, 'distance_accuracy_value', 'NONE');
#2977 = PLANE ( 'NONE',  #299 ) ;
#2978 = VECTOR ( 'NONE', #10179, 1000.000000000000000 ) ;
#2979 = FILL_AREA_STYLE_COLOUR ( '', #4193 ) ;
#2980 = DIRECTION ( 'NONE',  ( 0.000000000000000000, 0.000000000000000000, 1.000000000000000000 ) ) ;
#2981 = EDGE_CURVE ( 'NONE', #10602, #265, #3539, .T. ) ;
#2982 = DIRECTION ( 'NONE',  ( -0.000000000000000000, -0.000000000000000000, 1.000000000000000000 ) ) ;
#2983 = FACE_OUTER_BOUND ( 'NONE', #5149, .T. ) ;
#2984 = MECHANICAL_DESIGN_GEOMETRIC_PRESENTATION_REPRESENTATION (  '', ( #10649 ), #8735 ) ;
#2985 = VERTEX_POINT ( 'NONE', #4597 ) ;
#2986 = EDGE_LOOP ( 'NONE', ( #8461, #3678, #8841, #9705, #687, #1955 ) ) ;
#2987 = SURFACE_SIDE_STYLE ('',( #12969 ) ) ;
#2988 = ORIENTED_EDGE ( 'NONE', *, *, #10981, .F. ) ;
#2989 = ORIENTED_EDGE ( 'NONE', *, *, #5585, .F. ) ;
#2990 = CARTESIAN_POINT ( 'NONE',  ( 4.300000000000006040, 2.100000000000005418, -1.850000000000001865 ) ) ;
#2991 = VECTOR ( 'NONE', #3885, 1000.000000000000000 ) ;
#2993 = EDGE_CURVE ( 'NONE', #6142, #6854, #9539, .T. ) ;
#2992 = CARTESIAN_POINT ( 'NONE',  ( 5.275000000000024336, 4.400000000000002132, -1.450000000000041034 ) ) ;
#2994 =( NAMED_UNIT ( * ) SI_UNIT ( $, .STERADIAN. ) SOLID_ANGLE_UNIT ( ) );
#2995 = FACE_OUTER_BOUND ( 'NONE', #11202, .T. ) ;
#2996 = DIRECTION ( 'NONE',  ( -0.000000000000000000, 1.000000000000000000, -0.000000000000000000 ) ) ;
#2997 =( GEOMETRIC_REPRESENTATION_CONTEXT ( 3 ) GLOBAL_UNCERTAINTY_ASSIGNED_CONTEXT ( ( #8952 ) ) GLOBAL_UNIT_ASSIGNED_CONTEXT ( ( #10438, #5155, #345 ) ) REPRESENTATION_CONTEXT ( 'NONE', 'WORKASPACE' ) );
#2998 = CARTESIAN_POINT ( 'NONE',  ( -5.400881904447568438, 1.749999999999999778, -0.6283451969090768641 ) ) ;
#2999 = SURFACE_STYLE_FILL_AREA ( #3651 ) ;
#3000 = CARTESIAN_POINT ( 'NONE',  ( 6.344999999999994422, 1.199999999999998401, -1.749999999999997558 ) ) ;
#3001 = EDGE_CURVE ( 'NONE', #5205, #12388, #3281, .T. ) ;
#3002 = FILL_AREA_STYLE_COLOUR ( '', #1009 ) ;
#3003 = AXIS2_PLACEMENT_3D ( 'NONE', #2529, #9597, #7331 ) ;
#3004 = AXIS2_PLACEMENT_3D ( 'NONE', #5778, #421, #12708 ) ;
#3005 = EDGE_LOOP ( 'NONE', ( #9715, #787, #11656, #4758 ) ) ;
#3006 = ORIENTED_EDGE ( 'NONE', *, *, #64, .T. ) ;
#3007 = ORIENTED_EDGE ( 'NONE', *, *, #1953, .T. ) ;
#3008 = ORIENTED_EDGE ( 'NONE', *, *, #11764, .F. ) ;
#3009 = DIRECTION ( 'NONE',  ( -1.000000000000000000, -0.000000000000000000, -0.000000000000000000 ) ) ;
#3010 = PRESENTATION_LAYER_ASSIGNMENT (  '', '', ( #5998 ) ) ;
#3011 = ORIENTED_EDGE ( 'NONE', *, *, #4149, .F. ) ;
#3012 = VECTOR ( 'NONE', #3158, 1000.000000000000000 ) ;
#3013 = CARTESIAN_POINT ( 'NONE',  ( -5.374999999950209606, 1.749999999999999778, -0.7249377794898655969 ) ) ;
#3014 = CARTESIAN_POINT ( 'NONE',  ( -1.715000000000000746, 0.4499999999999999556, 2.250000000000004441 ) ) ;
#3015 = SURFACE_SIDE_STYLE ('',( #3079 ) ) ;
#3016 = PLANE ( 'NONE',  #3236 ) ;
#3017 = LINE ( 'NONE', #2037, #9191 ) ;
#3018 =( NAMED_UNIT ( * ) SI_UNIT ( $, .STERADIAN. ) SOLID_ANGLE_UNIT ( ) );
#3019 = VECTOR ( 'NONE', #11335, 1000.000000000000000 ) ;
#3020 = DIRECTION ( 'NONE',  ( -0.2133021165724272306, -0.9621436710723736407, 0.1696518885279461319 ) ) ;
#3021 = ORIENTED_EDGE ( 'NONE', *, *, #12201, .T. ) ;
#3022 = VECTOR ( 'NONE', #6088, 1000.000000000000000 ) ;
#3023 = SURFACE_STYLE_USAGE ( .BOTH. , #9419 ) ;
#3024 = MECHANICAL_DESIGN_GEOMETRIC_PRESENTATION_REPRESENTATION (  '', ( #3890 ), #11102 ) ;
#3025 = FACE_OUTER_BOUND ( 'NONE', #5135, .T. ) ;
#3026 = VERTEX_POINT ( 'NONE', #10663 ) ;
#3027 = CARTESIAN_POINT ( 'NONE',  ( -3.285000000000000586, 3.548929149633788249, -1.004535961130712751 ) ) ;
#3028 = CARTESIAN_POINT ( 'NONE',  ( -4.535000000000001030, 0.2787990747163040517, -1.581148123764847258 ) ) ;
#3029 = LINE ( 'NONE', #12297, #1105 ) ;
#3030 = DIRECTION ( 'NONE',  ( -0.000000000000000000, -0.000000000000000000, 1.000000000000000000 ) ) ;
#3031 = AXIS2_PLACEMENT_3D ( 'NONE', #762, #9863, #5735 ) ;
#3032 = CARTESIAN_POINT ( 'NONE',  ( -4.014897842624820079, 0.2565727441013923582, 0.1350672255343199901 ) ) ;
#3033 = SURFACE_STYLE_USAGE ( .BOTH. , #4035 ) ;
#3034 = EDGE_CURVE ( 'NONE', #1129, #7768, #5466, .T. ) ;
#3035 = VECTOR ( 'NONE', #952, 999.9999999999998863 ) ;
#3036 = CARTESIAN_POINT ( 'NONE',  ( 6.544999999999994600, 0.2500000000000001110, -1.849999999999996092 ) ) ;
#3037 = DIRECTION ( 'NONE',  ( 1.000000000000000000, 0.000000000000000000, -1.176083712526648949E-16 ) ) ;
#3038 = DIRECTION ( 'NONE',  ( 0.000000000000000000, -1.000000000000000000, 0.000000000000000000 ) ) ;
#3039 = STYLED_ITEM ( 'NONE', ( #5235 ), #9431 ) ;
#3040 = ORIENTED_EDGE ( 'NONE', *, *, #5603, .T. ) ;
#3041 = EDGE_CURVE ( 'NONE', #2953, #11852, #5594, .T. ) ;
#3042 = EDGE_CURVE ( 'NONE', #73, #10966, #5528, .T. ) ;
#3043 = ORIENTED_EDGE ( 'NONE', *, *, #8871, .T. ) ;
#3044 = STYLED_ITEM ( 'NONE', ( #10890 ), #2581 ) ;
#3045 = CARTESIAN_POINT ( 'NONE',  ( -7.125000000000001776, 0.3000000000000015987, 0.8000000000000005995 ) ) ;
#3046 = CARTESIAN_POINT ( 'NONE',  ( 0.6849999999999989431, 4.000000000000000000, -0.9250000000000404565 ) ) ;
#3047 = EDGE_CURVE ( 'NONE', #4971, #4687, #5664, .T. ) ;
#3048 =( LENGTH_UNIT ( ) NAMED_UNIT ( * ) SI_UNIT ( .MILLI., .METRE. ) );
#3049 = VECTOR ( 'NONE', #9900, 1000.000000000000000 ) ;
#3050 = DIRECTION ( 'NONE',  ( -1.000000000000000000, 0.000000000000000000, 0.000000000000000000 ) ) ;
#3051 = CARTESIAN_POINT ( 'NONE',  ( -4.978494262508514900, 13.75349426250852680, 0.9500000000000397016 ) ) ;
#3052 = PLANE ( 'NONE',  #12349 ) ;
#3053 = DIRECTION ( 'NONE',  ( 1.000000000000000000, 1.052623468432528895E-16, -0.000000000000000000 ) ) ;
#3054 = COLOUR_RGB ( '',1.000000000000000000, 0.8117647058823529438, 0.5019607843137254832 ) ;
#3055 = VERTEX_POINT ( 'NONE', #1363 ) ;
#3056 = ORIENTED_EDGE ( 'NONE', *, *, #7969, .F. ) ;
#3058 = EDGE_CURVE ( 'NONE', #390, #3847, #370, .T. ) ;
#3057 = VECTOR ( 'NONE', #9158, 1000.000000000000000 ) ;
#3059 = ORIENTED_EDGE ( 'NONE', *, *, #3151, .F. ) ;
#3060 = VERTEX_POINT ( 'NONE', #4397 ) ;
#3061 = LINE ( 'NONE', #2460, #5211 ) ;
#3062 = EDGE_CURVE ( 'NONE', #10429, #5186, #3407, .T. ) ;
#3063 = AXIS2_PLACEMENT_3D ( 'NONE', #10535, #12467, #7538 ) ;
#3064 = CARTESIAN_POINT ( 'NONE',  ( -7.575000000000017053, 4.700000000000013500, -1.649999999999997469 ) ) ;
#3065 = FILL_AREA_STYLE_COLOUR ( '', #2386 ) ;
#3066 = FILL_AREA_STYLE ('',( #1089 ) ) ;
#3067 = DIRECTION ( 'NONE',  ( 1.000000000000000000, 0.000000000000000000, -1.176083712526648949E-16 ) ) ;
#3068 = STYLED_ITEM ( 'NONE', ( #8794 ), #9987 ) ;
#3069 = PRESENTATION_STYLE_ASSIGNMENT (( #12208 ) ) ;
#3070 = VECTOR ( 'NONE', #1145, 1000.000000000000000 ) ;
#3071 = ORIENTED_EDGE ( 'NONE', *, *, #9955, .F. ) ;
#3072 = EDGE_CURVE ( 'NONE', #1182, #12468, #12586, .T. ) ;
#3073 = VERTEX_POINT ( 'NONE', #11462 ) ;
#3074 = ORIENTED_EDGE ( 'NONE', *, *, #11962, .T. ) ;
#3075 = ORIENTED_EDGE ( 'NONE', *, *, #3196, .F. ) ;
#3076 = PRESENTATION_LAYER_ASSIGNMENT (  '', '', ( #3294 ) ) ;
#3077 = CARTESIAN_POINT ( 'NONE',  ( -2.965000000000000746, 0.4499999999999999556, 2.250000000000004441 ) ) ;
#3078 = PRESENTATION_STYLE_ASSIGNMENT (( #6214 ) ) ;
#3079 = SURFACE_STYLE_FILL_AREA ( #6018 ) ;
#3080 = CARTESIAN_POINT ( 'NONE',  ( 2.034999999999999698, 0.4499999999999999556, 2.250000000000004441 ) ) ;
#3081 = AXIS2_PLACEMENT_3D ( 'NONE', #3633, #2632, #7641 ) ;
#3082 = PRESENTATION_LAYER_ASSIGNMENT (  '', '', ( #8838 ) ) ;
#3083 = EDGE_CURVE ( 'NONE', #8315, #12659, #10043, .T. ) ;
#3084 = STYLED_ITEM ( 'NONE', ( #4890 ), #10375 ) ;
#3085 = LINE ( 'NONE', #1898, #10335 ) ;
#3086 = ORIENTED_EDGE ( 'NONE', *, *, #2390, .F. ) ;
#3087 = VECTOR ( 'NONE', #7281, 1000.000000000000000 ) ;
#3088 = DIRECTION ( 'NONE',  ( -7.542275982507856161E-16, 1.000000000000000000, 9.301253466222053424E-32 ) ) ;
#3089 = VERTEX_POINT ( 'NONE', #6735 ) ;
#3090 = LINE ( 'NONE', #8355, #12825 ) ;
#3091 = ORIENTED_EDGE ( 'NONE', *, *, #861, .T. ) ;
#3092 = CARTESIAN_POINT ( 'NONE',  ( 5.575000000000018829, 1.749999999999999778, -0.6750000000000019318 ) ) ;
#3093 = VECTOR ( 'NONE', #4805, 1000.000000000000000 ) ;
#3094 = SURFACE_STYLE_FILL_AREA ( #11896 ) ;
#3095 = PLANE ( 'NONE',  #2486 ) ;
#3096 = VECTOR ( 'NONE', #2171, 1000.000000000000000 ) ;
#3097 = LINE ( 'NONE', #3303, #6203 ) ;
#3098 = SURFACE_STYLE_USAGE ( .BOTH. , #5072 ) ;
#3099 = AXIS2_PLACEMENT_3D ( 'NONE', #3823, #9874, #5692 ) ;
#3100 = CARTESIAN_POINT ( 'NONE',  ( -11.25920494062718191, 5.972783584389882883, -1.849999999999994982 ) ) ;
#3101 = VECTOR ( 'NONE', #12337, 1000.000000000000000 ) ;
#3102 = FACE_OUTER_BOUND ( 'NONE', #4132, .T. ) ;
#3103 = VECTOR ( 'NONE', #6724, 1000.000000000000000 ) ;
#3104 = ORIENTED_EDGE ( 'NONE', *, *, #7319, .F. ) ;
#3105 = ORIENTED_EDGE ( 'NONE', *, *, #5077, .T. ) ;
#3106 = LINE ( 'NONE', #141, #12560 ) ;
#3107 = FILL_AREA_STYLE_COLOUR ( '', #4520 ) ;
#3108 = UNCERTAINTY_MEASURE_WITH_UNIT (LENGTH_MEASURE( 1.000000000000000082E-05 ), #7442, 'distance_accuracy_value', 'NONE');
#3109 = PRESENTATION_STYLE_ASSIGNMENT (( #3178 ) ) ;
#3110 = DIRECTION ( 'NONE',  ( -0.000000000000000000, -0.000000000000000000, -1.000000000000000000 ) ) ;
#3111 = EDGE_CURVE ( 'NONE', #12937, #2953, #7922, .T. ) ;
#3112 =( GEOMETRIC_REPRESENTATION_CONTEXT ( 3 ) GLOBAL_UNCERTAINTY_ASSIGNED_CONTEXT ( ( #11759 ) ) GLOBAL_UNIT_ASSIGNED_CONTEXT ( ( #3344, #8788, #746 ) ) REPRESENTATION_CONTEXT ( 'NONE', 'WORKASPACE' ) );
#3113 = SURFACE_STYLE_FILL_AREA ( #4899 ) ;
#3114 = VECTOR ( 'NONE', #7792, 1000.000000000000000 ) ;
#3115 = CARTESIAN_POINT ( 'NONE',  ( -1.715000000000000746, 0.3000000000000002665, 4.065758146820583696E-17 ) ) ;
#3116 = ORIENTED_EDGE ( 'NONE', *, *, #9867, .T. ) ;
#3117 = ORIENTED_EDGE ( 'NONE', *, *, #12150, .T. ) ;
#3118 = DIRECTION ( 'NONE',  ( -0.000000000000000000, 1.000000000000000000, -0.000000000000000000 ) ) ;
#3119 = VECTOR ( 'NONE', #8074, 1000.000000000000000 ) ;
#3120 = ORIENTED_EDGE ( 'NONE', *, *, #11026, .F. ) ;
#3121 = ORIENTED_EDGE ( 'NONE', *, *, #11836, .F. ) ;
#3122 = PRESENTATION_LAYER_ASSIGNMENT (  '', '', ( #182 ) ) ;
#3123 = DIRECTION ( 'NONE',  ( -0.000000000000000000, 1.000000000000000000, 0.000000000000000000 ) ) ;
#3124 = MECHANICAL_DESIGN_GEOMETRIC_PRESENTATION_REPRESENTATION (  '', ( #11434 ), #11212 ) ;
#3125 = LINE ( 'NONE', #9722, #5885 ) ;
#3127 = CARTESIAN_POINT ( 'NONE',  ( 4.925000000000019362, 3.700000000000000178, 0.9499999999999856337 ) ) ;
#3126 = UNCERTAINTY_MEASURE_WITH_UNIT (LENGTH_MEASURE( 1.000000000000000082E-05 ), #6032, 'distance_accuracy_value', 'NONE');
#3128 = LINE ( 'NONE', #1882, #7184 ) ;
#3129 = MECHANICAL_DESIGN_GEOMETRIC_PRESENTATION_REPRESENTATION (  '', ( #7396 ), #8022 ) ;
#3130 = CARTESIAN_POINT ( 'NONE',  ( 0.4649999999999992473, 1.350000000000001865, 1.350000000000004086 ) ) ;
#3131 = EDGE_CURVE ( 'NONE', #2248, #12062, #5611, .T. ) ;
#3132 = SURFACE_SIDE_STYLE ('',( #8135 ) ) ;
#3133 = ADVANCED_FACE ( 'NONE', ( #10793 ), #2782, .F. ) ;
#3134 =( GEOMETRIC_REPRESENTATION_CONTEXT ( 3 ) GLOBAL_UNCERTAINTY_ASSIGNED_CONTEXT ( ( #4559 ) ) GLOBAL_UNIT_ASSIGNED_CONTEXT ( ( #9481, #11336, #3684 ) ) REPRESENTATION_CONTEXT ( 'NONE', 'WORKASPACE' ) );
#3135 = VERTEX_POINT ( 'NONE', #869 ) ;
#3136 =( NAMED_UNIT ( * ) SI_UNIT ( $, .STERADIAN. ) SOLID_ANGLE_UNIT ( ) );
#3137 = VERTEX_POINT ( 'NONE', #8977 ) ;
#3138 = EDGE_LOOP ( 'NONE', ( #6042, #1671, #203, #736, #9885, #5532 ) ) ;
#3139 =( GEOMETRIC_REPRESENTATION_CONTEXT ( 3 ) GLOBAL_UNCERTAINTY_ASSIGNED_CONTEXT ( ( #9105 ) ) GLOBAL_UNIT_ASSIGNED_CONTEXT ( ( #10174, #1339, #10377 ) ) REPRESENTATION_CONTEXT ( 'NONE', 'WORKASPACE' ) );
#3140 = ORIENTED_EDGE ( 'NONE', *, *, #815, .F. ) ;
#3141 = LINE ( 'NONE', #6347, #12667 ) ;
#3142 = UNCERTAINTY_MEASURE_WITH_UNIT (LENGTH_MEASURE( 1.000000000000000082E-05 ), #2976, 'distance_accuracy_value', 'NONE');
#3143 = CARTESIAN_POINT ( 'NONE',  ( -2.965000000000000746, 0.000000000000000000, 0.000000000000000000 ) ) ;
#3144 = DIRECTION ( 'NONE',  ( -1.000000000000000000, -0.000000000000000000, -0.000000000000000000 ) ) ;
#3145 = FILL_AREA_STYLE ('',( #115 ) ) ;
#3146 = LINE ( 'NONE', #3080, #1121 ) ;
#3147 = LINE ( 'NONE', #5275, #5363 ) ;
#3148 = ADVANCED_FACE ( 'NONE', ( #2666 ), #10983, .F. ) ;
#3149 = EDGE_CURVE ( 'NONE', #568, #7612, #1683, .T. ) ;
#3150 = CARTESIAN_POINT ( 'NONE',  ( 6.875000000000006217, 1.399999999999998579, 0.3500000000000039746 ) ) ;
#3151 = EDGE_CURVE ( 'NONE', #3511, #7467, #5722, .T. ) ;
#3152 = LINE ( 'NONE', #11015, #11169 ) ;
#3153 = VERTEX_POINT ( 'NONE', #11800 ) ;
#3154 =( NAMED_UNIT ( * ) SI_UNIT ( $, .STERADIAN. ) SOLID_ANGLE_UNIT ( ) );
#3155 = VERTEX_POINT ( 'NONE', #6917 ) ;
#3156 = ORIENTED_EDGE ( 'NONE', *, *, #7969, .T. ) ;
#3157 = PRESENTATION_STYLE_ASSIGNMENT (( #12425 ) ) ;
#3158 = DIRECTION ( 'NONE',  ( -0.000000000000000000, -1.000000000000000000, -0.000000000000000000 ) ) ;
#3159 =( NAMED_UNIT ( * ) SI_UNIT ( $, .STERADIAN. ) SOLID_ANGLE_UNIT ( ) );
#3160 = DIRECTION ( 'NONE',  ( 0.000000000000000000, 0.000000000000000000, -1.000000000000000000 ) ) ;
#3161 = EDGE_CURVE ( 'NONE', #1062, #8758, #682, .T. ) ;
#3162 = LINE ( 'NONE', #11428, #3438 ) ;
#3163 = LINE ( 'NONE', #8236, #1590 ) ;
#3164 = EDGE_CURVE ( 'NONE', #8928, #6511, #2724, .T. ) ;
#3165 = EDGE_CURVE ( 'NONE', #6889, #9313, #11865, .T. ) ;
#3166 = LINE ( 'NONE', #4304, #5926 ) ;
#3167 = DIRECTION ( 'NONE',  ( 7.542275982507856161E-16, 1.000000000000000000, -9.301253466222053424E-32 ) ) ;
#3168 = SURFACE_SIDE_STYLE ('',( #9294 ) ) ;
#3169 = VERTEX_POINT ( 'NONE', #11041 ) ;
#3170 =( NAMED_UNIT ( * ) PLANE_ANGLE_UNIT ( ) SI_UNIT ( $, .RADIAN. ) );
#3171 = ORIENTED_EDGE ( 'NONE', *, *, #3489, .F. ) ;
#3172 = SURFACE_STYLE_USAGE ( .BOTH. , #3245 ) ;
#3173 = FILL_AREA_STYLE_COLOUR ( '', #1731 ) ;
#3174 = PRESENTATION_STYLE_ASSIGNMENT (( #206 ) ) ;
#3175 = CARTESIAN_POINT ( 'NONE',  ( 6.094999999999995310, 1.199999999999998623, 0.3500000000000039746 ) ) ;
#3176 =( NAMED_UNIT ( * ) PLANE_ANGLE_UNIT ( ) SI_UNIT ( $, .RADIAN. ) );
#3177 = FACE_OUTER_BOUND ( 'NONE', #2308, .T. ) ;
#3178 = SURFACE_STYLE_USAGE ( .BOTH. , #10443 ) ;
#3179 = CARTESIAN_POINT ( 'NONE',  ( 7.574999999999993072, 0.2500000000000002220, 0.1500000000000088485 ) ) ;
#3180 = LINE ( 'NONE', #6258, #11487 ) ;
#3181 = DIRECTION ( 'NONE',  ( 0.000000000000000000, -1.355252715606860081E-16, 1.000000000000000000 ) ) ;
#3182 = AXIS2_PLACEMENT_3D ( 'NONE', #4815, #12878, #9879 ) ;
#3183 = ORIENTED_EDGE ( 'NONE', *, *, #7074, .T. ) ;
#3184 = CARTESIAN_POINT ( 'NONE',  ( -5.275000000000025224, 4.400000000000000355, 0.1533846645330081415 ) ) ;
#3185 = AXIS2_PLACEMENT_3D ( 'NONE', #2992, #11995, #6925 ) ;
#3186 = ORIENTED_EDGE ( 'NONE', *, *, #4794, .F. ) ;
#3187 = VERTEX_POINT ( 'NONE', #10847 ) ;
#3188 =( NAMED_UNIT ( * ) SI_UNIT ( $, .STERADIAN. ) SOLID_ANGLE_UNIT ( ) );
#3189 = CARTESIAN_POINT ( 'NONE',  ( -2.035000000000000586, 1.749999999999999778, -1.125000000000033973 ) ) ;
#3190 = MECHANICAL_DESIGN_GEOMETRIC_PRESENTATION_REPRESENTATION (  '', ( #12133 ), #2560 ) ;
#3191 = CYLINDRICAL_SURFACE ( 'NONE', #10449, 0.09999999995018464538 ) ;
#3192 = CARTESIAN_POINT ( 'NONE',  ( 0.4649999999999992473, 0.4499999999999999556, 2.250000000000004441 ) ) ;
#3193 = SURFACE_STYLE_FILL_AREA ( #12328 ) ;
#3194 = PRESENTATION_LAYER_ASSIGNMENT (  '', '', ( #9151 ) ) ;
#3195 = CARTESIAN_POINT ( 'NONE',  ( 4.535000000000000142, 1.749999999999999778, 0.000000000000000000 ) ) ;
#3196 = EDGE_CURVE ( 'NONE', #772, #3187, #1739, .T. ) ;
#3197 = DIRECTION ( 'NONE',  ( -1.000000000000000000, -0.000000000000000000, -0.000000000000000000 ) ) ;
#3198 = VECTOR ( 'NONE', #1455, 1000.000000000000000 ) ;
#3199 = ORIENTED_EDGE ( 'NONE', *, *, #7649, .T. ) ;
#3200 = CARTESIAN_POINT ( 'NONE',  ( -2.035000000000000586, 0.000000000000000000, 2.350000000000004530 ) ) ;
#3201 = ORIENTED_EDGE ( 'NONE', *, *, #1922, .F. ) ;
#3202 = ORIENTED_EDGE ( 'NONE', *, *, #10243, .T. ) ;
#3203 =( GEOMETRIC_REPRESENTATION_CONTEXT ( 3 ) GLOBAL_UNCERTAINTY_ASSIGNED_CONTEXT ( ( #713 ) ) GLOBAL_UNIT_ASSIGNED_CONTEXT ( ( #2051, #9350, #3159 ) ) REPRESENTATION_CONTEXT ( 'NONE', 'WORKASPACE' ) );
#3204 = ADVANCED_FACE ( 'NONE', ( #9849 ), #12964, .F. ) ;
#3205 = ORIENTED_EDGE ( 'NONE', *, *, #12814, .T. ) ;
#3206 = CARTESIAN_POINT ( 'NONE',  ( -8.364770460511941508, 0.3602469863822959639, -0.6397704605119404198 ) ) ;
#3207 = DIRECTION ( 'NONE',  ( 0.7071067811865474617, 7.443171925647449414E-17, -0.7071067811865474617 ) ) ;
#3208 = CARTESIAN_POINT ( 'NONE',  ( 4.214999999999999858, 3.548929149633788693, -0.4454640388693684727 ) ) ;
#3209 = FILL_AREA_STYLE ('',( #12529 ) ) ;
#3210 = ADVANCED_FACE ( 'NONE', ( #2983 ), #6259, .F. ) ;
#3211 =( GEOMETRIC_REPRESENTATION_CONTEXT ( 3 ) GLOBAL_UNCERTAINTY_ASSIGNED_CONTEXT ( ( #8473 ) ) GLOBAL_UNIT_ASSIGNED_CONTEXT ( ( #12977, #11874, #2794 ) ) REPRESENTATION_CONTEXT ( 'NONE', 'WORKASPACE' ) );
#3212 = CARTESIAN_POINT ( 'NONE',  ( 6.875000000000006217, 1.649999999999999023, 0.3500000000000039746 ) ) ;
#3213 = VECTOR ( 'NONE', #3790, 1000.000000000000000 ) ;
#3214 = CARTESIAN_POINT ( 'NONE',  ( -3.523657060577910315E-15, 3.250000000000009326, -1.850000000000001865 ) ) ;
#3215 = LINE ( 'NONE', #7279, #3462 ) ;
#3216 = LINE ( 'NONE', #12350, #5071 ) ;
#3217 = PRESENTATION_LAYER_ASSIGNMENT (  '', '', ( #1333 ) ) ;
#3218 = LINE ( 'NONE', #11474, #10107 ) ;
#3219 = ORIENTED_EDGE ( 'NONE', *, *, #6720, .T. ) ;
#3220 = VECTOR ( 'NONE', #1623, 1000.000000000000000 ) ;
#3221 = VECTOR ( 'NONE', #11424, 1000.000000000000000 ) ;
#3222 = DIRECTION ( 'NONE',  ( 0.000000000000000000, 0.7071067811865402453, -0.7071067811865547892 ) ) ;
#3223 = EDGE_LOOP ( 'NONE', ( #9097, #1726, #7270, #8561 ) ) ;
#3224 = LINE ( 'NONE', #9143, #5803 ) ;
#3225 = ORIENTED_EDGE ( 'NONE', *, *, #10819, .F. ) ;
#3226 = LINE ( 'NONE', #2235, #9483 ) ;
#3227 = LINE ( 'NONE', #12296, #3012 ) ;
#3228 = VECTOR ( 'NONE', #12904, 1000.000000000000000 ) ;
#3229 = CARTESIAN_POINT ( 'NONE',  ( 6.344999999999994422, 0.4499999999999999001, -1.749999999999997558 ) ) ;
#3230 = CARTESIAN_POINT ( 'NONE',  ( 5.400881904447568438, 1.749999999999999778, -0.6283451969090776412 ) ) ;
#3231 = EDGE_CURVE ( 'NONE', #12334, #6707, #3256, .T. ) ;
#3232 = DIRECTION ( 'NONE',  ( -1.000000000000000000, -0.000000000000000000, -0.000000000000000000 ) ) ;
#3233 = UNCERTAINTY_MEASURE_WITH_UNIT (LENGTH_MEASURE( 1.000000000000000082E-05 ), #363, 'distance_accuracy_value', 'NONE');
#3234 = CARTESIAN_POINT ( 'NONE',  ( 0.4649999999999992473, 2.865743636076471645, -0.3250000000000474731 ) ) ;
#3235 = DIRECTION ( 'NONE',  ( -1.000000000000000000, -0.000000000000000000, -0.000000000000000000 ) ) ;
#3236 = AXIS2_PLACEMENT_3D ( 'NONE', #7347, #241, #6217 ) ;
#3237 = CARTESIAN_POINT ( 'NONE',  ( -5.875000000000001776, 4.699999999999999289, -1.850000000000001865 ) ) ;
#3238 = VECTOR ( 'NONE', #11910, 1000.000000000000000 ) ;
#3239 = EDGE_CURVE ( 'NONE', #5875, #8423, #4248, .T. ) ;
#3240 = ORIENTED_EDGE ( 'NONE', *, *, #2768, .F. ) ;
#3241 = CARTESIAN_POINT ( 'NONE',  ( -5.875000000000001776, 0.2999999999999999889, 0.8000000000000005995 ) ) ;
#3243 = EDGE_CURVE ( 'NONE', #3137, #8917, #10245, .T. ) ;
#3242 = VECTOR ( 'NONE', #11193, 1000.000000000000000 ) ;
#3244 = ORIENTED_EDGE ( 'NONE', *, *, #10385, .T. ) ;
#3245 = SURFACE_SIDE_STYLE ('',( #2129 ) ) ;
#3246 = FILL_AREA_STYLE ('',( #8449 ) ) ;
#3247 = STYLED_ITEM ( 'NONE', ( #7799 ), #2273 ) ;
#3248 = CARTESIAN_POINT ( 'NONE',  ( -5.575000000000018829, 1.749999999999999778, -0.6750000000000004885 ) ) ;
#3249 = STYLED_ITEM ( 'NONE', ( #9027 ), #1146 ) ;
#3250 = FACE_OUTER_BOUND ( 'NONE', #9438, .T. ) ;
#3251 = UNCERTAINTY_MEASURE_WITH_UNIT (LENGTH_MEASURE( 1.000000000000000082E-05 ), #6970, 'distance_accuracy_value', 'NONE');
#3252 = DIRECTION ( 'NONE',  ( 0.7071067811865479058, -0.7071067811865472397, -0.000000000000000000 ) ) ;
#3253 = FACE_OUTER_BOUND ( 'NONE', #7193, .T. ) ;
#3254 = COLOUR_RGB ( '',1.000000000000000000, 1.000000000000000000, 1.000000000000000000 ) ;
#3255 = DIRECTION ( 'NONE',  ( -1.000000000000000000, 0.000000000000000000, -0.000000000000000000 ) ) ;
#3256 = LINE ( 'NONE', #936, #3070 ) ;
#3257 = EDGE_CURVE ( 'NONE', #11003, #3155, #6125, .T. ) ;
#3258 = EDGE_LOOP ( 'NONE', ( #8826, #10431, #12387, #11421 ) ) ;
#3259 = CARTESIAN_POINT ( 'NONE',  ( -6.544999999999994600, 1.399999999999998579, 0.3500000000000039746 ) ) ;
#3260 = VECTOR ( 'NONE', #6665, 1000.000000000000000 ) ;
#3261 = ORIENTED_EDGE ( 'NONE', *, *, #1922, .T. ) ;
#3262 = EDGE_LOOP ( 'NONE', ( #86, #8207, #2010, #8356 ) ) ;
#3263 = CARTESIAN_POINT ( 'NONE',  ( 1.714999999999999414, 0.2787990747163040517, -1.581148123764847258 ) ) ;
#3264 = DIRECTION ( 'NONE',  ( 0.000000000000000000, 0.9848077530122087975, -0.1736481776669264454 ) ) ;
#3265 = CARTESIAN_POINT ( 'NONE',  ( -1.715000000000000746, 3.999999999999999112, -0.5250000000000403233 ) ) ;
#3266 =( GEOMETRIC_REPRESENTATION_CONTEXT ( 3 ) GLOBAL_UNCERTAINTY_ASSIGNED_CONTEXT ( ( #3665 ) ) GLOBAL_UNIT_ASSIGNED_CONTEXT ( ( #2134, #4126, #2071 ) ) REPRESENTATION_CONTEXT ( 'NONE', 'WORKASPACE' ) );
#3267 = LINE ( 'NONE', #4205, #8564 ) ;
#3268 = CARTESIAN_POINT ( 'NONE',  ( -6.120735931288066922, 0.2999999999999999889, -1.749999999999996003 ) ) ;
#3270 = CARTESIAN_POINT ( 'NONE',  ( -6.875000000000006217, 1.650000000000000799, -1.749999999999996003 ) ) ;
#3269 = UNCERTAINTY_MEASURE_WITH_UNIT (LENGTH_MEASURE( 1.000000000000000082E-05 ), #10393, 'distance_accuracy_value', 'NONE');
#3271 = MECHANICAL_DESIGN_GEOMETRIC_PRESENTATION_REPRESENTATION (  '', ( #4747 ), #7952 ) ;
#3272 = SURFACE_SIDE_STYLE ('',( #9394 ) ) ;
#3273 = AXIS2_PLACEMENT_3D ( 'NONE', #1774, #4746, #7012 ) ;
#3274 = PLANE ( 'NONE',  #10699 ) ;
#3275 = FILL_AREA_STYLE_COLOUR ( '', #3916 ) ;
#3276 = STYLED_ITEM ( 'NONE', ( #5683 ), #9821 ) ;
#3277 = ORIENTED_EDGE ( 'NONE', *, *, #3239, .F. ) ;
#3278 = SURFACE_SIDE_STYLE ('',( #9400 ) ) ;
#3279 = ORIENTED_EDGE ( 'NONE', *, *, #443, .F. ) ;
#3280 = ORIENTED_EDGE ( 'NONE', *, *, #7956, .F. ) ;
#3281 = CIRCLE ( 'NONE', #10731, 0.1999999999999996503 ) ;
#3282 = VERTEX_POINT ( 'NONE', #9310 ) ;
#3283 = EDGE_CURVE ( 'NONE', #9636, #2446, #2136, .T. ) ;
#3284 = DIRECTION ( 'NONE',  ( -1.000000000000000000, 0.000000000000000000, 1.176083712526648949E-16 ) ) ;
#3285 = SURFACE_STYLE_FILL_AREA ( #5191 ) ;
#3286 = FILL_AREA_STYLE_COLOUR ( '', #1863 ) ;
#3287 = STYLED_ITEM ( 'NONE', ( #36 ), #9883 ) ;
#3288 = DIRECTION ( 'NONE',  ( 1.000000000000000000, 0.000000000000000000, 0.000000000000000000 ) ) ;
#3289 = PLANE ( 'NONE',  #4212 ) ;
#3290 = STYLED_ITEM ( 'NONE', ( #5708 ), #3478 ) ;
#3291 = ADVANCED_FACE ( 'NONE', ( #9240 ), #6327, .T. ) ;
#3292 = ORIENTED_EDGE ( 'NONE', *, *, #1417, .F. ) ;
#3293 = EDGE_CURVE ( 'NONE', #6905, #535, #3998, .T. ) ;
#3294 = STYLED_ITEM ( 'NONE', ( #7986 ), #10080 ) ;
#3295 = DIRECTION ( 'NONE',  ( 0.000000000000000000, 0.000000000000000000, -1.000000000000000000 ) ) ;
#3296 = VERTEX_POINT ( 'NONE', #12118 ) ;
#3297 = VERTEX_POINT ( 'NONE', #7049 ) ;
#3298 = DIRECTION ( 'NONE',  ( 0.000000000000000000, -1.000000000000000000, 0.000000000000000000 ) ) ;
#3299 = MECHANICAL_DESIGN_GEOMETRIC_PRESENTATION_REPRESENTATION (  '', ( #9248 ), #765 ) ;
#3300 = LINE ( 'NONE', #3028, #2785 ) ;
#3301 = FILL_AREA_STYLE ('',( #7293 ) ) ;
#3302 = DIRECTION ( 'NONE',  ( -0.000000000000000000, 4.858652729125647824E-17, 1.000000000000000000 ) ) ;
#3303 = CARTESIAN_POINT ( 'NONE',  ( -5.875000000000001776, 2.100000000000005862, 0.6500000000000039080 ) ) ;
#3304 = LINE ( 'NONE', #9152, #10398 ) ;
#3305 = CARTESIAN_POINT ( 'NONE',  ( 3.900000000000007017, 4.400000000000000355, -1.450000000000040812 ) ) ;
#3306 = EDGE_CURVE ( 'NONE', #5987, #7642, #11109, .T. ) ;
#3307 = AXIS2_PLACEMENT_3D ( 'NONE', #12129, #1232, #5047 ) ;
#3308 = FILL_AREA_STYLE ('',( #1530 ) ) ;
#3309 = ADVANCED_FACE ( 'NONE', ( #6187 ), #4052, .T. ) ;
#3310 = ORIENTED_EDGE ( 'NONE', *, *, #5598, .T. ) ;
#3311 = COLOUR_RGB ( '',1.000000000000000000, 1.000000000000000000, 1.000000000000000000 ) ;
#3312 = COLOUR_RGB ( '',1.000000000000000000, 1.000000000000000000, 1.000000000000000000 ) ;
#3313 = ORIENTED_EDGE ( 'NONE', *, *, #2801, .F. ) ;
#3314 = SURFACE_SIDE_STYLE ('',( #2377 ) ) ;
#3315 = CARTESIAN_POINT ( 'NONE',  ( -6.875000000000006217, 1.400000000000000133, 0.3500000000000039746 ) ) ;
#3316 = PLANE ( 'NONE',  #12565 ) ;
#3317 = MECHANICAL_DESIGN_GEOMETRIC_PRESENTATION_REPRESENTATION (  '', ( #9906 ), #12466 ) ;
#3318 =( NAMED_UNIT ( * ) PLANE_ANGLE_UNIT ( ) SI_UNIT ( $, .RADIAN. ) );
#3319 = DIRECTION ( 'NONE',  ( 0.000000000000000000, -1.355252715606860081E-16, 1.000000000000000000 ) ) ;
#3320 = DIRECTION ( 'NONE',  ( 1.000000000000000000, -0.000000000000000000, 0.000000000000000000 ) ) ;
#3321 = LINE ( 'NONE', #350, #7934 ) ;
#3322 = STYLED_ITEM ( 'NONE', ( #9545 ), #12199 ) ;
#3323 = COLOUR_RGB ( '',1.000000000000000000, 1.000000000000000000, 1.000000000000000000 ) ;
#3324 = ADVANCED_FACE ( 'NONE', ( #18 ), #7119, .F. ) ;
#3325 = DIRECTION ( 'NONE',  ( 0.000000000000000000, 0.1736481776669268617, -0.9848077530122086864 ) ) ;
#3326 = CARTESIAN_POINT ( 'NONE',  ( 3.900000000000007017, 4.400000000000000355, -1.450000000000040812 ) ) ;
#3327 = EDGE_CURVE ( 'NONE', #627, #567, #10383, .T. ) ;
#3328 = ADVANCED_FACE ( 'NONE', ( #6452 ), #275, .T. ) ;
#3329 = VECTOR ( 'NONE', #4297, 1000.000000000000000 ) ;
#3330 = ORIENTED_EDGE ( 'NONE', *, *, #3718, .T. ) ;
#3331 = VERTEX_POINT ( 'NONE', #481 ) ;
#3332 = ORIENTED_EDGE ( 'NONE', *, *, #12083, .T. ) ;
#3333 = CARTESIAN_POINT ( 'NONE',  ( 2.034999999999999698, 0.3000000000000002665, 4.065758146820583696E-17 ) ) ;
#3334 = FACE_OUTER_BOUND ( 'NONE', #445, .T. ) ;
#3335 = STYLED_ITEM ( 'NONE', ( #1850 ), #12568 ) ;
#3336 = SURFACE_STYLE_USAGE ( .BOTH. , #11312 ) ;
#3337 = SURFACE_STYLE_FILL_AREA ( #2329 ) ;
#3338 = CARTESIAN_POINT ( 'NONE',  ( 4.535000000000000142, 0.000000000000000000, 1.850000000000004530 ) ) ;
#3339 = EDGE_CURVE ( 'NONE', #2081, #2523, #8380, .T. ) ;
#3340 = DIRECTION ( 'NONE',  ( 0.5773502691896312822, 0.5773502691896233996, -0.5773502691896226224 ) ) ;
#3341 = FILL_AREA_STYLE ('',( #1357 ) ) ;
#3342 = LINE ( 'NONE', #5527, #12601 ) ;
#3343 =( GEOMETRIC_REPRESENTATION_CONTEXT ( 3 ) GLOBAL_UNCERTAINTY_ASSIGNED_CONTEXT ( ( #10423 ) ) GLOBAL_UNIT_ASSIGNED_CONTEXT ( ( #380, #4469, #7274 ) ) REPRESENTATION_CONTEXT ( 'NONE', 'WORKASPACE' ) );
#3344 =( LENGTH_UNIT ( ) NAMED_UNIT ( * ) SI_UNIT ( .MILLI., .METRE. ) );
#3345 = PRESENTATION_STYLE_ASSIGNMENT (( #8397 ) ) ;
#3346 = CARTESIAN_POINT ( 'NONE',  ( 0.7849999999999992539, 0.000000000000000000, -1.125000000000033973 ) ) ;
#3347 = ORIENTED_EDGE ( 'NONE', *, *, #12091, .F. ) ;
#3348 = CYLINDRICAL_SURFACE ( 'NONE', #2846, 0.4499999999999999001 ) ;
#3349 =( GEOMETRIC_REPRESENTATION_CONTEXT ( 3 ) GLOBAL_UNCERTAINTY_ASSIGNED_CONTEXT ( ( #4333 ) ) GLOBAL_UNIT_ASSIGNED_CONTEXT ( ( #7315, #11378, #10240 ) ) REPRESENTATION_CONTEXT ( 'NONE', 'WORKASPACE' ) );
#3350 = ORIENTED_EDGE ( 'NONE', *, *, #1897, .T. ) ;
#3351 = ORIENTED_EDGE ( 'NONE', *, *, #7234, .F. ) ;
#3352 = ORIENTED_EDGE ( 'NONE', *, *, #3897, .T. ) ;
#3353 = FILL_AREA_STYLE ('',( #8734 ) ) ;
#3354 = SURFACE_STYLE_USAGE ( .BOTH. , #4406 ) ;
#3355 = PRESENTATION_LAYER_ASSIGNMENT (  '', '', ( #5889 ) ) ;
#3356 = DIRECTION ( 'NONE',  ( -0.7071067811865479058, -0.7071067811865471286, 0.000000000000000000 ) ) ;
#3357 = DIRECTION ( 'NONE',  ( 1.000000000000000000, 1.084202172485507589E-15, 0.000000000000000000 ) ) ;
#3358 = CARTESIAN_POINT ( 'NONE',  ( -2.965000000000000746, -1.579062136966065191E-17, -0.3250000000000473066 ) ) ;
#3359 = VECTOR ( 'NONE', #5640, 1000.000000000000000 ) ;
#3360 = DIRECTION ( 'NONE',  ( 0.000000000000000000, 0.000000000000000000, -1.000000000000000000 ) ) ;
#3361 = CARTESIAN_POINT ( 'NONE',  ( -5.264897842624820079, 0.2565727441013923582, 0.1350672255343199901 ) ) ;
#3362 = VERTEX_POINT ( 'NONE', #3326 ) ;
#3363 = LINE ( 'NONE', #5342, #8170 ) ;
#3364 = DIRECTION ( 'NONE',  ( 0.000000000000000000, 1.000000000000000000, 0.000000000000000000 ) ) ;
#3365 = VERTEX_POINT ( 'NONE', #1345 ) ;
#3366 = DIRECTION ( 'NONE',  ( 1.000000000000000000, -0.000000000000000000, 0.000000000000000000 ) ) ;
#3367 = ORIENTED_EDGE ( 'NONE', *, *, #10932, .F. ) ;
#3368 = DIRECTION ( 'NONE',  ( 0.000000000000000000, 0.7071067811865481278, -0.7071067811865470176 ) ) ;
#3369 = LINE ( 'NONE', #12540, #874 ) ;
#3370 = EDGE_CURVE ( 'NONE', #8603, #2011, #3589, .T. ) ;
#3371 = SURFACE_STYLE_FILL_AREA ( #758 ) ;
#3372 = UNCERTAINTY_MEASURE_WITH_UNIT (LENGTH_MEASURE( 1.000000000000000082E-05 ), #4408, 'distance_accuracy_value', 'NONE');
#3373 =( NAMED_UNIT ( * ) SI_UNIT ( $, .STERADIAN. ) SOLID_ANGLE_UNIT ( ) );
#3374 = DIRECTION ( 'NONE',  ( 0.000000000000000000, 4.814824860968090180E-32, 1.000000000000000000 ) ) ;
#3375 = EDGE_CURVE ( 'NONE', #5972, #10893, #6523, .T. ) ;
#3376 = DIRECTION ( 'NONE',  ( 0.000000000000000000, -1.000000000000000000, 0.000000000000000000 ) ) ;
#3377 = ORIENTED_EDGE ( 'NONE', *, *, #8196, .F. ) ;
#3378 = ORIENTED_EDGE ( 'NONE', *, *, #3165, .T. ) ;
#3379 = DIRECTION ( 'NONE',  ( 0.000000000000000000, -0.000000000000000000, -1.000000000000000000 ) ) ;
#3380 = VERTEX_POINT ( 'NONE', #9377 ) ;
#3381 = CARTESIAN_POINT ( 'NONE',  ( -6.344999999999994422, 0.4500000000000014544, 0.3500000000000039746 ) ) ;
#3382 = FACE_OUTER_BOUND ( 'NONE', #10341, .T. ) ;
#3383 = ADVANCED_FACE ( 'NONE', ( #3392 ), #10311, .F. ) ;
#3384 = DIRECTION ( 'NONE',  ( 8.720152132796374123E-17, 0.7071067811865495711, 0.7071067811865454633 ) ) ;
#3385 = EDGE_CURVE ( 'NONE', #772, #6922, #12702, .T. ) ;
#3386 = SURFACE_STYLE_USAGE ( .BOTH. , #12505 ) ;
#3387 = ADVANCED_FACE ( 'NONE', ( #6382 ), #9452, .F. ) ;
#3388 = DIRECTION ( 'NONE',  ( 0.000000000000000000, -0.000000000000000000, -1.000000000000000000 ) ) ;
#3389 = LINE ( 'NONE', #2318, #10147 ) ;
#3390 = PRESENTATION_STYLE_ASSIGNMENT (( #5300 ) ) ;
#3391 = VECTOR ( 'NONE', #1983, 1000.000000000000000 ) ;
#3392 = FACE_OUTER_BOUND ( 'NONE', #6097, .T. ) ;
#3393 = VERTEX_POINT ( 'NONE', #851 ) ;
#3394 = CARTESIAN_POINT ( 'NONE',  ( -5.331766902759298432, 4.456766902759275339, 0.1098258880218396377 ) ) ;
#3395 = VERTEX_POINT ( 'NONE', #8837 ) ;
#3396 = ORIENTED_EDGE ( 'NONE', *, *, #7646, .F. ) ;
#3397 = CARTESIAN_POINT ( 'NONE',  ( -0.4650000000000010236, 1.350000000000001865, 1.350000000000004086 ) ) ;
#3398 = LINE ( 'NONE', #3265, #6597 ) ;
#3399 = PLANE ( 'NONE',  #7494 ) ;
#3400 = CARTESIAN_POINT ( 'NONE',  ( 0.4649999999999992473, 0.8750000000000022204, 0.8749999999999842348 ) ) ;
#3401 = SURFACE_SIDE_STYLE ('',( #12460 ) ) ;
#3403 = DIRECTION ( 'NONE',  ( 1.000000000000000000, -0.000000000000000000, 0.000000000000000000 ) ) ;
#3402 = UNCERTAINTY_MEASURE_WITH_UNIT (LENGTH_MEASURE( 1.000000000000000082E-05 ), #5784, 'distance_accuracy_value', 'NONE');
#3404 = CARTESIAN_POINT ( 'NONE',  ( 6.344999999999994422, 1.199999999999998623, 0.3500000000000039746 ) ) ;
#3405 = MECHANICAL_DESIGN_GEOMETRIC_PRESENTATION_REPRESENTATION (  '', ( #4455 ), #2342 ) ;
#3406 = SURFACE_STYLE_USAGE ( .BOTH. , #11319 ) ;
#3407 = LINE ( 'NONE', #8399, #6271 ) ;
#3408 = ORIENTED_EDGE ( 'NONE', *, *, #1296, .T. ) ;
#3409 = ORIENTED_EDGE ( 'NONE', *, *, #11327, .T. ) ;
#3410 = EDGE_LOOP ( 'NONE', ( #11005, #4598, #2293, #4058, #11045, #11344 ) ) ;
#3411 = ORIENTED_EDGE ( 'NONE', *, *, #4998, .F. ) ;
#3412 = CARTESIAN_POINT ( 'NONE',  ( 5.226985831353679224, 0.4275827757330525891, -1.554913542985933539 ) ) ;
#3413 = EDGE_CURVE ( 'NONE', #1077, #5115, #10714, .T. ) ;
#3414 = STYLED_ITEM ( 'NONE', ( #6066 ), #3 ) ;
#3415 = SURFACE_SIDE_STYLE ('',( #9910 ) ) ;
#3416 = PRESENTATION_STYLE_ASSIGNMENT (( #5408 ) ) ;
#3417 = DIRECTION ( 'NONE',  ( 1.084202172485507589E-15, -1.000000000000000000, 0.000000000000000000 ) ) ;
#3418 = PLANE ( 'NONE',  #7503 ) ;
#3419 = MECHANICAL_DESIGN_GEOMETRIC_PRESENTATION_REPRESENTATION (  '', ( #11720 ), #253 ) ;
#3420 = DIRECTION ( 'NONE',  ( -0.000000000000000000, 0.000000000000000000, -1.000000000000000000 ) ) ;
#3421 = VERTEX_POINT ( 'NONE', #1722 ) ;
#3422 = CARTESIAN_POINT ( 'NONE',  ( -5.374999999950209606, 4.499999999950183849, -0.6249377795396809931 ) ) ;
#3423 = CONICAL_SURFACE ( 'NONE', #12557, 0.5500000000000010436, 0.7853981633974591592 ) ;
#3424 = ADVANCED_FACE ( 'NONE', ( #2836 ), #11782, .F. ) ;
#3425 = CARTESIAN_POINT ( 'NONE',  ( -5.874999999999997335, 0.2999999999999999889, -1.849999999999995426 ) ) ;
#3426 = ORIENTED_EDGE ( 'NONE', *, *, #12847, .F. ) ;
#3427 = LINE ( 'NONE', #5617, #12766 ) ;
#3428 = VECTOR ( 'NONE', #13110, 1000.000000000000000 ) ;
#3429 = ORIENTED_EDGE ( 'NONE', *, *, #3616, .F. ) ;
#3430 = CARTESIAN_POINT ( 'NONE',  ( -0.4650000000000010236, 1.083335593717822357E-31, 2.250000000000004441 ) ) ;
#3431 = LINE ( 'NONE', #3624, #12384 ) ;
#3432 =( NAMED_UNIT ( * ) PLANE_ANGLE_UNIT ( ) SI_UNIT ( $, .RADIAN. ) );
#3433 = FACE_OUTER_BOUND ( 'NONE', #4403, .T. ) ;
#3434 = FACE_OUTER_BOUND ( 'NONE', #9363, .T. ) ;
#3435 = VECTOR ( 'NONE', #3583, 999.9999999999998863 ) ;
#3436 = CARTESIAN_POINT ( 'NONE',  ( -1.715000000000000746, 0.000000000000000000, 2.350000000000004530 ) ) ;
#3437 = DIRECTION ( 'NONE',  ( -1.000000000000000000, 0.000000000000000000, 1.233215741215733931E-16 ) ) ;
#3438 = VECTOR ( 'NONE', #3232, 1000.000000000000000 ) ;
#3439 = LINE ( 'NONE', #7502, #6065 ) ;
#3440 = ORIENTED_EDGE ( 'NONE', *, *, #1986, .T. ) ;
#3441 = ORIENTED_EDGE ( 'NONE', *, *, #9658, .T. ) ;
#3442 = CARTESIAN_POINT ( 'NONE',  ( 2.964999999999998970, 1.350000000000001865, 1.350000000000004086 ) ) ;
#3443 =( GEOMETRIC_REPRESENTATION_CONTEXT ( 3 ) GLOBAL_UNCERTAINTY_ASSIGNED_CONTEXT ( ( #840 ) ) GLOBAL_UNIT_ASSIGNED_CONTEXT ( ( #4726, #3432, #1749 ) ) REPRESENTATION_CONTEXT ( 'NONE', 'WORKASPACE' ) );
#3444 = ORIENTED_EDGE ( 'NONE', *, *, #12726, .F. ) ;
#3445 = LINE ( 'NONE', #8707, #11816 ) ;
#3446 = CARTESIAN_POINT ( 'NONE',  ( -3.285000000000000586, 0.000000000000000000, 0.000000000000000000 ) ) ;
#3447 = FILL_AREA_STYLE ('',( #11642 ) ) ;
#3448 = COLOUR_RGB ( '',1.000000000000000000, 1.000000000000000000, 1.000000000000000000 ) ;
#3449 = VECTOR ( 'NONE', #5491, 1000.000000000000000 ) ;
#3450 =( NAMED_UNIT ( * ) PLANE_ANGLE_UNIT ( ) SI_UNIT ( $, .RADIAN. ) );
#3451 = CARTESIAN_POINT ( 'NONE',  ( 5.875000000000004441, 0.000000000000000000, 0.9500000000000013989 ) ) ;
#3452 = COLOUR_RGB ( '',1.000000000000000000, 1.000000000000000000, 1.000000000000000000 ) ;
#3453 = PLANE ( 'NONE',  #3688 ) ;
#3454 = FACE_OUTER_BOUND ( 'NONE', #2986, .T. ) ;
#3455 = DIRECTION ( 'NONE',  ( 0.000000000000000000, 0.000000000000000000, -1.000000000000000000 ) ) ;
#3456 =( GEOMETRIC_REPRESENTATION_CONTEXT ( 3 ) GLOBAL_UNCERTAINTY_ASSIGNED_CONTEXT ( ( #10728 ) ) GLOBAL_UNIT_ASSIGNED_CONTEXT ( ( #11676, #10480, #5539 ) ) REPRESENTATION_CONTEXT ( 'NONE', 'WORKASPACE' ) );
#3457 = ORIENTED_EDGE ( 'NONE', *, *, #5734, .T. ) ;
#3458 = SURFACE_SIDE_STYLE ('',( #9651 ) ) ;
#3459 = ORIENTED_EDGE ( 'NONE', *, *, #6054, .T. ) ;
#3460 = ORIENTED_EDGE ( 'NONE', *, *, #5738, .F. ) ;
#3461 = SURFACE_STYLE_USAGE ( .BOTH. , #11513 ) ;
#3462 = VECTOR ( 'NONE', #11337, 1000.000000000000000 ) ;
#3463 = PRESENTATION_STYLE_ASSIGNMENT (( #423 ) ) ;
#3464 = PLANE ( 'NONE',  #2368 ) ;
#3465 = LINE ( 'NONE', #8784, #7811 ) ;
#3466 = FACE_OUTER_BOUND ( 'NONE', #5839, .T. ) ;
#3467 = VECTOR ( 'NONE', #6536, 999.9999999999998863 ) ;
#3468 = DIRECTION ( 'NONE',  ( -1.000000000000000000, -0.000000000000000000, -0.000000000000000000 ) ) ;
#3469 = CARTESIAN_POINT ( 'NONE',  ( 6.094999999999995310, 1.199999999999998623, 0.3500000000000039746 ) ) ;
#3470 = LINE ( 'NONE', #2275, #8576 ) ;
#3471 = UNCERTAINTY_MEASURE_WITH_UNIT (LENGTH_MEASURE( 1.000000000000000082E-05 ), #1675, 'distance_accuracy_value', 'NONE');
#3472 = MECHANICAL_DESIGN_GEOMETRIC_PRESENTATION_REPRESENTATION (  '', ( #11320 ), #5144 ) ;
#3473 = DIRECTION ( 'NONE',  ( 0.000000000000000000, 0.9848077530122087975, -0.1736481776669264454 ) ) ;
#3474 =( GEOMETRIC_REPRESENTATION_CONTEXT ( 3 ) GLOBAL_UNCERTAINTY_ASSIGNED_CONTEXT ( ( #6480 ) ) GLOBAL_UNIT_ASSIGNED_CONTEXT ( ( #10729, #5659, #8853 ) ) REPRESENTATION_CONTEXT ( 'NONE', 'WORKASPACE' ) );
#3475 = EDGE_CURVE ( 'NONE', #10283, #12502, #11536, .T. ) ;
#3476 = ORIENTED_EDGE ( 'NONE', *, *, #12274, .T. ) ;
#3477 =( LENGTH_UNIT ( ) NAMED_UNIT ( * ) SI_UNIT ( .MILLI., .METRE. ) );
#3478 = ADVANCED_FACE ( 'NONE', ( #11848 ), #5768, .F. ) ;
#3479 = AXIS2_PLACEMENT_3D ( 'NONE', #6050, #3050, #9106 ) ;
#3480 = EDGE_LOOP ( 'NONE', ( #7282, #4536, #9939, #11278, #7233 ) ) ;
#3481 = ORIENTED_EDGE ( 'NONE', *, *, #8582, .F. ) ;
#3482 = ORIENTED_EDGE ( 'NONE', *, *, #8023, .T. ) ;
#3483 = VECTOR ( 'NONE', #12367, 1000.000000000000000 ) ;
#3484 =( NAMED_UNIT ( * ) PLANE_ANGLE_UNIT ( ) SI_UNIT ( $, .RADIAN. ) );
#3485 =( NAMED_UNIT ( * ) PLANE_ANGLE_UNIT ( ) SI_UNIT ( $, .RADIAN. ) );
#3486 = CARTESIAN_POINT ( 'NONE',  ( -6.875000000000006217, 1.650000000000000799, 0.3500000000000039746 ) ) ;
#3487 = FILL_AREA_STYLE_COLOUR ( '', #911 ) ;
#3488 = LINE ( 'NONE', #7482, #4249 ) ;
#3489 = EDGE_CURVE ( 'NONE', #11881, #4176, #6831, .T. ) ;
#3490 = VECTOR ( 'NONE', #7938, 1000.000000000000000 ) ;
#3491 = ORIENTED_EDGE ( 'NONE', *, *, #8459, .F. ) ;
#3492 = PRESENTATION_STYLE_ASSIGNMENT (( #4414 ) ) ;
#3493 = FACE_OUTER_BOUND ( 'NONE', #11260, .T. ) ;
#3494 = ORIENTED_EDGE ( 'NONE', *, *, #1746, .F. ) ;
#3495 = LINE ( 'NONE', #12537, #11493 ) ;
#3496 = COLOUR_RGB ( '',1.000000000000000000, 1.000000000000000000, 1.000000000000000000 ) ;
#3497 = VERTEX_POINT ( 'NONE', #12238 ) ;
#3498 = CARTESIAN_POINT ( 'NONE',  ( -4.215000000000000746, 1.749999999999999778, -1.125000000000033973 ) ) ;
#3499 = CARTESIAN_POINT ( 'NONE',  ( 4.535000000000000142, 8.425943506694179847E-32, 1.750000000000004663 ) ) ;
#3500 = CARTESIAN_POINT ( 'NONE',  ( -4.215000000000000746, 8.425943506694179847E-32, 1.750000000000004663 ) ) ;
#3501 = UNCERTAINTY_MEASURE_WITH_UNIT (LENGTH_MEASURE( 1.000000000000000082E-05 ), #6859, 'distance_accuracy_value', 'NONE');
#3502 = PRESENTATION_LAYER_ASSIGNMENT (  '', '', ( #118 ) ) ;
#3503 = LINE ( 'NONE', #8633, #9434 ) ;
#3504 = ADVANCED_FACE ( 'NONE', ( #7103 ), #8098, .T. ) ;
#3505 = DIRECTION ( 'NONE',  ( -1.000000000000000000, -0.000000000000000000, -0.000000000000000000 ) ) ;
#3506 = DIRECTION ( 'NONE',  ( -1.000000000000000000, 1.084202172485507589E-15, 0.000000000000000000 ) ) ;
#3507 = MECHANICAL_DESIGN_GEOMETRIC_PRESENTATION_REPRESENTATION (  '', ( #9232 ), #8398 ) ;
#3508 = PLANE ( 'NONE',  #1198 ) ;
#3509 = ORIENTED_EDGE ( 'NONE', *, *, #13083, .T. ) ;
#3510 = PRESENTATION_LAYER_ASSIGNMENT (  '', '', ( #4565 ) ) ;
#3511 = VERTEX_POINT ( 'NONE', #12164 ) ;
#3512 =( NAMED_UNIT ( * ) PLANE_ANGLE_UNIT ( ) SI_UNIT ( $, .RADIAN. ) );
#3513 = ORIENTED_EDGE ( 'NONE', *, *, #6980, .F. ) ;
#3514 = FILL_AREA_STYLE_COLOUR ( '', #7128 ) ;
#3515 = CARTESIAN_POINT ( 'NONE',  ( 7.375000000000000888, 0.2999999999999999889, -1.849999999999996980 ) ) ;
#3516 =( GEOMETRIC_REPRESENTATION_CONTEXT ( 3 ) GLOBAL_UNCERTAINTY_ASSIGNED_CONTEXT ( ( #6977 ) ) GLOBAL_UNIT_ASSIGNED_CONTEXT ( ( #3849, #4043, #1066 ) ) REPRESENTATION_CONTEXT ( 'NONE', 'WORKASPACE' ) );
#3517 = PLANE ( 'NONE',  #4694 ) ;
#3518 = UNCERTAINTY_MEASURE_WITH_UNIT (LENGTH_MEASURE( 1.000000000000000082E-05 ), #6726, 'distance_accuracy_value', 'NONE');
#3519 = PLANE ( 'NONE',  #1998 ) ;
#3520 = VECTOR ( 'NONE', #8505, 1000.000000000000000 ) ;
#3521 = VECTOR ( 'NONE', #125, 1000.000000000000000 ) ;
#3522 = VECTOR ( 'NONE', #2046, 1000.000000000000000 ) ;
#3523 = ORIENTED_EDGE ( 'NONE', *, *, #720, .F. ) ;
#3524 = SURFACE_STYLE_FILL_AREA ( #12567 ) ;
#3525 = PRODUCT ( '533980871', '533980871', '', ( #208 ) ) ;
#3526 = ORIENTED_EDGE ( 'NONE', *, *, #8206, .T. ) ;
#3527 = ORIENTED_EDGE ( 'NONE', *, *, #12271, .F. ) ;
#3528 = DIRECTION ( 'NONE',  ( 0.000000000000000000, 0.000000000000000000, -1.000000000000000000 ) ) ;
#3529 = CARTESIAN_POINT ( 'NONE',  ( 5.375000000000002665, -1.029563014098701546, 0.9500000000000013989 ) ) ;
#3530 = PRESENTATION_STYLE_ASSIGNMENT (( #9594 ) ) ;
#3532 = ADVANCED_FACE ( 'NONE', ( #1199 ), #4239, .F. ) ;
#3531 =( GEOMETRIC_REPRESENTATION_CONTEXT ( 3 ) GLOBAL_UNCERTAINTY_ASSIGNED_CONTEXT ( ( #3925 ) ) GLOBAL_UNIT_ASSIGNED_CONTEXT ( ( #11753, #1646, #899 ) ) REPRESENTATION_CONTEXT ( 'NONE', 'WORKASPACE' ) );
#3533 =( GEOMETRIC_REPRESENTATION_CONTEXT ( 3 ) GLOBAL_UNCERTAINTY_ASSIGNED_CONTEXT ( ( #2070 ) ) GLOBAL_UNIT_ASSIGNED_CONTEXT ( ( #11078, #7888, #6820 ) ) REPRESENTATION_CONTEXT ( 'NONE', 'WORKASPACE' ) );
#3535 = PRESENTATION_STYLE_ASSIGNMENT (( #3098 ) ) ;
#3534 = UNCERTAINTY_MEASURE_WITH_UNIT (LENGTH_MEASURE( 1.000000000000000082E-05 ), #9137, 'distance_accuracy_value', 'NONE');
#3536 = DIRECTION ( 'NONE',  ( 0.000000000000000000, 0.000000000000000000, -1.000000000000000000 ) ) ;
#3537 = CARTESIAN_POINT ( 'NONE',  ( 7.074999999999998401, -0.9059928172283340242, -1.550000000000001599 ) ) ;
#3538 = MECHANICAL_DESIGN_GEOMETRIC_PRESENTATION_REPRESENTATION (  '', ( #4796 ), #8656 ) ;
#3539 = LINE ( 'NONE', #11593, #3711 ) ;
#3540 = ORIENTED_EDGE ( 'NONE', *, *, #4678, .F. ) ;
#3541 = SURFACE_SIDE_STYLE ('',( #2602 ) ) ;
#3542 = MECHANICAL_DESIGN_GEOMETRIC_PRESENTATION_REPRESENTATION (  '', ( #5869 ), #12677 ) ;
#3543 = ORIENTED_EDGE ( 'NONE', *, *, #6091, .T. ) ;
#3544 = ORIENTED_EDGE ( 'NONE', *, *, #4342, .F. ) ;
#3545 = EDGE_LOOP ( 'NONE', ( #9070, #7613, #12120, #7157, #5924, #6110 ) ) ;
#3546 = COLOUR_RGB ( '',1.000000000000000000, 1.000000000000000000, 1.000000000000000000 ) ;
#3547 = DIRECTION ( 'NONE',  ( 0.000000000000000000, -1.000000000000000000, -1.355252715606880296E-16 ) ) ;
#3548 = COLOUR_RGB ( '',1.000000000000000000, 0.8117647058823529438, 0.5019607843137254832 ) ;
#3549 = SURFACE_STYLE_USAGE ( .BOTH. , #8483 ) ;
#3550 = LINE ( 'NONE', #8736, #10354 ) ;
#3551 = LINE ( 'NONE', #9479, #504 ) ;
#3552 = LINE ( 'NONE', #7815, #5224 ) ;
#3553 = PRESENTATION_LAYER_ASSIGNMENT (  '', '', ( #8013 ) ) ;
#3554 = FILL_AREA_STYLE ('',( #12665 ) ) ;
#3555 = EDGE_CURVE ( 'NONE', #22, #9529, #921, .T. ) ;
#3556 = FILL_AREA_STYLE ('',( #12666 ) ) ;
#3557 = MECHANICAL_DESIGN_GEOMETRIC_PRESENTATION_REPRESENTATION (  '', ( #593 ), #5672 ) ;
#3558 = COLOUR_RGB ( '',1.000000000000000000, 0.8117647058823529438, 0.5019607843137254832 ) ;
#3559 = ORIENTED_EDGE ( 'NONE', *, *, #8896, .F. ) ;
#3560 = CARTESIAN_POINT ( 'NONE',  ( -0.4650000000000010236, 1.350000000000001865, 1.350000000000004086 ) ) ;
#3561 = STYLED_ITEM ( 'NONE', ( #1504 ), #13002 ) ;
#3562 = ORIENTED_EDGE ( 'NONE', *, *, #2946, .T. ) ;
#3563 = SURFACE_SIDE_STYLE ('',( #2999 ) ) ;
#3564 = VERTEX_POINT ( 'NONE', #13079 ) ;
#3565 = CARTESIAN_POINT ( 'NONE',  ( -0.7850000000000010303, 2.865743636076471645, -0.3250000000000474731 ) ) ;
#3566 = DIRECTION ( 'NONE',  ( 0.000000000000000000, 0.000000000000000000, 1.000000000000000000 ) ) ;
#3567 =( LENGTH_UNIT ( ) NAMED_UNIT ( * ) SI_UNIT ( .MILLI., .METRE. ) );
#3568 = EDGE_CURVE ( 'NONE', #10387, #109, #12105, .T. ) ;
#3569 = FACE_OUTER_BOUND ( 'NONE', #8141, .T. ) ;
#3570 = EDGE_CURVE ( 'NONE', #3932, #4853, #1126, .T. ) ;
#3571 = PRESENTATION_STYLE_ASSIGNMENT (( #3699 ) ) ;
#3572 = EDGE_CURVE ( 'NONE', #10197, #10988, #10097, .T. ) ;
#3573 = PLANE ( 'NONE',  #6144 ) ;
#3574 = CARTESIAN_POINT ( 'NONE',  ( 7.375000000000000888, 4.699999999999999289, -1.849999999999996980 ) ) ;
#3575 = PLANE ( 'NONE',  #2452 ) ;
#3576 = ORIENTED_EDGE ( 'NONE', *, *, #11329, .F. ) ;
#3577 = COLOUR_RGB ( '',1.000000000000000000, 0.8117647058823529438, 0.5019607843137254832 ) ;
#3578 = ORIENTED_EDGE ( 'NONE', *, *, #12420, .F. ) ;
#3579 = CYLINDRICAL_SURFACE ( 'NONE', #7970, 0.1999999999999996503 ) ;
#3580 = ORIENTED_EDGE ( 'NONE', *, *, #12887, .T. ) ;
#3581 = DIRECTION ( 'NONE',  ( -1.000000000000000000, -0.000000000000000000, -0.000000000000000000 ) ) ;
#3582 = DIRECTION ( 'NONE',  ( 0.000000000000000000, 0.000000000000000000, -1.000000000000000000 ) ) ;
#3583 = DIRECTION ( 'NONE',  ( -0.5773502691896351680, 0.5773502691896218453, -0.5773502691896202910 ) ) ;
#3584 = EDGE_CURVE ( 'NONE', #2427, #4690, #9095, .T. ) ;
#3585 = FILL_AREA_STYLE ('',( #2574 ) ) ;
#3586 = LINE ( 'NONE', #6448, #1033 ) ;
#3587 = DIRECTION ( 'NONE',  ( 0.000000000000000000, -0.7071067811865482389, -0.7071067811865469066 ) ) ;
#3588 = CARTESIAN_POINT ( 'NONE',  ( -7.574999999999994849, 0.07279404685324222801, 0.1500000000000372702 ) ) ;
#3589 = LINE ( 'NONE', #8581, #1401 ) ;
#3590 = VERTEX_POINT ( 'NONE', #2506 ) ;
#3591 = ORIENTED_EDGE ( 'NONE', *, *, #9857, .F. ) ;
#3592 = EDGE_LOOP ( 'NONE', ( #11046, #6262, #9071, #10372, #1830, #1486, #11294, #3292 ) ) ;
#3593 = DIRECTION ( 'NONE',  ( -0.000000000000000000, 1.000000000000000000, -0.000000000000000000 ) ) ;
#3594 = CARTESIAN_POINT ( 'NONE',  ( -1.715000000000000746, 1.749999999999999778, 0.000000000000000000 ) ) ;
#3595 = DIRECTION ( 'NONE',  ( 0.000000000000000000, 0.7071067811865469066, -0.7071067811865482389 ) ) ;
#3596 = VECTOR ( 'NONE', #6898, 1000.000000000000000 ) ;
#3597 = FACE_OUTER_BOUND ( 'NONE', #12152, .T. ) ;
#3598 = CARTESIAN_POINT ( 'NONE',  ( 7.375000000000001776, 0.7999999999999936051, -1.850000000000001865 ) ) ;
#3599 = LINE ( 'NONE', #9600, #7295 ) ;
#3600 =( NAMED_UNIT ( * ) PLANE_ANGLE_UNIT ( ) SI_UNIT ( $, .RADIAN. ) );
#3601 = LINE ( 'NONE', #4529, #7105 ) ;
#3602 = ORIENTED_EDGE ( 'NONE', *, *, #10213, .F. ) ;
#3603 =( NAMED_UNIT ( * ) SI_UNIT ( $, .STERADIAN. ) SOLID_ANGLE_UNIT ( ) );
#3604 = ORIENTED_EDGE ( 'NONE', *, *, #2863, .F. ) ;
#3605 = ORIENTED_EDGE ( 'NONE', *, *, #7189, .T. ) ;
#3606 = VERTEX_POINT ( 'NONE', #8439 ) ;
#3607 = DIRECTION ( 'NONE',  ( -3.469446951953615372E-15, 0.000000000000000000, -1.000000000000000000 ) ) ;
#3608 = PLANE ( 'NONE',  #3647 ) ;
#3609 =( LENGTH_UNIT ( ) NAMED_UNIT ( * ) SI_UNIT ( .MILLI., .METRE. ) );
#3610 = ADVANCED_FACE ( 'NONE', ( #6509 ), #337, .F. ) ;
#3611 = DIRECTION ( 'NONE',  ( 0.000000000000000000, -0.000000000000000000, 1.000000000000000000 ) ) ;
#3612 = PLANE ( 'NONE',  #11870 ) ;
#3613 = CIRCLE ( 'NONE', #8723, 0.4499999999999999001 ) ;
#3614 = ORIENTED_EDGE ( 'NONE', *, *, #2740, .T. ) ;
#3615 = FILL_AREA_STYLE_COLOUR ( '', #2422 ) ;
#3616 = EDGE_CURVE ( 'NONE', #2691, #4255, #6569, .T. ) ;
#3617 = DIRECTION ( 'NONE',  ( -1.000000000000000000, 0.000000000000000000, 1.199542829132897993E-16 ) ) ;
#3618 = PRESENTATION_LAYER_ASSIGNMENT (  '', '', ( #4253 ) ) ;
#3619 = ORIENTED_EDGE ( 'NONE', *, *, #11114, .T. ) ;
#3620 = DIRECTION ( 'NONE',  ( -0.9659258262890684232, 0.000000000000000000, -0.2588190451025203509 ) ) ;
#3621 = EDGE_CURVE ( 'NONE', #1034, #4416, #2307, .T. ) ;
#3622 = ORIENTED_EDGE ( 'NONE', *, *, #9717, .T. ) ;
#3623 = SURFACE_STYLE_USAGE ( .BOTH. , #11552 ) ;
#3624 = CARTESIAN_POINT ( 'NONE',  ( 4.214999999999999858, 0.000000000000000000, 0.000000000000000000 ) ) ;
#3625 = FACE_OUTER_BOUND ( 'NONE', #1688, .T. ) ;
#3626 = CARTESIAN_POINT ( 'NONE',  ( -2.965000000000000746, 0.4500000000000002331, 6.098637220230963674E-17 ) ) ;
#3627 = SURFACE_STYLE_USAGE ( .BOTH. , #7496 ) ;
#3628 = UNCERTAINTY_MEASURE_WITH_UNIT (LENGTH_MEASURE( 1.000000000000000082E-05 ), #573, 'distance_accuracy_value', 'NONE');
#3629 = PRESENTATION_LAYER_ASSIGNMENT (  '', '', ( #1085 ) ) ;
#3630 = DIRECTION ( 'NONE',  ( 0.000000000000000000, 1.000000000000000000, 0.000000000000000000 ) ) ;
#3631 = DIRECTION ( 'NONE',  ( 5.052592648476138302E-15, -1.000000000000000000, -0.000000000000000000 ) ) ;
#3632 = VECTOR ( 'NONE', #4120, 1000.000000000000000 ) ;
#3633 = CARTESIAN_POINT ( 'NONE',  ( -4.215000000000000746, 0.000000000000000000, 0.000000000000000000 ) ) ;
#3634 = VERTEX_POINT ( 'NONE', #8367 ) ;
#3635 =( GEOMETRIC_REPRESENTATION_CONTEXT ( 3 ) GLOBAL_UNCERTAINTY_ASSIGNED_CONTEXT ( ( #4208 ) ) GLOBAL_UNIT_ASSIGNED_CONTEXT ( ( #4928, #2692, #11883 ) ) REPRESENTATION_CONTEXT ( 'NONE', 'WORKASPACE' ) );
#3636 = PRESENTATION_LAYER_ASSIGNMENT (  '', '', ( #3843 ) ) ;
#3637 = ORIENTED_EDGE ( 'NONE', *, *, #10466, .F. ) ;
#3638 = DIRECTION ( 'NONE',  ( 0.000000000000000000, -1.000000000000000000, 0.000000000000000000 ) ) ;
#3639 = EDGE_CURVE ( 'NONE', #9055, #2392, #10629, .T. ) ;
#3640 = ORIENTED_EDGE ( 'NONE', *, *, #1242, .T. ) ;
#3641 = DIRECTION ( 'NONE',  ( 1.000000000000000000, 0.000000000000000000, -1.176083712526648949E-16 ) ) ;
#3642 =( NAMED_UNIT ( * ) PLANE_ANGLE_UNIT ( ) SI_UNIT ( $, .RADIAN. ) );
#3643 = PRESENTATION_LAYER_ASSIGNMENT (  '', '', ( #4064 ) ) ;
#3644 = CARTESIAN_POINT ( 'NONE',  ( -4.215000000000000746, 2.865743636076471201, -1.125000000000033973 ) ) ;
#3645 = PLANE ( 'NONE',  #8983 ) ;
#3646 = DIRECTION ( 'NONE',  ( 0.000000000000000000, 1.000000000000000000, 0.000000000000000000 ) ) ;
#3647 = AXIS2_PLACEMENT_3D ( 'NONE', #8680, #506, #1371 ) ;
#3648 = AXIS2_PLACEMENT_3D ( 'NONE', #6725, #11719, #3660 ) ;
#3649 = LINE ( 'NONE', #7715, #839 ) ;
#3650 = CARTESIAN_POINT ( 'NONE',  ( -2.965000000000000746, 0.000000000000000000, 0.000000000000000000 ) ) ;
#3651 = FILL_AREA_STYLE ('',( #6650 ) ) ;
#3652 =( NAMED_UNIT ( * ) PLANE_ANGLE_UNIT ( ) SI_UNIT ( $, .RADIAN. ) );
#3653 = MECHANICAL_DESIGN_GEOMETRIC_PRESENTATION_REPRESENTATION (  '', ( #11082 ), #7278 ) ;
#3654 = EDGE_CURVE ( 'NONE', #2297, #9509, #3439, .T. ) ;
#3655 = ORIENTED_EDGE ( 'NONE', *, *, #651, .F. ) ;
#3656 = PLANE ( 'NONE',  #10093 ) ;
#3657 = VECTOR ( 'NONE', #12392, 1000.000000000000000 ) ;
#3658 = ORIENTED_EDGE ( 'NONE', *, *, #8586, .T. ) ;
#3659 = ORIENTED_EDGE ( 'NONE', *, *, #1143, .F. ) ;
#3660 = DIRECTION ( 'NONE',  ( 1.927470528863124078E-15, 0.000000000000000000, 1.000000000000000000 ) ) ;
#3661 = PLANE ( 'NONE',  #668 ) ;
#3662 = DIRECTION ( 'NONE',  ( 5.981805089575197183E-16, -1.000000000000000000, 0.000000000000000000 ) ) ;
#3663 = VECTOR ( 'NONE', #12710, 1000.000000000000000 ) ;
#3664 = CARTESIAN_POINT ( 'NONE',  ( 5.875000000000001776, -0.9059928172283340242, 0.6500000000000039080 ) ) ;
#3666 =( NAMED_UNIT ( * ) SI_UNIT ( $, .STERADIAN. ) SOLID_ANGLE_UNIT ( ) );
#3665 = UNCERTAINTY_MEASURE_WITH_UNIT (LENGTH_MEASURE( 1.000000000000000082E-05 ), #2134, 'distance_accuracy_value', 'NONE');
#3667 = DIRECTION ( 'NONE',  ( 0.000000000000000000, -0.7071067811865470176, -0.7071067811865481278 ) ) ;
#3668 = CARTESIAN_POINT ( 'NONE',  ( -6.544999999999994600, 1.200000000000000178, 0.3500000000000039746 ) ) ;
#3669 = CARTESIAN_POINT ( 'NONE',  ( -3.600000000000000533, 4.700000000000005507, -1.850000000000001865 ) ) ;
#3670 = EDGE_CURVE ( 'NONE', #11075, #6583, #1329, .T. ) ;
#3671 = CARTESIAN_POINT ( 'NONE',  ( -4.215000000000000746, -1.125000000000002442, 1.125000000000004663 ) ) ;
#3672 = COLOUR_RGB ( '',1.000000000000000000, 1.000000000000000000, 1.000000000000000000 ) ;
#3673 = VERTEX_POINT ( 'NONE', #5431 ) ;
#3674 =( LENGTH_UNIT ( ) NAMED_UNIT ( * ) SI_UNIT ( .MILLI., .METRE. ) );
#3675 = VECTOR ( 'NONE', #6316, 1000.000000000000000 ) ;
#3676 = ORIENTED_EDGE ( 'NONE', *, *, #9969, .F. ) ;
#3677 = ORIENTED_EDGE ( 'NONE', *, *, #6750, .T. ) ;
#3678 = ORIENTED_EDGE ( 'NONE', *, *, #5277, .T. ) ;
#3679 = AXIS2_PLACEMENT_3D ( 'NONE', #12860, #6794, #12073 ) ;
#3680 = LINE ( 'NONE', #7741, #11413 ) ;
#3681 = PLANE ( 'NONE',  #674 ) ;
#3682 = CARTESIAN_POINT ( 'NONE',  ( 4.535000000000000142, 2.865743636076471645, -0.3250000000000474731 ) ) ;
#3683 = DIRECTION ( 'NONE',  ( 1.000000000000000000, 0.000000000000000000, -5.059610138265694590E-16 ) ) ;
#3684 =( NAMED_UNIT ( * ) SI_UNIT ( $, .STERADIAN. ) SOLID_ANGLE_UNIT ( ) );
#3685 =( NAMED_UNIT ( * ) PLANE_ANGLE_UNIT ( ) SI_UNIT ( $, .RADIAN. ) );
#3686 = VERTEX_POINT ( 'NONE', #6309 ) ;
#3687 =( NAMED_UNIT ( * ) SI_UNIT ( $, .STERADIAN. ) SOLID_ANGLE_UNIT ( ) );
#3688 = AXIS2_PLACEMENT_3D ( 'NONE', #3650, #12699, #4764 ) ;
#3689 = DIRECTION ( 'NONE',  ( 0.000000000000000000, 1.000000000000000000, 0.000000000000000000 ) ) ;
#3690 = ORIENTED_EDGE ( 'NONE', *, *, #11609, .F. ) ;
#3691 =( NAMED_UNIT ( * ) SI_UNIT ( $, .STERADIAN. ) SOLID_ANGLE_UNIT ( ) );
#3692 = ORIENTED_EDGE ( 'NONE', *, *, #924, .F. ) ;
#3693 = SURFACE_SIDE_STYLE ('',( #6015 ) ) ;
#3694 = PLANE ( 'NONE',  #11420 ) ;
#3695 = PRESENTATION_STYLE_ASSIGNMENT (( #9627 ) ) ;
#3696 = AXIS2_PLACEMENT_3D ( 'NONE', #10583, #7314, #3388 ) ;
#3697 = DIRECTION ( 'NONE',  ( 1.000000000000000000, 0.000000000000000000, -0.000000000000000000 ) ) ;
#3698 = EDGE_CURVE ( 'NONE', #3282, #12081, #5362, .T. ) ;
#3699 = SURFACE_STYLE_USAGE ( .BOTH. , #10568 ) ;
#3700 = PRESENTATION_LAYER_ASSIGNMENT (  '', '', ( #4747 ) ) ;
#3701 =( NAMED_UNIT ( * ) SI_UNIT ( $, .STERADIAN. ) SOLID_ANGLE_UNIT ( ) );
#3702 = COLOUR_RGB ( '',1.000000000000000000, 0.8117647058823529438, 0.5019607843137254832 ) ;
#3703 = UNCERTAINTY_MEASURE_WITH_UNIT (LENGTH_MEASURE( 1.000000000000000082E-05 ), #9825, 'distance_accuracy_value', 'NONE');
#3704 = ADVANCED_FACE ( 'NONE', ( #7301 ), #3508, .F. ) ;
#3705 = CARTESIAN_POINT ( 'NONE',  ( 5.575000000000018829, 4.700000000000000178, -0.6750000000000019318 ) ) ;
#3706 = ORIENTED_EDGE ( 'NONE', *, *, #6502, .F. ) ;
#3707 = AXIS2_PLACEMENT_3D ( 'NONE', #9068, #890, #12273 ) ;
#3708 = EDGE_LOOP ( 'NONE', ( #12705, #7340, #1832, #5066 ) ) ;
#3709 = EDGE_LOOP ( 'NONE', ( #12524, #7561, #4685, #8385 ) ) ;
#3710 = DIRECTION ( 'NONE',  ( -0.000000000000000000, -1.000000000000000000, -0.000000000000000000 ) ) ;
#3711 = VECTOR ( 'NONE', #3473, 1000.000000000000000 ) ;
#3712 = LINE ( 'NONE', #9514, #4493 ) ;
#3713 = CARTESIAN_POINT ( 'NONE',  ( 6.094999999999994422, 1.199999999999998623, 0.3500000000000039746 ) ) ;
#3714 = CARTESIAN_POINT ( 'NONE',  ( -5.375000000000000888, 0.2999999999999999889, -0.9500000000000006217 ) ) ;
#3715 = CARTESIAN_POINT ( 'NONE',  ( -6.875000000000000888, 0.3000000000000016542, 0.8000000000000004885 ) ) ;
#3716 = AXIS2_PLACEMENT_3D ( 'NONE', #3741, #1499, #9853 ) ;
#3717 = CARTESIAN_POINT ( 'NONE',  ( 6.015849737787076101, 0.2999999999999999889, -1.849999999999996758 ) ) ;
#3718 = EDGE_CURVE ( 'NONE', #9099, #3421, #12497, .T. ) ;
#3719 =( NAMED_UNIT ( * ) PLANE_ANGLE_UNIT ( ) SI_UNIT ( $, .RADIAN. ) );
#3720 = AXIS2_PLACEMENT_3D ( 'NONE', #8115, #12186, #8519 ) ;
#3721 = CARTESIAN_POINT ( 'NONE',  ( 5.374999999950209606, 4.499999999950183849, -0.6249377795396822144 ) ) ;
#3722 = ORIENTED_EDGE ( 'NONE', *, *, #5614, .F. ) ;
#3723 = PLANE ( 'NONE',  #9684 ) ;
#3724 = MECHANICAL_DESIGN_GEOMETRIC_PRESENTATION_REPRESENTATION (  '', ( #5182 ), #4153 ) ;
#3725 = ORIENTED_EDGE ( 'NONE', *, *, #9414, .T. ) ;
#3726 = VERTEX_POINT ( 'NONE', #10503 ) ;
#3727 = PRESENTATION_STYLE_ASSIGNMENT (( #1618 ) ) ;
#3728 = LINE ( 'NONE', #1489, #7041 ) ;
#3729 = CARTESIAN_POINT ( 'NONE',  ( -6.544999999999994600, 0.4500000000000015099, -1.749999999999996003 ) ) ;
#3730 = PLANE ( 'NONE',  #8235 ) ;
#3731 = ADVANCED_FACE ( 'NONE', ( #7375 ), #11364, .T. ) ;
#3732 = DIRECTION ( 'NONE',  ( -0.000000000000000000, 0.000000000000000000, 1.000000000000000000 ) ) ;
#3733 = PLANE ( 'NONE',  #7808 ) ;
#3734 = FILL_AREA_STYLE_COLOUR ( '', #1581 ) ;
#3735 = VECTOR ( 'NONE', #10576, 1000.000000000000000 ) ;
#3736 = ADVANCED_FACE ( 'NONE', ( #4428 ), #11563, .T. ) ;
#3737 = VECTOR ( 'NONE', #11834, 1000.000000000000000 ) ;
#3738 = CARTESIAN_POINT ( 'NONE',  ( -7.575000000000017053, 4.700000000000013500, 0.1500000000000051570 ) ) ;
#3739 = VECTOR ( 'NONE', #1323, 1000.000000000000000 ) ;
#3740 = EDGE_LOOP ( 'NONE', ( #1758, #12870, #688, #7805 ) ) ;
#3741 = CARTESIAN_POINT ( 'NONE',  ( -1.715000000000000746, 0.000000000000000000, -1.125000000000033973 ) ) ;
#3742 = VERTEX_POINT ( 'NONE', #11765 ) ;
#3743 = VERTEX_POINT ( 'NONE', #1775 ) ;
#3744 = VECTOR ( 'NONE', #4554, 1000.000000000000000 ) ;
#3746 = ADVANCED_FACE ( 'NONE', ( #5817 ), #11694, .T. ) ;
#3745 = ORIENTED_EDGE ( 'NONE', *, *, #11576, .T. ) ;
#3747 = LINE ( 'NONE', #7810, #157 ) ;
#3748 = FACE_OUTER_BOUND ( 'NONE', #2807, .T. ) ;
#3749 = PLANE ( 'NONE',  #1233 ) ;
#3750 = CARTESIAN_POINT ( 'NONE',  ( -5.275000000000025224, 1.749999999999999778, -0.7249377794898655969 ) ) ;
#3751 =( GEOMETRIC_REPRESENTATION_CONTEXT ( 3 ) GLOBAL_UNCERTAINTY_ASSIGNED_CONTEXT ( ( #12931 ) ) GLOBAL_UNIT_ASSIGNED_CONTEXT ( ( #12018, #837, #1835 ) ) REPRESENTATION_CONTEXT ( 'NONE', 'WORKASPACE' ) );
#3752 = SURFACE_STYLE_FILL_AREA ( #1582 ) ;
#3753 = VECTOR ( 'NONE', #13057, 1000.000000000000000 ) ;
#3754 = STYLED_ITEM ( 'NONE', ( #8319 ), #11258 ) ;
#3755 = EDGE_LOOP ( 'NONE', ( #12637, #2756, #2669, #7078 ) ) ;
#3756 = CARTESIAN_POINT ( 'NONE',  ( 3.900000000000007017, 4.700000000000004619, -1.850000000000001865 ) ) ;
#3757 = CIRCLE ( 'NONE', #7380, 0.4499999999999999001 ) ;
#3758 = ORIENTED_EDGE ( 'NONE', *, *, #7654, .F. ) ;
#3759 = FILL_AREA_STYLE_COLOUR ( '', #8309 ) ;
#3760 = ORIENTED_EDGE ( 'NONE', *, *, #12554, .T. ) ;
#3761 = CARTESIAN_POINT ( 'NONE',  ( 5.400881904447568438, 1.749999999999999778, -0.6283451969090776412 ) ) ;
#3762 = DIRECTION ( 'NONE',  ( 0.7071067811865474617, 0.000000000000000000, 0.7071067811865474617 ) ) ;
#3763 =( LENGTH_UNIT ( ) NAMED_UNIT ( * ) SI_UNIT ( .MILLI., .METRE. ) );
#3764 = DIRECTION ( 'NONE',  ( 0.000000000000000000, -1.355252715606860081E-16, 1.000000000000000000 ) ) ;
#3765 = UNCERTAINTY_MEASURE_WITH_UNIT (LENGTH_MEASURE( 1.000000000000000082E-05 ), #7066, 'distance_accuracy_value', 'NONE');
#3766 = FILL_AREA_STYLE ('',( #9810 ) ) ;
#3767 = ADVANCED_FACE ( 'NONE', ( #5887 ), #7828, .T. ) ;
#3768 = STYLED_ITEM ( 'NONE', ( #1495 ), #5516 ) ;
#3769 = VECTOR ( 'NONE', #97, 1000.000000000000000 ) ;
#3770 = DIRECTION ( 'NONE',  ( 0.000000000000000000, 0.000000000000000000, -1.000000000000000000 ) ) ;
#3771 = VERTEX_POINT ( 'NONE', #9884 ) ;
#3772 = STYLED_ITEM ( 'NONE', ( #10420 ), #12639 ) ;
#3773 = ADVANCED_FACE ( 'NONE', ( #784 ), #8637, .F. ) ;
#3774 = ORIENTED_EDGE ( 'NONE', *, *, #12847, .T. ) ;
#3775 = DIRECTION ( 'NONE',  ( -0.9762960071199339174, 0.2164396139381006001, 0.000000000000000000 ) ) ;
#3776 = CARTESIAN_POINT ( 'NONE',  ( 0.000000000000000000, 0.000000000000000000, 0.8000000000000005995 ) ) ;
#3777 = LINE ( 'NONE', #3910, #12597 ) ;
#3778 = EDGE_CURVE ( 'NONE', #11596, #12591, #1842, .T. ) ;
#3779 =( NAMED_UNIT ( * ) PLANE_ANGLE_UNIT ( ) SI_UNIT ( $, .RADIAN. ) );
#3780 = SURFACE_SIDE_STYLE ('',( #12892 ) ) ;
#3781 = LINE ( 'NONE', #1854, #5379 ) ;
#3782 = FILL_AREA_STYLE_COLOUR ( '', #5628 ) ;
#3783 = FILL_AREA_STYLE_COLOUR ( '', #4756 ) ;
#3784 = VERTEX_POINT ( 'NONE', #2564 ) ;
#3785 =( NAMED_UNIT ( * ) SI_UNIT ( $, .STERADIAN. ) SOLID_ANGLE_UNIT ( ) );
#3786 = EDGE_CURVE ( 'NONE', #9067, #7632, #4817, .T. ) ;
#3787 = ORIENTED_EDGE ( 'NONE', *, *, #3306, .T. ) ;
#3788 = VERTEX_POINT ( 'NONE', #841 ) ;
#3789 = FACE_OUTER_BOUND ( 'NONE', #1884, .T. ) ;
#3790 = DIRECTION ( 'NONE',  ( -1.000000000000000000, -0.000000000000000000, -0.000000000000000000 ) ) ;
#3791 = PLANE ( 'NONE',  #6188 ) ;
#3792 = LINE ( 'NONE', #10786, #903 ) ;
#3793 = DIRECTION ( 'NONE',  ( -1.000000000000000000, 0.000000000000000000, 1.199542829132897993E-16 ) ) ;
#3794 = DIRECTION ( 'NONE',  ( -0.000000000000000000, 1.000000000000000000, -0.000000000000000000 ) ) ;
#3796 =( NAMED_UNIT ( * ) PLANE_ANGLE_UNIT ( ) SI_UNIT ( $, .RADIAN. ) );
#3795 = UNCERTAINTY_MEASURE_WITH_UNIT (LENGTH_MEASURE( 1.000000000000000082E-05 ), #88, 'distance_accuracy_value', 'NONE');
#3797 = PLANE ( 'NONE',  #2196 ) ;
#3798 = DIRECTION ( 'NONE',  ( 1.000000000000000000, 0.000000000000000000, -1.807003620809178576E-16 ) ) ;
#3799 = DIRECTION ( 'NONE',  ( 0.000000000000000000, 1.000000000000000000, -4.858652729125647208E-17 ) ) ;
#3800 =( BOUNDED_CURVE ( )  B_SPLINE_CURVE ( 3, ( #2447, #8765, #6515, #4569 ),
 .UNSPECIFIED., .F., .T. ) 
 B_SPLINE_CURVE_WITH_KNOTS ( ( 4, 4 ),
 ( 4.712388980384688786, 4.974188368183841469 ),
 .UNSPECIFIED. ) 
 CURVE ( )  GEOMETRIC_REPRESENTATION_ITEM ( )  RATIONAL_B_SPLINE_CURVE ( ( 1.000000000000000000, 0.9942965742492066994, 0.9942965742492066994, 1.000000000000000000 ) ) 
 REPRESENTATION_ITEM ( '' )  );
#3801 = ORIENTED_EDGE ( 'NONE', *, *, #1761, .T. ) ;
#3802 = ORIENTED_EDGE ( 'NONE', *, *, #153, .F. ) ;
#3803 = EDGE_LOOP ( 'NONE', ( #10280, #4308, #6281, #3457 ) ) ;
#3804 = ORIENTED_EDGE ( 'NONE', *, *, #12839, .F. ) ;
#3805 = STYLED_ITEM ( 'NONE', ( #2764 ), #5785 ) ;
#3806 = CARTESIAN_POINT ( 'NONE',  ( -0.4650000000000010236, 0.000000000000000000, 0.000000000000000000 ) ) ;
#3807 = ADVANCED_FACE ( 'NONE', ( #2821 ), #3575, .T. ) ;
#3808 = DIRECTION ( 'NONE',  ( 1.000000000000000000, 0.000000000000000000, 0.000000000000000000 ) ) ;
#3809 = SURFACE_STYLE_USAGE ( .BOTH. , #948 ) ;
#3810 = PLANE ( 'NONE',  #3679 ) ;
#3811 = FILL_AREA_STYLE ('',( #1694 ) ) ;
#3812 = PLANE ( 'NONE',  #9666 ) ;
#3813 = ORIENTED_EDGE ( 'NONE', *, *, #4582, .F. ) ;
#3814 =( NAMED_UNIT ( * ) PLANE_ANGLE_UNIT ( ) SI_UNIT ( $, .RADIAN. ) );
#3815 = EDGE_CURVE ( 'NONE', #1369, #2474, #12934, .T. ) ;
#3816 = VERTEX_POINT ( 'NONE', #10767 ) ;
#3817 = ORIENTED_EDGE ( 'NONE', *, *, #2514, .F. ) ;
#3818 = PRESENTATION_STYLE_ASSIGNMENT (( #1889 ) ) ;
#3819 = ORIENTED_EDGE ( 'NONE', *, *, #6240, .F. ) ;
#3820 = DIRECTION ( 'NONE',  ( 0.000000000000000000, -1.000000000000000000, 0.000000000000000000 ) ) ;
#3821 = CARTESIAN_POINT ( 'NONE',  ( 0.000000000000000000, 3.250000000000005329, -1.850000000000001865 ) ) ;
#3822 = FILL_AREA_STYLE_COLOUR ( '', #4819 ) ;
#3823 = CARTESIAN_POINT ( 'NONE',  ( -7.575000000000017053, 4.700000000000013500, -1.649999999999997469 ) ) ;
#3824 = DIRECTION ( 'NONE',  ( -1.000000000000000000, -0.000000000000000000, -0.000000000000000000 ) ) ;
#3825 = PLANE ( 'NONE',  #11561 ) ;
#3826 = MECHANICAL_DESIGN_GEOMETRIC_PRESENTATION_REPRESENTATION (  '', ( #2967 ), #12947 ) ;
#3827 = DIRECTION ( 'NONE',  ( -0.000000000000000000, 4.858652729125647824E-17, 1.000000000000000000 ) ) ;
#3828 = ORIENTED_EDGE ( 'NONE', *, *, #11994, .T. ) ;
#3829 =( GEOMETRIC_REPRESENTATION_CONTEXT ( 3 ) GLOBAL_UNCERTAINTY_ASSIGNED_CONTEXT ( ( #10958 ) ) GLOBAL_UNIT_ASSIGNED_CONTEXT ( ( #10919, #9983, #5993 ) ) REPRESENTATION_CONTEXT ( 'NONE', 'WORKASPACE' ) );
#3830 = FILL_AREA_STYLE ('',( #12936 ) ) ;
#3831 = ORIENTED_EDGE ( 'NONE', *, *, #2352, .T. ) ;
#3832 = CARTESIAN_POINT ( 'NONE',  ( 0.000000000000000000, 3.700000000000000178, 0.000000000000000000 ) ) ;
#3833 = PRESENTATION_LAYER_ASSIGNMENT (  '', '', ( #6799 ) ) ;
#3834 = DIRECTION ( 'NONE',  ( 0.000000000000000000, -1.000000000000000000, -1.355252715606860081E-16 ) ) ;
#3835 = LINE ( 'NONE', #9148, #3974 ) ;
#3836 =( NAMED_UNIT ( * ) PLANE_ANGLE_UNIT ( ) SI_UNIT ( $, .RADIAN. ) );
#3837 =( LENGTH_UNIT ( ) NAMED_UNIT ( * ) SI_UNIT ( .MILLI., .METRE. ) );
#3838 = VECTOR ( 'NONE', #8719, 1000.000000000000000 ) ;
#3839 = LINE ( 'NONE', #1853, #183 ) ;
#3840 = FILL_AREA_STYLE_COLOUR ( '', #12522 ) ;
#3841 = CARTESIAN_POINT ( 'NONE',  ( 2.034999999999999698, 2.865743636076471201, -1.125000000000033973 ) ) ;
#3842 = SURFACE_STYLE_USAGE ( .BOTH. , #12945 ) ;
#3843 = STYLED_ITEM ( 'NONE', ( #11515 ), #6824 ) ;
#3844 = EDGE_LOOP ( 'NONE', ( #9420, #5380, #11184, #12406, #1281 ) ) ;
#3845 = FILL_AREA_STYLE_COLOUR ( '', #6285 ) ;
#3846 = ADVANCED_FACE ( 'NONE', ( #1598 ), #653, .T. ) ;
#3847 = VERTEX_POINT ( 'NONE', #12810 ) ;
#3848 = ORIENTED_EDGE ( 'NONE', *, *, #8025, .T. ) ;
#3849 =( LENGTH_UNIT ( ) NAMED_UNIT ( * ) SI_UNIT ( .MILLI., .METRE. ) );
#3850 = VECTOR ( 'NONE', #7619, 1000.000000000000114 ) ;
#3851 = CARTESIAN_POINT ( 'NONE',  ( 5.875000000000001776, 2.900000000000005684, -1.850000000000001865 ) ) ;
#3852 =( NAMED_UNIT ( * ) SI_UNIT ( $, .STERADIAN. ) SOLID_ANGLE_UNIT ( ) );
#3853 = CARTESIAN_POINT ( 'NONE',  ( 2.034999999999999698, 8.425943506694179847E-32, 1.750000000000004663 ) ) ;
#3854 = LINE ( 'NONE', #7919, #4731 ) ;
#3855 = LINE ( 'NONE', #10790, #12817 ) ;
#3856 = AXIS2_PLACEMENT_3D ( 'NONE', #986, #9891, #10019 ) ;
#3857 = SURFACE_STYLE_USAGE ( .BOTH. , #1737 ) ;
#3858 = EDGE_CURVE ( 'NONE', #1079, #4343, #5755, .T. ) ;
#3859 = CARTESIAN_POINT ( 'NONE',  ( 2.034999999999999698, 0.03083447080518480002, 0.1748709736949816407 ) ) ;
#3860 = FILL_AREA_STYLE_COLOUR ( '', #5403 ) ;
#3861 = EDGE_CURVE ( 'NONE', #3187, #7467, #5951, .T. ) ;
#3862 = PRESENTATION_LAYER_ASSIGNMENT (  '', '', ( #7051 ) ) ;
#3863 = AXIS2_PLACEMENT_3D ( 'NONE', #13007, #12030, #4030 ) ;
#3864 = EDGE_LOOP ( 'NONE', ( #12167, #8174, #12352, #938 ) ) ;
#3865 = VERTEX_POINT ( 'NONE', #1108 ) ;
#3866 = ORIENTED_EDGE ( 'NONE', *, *, #9154, .F. ) ;
#3867 = COLOUR_RGB ( '',1.000000000000000000, 0.8117647058823529438, 0.5019607843137254832 ) ;
#3868 = FILL_AREA_STYLE_COLOUR ( '', #1846 ) ;
#3869 = CARTESIAN_POINT ( 'NONE',  ( 0.000000000000000000, 0.000000000000000000, 0.000000000000000000 ) ) ;
#3870 = DIRECTION ( 'NONE',  ( -1.000000000000000000, 0.000000000000000000, 0.000000000000000000 ) ) ;
#3871 =( GEOMETRIC_REPRESENTATION_CONTEXT ( 3 ) GLOBAL_UNCERTAINTY_ASSIGNED_CONTEXT ( ( #365 ) ) GLOBAL_UNIT_ASSIGNED_CONTEXT ( ( #6165, #6306, #8362 ) ) REPRESENTATION_CONTEXT ( 'NONE', 'WORKASPACE' ) );
#3872 = DIRECTION ( 'NONE',  ( 0.000000000000000000, -4.814824860968089633E-32, -1.000000000000000000 ) ) ;
#3873 = VECTOR ( 'NONE', #6287, 1000.000000000000000 ) ;
#3874 = LINE ( 'NONE', #5934, #10595 ) ;
#3875 = FILL_AREA_STYLE_COLOUR ( '', #3672 ) ;
#3876 = EDGE_CURVE ( 'NONE', #2674, #11767, #10011, .T. ) ;
#3877 = EDGE_CURVE ( 'NONE', #10634, #8729, #3152, .T. ) ;
#3878 = PRESENTATION_STYLE_ASSIGNMENT (( #12982 ) ) ;
#3879 = MECHANICAL_DESIGN_GEOMETRIC_PRESENTATION_REPRESENTATION (  '', ( #8762 ), #10680 ) ;
#3880 = EDGE_CURVE ( 'NONE', #5456, #6905, #3085, .T. ) ;
#3881 = ORIENTED_EDGE ( 'NONE', *, *, #153, .T. ) ;
#3882 =( GEOMETRIC_REPRESENTATION_CONTEXT ( 3 ) GLOBAL_UNCERTAINTY_ASSIGNED_CONTEXT ( ( #228 ) ) GLOBAL_UNIT_ASSIGNED_CONTEXT ( ( #6552, #3485, #8683 ) ) REPRESENTATION_CONTEXT ( 'NONE', 'WORKASPACE' ) );
#3883 = VERTEX_POINT ( 'NONE', #8080 ) ;
#3884 = ORIENTED_EDGE ( 'NONE', *, *, #5230, .T. ) ;
#3885 = DIRECTION ( 'NONE',  ( 1.000000000000000000, 0.000000000000000000, -1.291815354450813432E-16 ) ) ;
#3886 = ORIENTED_EDGE ( 'NONE', *, *, #2106, .F. ) ;
#3887 = FACE_OUTER_BOUND ( 'NONE', #9002, .T. ) ;
#3888 = AXIS2_PLACEMENT_3D ( 'NONE', #8725, #12772, #1627 ) ;
#3889 = PRESENTATION_STYLE_ASSIGNMENT (( #4675 ) ) ;
#3890 = STYLED_ITEM ( 'NONE', ( #7589 ), #1120 ) ;
#3891 = FILL_AREA_STYLE_COLOUR ( '', #12689 ) ;
#3892 = CARTESIAN_POINT ( 'NONE',  ( 2.964999999999998970, 0.000000000000000000, 0.000000000000000000 ) ) ;
#3893 = CARTESIAN_POINT ( 'NONE',  ( -6.344999999999994422, 0.4500000000000014544, -1.749999999999996003 ) ) ;
#3894 =( LENGTH_UNIT ( ) NAMED_UNIT ( * ) SI_UNIT ( .MILLI., .METRE. ) );
#3896 = EDGE_CURVE ( 'NONE', #7765, #10182, #12222, .T. ) ;
#3895 = CIRCLE ( 'NONE', #12403, 0.09999999995018464538 ) ;
#3897 = EDGE_CURVE ( 'NONE', #12984, #568, #7013, .T. ) ;
#3898 = CARTESIAN_POINT ( 'NONE',  ( 5.375000000000002665, 0.000000000000000000, 1.850000000000001421 ) ) ;
#3899 = ADVANCED_FACE ( 'NONE', ( #10206 ), #7090, .F. ) ;
#3900 = PLANE ( 'NONE',  #12871 ) ;
#3901 = VECTOR ( 'NONE', #12380, 1000.000000000000000 ) ;
#3902 = ORIENTED_EDGE ( 'NONE', *, *, #12809, .T. ) ;
#3903 = DIRECTION ( 'NONE',  ( 5.981805089575197183E-16, -1.000000000000000000, 0.000000000000000000 ) ) ;
#3904 = ORIENTED_EDGE ( 'NONE', *, *, #7720, .F. ) ;
#3905 = CARTESIAN_POINT ( 'NONE',  ( -5.375000000000000888, 0.000000000000000000, 1.850000000000001421 ) ) ;
#3906 = PLANE ( 'NONE',  #880 ) ;
#3907 = EDGE_CURVE ( 'NONE', #2264, #12471, #13065, .T. ) ;
#3908 = LINE ( 'NONE', #10725, #3220 ) ;
#3909 = VECTOR ( 'NONE', #7229, 1000.000000000000114 ) ;
#3910 = CARTESIAN_POINT ( 'NONE',  ( 5.421010862427514774E-17, 2.600000000000005862, -1.550000000000002931 ) ) ;
#3911 = UNCERTAINTY_MEASURE_WITH_UNIT (LENGTH_MEASURE( 1.000000000000000082E-05 ), #10637, 'distance_accuracy_value', 'NONE');
#3912 =( GEOMETRIC_REPRESENTATION_CONTEXT ( 3 ) GLOBAL_UNCERTAINTY_ASSIGNED_CONTEXT ( ( #3142 ) ) GLOBAL_UNIT_ASSIGNED_CONTEXT ( ( #2976, #1264, #8972 ) ) REPRESENTATION_CONTEXT ( 'NONE', 'WORKASPACE' ) );
#3913 = CARTESIAN_POINT ( 'NONE',  ( 4.300000000000004263, -3.243178672478381876E-15, -1.450000000000041034 ) ) ;
#3914 = STYLED_ITEM ( 'NONE', ( #12008 ), #9870 ) ;
#3915 = CARTESIAN_POINT ( 'NONE',  ( 2.034999999999999698, 0.4500000000000000111, 1.850000000000004530 ) ) ;
#3916 = COLOUR_RGB ( '',1.000000000000000000, 1.000000000000000000, 1.000000000000000000 ) ;
#3917 = ORIENTED_EDGE ( 'NONE', *, *, #10169, .T. ) ;
#3918 = FACE_OUTER_BOUND ( 'NONE', #8690, .T. ) ;
#3919 = ORIENTED_EDGE ( 'NONE', *, *, #6164, .T. ) ;
#3920 = PRESENTATION_STYLE_ASSIGNMENT (( #1797 ) ) ;
#3921 = CARTESIAN_POINT ( 'NONE',  ( -3.285000000000000586, 0.8750000000000022204, 0.8749999999999842348 ) ) ;
#3922 = DIRECTION ( 'NONE',  ( -0.000000000000000000, 4.858652729125647824E-17, 1.000000000000000000 ) ) ;
#3923 =( NAMED_UNIT ( * ) SI_UNIT ( $, .STERADIAN. ) SOLID_ANGLE_UNIT ( ) );
#3924 = DIRECTION ( 'NONE',  ( 1.000000000000000000, -0.000000000000000000, 0.000000000000000000 ) ) ;
#3926 = DIRECTION ( 'NONE',  ( -0.000000000000000000, 1.000000000000000000, 0.000000000000000000 ) ) ;
#3925 = UNCERTAINTY_MEASURE_WITH_UNIT (LENGTH_MEASURE( 1.000000000000000082E-05 ), #11753, 'distance_accuracy_value', 'NONE');
#3927 = DIRECTION ( 'NONE',  ( 0.000000000000000000, 0.000000000000000000, -1.000000000000000000 ) ) ;
#3928 = VECTOR ( 'NONE', #2336, 1000.000000000000000 ) ;
#3929 = CARTESIAN_POINT ( 'NONE',  ( -3.200000000000000622, 0.000000000000000000, -1.850000000000001865 ) ) ;
#3930 = LINE ( 'NONE', #2780, #12811 ) ;
#3931 = DIRECTION ( 'NONE',  ( 0.000000000000000000, 0.7071067811865469066, -0.7071067811865482389 ) ) ;
#3932 = VERTEX_POINT ( 'NONE', #10081 ) ;
#3933 =( GEOMETRIC_REPRESENTATION_CONTEXT ( 3 ) GLOBAL_UNCERTAINTY_ASSIGNED_CONTEXT ( ( #1803 ) ) GLOBAL_UNIT_ASSIGNED_CONTEXT ( ( #6061, #11508, #9244 ) ) REPRESENTATION_CONTEXT ( 'NONE', 'WORKASPACE' ) );
#3934 = ORIENTED_EDGE ( 'NONE', *, *, #10863, .F. ) ;
#3935 = SURFACE_STYLE_FILL_AREA ( #10118 ) ;
#3936 = EDGE_LOOP ( 'NONE', ( #8859, #3171, #12703, #4583 ) ) ;
#3937 = EDGE_LOOP ( 'NONE', ( #10231, #8002, #13003, #1502 ) ) ;
#3938 =( NAMED_UNIT ( * ) SI_UNIT ( $, .STERADIAN. ) SOLID_ANGLE_UNIT ( ) );
#3939 = COLOUR_RGB ( '',1.000000000000000000, 1.000000000000000000, 1.000000000000000000 ) ;
#3940 = ADVANCED_FACE ( 'NONE', ( #6021 ), #6222, .F. ) ;
#3941 = LINE ( 'NONE', #5928, #8220 ) ;
#3942 = PRESENTATION_STYLE_ASSIGNMENT (( #9929 ) ) ;
#3943 =( GEOMETRIC_REPRESENTATION_CONTEXT ( 3 ) GLOBAL_UNCERTAINTY_ASSIGNED_CONTEXT ( ( #5234 ) ) GLOBAL_UNIT_ASSIGNED_CONTEXT ( ( #1205, #5226, #9364 ) ) REPRESENTATION_CONTEXT ( 'NONE', 'WORKASPACE' ) );
#3944 = LINE ( 'NONE', #4861, #4180 ) ;
#3945 = SURFACE_SIDE_STYLE ('',( #7199 ) ) ;
#3946 = FACE_OUTER_BOUND ( 'NONE', #6545, .T. ) ;
#3947 = FACE_OUTER_BOUND ( 'NONE', #11385, .T. ) ;
#3948 = EDGE_CURVE ( 'NONE', #7437, #11545, #6155, .T. ) ;
#3949 = STYLED_ITEM ( 'NONE', ( #11290 ), #3532 ) ;
#3950 = CARTESIAN_POINT ( 'NONE',  ( -7.074999999999998401, 2.600000000000005862, -1.850000000000001865 ) ) ;
#3951 = ORIENTED_EDGE ( 'NONE', *, *, #11921, .T. ) ;
#3952 = CARTESIAN_POINT ( 'NONE',  ( 6.544999999999994600, 0.2500000000000001110, 0.3500000000000039746 ) ) ;
#3953 = VECTOR ( 'NONE', #7564, 1000.000000000000114 ) ;
#3954 = VECTOR ( 'NONE', #6573, 1000.000000000000000 ) ;
#3955 = VERTEX_POINT ( 'NONE', #12289 ) ;
#3956 = EDGE_LOOP ( 'NONE', ( #7508, #6005, #3075, #2027, #12189, #7251, #8242 ) ) ;
#3957 = ORIENTED_EDGE ( 'NONE', *, *, #1273, .T. ) ;
#3958 = EDGE_CURVE ( 'NONE', #3955, #73, #10278, .T. ) ;
#3959 = ORIENTED_EDGE ( 'NONE', *, *, #1032, .F. ) ;
#3960 = LINE ( 'NONE', #6805, #576 ) ;
#3961 =( GEOMETRIC_REPRESENTATION_CONTEXT ( 3 ) GLOBAL_UNCERTAINTY_ASSIGNED_CONTEXT ( ( #5751 ) ) GLOBAL_UNIT_ASSIGNED_CONTEXT ( ( #1048, #8224, #5128 ) ) REPRESENTATION_CONTEXT ( 'NONE', 'WORKASPACE' ) );
#3962 = CARTESIAN_POINT ( 'NONE',  ( 2.964999999999998970, 3.548929149633788249, 0.000000000000000000 ) ) ;
#3963 = LINE ( 'NONE', #12993, #8227 ) ;
#3964 = ADVANCED_FACE ( 'NONE', ( #13000 ), #3900, .F. ) ;
#3965 = LINE ( 'NONE', #7011, #11305 ) ;
#3966 = VECTOR ( 'NONE', #12724, 999.9999999999998863 ) ;
#3967 =( NAMED_UNIT ( * ) PLANE_ANGLE_UNIT ( ) SI_UNIT ( $, .RADIAN. ) );
#3968 = AXIS2_PLACEMENT_3D ( 'NONE', #6390, #7252, #11581 ) ;
#3969 = DIRECTION ( 'NONE',  ( -1.000000000000000000, -0.000000000000000000, -0.000000000000000000 ) ) ;
#3970 = UNCERTAINTY_MEASURE_WITH_UNIT (LENGTH_MEASURE( 1.000000000000000082E-05 ), #10829, 'distance_accuracy_value', 'NONE');
#3971 = STYLED_ITEM ( 'NONE', ( #3695 ), #4250 ) ;
#3972 = ORIENTED_EDGE ( 'NONE', *, *, #3989, .F. ) ;
#3973 = CARTESIAN_POINT ( 'NONE',  ( 5.875000000000005329, 0.3000000000000014322, 0.8000000000000005995 ) ) ;
#3974 = VECTOR ( 'NONE', #60, 1000.000000000000000 ) ;
#3975 = ORIENTED_EDGE ( 'NONE', *, *, #6384, .T. ) ;
#3976 = DIRECTION ( 'NONE',  ( 0.000000000000000000, 0.000000000000000000, -1.000000000000000000 ) ) ;
#3977 = PRESENTATION_STYLE_ASSIGNMENT (( #12097 ) ) ;
#3978 = PLANE ( 'NONE',  #3856 ) ;
#3979 = DIRECTION ( 'NONE',  ( 0.000000000000000000, -0.000000000000000000, 1.000000000000000000 ) ) ;
#3980 = MECHANICAL_DESIGN_GEOMETRIC_PRESENTATION_REPRESENTATION (  '', ( #9921 ), #13096 ) ;
#3981 =( NAMED_UNIT ( * ) PLANE_ANGLE_UNIT ( ) SI_UNIT ( $, .RADIAN. ) );
#3982 =( NAMED_UNIT ( * ) SI_UNIT ( $, .STERADIAN. ) SOLID_ANGLE_UNIT ( ) );
#3983 = SURFACE_STYLE_USAGE ( .BOTH. , #5019 ) ;
#3984 = MECHANICAL_DESIGN_GEOMETRIC_PRESENTATION_REPRESENTATION (  '', ( #3772 ), #10784 ) ;
#3985 = VECTOR ( 'NONE', #664, 1000.000000000000000 ) ;
#3986 = VERTEX_POINT ( 'NONE', #5278 ) ;
#3987 = ORIENTED_EDGE ( 'NONE', *, *, #4149, .T. ) ;
#3988 = DIRECTION ( 'NONE',  ( -1.000000000000000000, -0.000000000000000000, -0.000000000000000000 ) ) ;
#3989 = EDGE_CURVE ( 'NONE', #12388, #11463, #8351, .T. ) ;
#3990 =( LENGTH_UNIT ( ) NAMED_UNIT ( * ) SI_UNIT ( .MILLI., .METRE. ) );
#3991 = DIRECTION ( 'NONE',  ( -1.000000000000000000, 0.000000000000000000, 0.000000000000000000 ) ) ;
#3992 = LINE ( 'NONE', #8044, #12379 ) ;
#3993 = FILL_AREA_STYLE_COLOUR ( '', #3558 ) ;
#3994 =( NAMED_UNIT ( * ) SI_UNIT ( $, .STERADIAN. ) SOLID_ANGLE_UNIT ( ) );
#3995 = AXIS2_PLACEMENT_3D ( 'NONE', #10515, #3646, #7714 ) ;
#3996 = CARTESIAN_POINT ( 'NONE',  ( -7.125000000000001776, 2.078323961923568053, 0.8000000000000005995 ) ) ;
#3997 = LINE ( 'NONE', #5092, #2144 ) ;
#3998 = LINE ( 'NONE', #9109, #8817 ) ;
#3999 = ORIENTED_EDGE ( 'NONE', *, *, #1356, .T. ) ;
#4000 = ORIENTED_EDGE ( 'NONE', *, *, #12034, .T. ) ;
#4001 = ORIENTED_EDGE ( 'NONE', *, *, #12790, .T. ) ;
#4002 = ORIENTED_EDGE ( 'NONE', *, *, #11441, .F. ) ;
#4003 = CARTESIAN_POINT ( 'NONE',  ( -4.925000000000019362, 1.749999999999999778, 1.549999999999990274 ) ) ;
#4004 = DIRECTION ( 'NONE',  ( 0.000000000000000000, 4.814824860968090180E-32, 1.000000000000000000 ) ) ;
#4005 = DIRECTION ( 'NONE',  ( 0.000000000000000000, -0.7071067811865482389, 0.7071067811865469066 ) ) ;
#4006 = DIRECTION ( 'NONE',  ( 0.000000000000000000, 0.7071067811865402453, -0.7071067811865547892 ) ) ;
#4007 = LINE ( 'NONE', #4071, #717 ) ;
#4008 = CARTESIAN_POINT ( 'NONE',  ( -2.965000000000000746, 1.083335593717822357E-31, 2.250000000000004441 ) ) ;
#4009 = EDGE_LOOP ( 'NONE', ( #5583, #9800, #642, #9730, #5518, #822, #4924, #6615 ) ) ;
#4010 = SURFACE_STYLE_FILL_AREA ( #959 ) ;
#4011 = VERTEX_POINT ( 'NONE', #12415 ) ;
#4012 = ORIENTED_EDGE ( 'NONE', *, *, #4858, .T. ) ;
#4013 = ORIENTED_EDGE ( 'NONE', *, *, #3989, .T. ) ;
#4014 = CARTESIAN_POINT ( 'NONE',  ( 4.535000000000000142, 0.03083447080518480002, 0.1748709736949816407 ) ) ;
#4015 = EDGE_CURVE ( 'NONE', #6736, #2985, #3218, .T. ) ;
#4016 = VERTEX_POINT ( 'NONE', #7422 ) ;
#4017 = LINE ( 'NONE', #966, #9497 ) ;
#4018 = LINE ( 'NONE', #2223, #496 ) ;
#4019 = DIRECTION ( 'NONE',  ( 0.000000000000000000, -1.000000000000000000, 0.000000000000000000 ) ) ;
#4020 = SURFACE_STYLE_USAGE ( .BOTH. , #3015 ) ;
#4021 = PRESENTATION_LAYER_ASSIGNMENT (  '', '', ( #2530 ) ) ;
#4022 = EDGE_CURVE ( 'NONE', #535, #4660, #2292, .T. ) ;
#4023 = DIRECTION ( 'NONE',  ( -0.000000000000000000, -0.000000000000000000, 1.000000000000000000 ) ) ;
#4024 = ORIENTED_EDGE ( 'NONE', *, *, #1283, .F. ) ;
#4025 = EDGE_CURVE ( 'NONE', #1312, #8482, #7353, .T. ) ;
#4026 = DIRECTION ( 'NONE',  ( 1.196258353356355388E-15, 0.000000000000000000, -1.000000000000000000 ) ) ;
#4027 =( NAMED_UNIT ( * ) SI_UNIT ( $, .STERADIAN. ) SOLID_ANGLE_UNIT ( ) );
#4028 = ORIENTED_EDGE ( 'NONE', *, *, #3375, .T. ) ;
#4029 = DIRECTION ( 'NONE',  ( -0.2133021165724272306, -0.9621436710723736407, 0.1696518885279461319 ) ) ;
#4030 = DIRECTION ( 'NONE',  ( 0.000000000000000000, -1.000000000000000000, 4.858652729125647824E-17 ) ) ;
#4031 =( NAMED_UNIT ( * ) PLANE_ANGLE_UNIT ( ) SI_UNIT ( $, .RADIAN. ) );
#4032 = CARTESIAN_POINT ( 'NONE',  ( 1.714999999999999414, 0.3499999999999999223, 2.350000000000004530 ) ) ;
#4033 = DIRECTION ( 'NONE',  ( -0.7071067811865474617, -0.7071067811865474617, 0.000000000000000000 ) ) ;
#4034 = AXIS2_PLACEMENT_3D ( 'NONE', #5126, #11275, #11144 ) ;
#4035 = SURFACE_SIDE_STYLE ('',( #13140 ) ) ;
#4036 = LINE ( 'NONE', #8095, #9442 ) ;
#4037 = EDGE_CURVE ( 'NONE', #4416, #6771, #1380, .T. ) ;
#4038 = DIRECTION ( 'NONE',  ( -0.000000000000000000, -0.000000000000000000, -1.000000000000000000 ) ) ;
#4039 = EDGE_CURVE ( 'NONE', #4784, #2674, #1251, .T. ) ;
#4040 =( GEOMETRIC_REPRESENTATION_CONTEXT ( 3 ) GLOBAL_UNCERTAINTY_ASSIGNED_CONTEXT ( ( #5658 ) ) GLOBAL_UNIT_ASSIGNED_CONTEXT ( ( #1216, #5163, #9239 ) ) REPRESENTATION_CONTEXT ( 'NONE', 'WORKASPACE' ) );
#4041 = ORIENTED_EDGE ( 'NONE', *, *, #1921, .T. ) ;
#4042 = VERTEX_POINT ( 'NONE', #4351 ) ;
#4043 =( NAMED_UNIT ( * ) PLANE_ANGLE_UNIT ( ) SI_UNIT ( $, .RADIAN. ) );
#4044 =( NAMED_UNIT ( * ) PLANE_ANGLE_UNIT ( ) SI_UNIT ( $, .RADIAN. ) );
#4045 = CLOSED_SHELL ( 'NONE', ( #11506, #1497, #12593, #3328, #11341, #4237, #7275, #5498, #1456, #6221, #1840, #10195, #1925, #8665, #7735, #7539, #8497 ) ) ;
#4046 = EDGE_CURVE ( 'NONE', #5760, #1034, #8417, .T. ) ;
#4047 = UNCERTAINTY_MEASURE_WITH_UNIT (LENGTH_MEASURE( 1.000000000000000082E-05 ), #107, 'distance_accuracy_value', 'NONE');
#4048 = SURFACE_SIDE_STYLE ('',( #9045 ) ) ;
#4049 = VECTOR ( 'NONE', #9765, 999.9999999999998863 ) ;
#4050 = CARTESIAN_POINT ( 'NONE',  ( 4.535000000000000142, 0.4500000000000000111, 1.850000000000004530 ) ) ;
#4051 = PRESENTATION_STYLE_ASSIGNMENT (( #6916 ) ) ;
#4052 = PLANE ( 'NONE',  #9877 ) ;
#4053 = PRESENTATION_LAYER_ASSIGNMENT (  '', '', ( #9789 ) ) ;
#4054 = ORIENTED_EDGE ( 'NONE', *, *, #10146, .T. ) ;
#4055 = EDGE_LOOP ( 'NONE', ( #11091, #1632, #9852, #1777 ) ) ;
#4056 =( LENGTH_UNIT ( ) NAMED_UNIT ( * ) SI_UNIT ( .MILLI., .METRE. ) );
#4057 = ORIENTED_EDGE ( 'NONE', *, *, #1879, .F. ) ;
#4058 = ORIENTED_EDGE ( 'NONE', *, *, #4596, .F. ) ;
#4059 = CARTESIAN_POINT ( 'NONE',  ( -6.544999999999994600, 0.2500000000000017208, 0.3500000000000039746 ) ) ;
#4060 = AXIS2_PLACEMENT_3D ( 'NONE', #11942, #1763, #12926 ) ;
#4061 =( NAMED_UNIT ( * ) PLANE_ANGLE_UNIT ( ) SI_UNIT ( $, .RADIAN. ) );
#4062 =( NAMED_UNIT ( * ) SI_UNIT ( $, .STERADIAN. ) SOLID_ANGLE_UNIT ( ) );
#4063 = CARTESIAN_POINT ( 'NONE',  ( 2.034999999999999698, 0.000000000000000000, 0.000000000000000000 ) ) ;
#4064 = STYLED_ITEM ( 'NONE', ( #11570 ), #430 ) ;
#4065 = EDGE_CURVE ( 'NONE', #2097, #8140, #11192, .T. ) ;
#4066 = DIRECTION ( 'NONE',  ( 0.000000000000000000, 0.000000000000000000, -1.000000000000000000 ) ) ;
#4068 = DIRECTION ( 'NONE',  ( -0.000000000000000000, -0.000000000000000000, -1.000000000000000000 ) ) ;
#4067 = UNCERTAINTY_MEASURE_WITH_UNIT (LENGTH_MEASURE( 1.000000000000000082E-05 ), #6493, 'distance_accuracy_value', 'NONE');
#4069 = CARTESIAN_POINT ( 'NONE',  ( -5.275000000000024336, 1.749999999999999778, 0.9499999999999868550 ) ) ;
#4070 = CARTESIAN_POINT ( 'NONE',  ( -7.375000000000000000, 0.7999999999999999334, 0.9500000000000041744 ) ) ;
#4071 = CARTESIAN_POINT ( 'NONE',  ( 0.2794571363637860517, 0.1909000140257115508, 0.1466470997434465018 ) ) ;
#4072 = VECTOR ( 'NONE', #6364, 1000.000000000000000 ) ;
#4073 = COLOUR_RGB ( '',1.000000000000000000, 1.000000000000000000, 1.000000000000000000 ) ;
#4074 = FILL_AREA_STYLE ('',( #3275 ) ) ;
#4075 = VERTEX_POINT ( 'NONE', #8202 ) ;
#4076 = COLOUR_RGB ( '',1.000000000000000000, 0.8117647058823529438, 0.5019607843137254832 ) ;
#4077 = ORIENTED_EDGE ( 'NONE', *, *, #473, .T. ) ;
#4078 = ORIENTED_EDGE ( 'NONE', *, *, #9141, .F. ) ;
#4079 = VERTEX_POINT ( 'NONE', #12203 ) ;
#4080 =( GEOMETRIC_REPRESENTATION_CONTEXT ( 3 ) GLOBAL_UNCERTAINTY_ASSIGNED_CONTEXT ( ( #620 ) ) GLOBAL_UNIT_ASSIGNED_CONTEXT ( ( #6627, #2816, #6809 ) ) REPRESENTATION_CONTEXT ( 'NONE', 'WORKASPACE' ) );
#4081 = VECTOR ( 'NONE', #2955, 1000.000000000000000 ) ;
#4082 = CARTESIAN_POINT ( 'NONE',  ( 5.375000000000002665, 0.2999999999999999889, -0.9500000000000006217 ) ) ;
#4083 = DIRECTION ( 'NONE',  ( 0.000000000000000000, 0.000000000000000000, -1.000000000000000000 ) ) ;
#4084 = DIRECTION ( 'NONE',  ( -1.000000000000000000, -0.000000000000000000, -0.000000000000000000 ) ) ;
#4085 = DIRECTION ( 'NONE',  ( 0.000000000000000000, 0.000000000000000000, 1.000000000000000000 ) ) ;
#4086 = DIRECTION ( 'NONE',  ( 0.000000000000000000, 0.000000000000000000, -1.000000000000000000 ) ) ;
#4087 = AXIS2_PLACEMENT_3D ( 'NONE', #2611, #6610, #12477 ) ;
#4088 = CARTESIAN_POINT ( 'NONE',  ( 3.600000000000004530, -2.153449832247073786E-15, -1.850000000000001865 ) ) ;
#4089 = VERTEX_POINT ( 'NONE', #3192 ) ;
#4090 =( GEOMETRIC_REPRESENTATION_CONTEXT ( 3 ) GLOBAL_UNCERTAINTY_ASSIGNED_CONTEXT ( ( #6810 ) ) GLOBAL_UNIT_ASSIGNED_CONTEXT ( ( #117, #8078, #10409 ) ) REPRESENTATION_CONTEXT ( 'NONE', 'WORKASPACE' ) );
#4091 = CARTESIAN_POINT ( 'NONE',  ( 6.776263578034478443E-15, 2.600000000000005862, 0.6500000000000198952 ) ) ;
#4092 = STYLED_ITEM ( 'NONE', ( #9642 ), #1125 ) ;
#4093 = ORIENTED_EDGE ( 'NONE', *, *, #5319, .F. ) ;
#4094 = CARTESIAN_POINT ( 'NONE',  ( 4.214999999999999858, 1.749999999999999778, -1.125000000000033973 ) ) ;
#4095 = VERTEX_POINT ( 'NONE', #2018 ) ;
#4096 = CARTESIAN_POINT ( 'NONE',  ( 5.875000000000001776, 4.700000000000000178, 0.9499999999999855227 ) ) ;
#4097 = FACE_OUTER_BOUND ( 'NONE', #1655, .T. ) ;
#4098 = EDGE_CURVE ( 'NONE', #9620, #12502, #7258, .T. ) ;
#4099 = LINE ( 'NONE', #193, #4699 ) ;
#4100 = CARTESIAN_POINT ( 'NONE',  ( -4.215000000000000746, 0.1000000000000000056, 2.350000000000004530 ) ) ;
#4101 = VECTOR ( 'NONE', #5464, 1000.000000000000000 ) ;
#4102 = CARTESIAN_POINT ( 'NONE',  ( 5.275000000000025224, 4.400000000000000355, 0.1533846645330068370 ) ) ;
#4103 = LINE ( 'NONE', #1119, #10271 ) ;
#4104 = EDGE_CURVE ( 'NONE', #9528, #8823, #6996, .T. ) ;
#4105 =( GEOMETRIC_REPRESENTATION_CONTEXT ( 3 ) GLOBAL_UNCERTAINTY_ASSIGNED_CONTEXT ( ( #2696 ) ) GLOBAL_UNIT_ASSIGNED_CONTEXT ( ( #2335, #1292, #8671 ) ) REPRESENTATION_CONTEXT ( 'NONE', 'WORKASPACE' ) );
#4106 = DIRECTION ( 'NONE',  ( 1.000000000000000000, 0.000000000000000000, -1.233215741215733931E-16 ) ) ;
#4107 = STYLED_ITEM ( 'NONE', ( #3535 ), #1300 ) ;
#4108 = CARTESIAN_POINT ( 'NONE',  ( -0.6850000000000007194, 3.999999999999999112, -0.5250000000000403233 ) ) ;
#4109 = CARTESIAN_POINT ( 'NONE',  ( -1.462426537614711641, 0.4932555058087333966, -1.543333668776806888 ) ) ;
#4110 = CARTESIAN_POINT ( 'NONE',  ( -0.7850000000000010303, 3.548929149633788249, -0.9250000000000404565 ) ) ;
#4111 = AXIS2_PLACEMENT_3D ( 'NONE', #8229, #1255, #9346 ) ;
#4112 = ORIENTED_EDGE ( 'NONE', *, *, #1512, .T. ) ;
#4113 = FACE_OUTER_BOUND ( 'NONE', #4966, .T. ) ;
#4114 = ORIENTED_EDGE ( 'NONE', *, *, #8654, .F. ) ;
#4115 = DIRECTION ( 'NONE',  ( 0.000000000000000000, 0.000000000000000000, 1.000000000000000000 ) ) ;
#4116 =( GEOMETRIC_REPRESENTATION_CONTEXT ( 3 ) GLOBAL_UNCERTAINTY_ASSIGNED_CONTEXT ( ( #11627 ) ) GLOBAL_UNIT_ASSIGNED_CONTEXT ( ( #12944, #6714, #797 ) ) REPRESENTATION_CONTEXT ( 'NONE', 'WORKASPACE' ) );
#4118 = VECTOR ( 'NONE', #1652, 1000.000000000000000 ) ;
#4117 = DIRECTION ( 'NONE',  ( -6.570922257487672349E-16, -1.000000000000000000, 0.000000000000000000 ) ) ;
#4119 = EDGE_CURVE ( 'NONE', #785, #11670, #9257, .T. ) ;
#4120 = DIRECTION ( 'NONE',  ( -8.260587980841922016E-16, 1.000000000000000000, 0.000000000000000000 ) ) ;
#4121 = ADVANCED_FACE ( 'NONE', ( #6136 ), #164, .T. ) ;
#4122 = CARTESIAN_POINT ( 'NONE',  ( 1.714999999999999414, 1.350000000000001865, 1.350000000000004086 ) ) ;
#4123 = FACE_OUTER_BOUND ( 'NONE', #10199, .T. ) ;
#4124 = DIRECTION ( 'NONE',  ( 0.000000000000000000, 0.000000000000000000, -1.000000000000000000 ) ) ;
#4125 = EDGE_CURVE ( 'NONE', #4604, #7, #5257, .T. ) ;
#4126 =( NAMED_UNIT ( * ) PLANE_ANGLE_UNIT ( ) SI_UNIT ( $, .RADIAN. ) );
#4127 = DIRECTION ( 'NONE',  ( 1.000000000000000000, 0.000000000000000000, 0.000000000000000000 ) ) ;
#4128 = CARTESIAN_POINT ( 'NONE',  ( 3.600000000000007194, 4.700000000000005507, -1.750000000000039080 ) ) ;
#4129 = CARTESIAN_POINT ( 'NONE',  ( 4.925000000000019362, 1.749999999999999778, 0.9499999999999856337 ) ) ;
#4130 = VECTOR ( 'NONE', #10627, 1000.000000000000000 ) ;
#4131 = PRESENTATION_STYLE_ASSIGNMENT (( #7187 ) ) ;
#4132 = EDGE_LOOP ( 'NONE', ( #13037, #10015, #3121, #4093 ) ) ;
#4133 = VERTEX_POINT ( 'NONE', #10190 ) ;
#4134 = DIRECTION ( 'NONE',  ( 5.052592648476138302E-15, -1.000000000000000000, 0.000000000000000000 ) ) ;
#4135 = VERTEX_POINT ( 'NONE', #4143 ) ;
#4136 = EDGE_LOOP ( 'NONE', ( #1052, #3884, #9609, #11245, #2138, #7819 ) ) ;
#4137 = DIRECTION ( 'NONE',  ( 0.000000000000000000, -1.000000000000000000, -1.355252715606860081E-16 ) ) ;
#4138 = CARTESIAN_POINT ( 'NONE',  ( -4.535000000000001030, 0.1000000000000000056, 2.350000000000004530 ) ) ;
#4139 = ADVANCED_FACE ( 'NONE', ( #2090 ), #328, .T. ) ;
#4140 =( NAMED_UNIT ( * ) SI_UNIT ( $, .STERADIAN. ) SOLID_ANGLE_UNIT ( ) );
#4141 = LINE ( 'NONE', #227, #7392 ) ;
#4142 = EDGE_CURVE ( 'NONE', #12062, #7055, #6499, .T. ) ;
#4143 = CARTESIAN_POINT ( 'NONE',  ( 1.714999999999999414, 3.548929149633788693, -0.4454640388693684727 ) ) ;
#4144 = CARTESIAN_POINT ( 'NONE',  ( -6.544999999999994600, 0.2500000000000017208, -1.849999999999996092 ) ) ;
#4145 = CARTESIAN_POINT ( 'NONE',  ( -4.215000000000000746, 1.083335593717822357E-31, 2.250000000000004441 ) ) ;
#4146 =( GEOMETRIC_REPRESENTATION_CONTEXT ( 3 ) GLOBAL_UNCERTAINTY_ASSIGNED_CONTEXT ( ( #2975 ) ) GLOBAL_UNIT_ASSIGNED_CONTEXT ( ( #3674, #2670, #9782 ) ) REPRESENTATION_CONTEXT ( 'NONE', 'WORKASPACE' ) );
#4147 = LINE ( 'NONE', #6204, #4953 ) ;
#4148 = VERTEX_POINT ( 'NONE', #11355 ) ;
#4149 = EDGE_CURVE ( 'NONE', #13103, #5051, #5203, .T. ) ;
#4150 = ORIENTED_EDGE ( 'NONE', *, *, #8415, .T. ) ;
#4151 = VERTEX_POINT ( 'NONE', #2500 ) ;
#4152 = EDGE_LOOP ( 'NONE', ( #2141, #3104, #7219, #2029 ) ) ;
#4153 =( GEOMETRIC_REPRESENTATION_CONTEXT ( 3 ) GLOBAL_UNCERTAINTY_ASSIGNED_CONTEXT ( ( #3795 ) ) GLOBAL_UNIT_ASSIGNED_CONTEXT ( ( #88, #5856, #13100 ) ) REPRESENTATION_CONTEXT ( 'NONE', 'WORKASPACE' ) );
#4154 = DIRECTION ( 'NONE',  ( -0.000000000000000000, -0.000000000000000000, -1.000000000000000000 ) ) ;
#4155 = ADVANCED_FACE ( 'NONE', ( #3433 ), #11426, .F. ) ;
#4156 = PLANE ( 'NONE',  #909 ) ;
#4157 = DIRECTION ( 'NONE',  ( -0.000000000000000000, 1.000000000000000000, -0.000000000000000000 ) ) ;
#4158 = CARTESIAN_POINT ( 'NONE',  ( 6.344999999999994422, 1.199999999999998623, 0.3500000000000039746 ) ) ;
#4159 = VECTOR ( 'NONE', #10493, 1000.000000000000000 ) ;
#4160 = VECTOR ( 'NONE', #12746, 1000.000000000000000 ) ;
#4161 = DIRECTION ( 'NONE',  ( 0.000000000000000000, -1.000000000000000000, 0.000000000000000000 ) ) ;
#4162 = ORIENTED_EDGE ( 'NONE', *, *, #11441, .T. ) ;
#4163 =( GEOMETRIC_REPRESENTATION_CONTEXT ( 3 ) GLOBAL_UNCERTAINTY_ASSIGNED_CONTEXT ( ( #3765 ) ) GLOBAL_UNIT_ASSIGNED_CONTEXT ( ( #7066, #6071, #949 ) ) REPRESENTATION_CONTEXT ( 'NONE', 'WORKASPACE' ) );
#4164 = CARTESIAN_POINT ( 'NONE',  ( 4.535000000000000142, 0.3000000000000002665, 4.065758146820583696E-17 ) ) ;
#4165 = ORIENTED_EDGE ( 'NONE', *, *, #6164, .F. ) ;
#4166 = VERTEX_POINT ( 'NONE', #1462 ) ;
#4167 = CARTESIAN_POINT ( 'NONE',  ( -4.299999999999997158, -3.243178672478376749E-15, -1.850000000000001865 ) ) ;
#4168 = CARTESIAN_POINT ( 'NONE',  ( 0.4649999999999992473, 1.083335593717822357E-31, 2.250000000000004441 ) ) ;
#4169 = PRESENTATION_LAYER_ASSIGNMENT (  '', '', ( #3322 ) ) ;
#4170 = DIRECTION ( 'NONE',  ( 0.000000000000000000, 0.000000000000000000, -1.000000000000000000 ) ) ;
#4171 = VECTOR ( 'NONE', #11347, 1000.000000000000000 ) ;
#4172 = CARTESIAN_POINT ( 'NONE',  ( 5.875000000000004441, 0.2999999999999999889, -0.9500000000000006217 ) ) ;
#4173 = LINE ( 'NONE', #9220, #10709 ) ;
#4174 = FILL_AREA_STYLE_COLOUR ( '', #5195 ) ;
#4175 = VECTOR ( 'NONE', #5475, 1000.000000000000000 ) ;
#4176 = VERTEX_POINT ( 'NONE', #256 ) ;
#4177 = SURFACE_STYLE_USAGE ( .BOTH. , #1130 ) ;
#4178 = ORIENTED_EDGE ( 'NONE', *, *, #2127, .F. ) ;
#4179 = DIRECTION ( 'NONE',  ( -1.000000000000000000, -0.000000000000000000, -0.000000000000000000 ) ) ;
#4180 = VECTOR ( 'NONE', #10128, 1000.000000000000000 ) ;
#4181 = LINE ( 'NONE', #3315, #11514 ) ;
#4182 = ADVANCED_FACE ( 'NONE', ( #2364 ), #8360, .F. ) ;
#4183 = CARTESIAN_POINT ( 'NONE',  ( 4.535000000000000142, 0.4499999999999999556, 2.250000000000004441 ) ) ;
#4184 = EDGE_CURVE ( 'NONE', #5727, #1667, #5354, .T. ) ;
#4185 = LINE ( 'NONE', #10439, #3675 ) ;
#4186 = CARTESIAN_POINT ( 'NONE',  ( -6.875000000000006217, 1.400000000000000133, 0.3500000000000039746 ) ) ;
#4187 = MECHANICAL_DESIGN_GEOMETRIC_PRESENTATION_REPRESENTATION (  '', ( #9923 ), #598 ) ;
#4188 =( NAMED_UNIT ( * ) PLANE_ANGLE_UNIT ( ) SI_UNIT ( $, .RADIAN. ) );
#4189 = UNCERTAINTY_MEASURE_WITH_UNIT (LENGTH_MEASURE( 1.000000000000000082E-05 ), #4056, 'distance_accuracy_value', 'NONE');
#4190 = CARTESIAN_POINT ( 'NONE',  ( 0.000000000000000000, 4.700000000000000178, 0.000000000000000000 ) ) ;
#4191 =( NAMED_UNIT ( * ) SI_UNIT ( $, .STERADIAN. ) SOLID_ANGLE_UNIT ( ) );
#4192 = CARTESIAN_POINT ( 'NONE',  ( -5.374999999950209606, 1.749999999999999778, -0.7249377794898655969 ) ) ;
#4193 = COLOUR_RGB ( '',1.000000000000000000, 1.000000000000000000, 1.000000000000000000 ) ;
#4194 = CARTESIAN_POINT ( 'NONE',  ( 3.284999999999998810, 0.2787990747163040517, -1.581148123764847258 ) ) ;
#4195 = VECTOR ( 'NONE', #8720, 1000.000000000000000 ) ;
#4196 = ADVANCED_FACE ( 'NONE', ( #5424 ), #9500, .F. ) ;
#4197 = ADVANCED_FACE ( 'NONE', ( #4744 ), #9750, .F. ) ;
#4198 = ORIENTED_EDGE ( 'NONE', *, *, #12173, .T. ) ;
#4199 = LINE ( 'NONE', #8189, #11156 ) ;
#4200 = AXIS2_PLACEMENT_3D ( 'NONE', #8217, #4083, #8147 ) ;
#4201 = EDGE_LOOP ( 'NONE', ( #11437, #8382, #3186, #10719 ) ) ;
#4202 = VERTEX_POINT ( 'NONE', #4677 ) ;
#4203 = CARTESIAN_POINT ( 'NONE',  ( -7.074999999999998401, 2.100000000000005862, -1.550000000000001599 ) ) ;
#4204 =( GEOMETRIC_REPRESENTATION_CONTEXT ( 3 ) GLOBAL_UNCERTAINTY_ASSIGNED_CONTEXT ( ( #5494 ) ) GLOBAL_UNIT_ASSIGNED_CONTEXT ( ( #9170, #3318, #10308 ) ) REPRESENTATION_CONTEXT ( 'NONE', 'WORKASPACE' ) );
#4205 = CARTESIAN_POINT ( 'NONE',  ( -0.4650000000000010236, -1.125000000000002442, 1.125000000000004663 ) ) ;
#4206 = CARTESIAN_POINT ( 'NONE',  ( 2.034999999999999698, 1.350000000000001865, 1.350000000000004086 ) ) ;
#4207 = CARTESIAN_POINT ( 'NONE',  ( -4.925000000000019362, 3.700000000000000178, 1.549999999999990274 ) ) ;
#4209 = FILL_AREA_STYLE ('',( #6274 ) ) ;
#4208 = UNCERTAINTY_MEASURE_WITH_UNIT (LENGTH_MEASURE( 1.000000000000000082E-05 ), #4928, 'distance_accuracy_value', 'NONE');
#4210 = CARTESIAN_POINT ( 'NONE',  ( -2.035000000000000586, 2.865743636076471201, -1.125000000000033973 ) ) ;
#4211 = EDGE_CURVE ( 'NONE', #10387, #8916, #10875, .T. ) ;
#4212 = AXIS2_PLACEMENT_3D ( 'NONE', #3214, #3417, #3357 ) ;
#4213 = ORIENTED_EDGE ( 'NONE', *, *, #143, .T. ) ;
#4214 = LINE ( 'NONE', #3200, #12004 ) ;
#4215 = ADVANCED_FACE ( 'NONE', ( #12874 ), #5749, .T. ) ;
#4216 = ORIENTED_EDGE ( 'NONE', *, *, #10399, .T. ) ;
#4217 = ORIENTED_EDGE ( 'NONE', *, *, #2894, .T. ) ;
#4218 = VERTEX_POINT ( 'NONE', #11757 ) ;
#4219 = LINE ( 'NONE', #3077, #8849 ) ;
#4220 =( NAMED_UNIT ( * ) SI_UNIT ( $, .STERADIAN. ) SOLID_ANGLE_UNIT ( ) );
#4221 =( NAMED_UNIT ( * ) PLANE_ANGLE_UNIT ( ) SI_UNIT ( $, .RADIAN. ) );
#4222 = DIRECTION ( 'NONE',  ( 0.000000000000000000, -1.000000000000000000, 0.000000000000000000 ) ) ;
#4223 = ADVANCED_FACE ( 'NONE', ( #8751 ), #588, .F. ) ;
#4224 = EDGE_LOOP ( 'NONE', ( #7378, #5246, #9126, #4024 ) ) ;
#4225 =( LENGTH_UNIT ( ) NAMED_UNIT ( * ) SI_UNIT ( .MILLI., .METRE. ) );
#4226 = ORIENTED_EDGE ( 'NONE', *, *, #2866, .F. ) ;
#4227 = CARTESIAN_POINT ( 'NONE',  ( 0.5649999999999995026, 3.999999999999999112, -0.5250000000000403233 ) ) ;
#4228 = ORIENTED_EDGE ( 'NONE', *, *, #7472, .F. ) ;
#4229 = CARTESIAN_POINT ( 'NONE',  ( -7.375000000000000000, 2.600000000000005862, -1.850000000000001865 ) ) ;
#4230 = STYLED_ITEM ( 'NONE', ( #11489 ), #5899 ) ;
#4231 = SURFACE_STYLE_USAGE ( .BOTH. , #9216 ) ;
#4232 = CARTESIAN_POINT ( 'NONE',  ( 4.214999999999999858, 2.865743636076471201, -1.125000000000033973 ) ) ;
#4233 = DIRECTION ( 'NONE',  ( 0.7071067811865474617, -0.7071067811865474617, 0.000000000000000000 ) ) ;
#4234 = FILL_AREA_STYLE_COLOUR ( '', #4302 ) ;
#4235 = LINE ( 'NONE', #7227, #10048 ) ;
#4236 = LINE ( 'NONE', #8293, #3483 ) ;
#4237 = ADVANCED_FACE ( 'NONE', ( #5623 ), #9694, .T. ) ;
#4238 = CARTESIAN_POINT ( 'NONE',  ( -6.875000000000006217, 1.650000000000000799, -1.749999999999996003 ) ) ;
#4239 = PLANE ( 'NONE',  #8824 ) ;
#4240 = ORIENTED_EDGE ( 'NONE', *, *, #2964, .T. ) ;
#4241 = CARTESIAN_POINT ( 'NONE',  ( 2.964999999999998970, 0.000000000000000000, 2.350000000000004530 ) ) ;
#4242 = ORIENTED_EDGE ( 'NONE', *, *, #5568, .T. ) ;
#4243 = LINE ( 'NONE', #11438, #5427 ) ;
#4244 = CARTESIAN_POINT ( 'NONE',  ( 4.214999999999999858, 0.1000000000000000056, 2.350000000000004530 ) ) ;
#4245 = FILL_AREA_STYLE_COLOUR ( '', #2155 ) ;
#4246 = CARTESIAN_POINT ( 'NONE',  ( -3.065000000000000835, 4.000000000000000000, 0.000000000000000000 ) ) ;
#4247 = DIRECTION ( 'NONE',  ( 0.000000000000000000, 0.000000000000000000, 1.000000000000000000 ) ) ;
#4248 = LINE ( 'NONE', #3115, #1186 ) ;
#4249 = VECTOR ( 'NONE', #513, 1000.000000000000000 ) ;
#4250 = ADVANCED_FACE ( 'NONE', ( #8695 ), #4809, .F. ) ;
#4251 = ORIENTED_EDGE ( 'NONE', *, *, #1019, .T. ) ;
#4252 = CARTESIAN_POINT ( 'NONE',  ( 6.544999999999994600, 0.2500000000000001110, 0.3500000000000039746 ) ) ;
#4253 = STYLED_ITEM ( 'NONE', ( #1421 ), #133 ) ;
#4254 = ORIENTED_EDGE ( 'NONE', *, *, #473, .F. ) ;
#4255 = VERTEX_POINT ( 'NONE', #1043 ) ;
#4256 = LINE ( 'NONE', #12572, #1640 ) ;
#4257 = FILL_AREA_STYLE_COLOUR ( '', #8939 ) ;
#4258 = SURFACE_STYLE_USAGE ( .BOTH. , #224 ) ;
#4259 = VECTOR ( 'NONE', #5853, 1000.000000000000000 ) ;
#4260 = EDGE_CURVE ( 'NONE', #12511, #73, #44, .T. ) ;
#4261 = PRESENTATION_STYLE_ASSIGNMENT (( #827 ) ) ;
#4262 = DIRECTION ( 'NONE',  ( 0.000000000000000000, 0.7071067811865482389, 0.7071067811865469066 ) ) ;
#4263 = DIRECTION ( 'NONE',  ( -1.000000000000000000, 0.000000000000000000, -0.000000000000000000 ) ) ;
#4264 = CARTESIAN_POINT ( 'NONE',  ( -3.599999999999999201, 2.399999999999980815, 0.5499999999999810596 ) ) ;
#4265 = EDGE_CURVE ( 'NONE', #4166, #1601, #10006, .T. ) ;
#4266 = VECTOR ( 'NONE', #7429, 1000.000000000000000 ) ;
#4267 = MECHANICAL_DESIGN_GEOMETRIC_PRESENTATION_REPRESENTATION (  '', ( #7458 ), #12973 ) ;
#4268 = ORIENTED_EDGE ( 'NONE', *, *, #11145, .F. ) ;
#4269 = VERTEX_POINT ( 'NONE', #1964 ) ;
#4270 = ORIENTED_EDGE ( 'NONE', *, *, #2919, .T. ) ;
#4271 = STYLED_ITEM ( 'NONE', ( #11704 ), #548 ) ;
#4272 = ORIENTED_EDGE ( 'NONE', *, *, #11382, .F. ) ;
#4273 = CARTESIAN_POINT ( 'NONE',  ( 1.714999999999999414, 0.000000000000000000, 0.000000000000000000 ) ) ;
#4274 = DIRECTION ( 'NONE',  ( -0.000000000000000000, -1.000000000000000000, -0.000000000000000000 ) ) ;
#4275 = ADVANCED_FACE ( 'NONE', ( #8148 ), #968, .F. ) ;
#4276 = CARTESIAN_POINT ( 'NONE',  ( 6.875000000000006217, 1.649999999999999023, -1.749999999999997558 ) ) ;
#4277 = FACE_OUTER_BOUND ( 'NONE', #876, .T. ) ;
#4278 = EDGE_CURVE ( 'NONE', #8643, #2968, #2886, .T. ) ;
#4279 = VECTOR ( 'NONE', #7678, 1000.000000000000000 ) ;
#4280 =( LENGTH_UNIT ( ) NAMED_UNIT ( * ) SI_UNIT ( .MILLI., .METRE. ) );
#4281 = PRESENTATION_LAYER_ASSIGNMENT (  '', '', ( #261 ) ) ;
#4282 = DIRECTION ( 'NONE',  ( 0.000000000000000000, 0.000000000000000000, -1.000000000000000000 ) ) ;
#4283 = LINE ( 'NONE', #6292, #7071 ) ;
#4284 = ADVANCED_FACE ( 'NONE', ( #11207 ), #11009, .F. ) ;
#4285 = AXIS2_PLACEMENT_3D ( 'NONE', #5730, #11873, #6497 ) ;
#4286 = DIRECTION ( 'NONE',  ( 0.000000000000000000, 0.000000000000000000, -1.000000000000000000 ) ) ;
#4287 = ORIENTED_EDGE ( 'NONE', *, *, #2119, .F. ) ;
#4288 = VECTOR ( 'NONE', #7770, 999.9999999999998863 ) ;
#4289 = FACE_OUTER_BOUND ( 'NONE', #12228, .T. ) ;
#4290 = EDGE_CURVE ( 'NONE', #9470, #10001, #7086, .T. ) ;
#4291 = ORIENTED_EDGE ( 'NONE', *, *, #1395, .T. ) ;
#4292 = CARTESIAN_POINT ( 'NONE',  ( 6.875000000000006217, 1.649999999999999023, 0.3500000000000039746 ) ) ;
#4293 = ORIENTED_EDGE ( 'NONE', *, *, #5919, .F. ) ;
#4294 = AXIS2_PLACEMENT_3D ( 'NONE', #3729, #9721, #2720 ) ;
#4295 = SURFACE_SIDE_STYLE ('',( #7292 ) ) ;
#4296 = DIRECTION ( 'NONE',  ( 0.000000000000000000, -0.000000000000000000, 1.000000000000000000 ) ) ;
#4297 = DIRECTION ( 'NONE',  ( -0.000000000000000000, 1.000000000000000000, -0.000000000000000000 ) ) ;
#4298 = ADVANCED_FACE ( 'NONE', ( #8218 ), #9012, .F. ) ;
#4299 = UNCERTAINTY_MEASURE_WITH_UNIT (LENGTH_MEASURE( 1.000000000000000082E-05 ), #2904, 'distance_accuracy_value', 'NONE');
#4300 = ADVANCED_FACE ( 'NONE', ( #5122 ), #7010, .T. ) ;
#4301 = CARTESIAN_POINT ( 'NONE',  ( -2.035000000000000586, 0.03083447080518480002, 0.1748709736949816407 ) ) ;
#4302 = COLOUR_RGB ( '',1.000000000000000000, 1.000000000000000000, 1.000000000000000000 ) ;
#4303 = VECTOR ( 'NONE', #7098, 1000.000000000000000 ) ;
#4304 = CARTESIAN_POINT ( 'NONE',  ( 0.7849999999999992539, 0.3499999999999999223, 2.350000000000004530 ) ) ;
#4305 = ORIENTED_EDGE ( 'NONE', *, *, #8763, .F. ) ;
#4306 = EDGE_CURVE ( 'NONE', #11367, #4079, #7346, .T. ) ;
#4307 = STYLED_ITEM ( 'NONE', ( #1580 ), #8831 ) ;
#4308 = ORIENTED_EDGE ( 'NONE', *, *, #11271, .F. ) ;
#4309 = DIRECTION ( 'NONE',  ( 0.7071067811865474617, -0.7071067811865474617, 0.000000000000000000 ) ) ;
#4310 = CARTESIAN_POINT ( 'NONE',  ( 7.375000000000001776, 24.60698852501704437, 0.9499999999999968470 ) ) ;
#4311 = STYLED_ITEM ( 'NONE', ( #11726 ), #2168 ) ;
#4312 = CARTESIAN_POINT ( 'NONE',  ( 2.034999999999999698, 1.749999999999999778, -1.125000000000033973 ) ) ;
#4313 =( GEOMETRIC_REPRESENTATION_CONTEXT ( 3 ) GLOBAL_UNCERTAINTY_ASSIGNED_CONTEXT ( ( #4750 ) ) GLOBAL_UNIT_ASSIGNED_CONTEXT ( ( #10599, #7407, #8474 ) ) REPRESENTATION_CONTEXT ( 'NONE', 'WORKASPACE' ) );
#4314 = FILL_AREA_STYLE ('',( #11236 ) ) ;
#4315 = DIRECTION ( 'NONE',  ( -0.000000000000000000, 1.000000000000000000, -0.000000000000000000 ) ) ;
#4316 = DIRECTION ( 'NONE',  ( -1.000000000000000000, -0.000000000000000000, -0.000000000000000000 ) ) ;
#4317 = CARTESIAN_POINT ( 'NONE',  ( -1.935000000000000497, 4.000000000000000000, -0.9250000000000404565 ) ) ;
#4318 = VECTOR ( 'NONE', #6137, 1000.000000000000000 ) ;
#4319 = CARTESIAN_POINT ( 'NONE',  ( -6.544999999999994600, 0.4500000000000015099, -1.749999999999996003 ) ) ;
#4320 = COLOUR_RGB ( '',1.000000000000000000, 1.000000000000000000, 1.000000000000000000 ) ;
#4321 = ORIENTED_EDGE ( 'NONE', *, *, #9101, .F. ) ;
#4322 = CARTESIAN_POINT ( 'NONE',  ( -5.400881904447568438, 4.525881904447543569, 0.1283451969090873557 ) ) ;
#4323 = MECHANICAL_DESIGN_GEOMETRIC_PRESENTATION_REPRESENTATION (  '', ( #1162 ), #9005 ) ;
#4324 = ORIENTED_EDGE ( 'NONE', *, *, #7855, .T. ) ;
#4325 = ORIENTED_EDGE ( 'NONE', *, *, #3339, .T. ) ;
#4326 = CARTESIAN_POINT ( 'NONE',  ( 5.275000000000024336, 4.400000000000000355, 0.9499999999999856337 ) ) ;
#4327 = CARTESIAN_POINT ( 'NONE',  ( -4.535000000000001030, 2.865743636076471645, -0.3250000000000474731 ) ) ;
#4328 =( LENGTH_UNIT ( ) NAMED_UNIT ( * ) SI_UNIT ( .MILLI., .METRE. ) );
#4329 = VECTOR ( 'NONE', #1183, 1000.000000000000000 ) ;
#4330 = DIRECTION ( 'NONE',  ( 0.000000000000000000, 0.000000000000000000, 1.000000000000000000 ) ) ;
#4331 = PRESENTATION_STYLE_ASSIGNMENT (( #5523 ) ) ;
#4332 = ADVANCED_FACE ( 'NONE', ( #12410 ), #10349, .T. ) ;
#4334 = CARTESIAN_POINT ( 'NONE',  ( 5.575000000000018829, 4.700000000000000178, 0.1750000000000090372 ) ) ;
#4333 = UNCERTAINTY_MEASURE_WITH_UNIT (LENGTH_MEASURE( 1.000000000000000082E-05 ), #7315, 'distance_accuracy_value', 'NONE');
#4335 = CARTESIAN_POINT ( 'NONE',  ( 5.374999999950209606, 1.749999999999999778, -0.7249377794898669292 ) ) ;
#4336 = COLOUR_RGB ( '',1.000000000000000000, 1.000000000000000000, 1.000000000000000000 ) ;
#4337 = PRESENTATION_STYLE_ASSIGNMENT (( #292 ) ) ;
#4338 = VECTOR ( 'NONE', #9739, 1000.000000000000000 ) ;
#4339 = SURFACE_STYLE_FILL_AREA ( #369 ) ;
#4340 =( NAMED_UNIT ( * ) PLANE_ANGLE_UNIT ( ) SI_UNIT ( $, .RADIAN. ) );
#4341 = ORIENTED_EDGE ( 'NONE', *, *, #9802, .T. ) ;
#4342 = EDGE_CURVE ( 'NONE', #10044, #10197, #2348, .T. ) ;
#4343 = VERTEX_POINT ( 'NONE', #2225 ) ;
#4344 = VERTEX_POINT ( 'NONE', #5272 ) ;
#4345 = VECTOR ( 'NONE', #12846, 1000.000000000000000 ) ;
#4346 = ORIENTED_EDGE ( 'NONE', *, *, #11727, .T. ) ;
#4347 = SURFACE_STYLE_FILL_AREA ( #305 ) ;
#4348 = LINE ( 'NONE', #6350, #11645 ) ;
#4349 = VECTOR ( 'NONE', #8268, 1000.000000000000000 ) ;
#4350 = VECTOR ( 'NONE', #2521, 1000.000000000000000 ) ;
#4351 = CARTESIAN_POINT ( 'NONE',  ( 6.875000000000006217, 1.649999999999999023, 0.3500000000000039746 ) ) ;
#4352 = VERTEX_POINT ( 'NONE', #2159 ) ;
#4353 = CARTESIAN_POINT ( 'NONE',  ( -4.299999999999997158, -3.243178672478376749E-15, -1.450000000000039702 ) ) ;
#4354 = ORIENTED_EDGE ( 'NONE', *, *, #4522, .T. ) ;
#4355 = CARTESIAN_POINT ( 'NONE',  ( 6.344999999999994422, 1.199999999999998401, -1.749999999999997113 ) ) ;
#4356 = ADVANCED_FACE ( 'NONE', ( #4277 ), #6216, .F. ) ;
#4357 = ORIENTED_EDGE ( 'NONE', *, *, #7060, .F. ) ;
#4358 = VECTOR ( 'NONE', #11891, 1000.000000000000000 ) ;
#4359 = CARTESIAN_POINT ( 'NONE',  ( -5.275000000000024336, 4.400000000000000355, -1.450000000000039702 ) ) ;
#4360 = DIRECTION ( 'NONE',  ( -0.000000000000000000, 1.000000000000000000, -0.000000000000000000 ) ) ;
#4361 = CARTESIAN_POINT ( 'NONE',  ( 6.544999999999994600, 0.4499999999999999001, 0.3500000000000039746 ) ) ;
#4362 = DIRECTION ( 'NONE',  ( -5.981805089575197183E-16, -1.000000000000000000, 7.376856197348526375E-32 ) ) ;
#4363 = STYLED_ITEM ( 'NONE', ( #3920 ), #11394 ) ;
#4364 = SURFACE_STYLE_USAGE ( .BOTH. , #1326 ) ;
#4365 = CARTESIAN_POINT ( 'NONE',  ( -6.544999999999994600, 1.400000000000000133, 0.3500000000000039746 ) ) ;
#4366 =( LENGTH_UNIT ( ) NAMED_UNIT ( * ) SI_UNIT ( .MILLI., .METRE. ) );
#4367 = STYLED_ITEM ( 'NONE', ( #12326 ), #4121 ) ;
#4368 = CARTESIAN_POINT ( 'NONE',  ( -4.215000000000000746, 0.8750000000000022204, 0.8749999999999842348 ) ) ;
#4369 = ORIENTED_EDGE ( 'NONE', *, *, #11779, .F. ) ;
#4370 = EDGE_CURVE ( 'NONE', #1204, #893, #5538, .T. ) ;
#4371 = VERTEX_POINT ( 'NONE', #6793 ) ;
#4372 = DIRECTION ( 'NONE',  ( 7.542275982507856161E-16, 1.000000000000000000, 0.000000000000000000 ) ) ;
#4373 = COLOUR_RGB ( '',1.000000000000000000, 1.000000000000000000, 1.000000000000000000 ) ;
#4374 = STYLED_ITEM ( 'NONE', ( #4939 ), #10697 ) ;
#4375 = VERTEX_POINT ( 'NONE', #8613 ) ;
#4376 = PLANE ( 'NONE',  #5100 ) ;
#4377 = COLOUR_RGB ( '',1.000000000000000000, 0.8117647058823529438, 0.5019607843137254832 ) ;
#4378 = SURFACE_STYLE_USAGE ( .BOTH. , #6318 ) ;
#4379 =( NAMED_UNIT ( * ) SI_UNIT ( $, .STERADIAN. ) SOLID_ANGLE_UNIT ( ) );
#4380 =( NAMED_UNIT ( * ) SI_UNIT ( $, .STERADIAN. ) SOLID_ANGLE_UNIT ( ) );
#4381 = VECTOR ( 'NONE', #1302, 1000.000000000000000 ) ;
#4382 =( GEOMETRIC_REPRESENTATION_CONTEXT ( 3 ) GLOBAL_UNCERTAINTY_ASSIGNED_CONTEXT ( ( #12841 ) ) GLOBAL_UNIT_ASSIGNED_CONTEXT ( ( #8661, #1488, #4517 ) ) REPRESENTATION_CONTEXT ( 'NONE', 'WORKASPACE' ) );
#4383 =( LENGTH_UNIT ( ) NAMED_UNIT ( * ) SI_UNIT ( .MILLI., .METRE. ) );
#4384 = VECTOR ( 'NONE', #10674, 1000.000000000000000 ) ;
#4385 = EDGE_CURVE ( 'NONE', #10988, #340, #3550, .T. ) ;
#4386 = ORIENTED_EDGE ( 'NONE', *, *, #2961, .F. ) ;
#4387 = VERTEX_POINT ( 'NONE', #2610 ) ;
#4388 = VERTEX_POINT ( 'NONE', #5675 ) ;
#4389 = LINE ( 'NONE', #3263, #7150 ) ;
#4390 = PRESENTATION_LAYER_ASSIGNMENT (  '', '', ( #9508 ) ) ;
#4391 = FILL_AREA_STYLE_COLOUR ( '', #11296 ) ;
#4392 = CARTESIAN_POINT ( 'NONE',  ( 7.125000000000005329, 0.5499999999999983791, -1.850000000000001865 ) ) ;
#4393 = AXIS2_PLACEMENT_3D ( 'NONE', #3668, #2663, #1680 ) ;
#4394 = DIRECTION ( 'NONE',  ( -0.000000000000000000, -1.000000000000000000, 0.000000000000000000 ) ) ;
#4395 = COLOUR_RGB ( '',1.000000000000000000, 0.8117647058823529438, 0.5019607843137254832 ) ;
#4396 = FACE_OUTER_BOUND ( 'NONE', #1386, .T. ) ;
#4397 = CARTESIAN_POINT ( 'NONE',  ( -1.715000000000000746, 0.3499999999999999223, 2.350000000000004530 ) ) ;
#4398 = VECTOR ( 'NONE', #12017, 1000.000000000000000 ) ;
#4399 = ORIENTED_EDGE ( 'NONE', *, *, #5914, .F. ) ;
#4400 = CARTESIAN_POINT ( 'NONE',  ( -5.275000000000024336, 1.749999999999999778, -1.450000000000039702 ) ) ;
#4401 = VECTOR ( 'NONE', #6121, 1000.000000000000114 ) ;
#4402 = ORIENTED_EDGE ( 'NONE', *, *, #12271, .T. ) ;
#4403 = EDGE_LOOP ( 'NONE', ( #4251, #9543, #5670, #8542 ) ) ;
#4404 = PRESENTATION_LAYER_ASSIGNMENT (  '', '', ( #10148 ) ) ;
#4405 = EDGE_LOOP ( 'NONE', ( #2156, #8354, #357, #9380 ) ) ;
#4406 = SURFACE_SIDE_STYLE ('',( #8407 ) ) ;
#4407 = COLOUR_RGB ( '',1.000000000000000000, 1.000000000000000000, 1.000000000000000000 ) ;
#4408 =( LENGTH_UNIT ( ) NAMED_UNIT ( * ) SI_UNIT ( .MILLI., .METRE. ) );
#4409 = SURFACE_SIDE_STYLE ('',( #4664 ) ) ;
#4410 =( NAMED_UNIT ( * ) PLANE_ANGLE_UNIT ( ) SI_UNIT ( $, .RADIAN. ) );
#4411 = VECTOR ( 'NONE', #8275, 999.9999999999998863 ) ;
#4412 =( NAMED_UNIT ( * ) PLANE_ANGLE_UNIT ( ) SI_UNIT ( $, .RADIAN. ) );
#4413 = ORIENTED_EDGE ( 'NONE', *, *, #4733, .T. ) ;
#4414 = SURFACE_STYLE_USAGE ( .BOTH. , #1383 ) ;
#4415 = PLANE ( 'NONE',  #5657 ) ;
#4416 = VERTEX_POINT ( 'NONE', #11738 ) ;
#4417 = SURFACE_STYLE_USAGE ( .BOTH. , #3563 ) ;
#4418 = ORIENTED_EDGE ( 'NONE', *, *, #12683, .T. ) ;
#4419 = DIRECTION ( 'NONE',  ( 0.2588190451025203509, 0.000000000000000000, -0.9659258262890684232 ) ) ;
#4420 = DIRECTION ( 'NONE',  ( 0.000000000000000000, -1.000000000000000000, -1.355252715606880296E-16 ) ) ;
#4421 = CARTESIAN_POINT ( 'NONE',  ( -2.965000000000000746, 8.425943506694179847E-32, 1.750000000000004663 ) ) ;
#4422 = CARTESIAN_POINT ( 'NONE',  ( -5.275000000000025224, 1.749999999999999778, -0.7249377794898655969 ) ) ;
#4423 = SURFACE_SIDE_STYLE ('',( #455 ) ) ;
#4424 = CARTESIAN_POINT ( 'NONE',  ( 3.287500000000000533, -3.287500000000003197, -1.850000000000001865 ) ) ;
#4425 = UNCERTAINTY_MEASURE_WITH_UNIT (LENGTH_MEASURE( 1.000000000000000082E-05 ), #4366, 'distance_accuracy_value', 'NONE');
#4426 = LINE ( 'NONE', #8501, #13033 ) ;
#4427 = LINE ( 'NONE', #595, #6989 ) ;
#4428 = FACE_OUTER_BOUND ( 'NONE', #2637, .T. ) ;
#4429 = ORIENTED_EDGE ( 'NONE', *, *, #48, .F. ) ;
#4430 = ORIENTED_EDGE ( 'NONE', *, *, #11776, .T. ) ;
#4431 = VECTOR ( 'NONE', #5145, 1000.000000000000000 ) ;
#4432 = ORIENTED_EDGE ( 'NONE', *, *, #5320, .F. ) ;
#4433 = LINE ( 'NONE', #8302, #12652 ) ;
#4434 = SURFACE_STYLE_USAGE ( .BOTH. , #409 ) ;
#4435 = FACE_OUTER_BOUND ( 'NONE', #10002, .T. ) ;
#4436 = LINE ( 'NONE', #541, #10371 ) ;
#4437 = EDGE_CURVE ( 'NONE', #12968, #1369, #8803, .T. ) ;
#4438 = CARTESIAN_POINT ( 'NONE',  ( 7.574999999999993960, 0.07279404685324279700, 0.1500000000000088485 ) ) ;
#4439 = CARTESIAN_POINT ( 'NONE',  ( 4.535000000000000142, -1.125000000000002442, 1.125000000000004663 ) ) ;
#4440 = FILL_AREA_STYLE_COLOUR ( '', #9206 ) ;
#4441 = EDGE_CURVE ( 'NONE', #5875, #2411, #7620, .T. ) ;
#4442 = SURFACE_STYLE_FILL_AREA ( #4509 ) ;
#4443 = VERTEX_POINT ( 'NONE', #9736 ) ;
#4444 = ORIENTED_EDGE ( 'NONE', *, *, #8460, .F. ) ;
#4445 = ORIENTED_EDGE ( 'NONE', *, *, #1791, .T. ) ;
#4446 = DIRECTION ( 'NONE',  ( -1.000000000000000000, -0.000000000000000000, -0.000000000000000000 ) ) ;
#4447 = LINE ( 'NONE', #8526, #7466 ) ;
#4448 = DIRECTION ( 'NONE',  ( 0.000000000000000000, 4.814824860968090180E-32, 1.000000000000000000 ) ) ;
#4449 = CARTESIAN_POINT ( 'NONE',  ( 4.535000000000000142, 1.083335593717822357E-31, 2.250000000000004441 ) ) ;
#4450 = DIRECTION ( 'NONE',  ( 0.000000000000000000, -1.000000000000000000, 0.000000000000000000 ) ) ;
#4452 = CARTESIAN_POINT ( 'NONE',  ( 6.094999999999994422, 1.649999999999999023, 0.3500000000000039746 ) ) ;
#4451 = UNCERTAINTY_MEASURE_WITH_UNIT (LENGTH_MEASURE( 1.000000000000000082E-05 ), #11895, 'distance_accuracy_value', 'NONE');
#4453 = ADVANCED_FACE ( 'NONE', ( #4541 ), #11674, .F. ) ;
#4454 = CARTESIAN_POINT ( 'NONE',  ( -3.287499999999996536, -3.287499999999999201, -1.850000000000001865 ) ) ;
#4455 = STYLED_ITEM ( 'NONE', ( #5060 ), #6149 ) ;
#4456 = LINE ( 'NONE', #10258, #5238 ) ;
#4457 = DIRECTION ( 'NONE',  ( -0.000000000000000000, 1.000000000000000000, -0.000000000000000000 ) ) ;
#4458 = VERTEX_POINT ( 'NONE', #2543 ) ;
#4459 = DIRECTION ( 'NONE',  ( -1.000000000000000000, 0.000000000000000000, 0.000000000000000000 ) ) ;
#4460 = ORIENTED_EDGE ( 'NONE', *, *, #12625, .F. ) ;
#4461 = ORIENTED_EDGE ( 'NONE', *, *, #2671, .T. ) ;
#4462 = COLOUR_RGB ( '',1.000000000000000000, 0.8117647058823529438, 0.5019607843137254832 ) ;
#4464 = ADVANCED_FACE ( 'NONE', ( #10743 ), #1637, .F. ) ;
#4463 = ORIENTED_EDGE ( 'NONE', *, *, #6661, .T. ) ;
#4465 = CARTESIAN_POINT ( 'NONE',  ( -6.344999999999994422, 1.200000000000000178, -1.749999999999996003 ) ) ;
#4466 = DIRECTION ( 'NONE',  ( 0.000000000000000000, 0.000000000000000000, 1.000000000000000000 ) ) ;
#4467 = PRESENTATION_LAYER_ASSIGNMENT (  '', '', ( #1090 ) ) ;
#4468 = FILL_AREA_STYLE_COLOUR ( '', #6329 ) ;
#4469 =( NAMED_UNIT ( * ) PLANE_ANGLE_UNIT ( ) SI_UNIT ( $, .RADIAN. ) );
#4470 = SURFACE_SIDE_STYLE ('',( #12346 ) ) ;
#4471 =( LENGTH_UNIT ( ) NAMED_UNIT ( * ) SI_UNIT ( .MILLI., .METRE. ) );
#4472 = PRESENTATION_LAYER_ASSIGNMENT (  '', '', ( #7458 ) ) ;
#4473 = DIRECTION ( 'NONE',  ( 0.000000000000000000, -0.9848077530122087975, 0.1736481776669264454 ) ) ;
#4474 = VERTEX_POINT ( 'NONE', #11875 ) ;
#4475 = LINE ( 'NONE', #9487, #10916 ) ;
#4476 = MECHANICAL_DESIGN_GEOMETRIC_PRESENTATION_REPRESENTATION (  '', ( #9151 ), #11929 ) ;
#4477 = CARTESIAN_POINT ( 'NONE',  ( 0.7849999999999992539, 0.4500000000000002331, 6.098637220230963674E-17 ) ) ;
#4478 = ORIENTED_EDGE ( 'NONE', *, *, #9565, .T. ) ;
#4479 = LINE ( 'NONE', #6357, #10855 ) ;
#4480 = PRESENTATION_LAYER_ASSIGNMENT (  '', '', ( #11729 ) ) ;
#4481 = ORIENTED_EDGE ( 'NONE', *, *, #9430, .T. ) ;
#4482 = CARTESIAN_POINT ( 'NONE',  ( -4.215000000000000746, 1.749999999999999778, 0.000000000000000000 ) ) ;
#4483 = PRESENTATION_LAYER_ASSIGNMENT (  '', '', ( #8945 ) ) ;
#4484 = CARTESIAN_POINT ( 'NONE',  ( -0.7850000000000010303, 0.4500000000000000111, 1.850000000000004530 ) ) ;
#4485 = CARTESIAN_POINT ( 'NONE',  ( -5.875000000000001776, 2.400000000000005684, 0.9500000000000005107 ) ) ;
#4486 = PRESENTATION_STYLE_ASSIGNMENT (( #1391 ) ) ;
#4487 =( NAMED_UNIT ( * ) PLANE_ANGLE_UNIT ( ) SI_UNIT ( $, .RADIAN. ) );
#4488 = VECTOR ( 'NONE', #5441, 1000.000000000000000 ) ;
#4489 = CARTESIAN_POINT ( 'NONE',  ( -5.875000000000001776, 2.900000000000003020, -1.550000000000001821 ) ) ;
#4490 = EDGE_CURVE ( 'NONE', #6265, #534, #9790, .T. ) ;
#4491 = PLANE ( 'NONE',  #10264 ) ;
#4492 = CARTESIAN_POINT ( 'NONE',  ( 2.964999999999998970, 1.749999999999999778, 0.000000000000000000 ) ) ;
#4493 = VECTOR ( 'NONE', #8766, 1000.000000000000000 ) ;
#4494 = ORIENTED_EDGE ( 'NONE', *, *, #8420, .T. ) ;
#4495 = EDGE_LOOP ( 'NONE', ( #3367, #7596, #189, #10301 ) ) ;
#4496 = LINE ( 'NONE', #467, #9242 ) ;
#4497 = CIRCLE ( 'NONE', #12579, 0.4499999999999999001 ) ;
#4498 = EDGE_LOOP ( 'NONE', ( #7946, #8607, #1890, #8257 ) ) ;
#4499 = SURFACE_STYLE_USAGE ( .BOTH. , #7509 ) ;
#4500 = DIRECTION ( 'NONE',  ( -1.000000000000000000, 0.000000000000000000, 0.000000000000000000 ) ) ;
#4501 = CARTESIAN_POINT ( 'NONE',  ( 3.200000000000007727, 0.000000000000000000, -1.450000000000040812 ) ) ;
#4502 = COLOUR_RGB ( '',1.000000000000000000, 1.000000000000000000, 1.000000000000000000 ) ;
#4503 = AXIS2_PLACEMENT_3D ( 'NONE', #10690, #9692, #1459 ) ;
#4504 = CARTESIAN_POINT ( 'NONE',  ( 4.535000000000000142, 0.2999999999999997113, 1.449999999999998623 ) ) ;
#4505 = CARTESIAN_POINT ( 'NONE',  ( 6.544999999999994600, 0.4499999999999999001, 0.3500000000000039746 ) ) ;
#4506 = SURFACE_SIDE_STYLE ('',( #9710 ) ) ;
#4507 =( GEOMETRIC_REPRESENTATION_CONTEXT ( 3 ) GLOBAL_UNCERTAINTY_ASSIGNED_CONTEXT ( ( #3471 ) ) GLOBAL_UNIT_ASSIGNED_CONTEXT ( ( #1675, #1865, #3923 ) ) REPRESENTATION_CONTEXT ( 'NONE', 'WORKASPACE' ) );
#4508 = SURFACE_STYLE_USAGE ( .BOTH. , #11650 ) ;
#4509 = FILL_AREA_STYLE ('',( #414 ) ) ;
#4510 =( GEOMETRIC_REPRESENTATION_CONTEXT ( 3 ) GLOBAL_UNCERTAINTY_ASSIGNED_CONTEXT ( ( #1157 ) ) GLOBAL_UNIT_ASSIGNED_CONTEXT ( ( #4280, #6086, #12345 ) ) REPRESENTATION_CONTEXT ( 'NONE', 'WORKASPACE' ) );
#4511 = ORIENTED_EDGE ( 'NONE', *, *, #2714, .T. ) ;
#4512 =( LENGTH_UNIT ( ) NAMED_UNIT ( * ) SI_UNIT ( .MILLI., .METRE. ) );
#4513 = ADVANCED_FACE ( 'NONE', ( #10609 ), #3749, .F. ) ;
#4514 = EDGE_CURVE ( 'NONE', #1956, #6442, #12785, .T. ) ;
#4515 = ORIENTED_EDGE ( 'NONE', *, *, #9430, .F. ) ;
#4516 = ORIENTED_EDGE ( 'NONE', *, *, #5404, .F. ) ;
#4517 =( NAMED_UNIT ( * ) SI_UNIT ( $, .STERADIAN. ) SOLID_ANGLE_UNIT ( ) );
#4518 = PRESENTATION_LAYER_ASSIGNMENT (  '', '', ( #4311 ) ) ;
#4520 = COLOUR_RGB ( '',1.000000000000000000, 1.000000000000000000, 1.000000000000000000 ) ;
#4519 = DIRECTION ( 'NONE',  ( 0.000000000000000000, -4.814824860968089633E-32, -1.000000000000000000 ) ) ;
#4521 = CARTESIAN_POINT ( 'NONE',  ( 3.184999999999998721, 4.000000000000000000, 0.000000000000000000 ) ) ;
#4522 = EDGE_CURVE ( 'NONE', #11480, #4375, #2680, .T. ) ;
#4523 = LINE ( 'NONE', #3400, #5985 ) ;
#4524 = LINE ( 'NONE', #1493, #11333 ) ;
#4525 = AXIS2_PLACEMENT_3D ( 'NONE', #5915, #3667, #9916 ) ;
#4526 = CARTESIAN_POINT ( 'NONE',  ( -4.215000000000000746, 8.425943506694179847E-32, 1.750000000000004663 ) ) ;
#4527 = SURFACE_SIDE_STYLE ('',( #9667 ) ) ;
#4528 = COLOUR_RGB ( '',1.000000000000000000, 1.000000000000000000, 1.000000000000000000 ) ;
#4529 = CARTESIAN_POINT ( 'NONE',  ( -0.4650000000000010236, 4.000000000000000000, -0.9250000000000404565 ) ) ;
#4530 = VECTOR ( 'NONE', #6167, 1000.000000000000000 ) ;
#4531 = EDGE_LOOP ( 'NONE', ( #12355, #9755, #8587, #6402 ) ) ;
#4532 = SURFACE_STYLE_FILL_AREA ( #4786 ) ;
#4534 = ADVANCED_FACE ( 'NONE', ( #10806 ), #1505, .T. ) ;
#4533 = MECHANICAL_DESIGN_GEOMETRIC_PRESENTATION_REPRESENTATION (  '', ( #9647 ), #6866 ) ;
#4535 = ORIENTED_EDGE ( 'NONE', *, *, #6750, .F. ) ;
#4536 = ORIENTED_EDGE ( 'NONE', *, *, #6751, .F. ) ;
#4537 = ORIENTED_EDGE ( 'NONE', *, *, #7884, .T. ) ;
#4538 = SURFACE_STYLE_USAGE ( .BOTH. , #11736 ) ;
#4539 = VECTOR ( 'NONE', #8579, 1000.000000000000000 ) ;
#4540 = STYLED_ITEM ( 'NONE', ( #9945 ), #1716 ) ;
#4541 = FACE_OUTER_BOUND ( 'NONE', #3005, .T. ) ;
#4542 = DIRECTION ( 'NONE',  ( 1.000000000000000000, 0.000000000000000000, -0.000000000000000000 ) ) ;
#4543 = CARTESIAN_POINT ( 'NONE',  ( -4.535000000000001030, 0.000000000000000000, 0.000000000000000000 ) ) ;
#4544 = DIRECTION ( 'NONE',  ( -0.000000000000000000, 0.000000000000000000, 1.000000000000000000 ) ) ;
#4545 =( GEOMETRIC_REPRESENTATION_CONTEXT ( 3 ) GLOBAL_UNCERTAINTY_ASSIGNED_CONTEXT ( ( #1139 ) ) GLOBAL_UNIT_ASSIGNED_CONTEXT ( ( #2615, #3814, #5613 ) ) REPRESENTATION_CONTEXT ( 'NONE', 'WORKASPACE' ) );
#4546 = VECTOR ( 'NONE', #2872, 1000.000000000000000 ) ;
#4547 = ORIENTED_EDGE ( 'NONE', *, *, #9312, .F. ) ;
#4548 = LINE ( 'NONE', #10750, #1600 ) ;
#4549 = EDGE_CURVE ( 'NONE', #4643, #3606, #10923, .T. ) ;
#4550 = CARTESIAN_POINT ( 'NONE',  ( -6.344999999999994422, 0.4500000000000014544, -1.749999999999996003 ) ) ;
#4551 = ORIENTED_EDGE ( 'NONE', *, *, #4549, .F. ) ;
#4552 = COLOUR_RGB ( '',1.000000000000000000, 0.8117647058823529438, 0.5019607843137254832 ) ;
#4553 = ORIENTED_EDGE ( 'NONE', *, *, #7881, .T. ) ;
#4554 = DIRECTION ( 'NONE',  ( -1.000000000000000000, 0.000000000000000000, 0.000000000000000000 ) ) ;
#4555 = CARTESIAN_POINT ( 'NONE',  ( 4.535000000000000142, 0.4500000000000002331, 6.098637220230963674E-17 ) ) ;
#4556 = CARTESIAN_POINT ( 'NONE',  ( -6.120735931288066922, 0.2999999999999999889, -1.749999999999996003 ) ) ;
#4557 = PRESENTATION_STYLE_ASSIGNMENT (( #2749 ) ) ;
#4558 = FILL_AREA_STYLE ('',( #397 ) ) ;
#4559 = UNCERTAINTY_MEASURE_WITH_UNIT (LENGTH_MEASURE( 1.000000000000000082E-05 ), #9481, 'distance_accuracy_value', 'NONE');
#4560 = VECTOR ( 'NONE', #6399, 1000.000000000000000 ) ;
#4561 = DIRECTION ( 'NONE',  ( -0.000000000000000000, -0.000000000000000000, 1.000000000000000000 ) ) ;
#4562 = LINE ( 'NONE', #11693, #745 ) ;
#4563 = DIRECTION ( 'NONE',  ( 0.000000000000000000, -1.355252715606880049E-16, 1.000000000000000000 ) ) ;
#4564 = EDGE_LOOP ( 'NONE', ( #6674, #2128, #9718, #13051 ) ) ;
#4565 = STYLED_ITEM ( 'NONE', ( #4766 ), #3424 ) ;
#4566 = ORIENTED_EDGE ( 'NONE', *, *, #3698, .T. ) ;
#4567 = SURFACE_STYLE_USAGE ( .BOTH. , #9757 ) ;
#4568 = ORIENTED_EDGE ( 'NONE', *, *, #12031, .T. ) ;
#4569 = CARTESIAN_POINT ( 'NONE',  ( -5.400881904447568438, 4.525881904447542681, -0.6283451969090768641 ) ) ;
#4570 = LINE ( 'NONE', #10707, #11087 ) ;
#4571 = MECHANICAL_DESIGN_GEOMETRIC_PRESENTATION_REPRESENTATION (  '', ( #6933 ), #11826 ) ;
#4572 = SURFACE_SIDE_STYLE ('',( #538 ) ) ;
#4573 = VECTOR ( 'NONE', #3638, 1000.000000000000000 ) ;
#4574 = SURFACE_STYLE_USAGE ( .BOTH. , #1608 ) ;
#4575 = LINE ( 'NONE', #10710, #11651 ) ;
#4576 = LINE ( 'NONE', #1479, #2280 ) ;
#4577 = LINE ( 'NONE', #7718, #6602 ) ;
#4578 = VECTOR ( 'NONE', #3222, 1000.000000000000000 ) ;
#4579 = ORIENTED_EDGE ( 'NONE', *, *, #7522, .T. ) ;
#4580 = CARTESIAN_POINT ( 'NONE',  ( 3.284999999999998810, 0.8750000000000022204, 0.8749999999999842348 ) ) ;
#4581 = ADVANCED_FACE ( 'NONE', ( #4913 ), #1880, .F. ) ;
#4582 = EDGE_CURVE ( 'NONE', #3742, #8464, #3944, .T. ) ;
#4583 = ORIENTED_EDGE ( 'NONE', *, *, #11797, .T. ) ;
#4584 = ORIENTED_EDGE ( 'NONE', *, *, #5027, .T. ) ;
#4585 = CARTESIAN_POINT ( 'NONE',  ( -0.7850000000000010303, 0.3000000000000002665, 4.065758146820583696E-17 ) ) ;
#4586 = CARTESIAN_POINT ( 'NONE',  ( 2.034999999999999698, 0.2999999999999997113, 1.449999999999998623 ) ) ;
#4587 =( LENGTH_UNIT ( ) NAMED_UNIT ( * ) SI_UNIT ( .MILLI., .METRE. ) );
#4588 = CARTESIAN_POINT ( 'NONE',  ( 5.994999999999993889, 0.4499999999999999001, -1.849999999999996758 ) ) ;
#4589 = MECHANICAL_DESIGN_GEOMETRIC_PRESENTATION_REPRESENTATION (  '', ( #9703 ), #6303 ) ;
#4590 = CARTESIAN_POINT ( 'NONE',  ( 6.875000000000006217, 1.399999999999998579, -1.749999999999997558 ) ) ;
#4591 = VECTOR ( 'NONE', #9384, 999.9999999999998863 ) ;
#4593 = PRESENTATION_STYLE_ASSIGNMENT (( #10978 ) ) ;
#4592 = UNCERTAINTY_MEASURE_WITH_UNIT (LENGTH_MEASURE( 1.000000000000000082E-05 ), #2317, 'distance_accuracy_value', 'NONE');
#4594 = LINE ( 'NONE', #12582, #1988 ) ;
#4595 = CARTESIAN_POINT ( 'NONE',  ( 3.284999999999998810, 1.083335593717822357E-31, 2.250000000000004441 ) ) ;
#4596 = EDGE_CURVE ( 'NONE', #7190, #7612, #1026, .T. ) ;
#4597 = CARTESIAN_POINT ( 'NONE',  ( 5.875000000000001776, 2.100000000000005862, -1.550000000000004929 ) ) ;
#4598 = ORIENTED_EDGE ( 'NONE', *, *, #3876, .T. ) ;
#4599 = EDGE_CURVE ( 'NONE', #6388, #4095, #3757, .T. ) ;
#4600 = ORIENTED_EDGE ( 'NONE', *, *, #2783, .T. ) ;
#4601 = SURFACE_SIDE_STYLE ('',( #4532 ) ) ;
#4602 = STYLED_ITEM ( 'NONE', ( #790 ), #12518 ) ;
#4603 =( GEOMETRIC_REPRESENTATION_CONTEXT ( 3 ) GLOBAL_UNCERTAINTY_ASSIGNED_CONTEXT ( ( #3108 ) ) GLOBAL_UNIT_ASSIGNED_CONTEXT ( ( #7442, #10509, #7177 ) ) REPRESENTATION_CONTEXT ( 'NONE', 'WORKASPACE' ) );
#4604 = VERTEX_POINT ( 'NONE', #12200 ) ;
#4605 = ORIENTED_EDGE ( 'NONE', *, *, #7228, .T. ) ;
#4606 = ORIENTED_EDGE ( 'NONE', *, *, #1208, .F. ) ;
#4607 = LINE ( 'NONE', #6479, #3966 ) ;
#4608 = VECTOR ( 'NONE', #1579, 1000.000000000000000 ) ;
#4609 = DIRECTION ( 'NONE',  ( -1.000000000000000000, -0.000000000000000000, -0.000000000000000000 ) ) ;
#4610 = SURFACE_STYLE_USAGE ( .BOTH. , #7680 ) ;
#4611 = DIRECTION ( 'NONE',  ( 0.2133021165724272028, 0.9621436710723735297, 0.1696518885279465483 ) ) ;
#4612 = AXIS2_PLACEMENT_3D ( 'NONE', #9285, #6362, #3160 ) ;
#4613 = CARTESIAN_POINT ( 'NONE',  ( -6.975000000000008527, 24.60698852501704437, -1.849999999999995204 ) ) ;
#4614 = MECHANICAL_DESIGN_GEOMETRIC_PRESENTATION_REPRESENTATION (  '', ( #6324 ), #3112 ) ;
#4615 = STYLED_ITEM ( 'NONE', ( #10597 ), #4816 ) ;
#4616 = ORIENTED_EDGE ( 'NONE', *, *, #4211, .F. ) ;
#4617 = SURFACE_STYLE_FILL_AREA ( #581 ) ;
#4618 = VERTEX_POINT ( 'NONE', #7994 ) ;
#4619 = EDGE_LOOP ( 'NONE', ( #10854, #2604, #10833, #12791 ) ) ;
#4620 = SURFACE_STYLE_FILL_AREA ( #12539 ) ;
#4621 = CARTESIAN_POINT ( 'NONE',  ( -0.7850000000000010303, 8.425943506694179847E-32, 1.750000000000004663 ) ) ;
#4622 = CARTESIAN_POINT ( 'NONE',  ( -6.050660588106660853, 0.2999999999999999889, -1.816508780773699705 ) ) ;
#4623 = DIRECTION ( 'NONE',  ( 0.000000000000000000, 1.355252715606880296E-16, -1.000000000000000000 ) ) ;
#4624 = VECTOR ( 'NONE', #6826, 1000.000000000000000 ) ;
#4625 = CARTESIAN_POINT ( 'NONE',  ( -3.900000000000000355, 0.000000000000000000, -1.450000000000039924 ) ) ;
#4626 = EDGE_CURVE ( 'NONE', #1473, #2154, #6995, .T. ) ;
#4627 = CARTESIAN_POINT ( 'NONE',  ( -1.715000000000000746, 0.2787990747163040517, -1.581148123764847258 ) ) ;
#4628 =( NAMED_UNIT ( * ) PLANE_ANGLE_UNIT ( ) SI_UNIT ( $, .RADIAN. ) );
#4629 = ORIENTED_EDGE ( 'NONE', *, *, #12783, .T. ) ;
#4630 = STYLED_ITEM ( 'NONE', ( #2683 ), #5301 ) ;
#4631 = VERTEX_POINT ( 'NONE', #5997 ) ;
#4632 = DIRECTION ( 'NONE',  ( -0.000000000000000000, 1.000000000000000000, -0.000000000000000000 ) ) ;
#4633 = ORIENTED_EDGE ( 'NONE', *, *, #11362, .F. ) ;
#4634 = LINE ( 'NONE', #5632, #11163 ) ;
#4635 = LINE ( 'NONE', #6709, #5110 ) ;
#4636 = FILL_AREA_STYLE_COLOUR ( '', #11939 ) ;
#4637 = EDGE_CURVE ( 'NONE', #12735, #5040, #2795, .T. ) ;
#4638 = LINE ( 'NONE', #3714, #11541 ) ;
#4639 = LINE ( 'NONE', #10775, #1465 ) ;
#4640 = CARTESIAN_POINT ( 'NONE',  ( 6.120735931288066034, 0.2999999999999999889, -1.749999999999997558 ) ) ;
#4641 = SURFACE_STYLE_USAGE ( .BOTH. , #11708 ) ;
#4642 = CARTESIAN_POINT ( 'NONE',  ( 2.779457136363786329, 0.1909000140257115508, 0.1466470997434465018 ) ) ;
#4643 = VERTEX_POINT ( 'NONE', #5105 ) ;
#4644 = LINE ( 'NONE', #5710, #11810 ) ;
#4645 = VERTEX_POINT ( 'NONE', #8062 ) ;
#4646 = EDGE_LOOP ( 'NONE', ( #8256, #2614, #9700, #7438 ) ) ;
#4647 =( NAMED_UNIT ( * ) PLANE_ANGLE_UNIT ( ) SI_UNIT ( $, .RADIAN. ) );
#4648 = PLANE ( 'NONE',  #1541 ) ;
#4649 = CARTESIAN_POINT ( 'NONE',  ( -3.474328430929285721E-15, 3.250000000000009326, -1.450000000000040368 ) ) ;
#4650 = MECHANICAL_DESIGN_GEOMETRIC_PRESENTATION_REPRESENTATION (  '', ( #4230 ), #5716 ) ;
#4651 = CARTESIAN_POINT ( 'NONE',  ( -2.965000000000000746, 1.350000000000001865, 1.350000000000004086 ) ) ;
#4652 = LINE ( 'NONE', #10789, #1984 ) ;
#4653 = CARTESIAN_POINT ( 'NONE',  ( 5.575000000000018829, 1.749999999999999778, -0.6750000000000019318 ) ) ;
#4654 = PLANE ( 'NONE',  #3888 ) ;
#4655 = DIRECTION ( 'NONE',  ( 1.000000000000000000, -0.000000000000000000, 0.000000000000000000 ) ) ;
#4656 = ORIENTED_EDGE ( 'NONE', *, *, #12600, .T. ) ;
#4657 = ORIENTED_EDGE ( 'NONE', *, *, #5319, .T. ) ;
#4658 = EDGE_LOOP ( 'NONE', ( #12656, #13038, #6740, #11937 ) ) ;
#4659 = EDGE_CURVE ( 'NONE', #3784, #278, #12128, .T. ) ;
#4660 = VERTEX_POINT ( 'NONE', #11122 ) ;
#4661 = DIRECTION ( 'NONE',  ( 0.2133021165724272028, -0.9621436710723735297, -0.1696518885279465483 ) ) ;
#4662 = DIRECTION ( 'NONE',  ( -0.7071067811865479058, 0.7071067811865472397, 0.000000000000000000 ) ) ;
#4663 = ADVANCED_FACE ( 'NONE', ( #2017 ), #6069, .F. ) ;
#4664 = SURFACE_STYLE_FILL_AREA ( #508 ) ;
#4665 = LINE ( 'NONE', #6796, #10511 ) ;
#4666 =( GEOMETRIC_REPRESENTATION_CONTEXT ( 3 ) GLOBAL_UNCERTAINTY_ASSIGNED_CONTEXT ( ( #9392 ) ) GLOBAL_UNIT_ASSIGNED_CONTEXT ( ( #5003, #8940, #1896 ) ) REPRESENTATION_CONTEXT ( 'NONE', 'WORKASPACE' ) );
#4667 = ORIENTED_EDGE ( 'NONE', *, *, #3413, .F. ) ;
#4668 = CARTESIAN_POINT ( 'NONE',  ( -5.875000000000001776, 0.000000000000000000, -0.9500000000000006217 ) ) ;
#4669 = DIRECTION ( 'NONE',  ( 0.000000000000000000, -1.000000000000000000, 0.000000000000000000 ) ) ;
#4670 = VECTOR ( 'NONE', #11925, 1000.000000000000000 ) ;
#4671 = ORIENTED_EDGE ( 'NONE', *, *, #11681, .F. ) ;
#4672 = ADVANCED_FACE ( 'NONE', ( #9391 ), #1156, .T. ) ;
#4673 = VERTEX_POINT ( 'NONE', #4207 ) ;
#4674 = CARTESIAN_POINT ( 'NONE',  ( -2.035000000000000586, 3.548929149633788249, -0.9250000000000404565 ) ) ;
#4675 = SURFACE_STYLE_USAGE ( .BOTH. , #3693 ) ;
#4676 =( LENGTH_UNIT ( ) NAMED_UNIT ( * ) SI_UNIT ( .MILLI., .METRE. ) );
#4677 = CARTESIAN_POINT ( 'NONE',  ( -6.094999999999994422, 1.200000000000000178, 0.3500000000000039746 ) ) ;
#4678 = EDGE_CURVE ( 'NONE', #2358, #12966, #10529, .T. ) ;
#4679 = FACE_OUTER_BOUND ( 'NONE', #2649, .T. ) ;
#4680 = UNCERTAINTY_MEASURE_WITH_UNIT (LENGTH_MEASURE( 1.000000000000000082E-05 ), #8504, 'distance_accuracy_value', 'NONE');
#4681 = VECTOR ( 'NONE', #868, 1000.000000000000000 ) ;
#4682 = DIRECTION ( 'NONE',  ( 0.000000000000000000, 1.000000000000000000, -4.858652729125647208E-17 ) ) ;
#4683 = FACE_OUTER_BOUND ( 'NONE', #7092, .T. ) ;
#4684 = CARTESIAN_POINT ( 'NONE',  ( 3.284999999999998810, 1.749999999999999778, 0.000000000000000000 ) ) ;
#4685 = ORIENTED_EDGE ( 'NONE', *, *, #3698, .F. ) ;
#4686 = VECTOR ( 'NONE', #12082, 1000.000000000000000 ) ;
#4687 = VERTEX_POINT ( 'NONE', #8393 ) ;
#4688 = DIRECTION ( 'NONE',  ( -1.000000000000000000, 0.000000000000000000, 0.000000000000000000 ) ) ;
#4689 = EDGE_CURVE ( 'NONE', #1347, #5500, #10328, .T. ) ;
#4690 = VERTEX_POINT ( 'NONE', #5177 ) ;
#4691 = LINE ( 'NONE', #11839, #2039 ) ;
#4692 = EDGE_CURVE ( 'NONE', #1298, #5098, #5255, .T. ) ;
#4693 = DIRECTION ( 'NONE',  ( -1.000000000000000000, 0.000000000000000000, 0.000000000000000000 ) ) ;
#4694 = AXIS2_PLACEMENT_3D ( 'NONE', #6961, #1903, #11083 ) ;
#4695 = DIRECTION ( 'NONE',  ( 0.000000000000000000, -1.000000000000000000, 0.000000000000000000 ) ) ;
#4696 = EDGE_CURVE ( 'NONE', #940, #10632, #9253, .T. ) ;
#4697 = DIRECTION ( 'NONE',  ( -0.2133021165724272306, 0.9621436710723736407, -0.1696518885279461319 ) ) ;
#4698 = VECTOR ( 'NONE', #12516, 1000.000000000000114 ) ;
#4699 = VECTOR ( 'NONE', #6232, 1000.000000000000000 ) ;
#4700 = EDGE_CURVE ( 'NONE', #2392, #10046, #4141, .T. ) ;
#4701 = ORIENTED_EDGE ( 'NONE', *, *, #5971, .F. ) ;
#4702 = CARTESIAN_POINT ( 'NONE',  ( 5.374999999950209606, 4.499999999950183849, -0.6249377795396822144 ) ) ;
#4703 = AXIS2_PLACEMENT_3D ( 'NONE', #7759, #2558, #1650 ) ;
#4704 = EDGE_LOOP ( 'NONE', ( #5648, #9836, #3902, #3677 ) ) ;
#4705 = ORIENTED_EDGE ( 'NONE', *, *, #4437, .F. ) ;
#4706 = DIRECTION ( 'NONE',  ( 0.000000000000000000, -0.000000000000000000, 1.000000000000000000 ) ) ;
#4707 = VECTOR ( 'NONE', #11772, 999.9999999999998863 ) ;
#4708 = SURFACE_SIDE_STYLE ('',( #487 ) ) ;
#4709 = CARTESIAN_POINT ( 'NONE',  ( -5.375000000000000888, -1.029563014098701546, -0.9500000000000006217 ) ) ;
#4710 = PRESENTATION_LAYER_ASSIGNMENT (  '', '', ( #10472 ) ) ;
#4711 = DIRECTION ( 'NONE',  ( 0.000000000000000000, -0.000000000000000000, -1.000000000000000000 ) ) ;
#4713 = LINE ( 'NONE', #9844, #4938 ) ;
#4712 = UNCERTAINTY_MEASURE_WITH_UNIT (LENGTH_MEASURE( 1.000000000000000082E-05 ), #5872, 'distance_accuracy_value', 'NONE');
#4714 = CARTESIAN_POINT ( 'NONE',  ( -1.715000000000000746, 1.749999999999999778, -1.125000000000033973 ) ) ;
#4715 = FACE_OUTER_BOUND ( 'NONE', #9317, .T. ) ;
#4716 = SURFACE_SIDE_STYLE ('',( #9977 ) ) ;
#4717 = VECTOR ( 'NONE', #4979, 1000.000000000000000 ) ;
#4718 = CARTESIAN_POINT ( 'NONE',  ( -0.7850000000000010303, -1.579062136966065191E-17, -0.3250000000000473066 ) ) ;
#4719 = AXIS2_PLACEMENT_3D ( 'NONE', #512, #8487, #4544 ) ;
#4720 = ORIENTED_EDGE ( 'NONE', *, *, #10895, .F. ) ;
#4721 = AXIS2_PLACEMENT_3D ( 'NONE', #6178, #2316, #11372 ) ;
#4722 = ORIENTED_EDGE ( 'NONE', *, *, #2077, .F. ) ;
#4723 = ORIENTED_EDGE ( 'NONE', *, *, #6797, .T. ) ;
#4724 = ORIENTED_EDGE ( 'NONE', *, *, #813, .T. ) ;
#4725 = MECHANICAL_DESIGN_GEOMETRIC_PRESENTATION_REPRESENTATION (  '', ( #1358 ), #2607 ) ;
#4726 =( LENGTH_UNIT ( ) NAMED_UNIT ( * ) SI_UNIT ( .MILLI., .METRE. ) );
#4727 = FILL_AREA_STYLE_COLOUR ( '', #10223 ) ;
#4728 = CARTESIAN_POINT ( 'NONE',  ( -3.285000000000000586, 0.000000000000000000, 0.000000000000000000 ) ) ;
#4729 = SURFACE_STYLE_USAGE ( .BOTH. , #7996 ) ;
#4730 = CARTESIAN_POINT ( 'NONE',  ( -1.715000000000000746, 0.1000000000000000056, 2.350000000000004530 ) ) ;
#4731 = VECTOR ( 'NONE', #9723, 1000.000000000000000 ) ;
#4732 = FACE_OUTER_BOUND ( 'NONE', #6023, .T. ) ;
#4733 = EDGE_CURVE ( 'NONE', #6707, #1115, #11457, .T. ) ;
#4734 = PRESENTATION_LAYER_ASSIGNMENT (  '', '', ( #3039 ) ) ;
#4735 = ORIENTED_EDGE ( 'NONE', *, *, #8420, .F. ) ;
#4736 = FILL_AREA_STYLE_COLOUR ( '', #105 ) ;
#4737 = MECHANICAL_DESIGN_GEOMETRIC_PRESENTATION_REPRESENTATION (  '', ( #3044 ), #4116 ) ;
#4738 = EDGE_CURVE ( 'NONE', #1148, #11019, #12517, .T. ) ;
#4739 = EDGE_LOOP ( 'NONE', ( #10772, #8628, #1449, #375 ) ) ;
#4740 =( LENGTH_UNIT ( ) NAMED_UNIT ( * ) SI_UNIT ( .MILLI., .METRE. ) );
#4741 = EDGE_CURVE ( 'NONE', #9313, #7453, #3125, .T. ) ;
#4742 = ORIENTED_EDGE ( 'NONE', *, *, #5339, .T. ) ;
#4743 = CARTESIAN_POINT ( 'NONE',  ( -4.215000000000000746, 2.865743636076471201, -1.125000000000033973 ) ) ;
#4744 = FACE_OUTER_BOUND ( 'NONE', #7308, .T. ) ;
#4745 = PRESENTATION_LAYER_ASSIGNMENT (  '', '', ( #7096 ) ) ;
#4746 = DIRECTION ( 'NONE',  ( -0.000000000000000000, 0.000000000000000000, 1.000000000000000000 ) ) ;
#4747 = STYLED_ITEM ( 'NONE', ( #2367 ), #2726 ) ;
#4748 = CARTESIAN_POINT ( 'NONE',  ( -5.875000000000001776, 24.60698852501704437, 0.9500000000000035083 ) ) ;
#4749 = AXIS2_PLACEMENT_3D ( 'NONE', #6864, #7937, #11932 ) ;
#4750 = UNCERTAINTY_MEASURE_WITH_UNIT (LENGTH_MEASURE( 1.000000000000000082E-05 ), #10599, 'distance_accuracy_value', 'NONE');
#4751 = EDGE_CURVE ( 'NONE', #5906, #2266, #9774, .T. ) ;
#4752 = EDGE_CURVE ( 'NONE', #12259, #9606, #9598, .T. ) ;
#4753 = DIRECTION ( 'NONE',  ( 1.000000000000000000, -0.000000000000000000, 0.000000000000000000 ) ) ;
#4754 = ORIENTED_EDGE ( 'NONE', *, *, #3283, .T. ) ;
#4755 = EDGE_CURVE ( 'NONE', #6736, #3135, #11662, .T. ) ;
#4756 = COLOUR_RGB ( '',1.000000000000000000, 1.000000000000000000, 1.000000000000000000 ) ;
#4757 = SURFACE_STYLE_FILL_AREA ( #6955 ) ;
#4758 = ORIENTED_EDGE ( 'NONE', *, *, #8682, .T. ) ;
#4759 = DIRECTION ( 'NONE',  ( 0.7071067811865474617, 0.7071067811865474617, -3.577684638927878412E-16 ) ) ;
#4760 = AXIS2_PLACEMENT_3D ( 'NONE', #2854, #4655, #13032 ) ;
#4761 =( NAMED_UNIT ( * ) SI_UNIT ( $, .STERADIAN. ) SOLID_ANGLE_UNIT ( ) );
#4762 = FILL_AREA_STYLE ('',( #9028 ) ) ;
#4763 = PLANE ( 'NONE',  #10824 ) ;
#4764 = DIRECTION ( 'NONE',  ( 0.000000000000000000, 0.000000000000000000, -1.000000000000000000 ) ) ;
#4765 = AXIS2_PLACEMENT_3D ( 'NONE', #6581, #10644, #1280 ) ;
#4766 = PRESENTATION_STYLE_ASSIGNMENT (( #8898 ) ) ;
#4767 = DIRECTION ( 'NONE',  ( 0.000000000000000000, -0.000000000000000000, -1.000000000000000000 ) ) ;
#4768 = EDGE_CURVE ( 'NONE', #2153, #3055, #11791, .T. ) ;
#4769 = EDGE_LOOP ( 'NONE', ( #5582, #4724, #9729, #7174 ) ) ;
#4770 = DIRECTION ( 'NONE',  ( -1.000000000000000000, 0.000000000000000000, 1.199542829132897993E-16 ) ) ;
#4771 = EDGE_LOOP ( 'NONE', ( #9192, #10451, #12555, #5989 ) ) ;
#4772 = ORIENTED_EDGE ( 'NONE', *, *, #6721, .F. ) ;
#4773 = DIRECTION ( 'NONE',  ( 0.000000000000000000, 0.000000000000000000, -1.000000000000000000 ) ) ;
#4774 = LINE ( 'NONE', #8846, #9366 ) ;
#4775 = AXIS2_PLACEMENT_3D ( 'NONE', #8822, #10879, #10820 ) ;
#4776 = PRESENTATION_STYLE_ASSIGNMENT (( #11721 ) ) ;
#4777 = FILL_AREA_STYLE ('',( #11979 ) ) ;
#4778 =( NAMED_UNIT ( * ) PLANE_ANGLE_UNIT ( ) SI_UNIT ( $, .RADIAN. ) );
#4779 = CARTESIAN_POINT ( 'NONE',  ( 3.284999999999998810, 1.350000000000001865, 1.350000000000004086 ) ) ;
#4780 = FILL_AREA_STYLE ('',( #3734 ) ) ;
#4781 = MECHANICAL_DESIGN_GEOMETRIC_PRESENTATION_REPRESENTATION (  '', ( #10102 ), #1628 ) ;
#4782 = PRESENTATION_STYLE_ASSIGNMENT (( #5787 ) ) ;
#4783 = PRESENTATION_STYLE_ASSIGNMENT (( #1932 ) ) ;
#4784 = VERTEX_POINT ( 'NONE', #11588 ) ;
#4785 = ORIENTED_EDGE ( 'NONE', *, *, #12879, .F. ) ;
#4786 = FILL_AREA_STYLE ('',( #5597 ) ) ;
#4787 = ORIENTED_EDGE ( 'NONE', *, *, #5339, .F. ) ;
#4788 = EDGE_LOOP ( 'NONE', ( #12621, #1382, #515, #11532 ) ) ;
#4789 = EDGE_LOOP ( 'NONE', ( #3706, #2100, #7944, #450 ) ) ;
#4790 = VECTOR ( 'NONE', #3903, 1000.000000000000000 ) ;
#4791 = LINE ( 'NONE', #9786, #12479 ) ;
#4792 = LINE ( 'NONE', #5796, #8552 ) ;
#4793 = PRESENTATION_STYLE_ASSIGNMENT (( #879 ) ) ;
#4794 = EDGE_CURVE ( 'NONE', #1077, #2221, #3465, .T. ) ;
#4795 = DIRECTION ( 'NONE',  ( -0.000000000000000000, -0.000000000000000000, -1.000000000000000000 ) ) ;
#4796 = STYLED_ITEM ( 'NONE', ( #11069 ), #4300 ) ;
#4797 = CARTESIAN_POINT ( 'NONE',  ( 5.375000000000002665, 0.2999999999999999889, 1.850000000000001421 ) ) ;
#4798 = CARTESIAN_POINT ( 'NONE',  ( 5.375000000000002665, 0.2999999999999999889, -0.9500000000000006217 ) ) ;
#4799 = AXIS2_PLACEMENT_3D ( 'NONE', #437, #10606, #2414 ) ;
#4800 = AXIS2_PLACEMENT_3D ( 'NONE', #7658, #5653, #4773 ) ;
#4801 = VERTEX_POINT ( 'NONE', #10726 ) ;
#4802 = DIRECTION ( 'NONE',  ( 0.000000000000000000, -0.000000000000000000, -1.000000000000000000 ) ) ;
#4803 = VERTEX_POINT ( 'NONE', #1676 ) ;
#4804 = ORIENTED_EDGE ( 'NONE', *, *, #5513, .F. ) ;
#4805 = DIRECTION ( 'NONE',  ( 0.000000000000000000, -4.814824860968089633E-32, -1.000000000000000000 ) ) ;
#4806 = LINE ( 'NONE', #11946, #6213 ) ;
#4807 = AXIS2_PLACEMENT_3D ( 'NONE', #4974, #6991, #12915 ) ;
#4808 = PLANE ( 'NONE',  #6317 ) ;
#4809 = PLANE ( 'NONE',  #11830 ) ;
#4810 = SURFACE_STYLE_USAGE ( .BOTH. , #778 ) ;
#4811 = UNCERTAINTY_MEASURE_WITH_UNIT (LENGTH_MEASURE( 1.000000000000000082E-05 ), #3567, 'distance_accuracy_value', 'NONE');
#4812 = PRESENTATION_STYLE_ASSIGNMENT (( #1967 ) ) ;
#4813 = COLOUR_RGB ( '',1.000000000000000000, 0.8117647058823529438, 0.5019607843137254832 ) ;
#4814 = MECHANICAL_DESIGN_GEOMETRIC_PRESENTATION_REPRESENTATION (  '', ( #4615 ), #7607 ) ;
#4815 = CARTESIAN_POINT ( 'NONE',  ( -4.215000000000000746, 0.4500000000000002331, 6.098637220230963674E-17 ) ) ;
#4816 = ADVANCED_FACE ( 'NONE', ( #11723 ), #5718, .T. ) ;
#4817 = LINE ( 'NONE', #12687, #9691 ) ;
#4818 = ORIENTED_EDGE ( 'NONE', *, *, #11879, .F. ) ;
#4819 = COLOUR_RGB ( '',1.000000000000000000, 1.000000000000000000, 1.000000000000000000 ) ;
#4820 = COLOUR_RGB ( '',0.7921568627450980005, 0.8196078431372548767, 0.9333333333333333481 ) ;
#4821 = ORIENTED_EDGE ( 'NONE', *, *, #2552, .F. ) ;
#4822 = LINE ( 'NONE', #8893, #1634 ) ;
#4823 =( NAMED_UNIT ( * ) PLANE_ANGLE_UNIT ( ) SI_UNIT ( $, .RADIAN. ) );
#4824 = EDGE_CURVE ( 'NONE', #12850, #8823, #7603, .T. ) ;
#4825 =( LENGTH_UNIT ( ) NAMED_UNIT ( * ) SI_UNIT ( .MILLI., .METRE. ) );
#4826 =( NAMED_UNIT ( * ) PLANE_ANGLE_UNIT ( ) SI_UNIT ( $, .RADIAN. ) );
#4827 = SURFACE_SIDE_STYLE ('',( #6964 ) ) ;
#4828 = UNCERTAINTY_MEASURE_WITH_UNIT (LENGTH_MEASURE( 1.000000000000000082E-05 ), #12457, 'distance_accuracy_value', 'NONE');
#4829 = CIRCLE ( 'NONE', #4200, 0.4499999999999999001 ) ;
#4830 = DIRECTION ( 'NONE',  ( -1.000000000000000000, -0.000000000000000000, -0.000000000000000000 ) ) ;
#4831 = EDGE_CURVE ( 'NONE', #1200, #11276, #10657, .T. ) ;
#4832 = AXIS2_PLACEMENT_3D ( 'NONE', #8063, #9120, #5866 ) ;
#4833 = DIRECTION ( 'NONE',  ( 0.000000000000000000, -1.000000000000000000, 0.000000000000000000 ) ) ;
#4834 = ORIENTED_EDGE ( 'NONE', *, *, #1943, .T. ) ;
#4835 = PLANE ( 'NONE',  #11384 ) ;
#4836 = ORIENTED_EDGE ( 'NONE', *, *, #9637, .T. ) ;
#4837 = ORIENTED_EDGE ( 'NONE', *, *, #7484, .T. ) ;
#4838 = PRESENTATION_STYLE_ASSIGNMENT (( #12953 ) ) ;
#4839 = SURFACE_STYLE_USAGE ( .BOTH. , #8967 ) ;
#4840 = ADVANCED_FACE ( 'NONE', ( #3597 ), #7663, .F. ) ;
#4841 = CARTESIAN_POINT ( 'NONE',  ( -4.535000000000001030, 1.749999999999999778, -0.3250000000000474176 ) ) ;
#4842 = DIRECTION ( 'NONE',  ( 1.000000000000000000, 0.000000000000000000, 0.000000000000000000 ) ) ;
#4843 = ADVANCED_FACE ( 'NONE', ( #619 ), #3730, .F. ) ;
#4845 = LINE ( 'NONE', #677, #10489 ) ;
#4844 = UNCERTAINTY_MEASURE_WITH_UNIT (LENGTH_MEASURE( 1.000000000000000082E-05 ), #4676, 'distance_accuracy_value', 'NONE');
#4846 = LINE ( 'NONE', #8787, #10892 ) ;
#4847 = SURFACE_SIDE_STYLE ('',( #1870 ) ) ;
#4848 = SURFACE_STYLE_FILL_AREA ( #623 ) ;
#4849 = DIRECTION ( 'NONE',  ( -0.9762960071199339174, 0.2164396139381006001, 0.000000000000000000 ) ) ;
#4850 = ORIENTED_EDGE ( 'NONE', *, *, #9823, .F. ) ;
#4851 = FILL_AREA_STYLE_COLOUR ( '', #12640 ) ;
#4852 = ORIENTED_EDGE ( 'NONE', *, *, #1327, .F. ) ;
#4853 = VERTEX_POINT ( 'NONE', #808 ) ;
#4854 = VECTOR ( 'NONE', #2577, 1000.000000000000000 ) ;
#4855 = LINE ( 'NONE', #1020, #6801 ) ;
#4856 = EDGE_CURVE ( 'NONE', #3380, #10046, #8970, .T. ) ;
#4857 = FACE_OUTER_BOUND ( 'NONE', #10135, .T. ) ;
#4858 = EDGE_CURVE ( 'NONE', #2341, #356, #8910, .T. ) ;
#4859 = FILL_AREA_STYLE ('',( #2145 ) ) ;
#4860 = CARTESIAN_POINT ( 'NONE',  ( 0.4649999999999992473, 1.749999999999999778, -1.125000000000033973 ) ) ;
#4861 = CARTESIAN_POINT ( 'NONE',  ( -4.215000000000000746, 0.3000000000000002665, 4.065758146820583696E-17 ) ) ;
#4862 = EDGE_CURVE ( 'NONE', #4387, #3771, #12957, .T. ) ;
#4863 = CARTESIAN_POINT ( 'NONE',  ( -0.7850000000000010303, 2.865743636076471201, -1.125000000000033973 ) ) ;
#4864 = PLANE ( 'NONE',  #12068 ) ;
#4865 = CARTESIAN_POINT ( 'NONE',  ( 4.535000000000000142, 2.865743636076471645, -0.3250000000000474731 ) ) ;
#4866 = DIRECTION ( 'NONE',  ( 0.000000000000000000, -0.000000000000000000, 1.000000000000000000 ) ) ;
#4867 = ORIENTED_EDGE ( 'NONE', *, *, #3958, .T. ) ;
#4868 = EDGE_CURVE ( 'NONE', #2358, #4166, #8110, .T. ) ;
#4869 = EDGE_LOOP ( 'NONE', ( #2282, #8213, #942, #9941 ) ) ;
#4870 = ORIENTED_EDGE ( 'NONE', *, *, #11712, .F. ) ;
#4871 = SURFACE_SIDE_STYLE ('',( #1700 ) ) ;
#4872 = ORIENTED_EDGE ( 'NONE', *, *, #6698, .T. ) ;
#4873 = FILL_AREA_STYLE_COLOUR ( '', #9618 ) ;
#4874 = CARTESIAN_POINT ( 'NONE',  ( -1.715000000000000746, 0.000000000000000000, 1.850000000000004530 ) ) ;
#4875 = CARTESIAN_POINT ( 'NONE',  ( -4.535000000000001030, 0.000000000000000000, 2.350000000000004530 ) ) ;
#4876 = ORIENTED_EDGE ( 'NONE', *, *, #3555, .T. ) ;
#4877 = VECTOR ( 'NONE', #158, 1000.000000000000000 ) ;
#4878 = ORIENTED_EDGE ( 'NONE', *, *, #5001, .F. ) ;
#4879 =( LENGTH_UNIT ( ) NAMED_UNIT ( * ) SI_UNIT ( .MILLI., .METRE. ) );
#4880 = PRESENTATION_LAYER_ASSIGNMENT (  '', '', ( #12133 ) ) ;
#4881 =( NAMED_UNIT ( * ) PLANE_ANGLE_UNIT ( ) SI_UNIT ( $, .RADIAN. ) );
#4882 = CARTESIAN_POINT ( 'NONE',  ( -0.4650000000000010236, 1.083335593717822357E-31, 2.250000000000004441 ) ) ;
#4883 = DIRECTION ( 'NONE',  ( 0.000000000000000000, 1.000000000000000000, 0.000000000000000000 ) ) ;
#4884 = CARTESIAN_POINT ( 'NONE',  ( 0.7849999999999992539, 0.2999999999999999889, 1.850000000000004530 ) ) ;
#4885 = LINE ( 'NONE', #11844, #4624 ) ;
#4886 = SURFACE_STYLE_USAGE ( .BOTH. , #10027 ) ;
#4887 = AXIS2_PLACEMENT_3D ( 'NONE', #900, #2812, #707 ) ;
#4888 = FILL_AREA_STYLE ('',( #3782 ) ) ;
#4889 = ORIENTED_EDGE ( 'NONE', *, *, #9830, .F. ) ;
#4890 = PRESENTATION_STYLE_ASSIGNMENT (( #12044 ) ) ;
#4891 = VECTOR ( 'NONE', #1783, 1000.000000000000000 ) ;
#4892 = ORIENTED_EDGE ( 'NONE', *, *, #5404, .T. ) ;
#4893 = VERTEX_POINT ( 'NONE', #3853 ) ;
#4894 = LINE ( 'NONE', #859, #9157 ) ;
#4895 = DIRECTION ( 'NONE',  ( 0.000000000000000000, 0.000000000000000000, -1.000000000000000000 ) ) ;
#4896 = VECTOR ( 'NONE', #344, 1000.000000000000000 ) ;
#4897 = FILL_AREA_STYLE_COLOUR ( '', #9625 ) ;
#4898 = SURFACE_SIDE_STYLE ('',( #8911 ) ) ;
#4899 = FILL_AREA_STYLE ('',( #11108 ) ) ;
#4900 = CARTESIAN_POINT ( 'NONE',  ( 1.934999999999999165, 4.000000000000000000, 0.000000000000000000 ) ) ;
#4901 = ORIENTED_EDGE ( 'NONE', *, *, #12903, .T. ) ;
#4902 = MECHANICAL_DESIGN_GEOMETRIC_PRESENTATION_REPRESENTATION (  '', ( #7051 ), #7040 ) ;
#4903 = AXIS2_PLACEMENT_3D ( 'NONE', #10288, #5350, #9423 ) ;
#4904 = EDGE_LOOP ( 'NONE', ( #5774, #10154, #2989, #13116 ) ) ;
#4905 = DIRECTION ( 'NONE',  ( 0.000000000000000000, 0.000000000000000000, 1.000000000000000000 ) ) ;
#4906 = EDGE_CURVE ( 'NONE', #8798, #9540, #7847, .T. ) ;
#4907 = ORIENTED_EDGE ( 'NONE', *, *, #10866, .T. ) ;
#4908 = ORIENTED_EDGE ( 'NONE', *, *, #1761, .F. ) ;
#4909 = CARTESIAN_POINT ( 'NONE',  ( 4.387500000000007283, 4.387500000000007283, -1.550000000000008926 ) ) ;
#4910 = AXIS2_PLACEMENT_3D ( 'NONE', #11100, #2973, #13087 ) ;
#4911 =( NAMED_UNIT ( * ) SI_UNIT ( $, .STERADIAN. ) SOLID_ANGLE_UNIT ( ) );
#4912 = SURFACE_SIDE_STYLE ('',( #13042 ) ) ;
#4913 = FACE_OUTER_BOUND ( 'NONE', #9815, .T. ) ;
#4914 = VECTOR ( 'NONE', #6289, 1000.000000000000000 ) ;
#4915 = DIRECTION ( 'NONE',  ( 0.000000000000000000, 0.000000000000000000, -1.000000000000000000 ) ) ;
#4916 = CARTESIAN_POINT ( 'NONE',  ( -3.600000000000000977, 4.400000000000002132, -1.450000000000039924 ) ) ;
#4917 = SURFACE_STYLE_USAGE ( .BOTH. , #6932 ) ;
#4918 = STYLED_ITEM ( 'NONE', ( #2900 ), #1192 ) ;
#4919 = EDGE_LOOP ( 'NONE', ( #90, #9053, #221, #1938 ) ) ;
#4920 = PLANE ( 'NONE',  #3707 ) ;
#4921 = EDGE_CURVE ( 'NONE', #10046, #5627, #5911, .T. ) ;
#4922 = ADVANCED_FACE ( 'NONE', ( #7113 ), #2913, .T. ) ;
#4923 = ORIENTED_EDGE ( 'NONE', *, *, #5976, .F. ) ;
#4924 = ORIENTED_EDGE ( 'NONE', *, *, #2829, .F. ) ;
#4925 = ORIENTED_EDGE ( 'NONE', *, *, #12173, .F. ) ;
#4926 = DIRECTION ( 'NONE',  ( 0.000000000000000000, -0.7071067811865482389, -0.7071067811865469066 ) ) ;
#4927 = ORIENTED_EDGE ( 'NONE', *, *, #11380, .T. ) ;
#4928 =( LENGTH_UNIT ( ) NAMED_UNIT ( * ) SI_UNIT ( .MILLI., .METRE. ) );
#4929 = MECHANICAL_DESIGN_GEOMETRIC_PRESENTATION_REPRESENTATION (  '', ( #3249 ), #6004 ) ;
#4930 = CARTESIAN_POINT ( 'NONE',  ( 4.535000000000000142, 1.083335593717822357E-31, 2.250000000000004441 ) ) ;
#4931 = CARTESIAN_POINT ( 'NONE',  ( -6.174999999999998934, 2.600000000000005862, -1.850000000000001865 ) ) ;
#4932 = CARTESIAN_POINT ( 'NONE',  ( -0.4650000000000010236, 2.865743636076471201, -1.125000000000033973 ) ) ;
#4933 = AXIS2_PLACEMENT_3D ( 'NONE', #4335, #11725, #2595 ) ;
#4934 = CARTESIAN_POINT ( 'NONE',  ( 6.344999999999994422, 0.4499999999999999001, -1.849999999999996092 ) ) ;
#4935 = FILL_AREA_STYLE_COLOUR ( '', #980 ) ;
#4936 = ADVANCED_FACE ( 'NONE', ( #13089 ), #11036, .F. ) ;
#4937 = ORIENTED_EDGE ( 'NONE', *, *, #2077, .T. ) ;
#4938 = VECTOR ( 'NONE', #9664, 1000.000000000000000 ) ;
#4939 = PRESENTATION_STYLE_ASSIGNMENT (( #5821 ) ) ;
#4940 = VECTOR ( 'NONE', #55, 1000.000000000000000 ) ;
#4941 = ORIENTED_EDGE ( 'NONE', *, *, #6907, .F. ) ;
#4942 = FACE_OUTER_BOUND ( 'NONE', #1574, .T. ) ;
#4943 = SURFACE_STYLE_FILL_AREA ( #11081 ) ;
#4944 = CARTESIAN_POINT ( 'NONE',  ( 3.284999999999998810, 0.3000000000000002665, 4.065758146820583696E-17 ) ) ;
#4945 =( NAMED_UNIT ( * ) SI_UNIT ( $, .STERADIAN. ) SOLID_ANGLE_UNIT ( ) );
#4946 = VECTOR ( 'NONE', #3437, 1000.000000000000000 ) ;
#4947 = DIRECTION ( 'NONE',  ( -1.000000000000000000, 0.000000000000000000, 1.807003620809178576E-16 ) ) ;
#4948 = VECTOR ( 'NONE', #11488, 1000.000000000000000 ) ;
#4949 = DIRECTION ( 'NONE',  ( -0.000000000000000000, -0.000000000000000000, 1.000000000000000000 ) ) ;
#4950 = CARTESIAN_POINT ( 'NONE',  ( 4.214999999999999858, 0.3499999999999999223, 2.350000000000004530 ) ) ;
#4951 = VECTOR ( 'NONE', #1914, 1000.000000000000000 ) ;
#4952 = LINE ( 'NONE', #1987, #4951 ) ;
#4953 = VECTOR ( 'NONE', #33, 1000.000000000000000 ) ;
#4954 = EDGE_LOOP ( 'NONE', ( #12009, #5009, #5711, #10030 ) ) ;
#4955 = ORIENTED_EDGE ( 'NONE', *, *, #8904, .F. ) ;
#4956 = FILL_AREA_STYLE ('',( #10171 ) ) ;
#4957 = SURFACE_STYLE_FILL_AREA ( #5842 ) ;
#4958 = DIRECTION ( 'NONE',  ( -1.000000000000000000, 0.000000000000000000, 0.000000000000000000 ) ) ;
#4959 = SURFACE_STYLE_USAGE ( .BOTH. , #10038 ) ;
#4960 = UNCERTAINTY_MEASURE_WITH_UNIT (LENGTH_MEASURE( 1.000000000000000082E-05 ), #10553, 'distance_accuracy_value', 'NONE');
#4961 = DIRECTION ( 'NONE',  ( 0.000000000000000000, -0.7071067811865402453, 0.7071067811865549002 ) ) ;
#4962 = MECHANICAL_DESIGN_GEOMETRIC_PRESENTATION_REPRESENTATION (  '', ( #4565 ), #11377 ) ;
#4963 = DIRECTION ( 'NONE',  ( -1.000000000000000000, -0.000000000000000000, -0.000000000000000000 ) ) ;
#4964 = CARTESIAN_POINT ( 'NONE',  ( 5.279457136363786773, 0.1909000140257115508, 0.1466470997434465018 ) ) ;
#4965 = SURFACE_SIDE_STYLE ('',( #2198 ) ) ;
#4966 = EDGE_LOOP ( 'NONE', ( #9682, #1712, #3351, #7412 ) ) ;
#4967 = PRESENTATION_LAYER_ASSIGNMENT (  '', '', ( #9232 ) ) ;
#4968 = EDGE_LOOP ( 'NONE', ( #9743, #9113, #12552, #7290 ) ) ;
#4969 = SURFACE_STYLE_FILL_AREA ( #873 ) ;
#4970 = ORIENTED_EDGE ( 'NONE', *, *, #722, .F. ) ;
#4971 = VERTEX_POINT ( 'NONE', #9369 ) ;
#4972 = LINE ( 'NONE', #4909, #10340 ) ;
#4973 = MECHANICAL_DESIGN_GEOMETRIC_PRESENTATION_REPRESENTATION (  '', ( #3290 ), #9465 ) ;
#4974 = CARTESIAN_POINT ( 'NONE',  ( 6.344999999999994422, 0.4499999999999999001, -1.749999999999997558 ) ) ;
#4975 = SURFACE_STYLE_USAGE ( .BOTH. , #4912 ) ;
#4976 = DIRECTION ( 'NONE',  ( -0.000000000000000000, 1.000000000000000000, -0.000000000000000000 ) ) ;
#4977 = MECHANICAL_DESIGN_GEOMETRIC_PRESENTATION_REPRESENTATION (  '', ( #10352 ), #4603 ) ;
#4978 = COLOUR_RGB ( '',1.000000000000000000, 1.000000000000000000, 1.000000000000000000 ) ;
#4979 = DIRECTION ( 'NONE',  ( 1.000000000000000000, -6.570922257487672349E-16, -1.176083712526648949E-16 ) ) ;
#4980 = FACE_OUTER_BOUND ( 'NONE', #1781, .T. ) ;
#4981 = DIRECTION ( 'NONE',  ( -4.229774942574825328E-16, 0.7071067811865474617, -0.7071067811865474617 ) ) ;
#4982 = ADVANCED_FACE ( 'NONE', ( #6180 ), #8451, .F. ) ;
#4983 = MECHANICAL_DESIGN_GEOMETRIC_PRESENTATION_REPRESENTATION (  '', ( #144 ), #1420 ) ;
#4984 =( LENGTH_UNIT ( ) NAMED_UNIT ( * ) SI_UNIT ( .MILLI., .METRE. ) );
#4985 = ORIENTED_EDGE ( 'NONE', *, *, #2383, .T. ) ;
#4986 = AXIS2_PLACEMENT_3D ( 'NONE', #12488, #1257, #3368 ) ;
#4987 = PRESENTATION_LAYER_ASSIGNMENT (  '', '', ( #2877 ) ) ;
#4988 = ORIENTED_EDGE ( 'NONE', *, *, #2375, .T. ) ;
#4989 = ORIENTED_EDGE ( 'NONE', *, *, #8887, .T. ) ;
#4990 = VERTEX_POINT ( 'NONE', #11443 ) ;
#4991 = LINE ( 'NONE', #4014, #8529 ) ;
#4992 = ORIENTED_EDGE ( 'NONE', *, *, #6879, .T. ) ;
#4993 = SURFACE_STYLE_USAGE ( .BOTH. , #12085 ) ;
#4994 = STYLED_ITEM ( 'NONE', ( #1893 ), #4275 ) ;
#4995 = SURFACE_SIDE_STYLE ('',( #12217 ) ) ;
#4996 = CARTESIAN_POINT ( 'NONE',  ( -7.074999999999998401, 2.100000000000005862, -1.550000000000001599 ) ) ;
#4997 = DIRECTION ( 'NONE',  ( 0.000000000000000000, 0.000000000000000000, -1.000000000000000000 ) ) ;
#4998 = EDGE_CURVE ( 'NONE', #109, #2674, #7183, .T. ) ;
#4999 = CARTESIAN_POINT ( 'NONE',  ( 7.125000000000005329, 0.3000000000000033196, 0.8000000000000005995 ) ) ;
#5000 =( NAMED_UNIT ( * ) SI_UNIT ( $, .STERADIAN. ) SOLID_ANGLE_UNIT ( ) );
#5001 = EDGE_CURVE ( 'NONE', #4352, #1633, #11374, .T. ) ;
#5002 = MECHANICAL_DESIGN_GEOMETRIC_PRESENTATION_REPRESENTATION (  '', ( #8840 ), #11188 ) ;
#5003 =( LENGTH_UNIT ( ) NAMED_UNIT ( * ) SI_UNIT ( .MILLI., .METRE. ) );
#5004 = VECTOR ( 'NONE', #4006, 1000.000000000000000 ) ;
#5005 = PRESENTATION_STYLE_ASSIGNMENT (( #7153 ) ) ;
#5006 = ORIENTED_EDGE ( 'NONE', *, *, #5585, .T. ) ;
#5007 = MECHANICAL_DESIGN_GEOMETRIC_PRESENTATION_REPRESENTATION (  '', ( #3335 ), #8872 ) ;
#5008 = FACE_OUTER_BOUND ( 'NONE', #2921, .T. ) ;
#5009 = ORIENTED_EDGE ( 'NONE', *, *, #7433, .F. ) ;
#5010 = DIRECTION ( 'NONE',  ( 0.000000000000000000, -0.7071067811865482389, -0.7071067811865469066 ) ) ;
#5011 = DIRECTION ( 'NONE',  ( 0.000000000000000000, 1.355252715606860081E-16, -1.000000000000000000 ) ) ;
#5012 = SURFACE_SIDE_STYLE ('',( #2828 ) ) ;
#5013 = VECTOR ( 'NONE', #5259, 1000.000000000000000 ) ;
#5014 = ADVANCED_FACE ( 'NONE', ( #3250 ), #10378, .T. ) ;
#5016 = COLOUR_RGB ( '',1.000000000000000000, 0.8117647058823529438, 0.5019607843137254832 ) ;
#5015 =( NAMED_UNIT ( * ) PLANE_ANGLE_UNIT ( ) SI_UNIT ( $, .RADIAN. ) );
#5017 = DIRECTION ( 'NONE',  ( -1.000000000000000000, 0.000000000000000000, -0.000000000000000000 ) ) ;
#5018 = LINE ( 'NONE', #7027, #3596 ) ;
#5019 = SURFACE_SIDE_STYLE ('',( #9031 ) ) ;
#5020 = VECTOR ( 'NONE', #9078, 1000.000000000000114 ) ;
#5021 = DIRECTION ( 'NONE',  ( -0.000000000000000000, 0.1736481776669264454, 0.9848077530122087975 ) ) ;
#5022 =( NAMED_UNIT ( * ) SI_UNIT ( $, .STERADIAN. ) SOLID_ANGLE_UNIT ( ) );
#5023 = VECTOR ( 'NONE', #12378, 1000.000000000000227 ) ;
#5024 =( GEOMETRIC_REPRESENTATION_CONTEXT ( 3 ) GLOBAL_UNCERTAINTY_ASSIGNED_CONTEXT ( ( #3233 ) ) GLOBAL_UNIT_ASSIGNED_CONTEXT ( ( #363, #11253, #7255 ) ) REPRESENTATION_CONTEXT ( 'NONE', 'WORKASPACE' ) );
#5025 = ORIENTED_EDGE ( 'NONE', *, *, #748, .F. ) ;
#5026 = DIRECTION ( 'NONE',  ( -1.000000000000000000, -0.000000000000000000, -0.000000000000000000 ) ) ;
#5027 = EDGE_CURVE ( 'NONE', #6570, #8211, #10582, .T. ) ;
#5028 = ORIENTED_EDGE ( 'NONE', *, *, #5452, .F. ) ;
#5029 = FILL_AREA_STYLE_COLOUR ( '', #9683 ) ;
#5030 = CARTESIAN_POINT ( 'NONE',  ( 4.434999999999999609, 4.000000000000000000, 0.000000000000000000 ) ) ;
#5031 = AXIS2_PLACEMENT_3D ( 'NONE', #4186, #4958, #6179 ) ;
#5032 =( LENGTH_UNIT ( ) NAMED_UNIT ( * ) SI_UNIT ( .MILLI., .METRE. ) );
#5033 = SURFACE_STYLE_FILL_AREA ( #2067 ) ;
#5034 = CARTESIAN_POINT ( 'NONE',  ( -3.285000000000000586, 0.000000000000000000, 0.000000000000000000 ) ) ;
#5035 = CARTESIAN_POINT ( 'NONE',  ( -5.875000000000001776, 1.749999999999999778, 1.549999999999990496 ) ) ;
#5036 = LINE ( 'NONE', #12117, #2831 ) ;
#5037 = LINE ( 'NONE', #4964, #458 ) ;
#5038 = DIRECTION ( 'NONE',  ( 1.000000000000000000, -2.022548278026049936E-15, 0.000000000000000000 ) ) ;
#5039 = VERTEX_POINT ( 'NONE', #9518 ) ;
#5040 = VERTEX_POINT ( 'NONE', #4504 ) ;
#5041 = CARTESIAN_POINT ( 'NONE',  ( 5.375000000000002665, 0.000000000000000000, -0.9500000000000006217 ) ) ;
#5042 = VERTEX_POINT ( 'NONE', #6577 ) ;
#5043 = ORIENTED_EDGE ( 'NONE', *, *, #2919, .F. ) ;
#5044 = CARTESIAN_POINT ( 'NONE',  ( 5.275000000000024336, 3.400000000000000355, 0.9499999999999856337 ) ) ;
#5045 = CARTESIAN_POINT ( 'NONE',  ( -6.344999999999994422, 0.4500000000000014544, 0.3500000000000039746 ) ) ;
#5046 = EDGE_CURVE ( 'NONE', #4458, #4803, #4639, .T. ) ;
#5047 = DIRECTION ( 'NONE',  ( 0.000000000000000000, 0.000000000000000000, 1.000000000000000000 ) ) ;
#5048 =( NAMED_UNIT ( * ) SI_UNIT ( $, .STERADIAN. ) SOLID_ANGLE_UNIT ( ) );
#5049 = VERTEX_POINT ( 'NONE', #12631 ) ;
#5050 = EDGE_CURVE ( 'NONE', #11594, #10267, #10640, .T. ) ;
#5051 = VERTEX_POINT ( 'NONE', #6521 ) ;
#5052 = ORIENTED_EDGE ( 'NONE', *, *, #3149, .F. ) ;
#5053 = VERTEX_POINT ( 'NONE', #9709 ) ;
#5054 = EDGE_CURVE ( 'NONE', #872, #10250, #5509, .T. ) ;
#5055 =( LENGTH_UNIT ( ) NAMED_UNIT ( * ) SI_UNIT ( .MILLI., .METRE. ) );
#5056 = PLANE ( 'NONE',  #8244 ) ;
#5057 = CARTESIAN_POINT ( 'NONE',  ( -5.275000000000024336, 2.212468889744940270, -0.2375311102550670406 ) ) ;
#5058 = VECTOR ( 'NONE', #9827, 1000.000000000000000 ) ;
#5059 = CARTESIAN_POINT ( 'NONE',  ( 6.344999999999994422, 1.199999999999998623, 0.3500000000000039746 ) ) ;
#5060 = PRESENTATION_STYLE_ASSIGNMENT (( #2110 ) ) ;
#5061 = ORIENTED_EDGE ( 'NONE', *, *, #3151, .T. ) ;
#5062 = EDGE_CURVE ( 'NONE', #1238, #11406, #11775, .T. ) ;
#5063 = DIRECTION ( 'NONE',  ( 0.000000000000000000, -0.7071067811865454633, 0.7071067811865495711 ) ) ;
#5064 = CARTESIAN_POINT ( 'NONE',  ( 4.925000000000019362, 3.700000000000000178, 1.549999999999988942 ) ) ;
#5065 = ADVANCED_FACE ( 'NONE', ( #11706 ), #7515, .F. ) ;
#5066 = ORIENTED_EDGE ( 'NONE', *, *, #9079, .F. ) ;
#5067 = DIRECTION ( 'NONE',  ( 0.000000000000000000, 0.000000000000000000, 1.000000000000000000 ) ) ;
#5068 = DIRECTION ( 'NONE',  ( -0.000000000000000000, -0.000000000000000000, 1.000000000000000000 ) ) ;
#5069 = DIRECTION ( 'NONE',  ( -0.000000000000000000, 1.000000000000000000, 0.000000000000000000 ) ) ;
#5070 = CARTESIAN_POINT ( 'NONE',  ( 3.600000000000006750, 4.699999999999999289, -1.849999999999996536 ) ) ;
#5071 = VECTOR ( 'NONE', #5198, 1000.000000000000000 ) ;
#5072 = SURFACE_SIDE_STYLE ('',( #1058 ) ) ;
#5073 = CARTESIAN_POINT ( 'NONE',  ( -0.7850000000000010303, 0.2999999999999997113, 1.449999999999998623 ) ) ;
#5074 = CARTESIAN_POINT ( 'NONE',  ( 0.4649999999999992473, 0.2999999999999997113, 1.449999999999998623 ) ) ;
#5075 = DIRECTION ( 'NONE',  ( 0.000000000000000000, 0.000000000000000000, -1.000000000000000000 ) ) ;
#5076 = DIRECTION ( 'NONE',  ( 0.000000000000000000, 0.000000000000000000, 1.000000000000000000 ) ) ;
#5077 = EDGE_CURVE ( 'NONE', #7689, #12968, #3586, .T. ) ;
#5078 = EDGE_CURVE ( 'NONE', #10538, #4135, #7590, .T. ) ;
#5079 = VERTEX_POINT ( 'NONE', #11646 ) ;
#5080 = DIRECTION ( 'NONE',  ( 0.000000000000000000, -1.000000000000000000, 0.000000000000000000 ) ) ;
#5081 = EDGE_CURVE ( 'NONE', #10813, #5207, #4436, .T. ) ;
#5082 = EDGE_LOOP ( 'NONE', ( #4923, #8493, #12272, #12400, #13055, #4870 ) ) ;
#5083 = CARTESIAN_POINT ( 'NONE',  ( 3.287500000000000533, -3.287500000000003197, 0.8000000000000003775 ) ) ;
#5084 = CLOSED_SHELL ( 'NONE', ( #12364, #3504, #309, #9821, #1642, #1785, #4215, #3964, #8251, #12639 ) ) ;
#5085 = CARTESIAN_POINT ( 'NONE',  ( 4.925000000000019362, 1.749999999999999778, 1.549999999999988942 ) ) ;
#5086 = UNCERTAINTY_MEASURE_WITH_UNIT (LENGTH_MEASURE( 1.000000000000000082E-05 ), #12476, 'distance_accuracy_value', 'NONE');
#5087 = DIRECTION ( 'NONE',  ( 0.000000000000000000, 1.000000000000000000, 0.000000000000000000 ) ) ;
#5088 = STYLED_ITEM ( 'NONE', ( #5745 ), #6706 ) ;
#5089 = SURFACE_STYLE_USAGE ( .BOTH. , #1071 ) ;
#5090 = LINE ( 'NONE', #6256, #13020 ) ;
#5091 = EDGE_CURVE ( 'NONE', #2823, #9494, #4575, .T. ) ;
#5092 = CARTESIAN_POINT ( 'NONE',  ( 7.375000000000000888, 4.699999999999999289, -1.849999999999996980 ) ) ;
#5093 = CARTESIAN_POINT ( 'NONE',  ( 0.7849999999999992539, 1.749999999999999778, 0.000000000000000000 ) ) ;
#5094 = MECHANICAL_DESIGN_GEOMETRIC_PRESENTATION_REPRESENTATION (  '', ( #8093 ), #12353 ) ;
#5095 = EDGE_LOOP ( 'NONE', ( #6438, #2786, #8639, #644, #10702, #354, #4633, #3690 ) ) ;
#5096 = ORIENTED_EDGE ( 'NONE', *, *, #7123, .F. ) ;
#5097 =( GEOMETRIC_REPRESENTATION_CONTEXT ( 3 ) GLOBAL_UNCERTAINTY_ASSIGNED_CONTEXT ( ( #5390 ) ) GLOBAL_UNIT_ASSIGNED_CONTEXT ( ( #11252, #5996, #10187 ) ) REPRESENTATION_CONTEXT ( 'NONE', 'WORKASPACE' ) );
#5098 = VERTEX_POINT ( 'NONE', #8514 ) ;
#5099 = VERTEX_POINT ( 'NONE', #3451 ) ;
#5100 = AXIS2_PLACEMENT_3D ( 'NONE', #267, #4117, #11235 ) ;
#5101 = PLANE ( 'NONE',  #663 ) ;
#5102 =( NAMED_UNIT ( * ) SI_UNIT ( $, .STERADIAN. ) SOLID_ANGLE_UNIT ( ) );
#5103 = CARTESIAN_POINT ( 'NONE',  ( 5.374999999950209606, 1.749999999999999778, -0.7249377794898669292 ) ) ;
#5104 = COLOUR_RGB ( '',1.000000000000000000, 0.8117647058823529438, 0.5019607843137254832 ) ;
#5105 = CARTESIAN_POINT ( 'NONE',  ( -7.574999999999994849, 0.2500000000000019429, -1.649999999999997469 ) ) ;
#5106 = UNCERTAINTY_MEASURE_WITH_UNIT (LENGTH_MEASURE( 1.000000000000000082E-05 ), #10910, 'distance_accuracy_value', 'NONE');
#5107 = LINE ( 'NONE', #6275, #6651 ) ;
#5108 = PRESENTATION_STYLE_ASSIGNMENT (( #883 ) ) ;
#5109 = VECTOR ( 'NONE', #7530, 1000.000000000000000 ) ;
#5110 = VECTOR ( 'NONE', #1660, 1000.000000000000000 ) ;
#5111 = CARTESIAN_POINT ( 'NONE',  ( 3.600000000000006306, 3.250000000000005329, -1.850000000000001865 ) ) ;
#5112 = ORIENTED_EDGE ( 'NONE', *, *, #972, .T. ) ;
#5113 = PRESENTATION_LAYER_ASSIGNMENT (  '', '', ( #6416 ) ) ;
#5114 = ADVANCED_FACE ( 'NONE', ( #8033 ), #10024, .T. ) ;
#5115 = VERTEX_POINT ( 'NONE', #6768 ) ;
#5116 = VERTEX_POINT ( 'NONE', #1719 ) ;
#5117 = ORIENTED_EDGE ( 'NONE', *, *, #11879, .T. ) ;
#5118 = STYLED_ITEM ( 'NONE', ( #1836 ), #8602 ) ;
#5119 =( GEOMETRIC_REPRESENTATION_CONTEXT ( 3 ) GLOBAL_UNCERTAINTY_ASSIGNED_CONTEXT ( ( #10460 ) ) GLOBAL_UNIT_ASSIGNED_CONTEXT ( ( #12016, #7756, #8813 ) ) REPRESENTATION_CONTEXT ( 'NONE', 'WORKASPACE' ) );
#5120 = FACE_OUTER_BOUND ( 'NONE', #10969, .T. ) ;
#5121 = CARTESIAN_POINT ( 'NONE',  ( -6.544999999999994600, 1.399999999999999911, 0.3500000000000039746 ) ) ;
#5122 = FACE_OUTER_BOUND ( 'NONE', #6585, .T. ) ;
#5123 = LINE ( 'NONE', #9201, #1969 ) ;
#5124 = COLOUR_RGB ( '',1.000000000000000000, 1.000000000000000000, 1.000000000000000000 ) ;
#5125 = CARTESIAN_POINT ( 'NONE',  ( 2.034999999999999698, 1.083335593717822357E-31, 2.250000000000004441 ) ) ;
#5126 = CARTESIAN_POINT ( 'NONE',  ( 3.284999999999998810, 0.000000000000000000, -1.125000000000033973 ) ) ;
#5127 = AXIS2_PLACEMENT_3D ( 'NONE', #3212, #10350, #4085 ) ;
#5128 =( NAMED_UNIT ( * ) SI_UNIT ( $, .STERADIAN. ) SOLID_ANGLE_UNIT ( ) );
#5129 = ORIENTED_EDGE ( 'NONE', *, *, #9268, .T. ) ;
#5130 = EDGE_CURVE ( 'NONE', #10413, #4690, #3839, .T. ) ;
#5131 = EDGE_CURVE ( 'NONE', #10868, #11467, #11898, .T. ) ;
#5132 = STYLED_ITEM ( 'NONE', ( #6485 ), #1871 ) ;
#5133 = VERTEX_POINT ( 'NONE', #12890 ) ;
#5134 = FILL_AREA_STYLE_COLOUR ( '', #6244 ) ;
#5135 = EDGE_LOOP ( 'NONE', ( #5245, #8864, #8749, #5151, #9922 ) ) ;
#5136 = CARTESIAN_POINT ( 'NONE',  ( 2.964999999999998970, 0.000000000000000000, 1.850000000000004530 ) ) ;
#5137 = CARTESIAN_POINT ( 'NONE',  ( -7.125000000000002665, 0.5500000000000033751, 0.9500000000000003997 ) ) ;
#5138 = FACE_OUTER_BOUND ( 'NONE', #12927, .T. ) ;
#5139 = CARTESIAN_POINT ( 'NONE',  ( -2.035000000000000586, 0.4499999999999999556, 2.250000000000004441 ) ) ;
#5140 =( GEOMETRIC_REPRESENTATION_CONTEXT ( 3 ) GLOBAL_UNCERTAINTY_ASSIGNED_CONTEXT ( ( #3269 ) ) GLOBAL_UNIT_ASSIGNED_CONTEXT ( ( #10393, #6201, #9061 ) ) REPRESENTATION_CONTEXT ( 'NONE', 'WORKASPACE' ) );
#5141 = LINE ( 'NONE', #9429, #8556 ) ;
#5142 = DIRECTION ( 'NONE',  ( 0.000000000000000000, -1.000000000000000000, 0.000000000000000000 ) ) ;
#5143 = EDGE_CURVE ( 'NONE', #7453, #6440, #4885, .T. ) ;
#5144 =( GEOMETRIC_REPRESENTATION_CONTEXT ( 3 ) GLOBAL_UNCERTAINTY_ASSIGNED_CONTEXT ( ( #6430 ) ) GLOBAL_UNIT_ASSIGNED_CONTEXT ( ( #2471, #3600, #10533 ) ) REPRESENTATION_CONTEXT ( 'NONE', 'WORKASPACE' ) );
#5145 = DIRECTION ( 'NONE',  ( 0.000000000000000000, 0.000000000000000000, 1.000000000000000000 ) ) ;
#5146 = STYLED_ITEM ( 'NONE', ( #5314 ), #1310 ) ;
#5147 = LINE ( 'NONE', #6169, #1793 ) ;
#5148 = VECTOR ( 'NONE', #1478, 1000.000000000000000 ) ;
#5149 = EDGE_LOOP ( 'NONE', ( #12780, #7504, #280, #12276 ) ) ;
#5150 = CARTESIAN_POINT ( 'NONE',  ( 4.300000000000004263, -3.243178672478381876E-15, -1.850000000000001865 ) ) ;
#5151 = ORIENTED_EDGE ( 'NONE', *, *, #9742, .F. ) ;
#5152 = SURFACE_STYLE_USAGE ( .BOTH. , #3314 ) ;
#5153 = VECTOR ( 'NONE', #2520, 1000.000000000000000 ) ;
#5154 = VECTOR ( 'NONE', #3630, 1000.000000000000000 ) ;
#5155 =( NAMED_UNIT ( * ) PLANE_ANGLE_UNIT ( ) SI_UNIT ( $, .RADIAN. ) );
#5156 = PRESENTATION_STYLE_ASSIGNMENT (( #5372 ) ) ;
#5157 = PRESENTATION_STYLE_ASSIGNMENT (( #6253 ) ) ;
#5158 = VECTOR ( 'NONE', #8808, 1000.000000000000000 ) ;
#5159 = SURFACE_STYLE_USAGE ( .BOTH. , #7242 ) ;
#5160 = DIRECTION ( 'NONE',  ( -1.000000000000000000, -0.000000000000000000, -0.000000000000000000 ) ) ;
#5161 = LINE ( 'NONE', #12249, #11773 ) ;
#5162 = ADVANCED_FACE ( 'NONE', ( #7962 ), #5196, .F. ) ;
#5163 =( NAMED_UNIT ( * ) PLANE_ANGLE_UNIT ( ) SI_UNIT ( $, .RADIAN. ) );
#5164 = VECTOR ( 'NONE', #8169, 1000.000000000000000 ) ;
#5165 = DIRECTION ( 'NONE',  ( -1.196258353356355388E-15, 0.000000000000000000, 1.000000000000000000 ) ) ;
#5166 = ORIENTED_EDGE ( 'NONE', *, *, #10213, .T. ) ;
#5167 = DIRECTION ( 'NONE',  ( -1.000000000000000000, 3.157870405297586439E-16, 0.000000000000000000 ) ) ;
#5168 = AXIS2_PLACEMENT_3D ( 'NONE', #12849, #7803, #12718 ) ;
#5169 = ORIENTED_EDGE ( 'NONE', *, *, #4370, .F. ) ;
#5170 = VERTEX_POINT ( 'NONE', #10830 ) ;
#5171 = FACE_OUTER_BOUND ( 'NONE', #667, .T. ) ;
#5173 = EDGE_CURVE ( 'NONE', #1149, #1951, #5962, .T. ) ;
#5172 = DIRECTION ( 'NONE',  ( -0.5000000000000006661, -0.5000000000000001110, 0.7071067811865470176 ) ) ;
#5174 = VECTOR ( 'NONE', #3197, 1000.000000000000000 ) ;
#5175 = CARTESIAN_POINT ( 'NONE',  ( 6.344999999999994422, 0.4499999999999999001, -1.749999999999997558 ) ) ;
#5176 = CARTESIAN_POINT ( 'NONE',  ( 7.125000000000005329, 0.3000000000000033196, 0.8000000000000005995 ) ) ;
#5177 = CARTESIAN_POINT ( 'NONE',  ( 4.214999999999999858, 0.2999999999999999889, 1.850000000000004530 ) ) ;
#5178 = DIRECTION ( 'NONE',  ( 0.000000000000000000, -1.000000000000000000, 0.000000000000000000 ) ) ;
#5179 = FACE_OUTER_BOUND ( 'NONE', #9006, .T. ) ;
#5180 = PRESENTATION_STYLE_ASSIGNMENT (( #3406 ) ) ;
#5181 = DIRECTION ( 'NONE',  ( 0.000000000000000000, 0.000000000000000000, -1.000000000000000000 ) ) ;
#5182 = STYLED_ITEM ( 'NONE', ( #2856 ), #10029 ) ;
#5183 =( LENGTH_UNIT ( ) NAMED_UNIT ( * ) SI_UNIT ( .MILLI., .METRE. ) );
#5184 = ORIENTED_EDGE ( 'NONE', *, *, #11329, .T. ) ;
#5185 = LINE ( 'NONE', #10263, #2226 ) ;
#5186 = VERTEX_POINT ( 'NONE', #3715 ) ;
#5187 = ORIENTED_EDGE ( 'NONE', *, *, #11119, .T. ) ;
#5189 = ADVANCED_FACE ( 'NONE', ( #10408 ), #3289, .T. ) ;
#5188 = VERTEX_POINT ( 'NONE', #2763 ) ;
#5190 = CYLINDRICAL_SURFACE ( 'NONE', #1435, 0.1999999999999996503 ) ;
#5191 = FILL_AREA_STYLE ('',( #9131 ) ) ;
#5192 = FILL_AREA_STYLE ('',( #3286 ) ) ;
#5193 = SURFACE_SIDE_STYLE ('',( #10273 ) ) ;
#5194 = CARTESIAN_POINT ( 'NONE',  ( -3.523014168646321220, 0.4275827757330525891, -1.554913542985933539 ) ) ;
#5195 = COLOUR_RGB ( '',1.000000000000000000, 0.8117647058823529438, 0.5019607843137254832 ) ;
#5196 = PLANE ( 'NONE',  #12682 ) ;
#5197 = CARTESIAN_POINT ( 'NONE',  ( -2.965000000000000746, 2.865743636076471645, -0.3250000000000474731 ) ) ;
#5198 = DIRECTION ( 'NONE',  ( -1.000000000000000000, -3.942553354492748461E-16, 0.000000000000000000 ) ) ;
#5199 = VECTOR ( 'NONE', #3298, 1000.000000000000000 ) ;
#5200 = VECTOR ( 'NONE', #721, 1000.000000000000000 ) ;
#5201 = DIRECTION ( 'NONE',  ( 0.000000000000000000, 1.000000000000000000, -4.858652729125647208E-17 ) ) ;
#5202 = ORIENTED_EDGE ( 'NONE', *, *, #8619, .T. ) ;
#5203 = CIRCLE ( 'NONE', #11615, 0.4499999999999999001 ) ;
#5204 = DIRECTION ( 'NONE',  ( 0.000000000000000000, 0.000000000000000000, -1.000000000000000000 ) ) ;
#5205 = VERTEX_POINT ( 'NONE', #7480 ) ;
#5206 = SURFACE_STYLE_USAGE ( .BOTH. , #1114 ) ;
#5207 = VERTEX_POINT ( 'NONE', #1506 ) ;
#5208 = LINE ( 'NONE', #5136, #8199 ) ;
#5209 = LINE ( 'NONE', #5284, #10684 ) ;
#5210 = VECTOR ( 'NONE', #1041, 1000.000000000000000 ) ;
#5211 = VECTOR ( 'NONE', #4446, 1000.000000000000000 ) ;
#5212 = CARTESIAN_POINT ( 'NONE',  ( -4.215000000000000746, 0.2999999999999999889, 1.850000000000004530 ) ) ;
#5213 = FACE_OUTER_BOUND ( 'NONE', #3803, .T. ) ;
#5214 = EDGE_CURVE ( 'NONE', #1685, #155, #8411, .T. ) ;
#5215 = LINE ( 'NONE', #10294, #2618 ) ;
#5216 = EDGE_CURVE ( 'NONE', #2940, #7454, #11412, .T. ) ;
#5217 = LINE ( 'NONE', #9291, #9331 ) ;
#5218 = CARTESIAN_POINT ( 'NONE',  ( 4.535000000000000142, 0.000000000000000000, 0.000000000000000000 ) ) ;
#5219 =( GEOMETRIC_REPRESENTATION_CONTEXT ( 3 ) GLOBAL_UNCERTAINTY_ASSIGNED_CONTEXT ( ( #9914 ) ) GLOBAL_UNIT_ASSIGNED_CONTEXT ( ( #2143, #4061, #2994 ) ) REPRESENTATION_CONTEXT ( 'NONE', 'WORKASPACE' ) );
#5220 =( GEOMETRIC_REPRESENTATION_CONTEXT ( 3 ) GLOBAL_UNCERTAINTY_ASSIGNED_CONTEXT ( ( #13090 ) ) GLOBAL_UNIT_ASSIGNED_CONTEXT ( ( #1673, #4647, #12763 ) ) REPRESENTATION_CONTEXT ( 'NONE', 'WORKASPACE' ) );
#5221 = ORIENTED_EDGE ( 'NONE', *, *, #9072, .F. ) ;
#5222 = DIRECTION ( 'NONE',  ( 1.000000000000000000, -7.542275982507856161E-16, 0.000000000000000000 ) ) ;
#5223 = ADVANCED_FACE ( 'NONE', ( #1246 ), #1444, .T. ) ;
#5224 = VECTOR ( 'NONE', #2091, 1000.000000000000000 ) ;
#5225 = ORIENTED_EDGE ( 'NONE', *, *, #6647, .T. ) ;
#5226 =( NAMED_UNIT ( * ) PLANE_ANGLE_UNIT ( ) SI_UNIT ( $, .RADIAN. ) );
#5227 = AXIS2_PLACEMENT_3D ( 'NONE', #12725, #7549, #632 ) ;
#5228 = DIRECTION ( 'NONE',  ( 0.000000000000000000, 0.000000000000000000, -1.000000000000000000 ) ) ;
#5229 = DIRECTION ( 'NONE',  ( -0.6947465906068676089, -0.6947465906068637231, 0.1861567878973860724 ) ) ;
#5230 = EDGE_CURVE ( 'NONE', #10821, #6854, #2421, .T. ) ;
#5231 = PRESENTATION_STYLE_ASSIGNMENT (( #3386 ) ) ;
#5232 = STYLED_ITEM ( 'NONE', ( #11884 ), #12891 ) ;
#5233 = CARTESIAN_POINT ( 'NONE',  ( 1.934999999999999165, 4.000000000000000000, 0.000000000000000000 ) ) ;
#5234 = UNCERTAINTY_MEASURE_WITH_UNIT (LENGTH_MEASURE( 1.000000000000000082E-05 ), #1205, 'distance_accuracy_value', 'NONE');
#5235 = PRESENTATION_STYLE_ASSIGNMENT (( #1005 ) ) ;
#5236 = CARTESIAN_POINT ( 'NONE',  ( 0.9851021573751804761, 0.2565727441013923582, 0.1350672255343199901 ) ) ;
#5237 =( NAMED_UNIT ( * ) SI_UNIT ( $, .STERADIAN. ) SOLID_ANGLE_UNIT ( ) );
#5238 = VECTOR ( 'NONE', #8535, 1000.000000000000000 ) ;
#5239 = VECTOR ( 'NONE', #7917, 1000.000000000000000 ) ;
#5240 = DIRECTION ( 'NONE',  ( -1.000000000000000000, 0.000000000000000000, 0.000000000000000000 ) ) ;
#5241 = ORIENTED_EDGE ( 'NONE', *, *, #1155, .T. ) ;
#5242 =( NAMED_UNIT ( * ) SI_UNIT ( $, .STERADIAN. ) SOLID_ANGLE_UNIT ( ) );
#5243 = STYLED_ITEM ( 'NONE', ( #2418 ), #13047 ) ;
#5244 = EDGE_CURVE ( 'NONE', #5744, #12302, #12478, .T. ) ;
#5245 = ORIENTED_EDGE ( 'NONE', *, *, #4104, .T. ) ;
#5246 = ORIENTED_EDGE ( 'NONE', *, *, #2878, .F. ) ;
#5247 = FILL_AREA_STYLE ('',( #7455 ) ) ;
#5248 = CARTESIAN_POINT ( 'NONE',  ( 2.034999999999999698, 3.548929149633788249, -1.004535961130712751 ) ) ;
#5249 = FILL_AREA_STYLE ('',( #1223 ) ) ;
#5250 = EDGE_CURVE ( 'NONE', #11653, #1951, #10548, .T. ) ;
#5251 = COLOUR_RGB ( '',1.000000000000000000, 0.8117647058823529438, 0.5019607843137254832 ) ;
#5252 = PRESENTATION_STYLE_ASSIGNMENT (( #6067 ) ) ;
#5253 = VECTOR ( 'NONE', #12755, 1000.000000000000000 ) ;
#5254 = DIRECTION ( 'NONE',  ( 0.000000000000000000, -0.7071067811865482389, -0.7071067811865469066 ) ) ;
#5255 = LINE ( 'NONE', #7405, #8868 ) ;
#5257 = LINE ( 'NONE', #28, #6074 ) ;
#5256 = UNCERTAINTY_MEASURE_WITH_UNIT (LENGTH_MEASURE( 1.000000000000000082E-05 ), #12543, 'distance_accuracy_value', 'NONE');
#5258 = CARTESIAN_POINT ( 'NONE',  ( -7.210634734867877750E-16, 2.078323961923567165, 0.8000000000000005995 ) ) ;
#5259 = DIRECTION ( 'NONE',  ( -1.000000000000000000, -0.000000000000000000, -0.000000000000000000 ) ) ;
#5260 =( NAMED_UNIT ( * ) SI_UNIT ( $, .STERADIAN. ) SOLID_ANGLE_UNIT ( ) );
#5261 = AXIS2_PLACEMENT_3D ( 'NONE', #2228, #6414, #11540 ) ;
#5262 = EDGE_LOOP ( 'NONE', ( #4354, #3347, #10151, #6079 ) ) ;
#5263 = PLANE ( 'NONE',  #5168 ) ;
#5264 = ADVANCED_FACE ( 'NONE', ( #9339 ), #6352, .F. ) ;
#5265 = ORIENTED_EDGE ( 'NONE', *, *, #3165, .F. ) ;
#5266 = ORIENTED_EDGE ( 'NONE', *, *, #9511, .F. ) ;
#5267 = ADVANCED_FACE ( 'NONE', ( #10482 ), #7552, .T. ) ;
#5268 = VERTEX_POINT ( 'NONE', #4797 ) ;
#5269 = ADVANCED_FACE ( 'NONE', ( #10746 ), #12728, .T. ) ;
#5270 = CARTESIAN_POINT ( 'NONE',  ( 0.7849999999999992539, 0.000000000000000000, 0.000000000000000000 ) ) ;
#5271 = PRESENTATION_STYLE_ASSIGNMENT (( #8216 ) ) ;
#5272 = CARTESIAN_POINT ( 'NONE',  ( 5.875000000000004441, 0.2999999999999999889, -0.9500000000000006217 ) ) ;
#5273 = CARTESIAN_POINT ( 'NONE',  ( -0.7850000000000010303, 1.350000000000001865, 1.350000000000004086 ) ) ;
#5274 = CARTESIAN_POINT ( 'NONE',  ( -0.4650000000000010236, 0.000000000000000000, -1.125000000000033973 ) ) ;
#5275 = CARTESIAN_POINT ( 'NONE',  ( 2.726985831353678780, 0.4275827757330525891, -1.554913542985933539 ) ) ;
#5276 = FACE_OUTER_BOUND ( 'NONE', #9037, .T. ) ;
#5277 = EDGE_CURVE ( 'NONE', #11670, #2011, #9680, .T. ) ;
#5278 = CARTESIAN_POINT ( 'NONE',  ( -0.4650000000000010236, 0.1000000000000000056, 2.350000000000004530 ) ) ;
#5279 = EDGE_LOOP ( 'NONE', ( #6833, #2115, #9745, #4722 ) ) ;
#5280 = VERTEX_POINT ( 'NONE', #4730 ) ;
#5281 =( NAMED_UNIT ( * ) SI_UNIT ( $, .STERADIAN. ) SOLID_ANGLE_UNIT ( ) );
#5282 = ORIENTED_EDGE ( 'NONE', *, *, #7574, .T. ) ;
#5283 = CARTESIAN_POINT ( 'NONE',  ( 5.875000000000004441, 0.000000000000000000, -1.850000000000001865 ) ) ;
#5284 = CARTESIAN_POINT ( 'NONE',  ( -7.125000000000001776, 2.078323961923568053, 0.8000000000000005995 ) ) ;
#5285 = PRESENTATION_LAYER_ASSIGNMENT (  '', '', ( #4230 ) ) ;
#5286 = CARTESIAN_POINT ( 'NONE',  ( 6.544999999999994600, 0.4499999999999999001, -1.749999999999997558 ) ) ;
#5287 = LINE ( 'NONE', #6233, #1015 ) ;
#5288 = FILL_AREA_STYLE ('',( #395 ) ) ;
#5289 = CARTESIAN_POINT ( 'NONE',  ( -2.965000000000000746, 2.865743636076471645, -0.3250000000000474731 ) ) ;
#5290 = FILL_AREA_STYLE ('',( #6366 ) ) ;
#5291 = CARTESIAN_POINT ( 'NONE',  ( 4.535000000000000142, 0.000000000000000000, 0.000000000000000000 ) ) ;
#5292 = CARTESIAN_POINT ( 'NONE',  ( 4.214999999999999858, 0.3000000000000002665, 4.065758146820583696E-17 ) ) ;
#5293 = VERTEX_POINT ( 'NONE', #12788 ) ;
#5294 = LINE ( 'NONE', #8704, #9893 ) ;
#5295 = ORIENTED_EDGE ( 'NONE', *, *, #4278, .T. ) ;
#5296 = CARTESIAN_POINT ( 'NONE',  ( -4.535000000000001030, 1.350000000000001865, 1.350000000000004086 ) ) ;
#5297 = DIRECTION ( 'NONE',  ( 0.000000000000000000, 1.000000000000000000, 0.000000000000000000 ) ) ;
#5298 = FILL_AREA_STYLE ('',( #7591 ) ) ;
#5299 = LINE ( 'NONE', #8184, #11210 ) ;
#5300 = SURFACE_STYLE_USAGE ( .BOTH. , #11447 ) ;
#5301 = ADVANCED_FACE ( 'NONE', ( #11677 ), #3612, .F. ) ;
#5302 = CARTESIAN_POINT ( 'NONE',  ( 6.875000000000006217, 1.399999999999998579, 0.3500000000000039746 ) ) ;
#5303 = VECTOR ( 'NONE', #10944, 1000.000000000000000 ) ;
#5304 = ORIENTED_EDGE ( 'NONE', *, *, #5820, .F. ) ;
#5305 = DIRECTION ( 'NONE',  ( -0.000000000000000000, 1.000000000000000000, -0.000000000000000000 ) ) ;
#5306 = EDGE_LOOP ( 'NONE', ( #2078, #245, #3006, #4901 ) ) ;
#5307 = VERTEX_POINT ( 'NONE', #8616 ) ;
#5308 = DIRECTION ( 'NONE',  ( 0.000000000000000000, -4.814824860968089633E-32, -1.000000000000000000 ) ) ;
#5309 = CARTESIAN_POINT ( 'NONE',  ( 0.000000000000000000, 3.250000000000005329, -1.850000000000001865 ) ) ;
#5310 = DIRECTION ( 'NONE',  ( -0.000000000000000000, -1.000000000000000000, -0.000000000000000000 ) ) ;
#5311 = VECTOR ( 'NONE', #1545, 1000.000000000000114 ) ;
#5312 = SURFACE_STYLE_FILL_AREA ( #2269 ) ;
#5313 = CARTESIAN_POINT ( 'NONE',  ( -5.375000000000000888, -1.029563014098701546, 0.9500000000000013989 ) ) ;
#5314 = PRESENTATION_STYLE_ASSIGNMENT (( #9536 ) ) ;
#5315 = CARTESIAN_POINT ( 'NONE',  ( -5.374999999950209606, 1.749999999999999778, -0.6249377795396809931 ) ) ;
#5316 = FILL_AREA_STYLE_COLOUR ( '', #800 ) ;
#5317 = STYLED_ITEM ( 'NONE', ( #142 ), #416 ) ;
#5318 = SURFACE_STYLE_USAGE ( .BOTH. , #12651 ) ;
#5319 = EDGE_CURVE ( 'NONE', #12119, #9636, #3552, .T. ) ;
#5320 = EDGE_CURVE ( 'NONE', #1633, #9509, #3874, .T. ) ;
#5321 = DIRECTION ( 'NONE',  ( 1.196258353356355388E-15, 0.000000000000000000, -1.000000000000000000 ) ) ;
#5322 = PRESENTATION_LAYER_ASSIGNMENT (  '', '', ( #10013 ) ) ;
#5323 = MECHANICAL_DESIGN_GEOMETRIC_PRESENTATION_REPRESENTATION (  '', ( #1941 ), #6819 ) ;
#5324 = ORIENTED_EDGE ( 'NONE', *, *, #64, .F. ) ;
#5325 = SURFACE_STYLE_FILL_AREA ( #9262 ) ;
#5326 = ORIENTED_EDGE ( 'NONE', *, *, #5833, .F. ) ;
#5327 = ORIENTED_EDGE ( 'NONE', *, *, #6210, .F. ) ;
#5328 = PRESENTATION_LAYER_ASSIGNMENT (  '', '', ( #10010 ) ) ;
#5329 = ORIENTED_EDGE ( 'NONE', *, *, #10841, .T. ) ;
#5330 =( NAMED_UNIT ( * ) SI_UNIT ( $, .STERADIAN. ) SOLID_ANGLE_UNIT ( ) );
#5331 = FACE_OUTER_BOUND ( 'NONE', #12910, .T. ) ;
#5332 = DIRECTION ( 'NONE',  ( 0.000000000000000000, 0.000000000000000000, -1.000000000000000000 ) ) ;
#5333 = AXIS2_PLACEMENT_3D ( 'NONE', #5731, #3870, #691 ) ;
#5334 = CARTESIAN_POINT ( 'NONE',  ( 7.374999999999993783, 0.4500000000000040634, -1.849999999999996092 ) ) ;
#5335 = COLOUR_RGB ( '',1.000000000000000000, 1.000000000000000000, 1.000000000000000000 ) ;
#5336 =( LENGTH_UNIT ( ) NAMED_UNIT ( * ) SI_UNIT ( .MILLI., .METRE. ) );
#5337 = ADVANCED_FACE ( 'NONE', ( #4980 ), #11055, .F. ) ;
#5338 = STYLED_ITEM ( 'NONE', ( #7567 ), #661 ) ;
#5339 = EDGE_CURVE ( 'NONE', #7955, #2295, #2869, .T. ) ;
#5340 = SURFACE_SIDE_STYLE ('',( #1311 ) ) ;
#5341 = ORIENTED_EDGE ( 'NONE', *, *, #3621, .F. ) ;
#5342 = CARTESIAN_POINT ( 'NONE',  ( 4.925000000000019362, 3.700000000000000178, 1.249999999999985567 ) ) ;
#5343 = STYLED_ITEM ( 'NONE', ( #4331 ), #8111 ) ;
#5344 = COLOUR_RGB ( '',1.000000000000000000, 1.000000000000000000, 1.000000000000000000 ) ;
#5345 = PLANE ( 'NONE',  #11827 ) ;
#5346 = ORIENTED_EDGE ( 'NONE', *, *, #7416, .T. ) ;
#5347 = CARTESIAN_POINT ( 'NONE',  ( -6.094999999999995310, 1.200000000000000178, -1.749999999999996003 ) ) ;
#5348 = ORIENTED_EDGE ( 'NONE', *, *, #6383, .F. ) ;
#5349 = DIRECTION ( 'NONE',  ( -1.000000000000000000, 0.000000000000000000, 1.199542829132897993E-16 ) ) ;
#5350 = DIRECTION ( 'NONE',  ( -0.7071067811865479058, -3.572722524310777494E-15, -0.7071067811865471286 ) ) ;
#5351 = VECTOR ( 'NONE', #8593, 1000.000000000000000 ) ;
#5352 = CARTESIAN_POINT ( 'NONE',  ( -7.374999999999995559, 3.281777730845507692E-15, 0.3500000000000039746 ) ) ;
#5353 =( NAMED_UNIT ( * ) SI_UNIT ( $, .STERADIAN. ) SOLID_ANGLE_UNIT ( ) );
#5354 = LINE ( 'NONE', #9426, #3329 ) ;
#5355 = CARTESIAN_POINT ( 'NONE',  ( 5.400881904447568438, 4.525881904447543569, 0.1283451969090860234 ) ) ;
#5356 = UNCERTAINTY_MEASURE_WITH_UNIT (LENGTH_MEASURE( 1.000000000000000082E-05 ), #11678, 'distance_accuracy_value', 'NONE');
#5357 = VECTOR ( 'NONE', #6881, 1000.000000000000000 ) ;
#5358 = VECTOR ( 'NONE', #10004, 1000.000000000000000 ) ;
#5359 = ADVANCED_FACE ( 'NONE', ( #8203 ), #7069, .F. ) ;
#5360 = LINE ( 'NONE', #4365, #1895 ) ;
#5361 =( NAMED_UNIT ( * ) SI_UNIT ( $, .STERADIAN. ) SOLID_ANGLE_UNIT ( ) );
#5362 = LINE ( 'NONE', #10570, #11159 ) ;
#5363 = VECTOR ( 'NONE', #8150, 1000.000000000000114 ) ;
#5364 = ORIENTED_EDGE ( 'NONE', *, *, #6020, .F. ) ;
#5365 = STYLED_ITEM ( 'NONE', ( #8769 ), #1107 ) ;
#5366 = VERTEX_POINT ( 'NONE', #4070 ) ;
#5367 = LINE ( 'NONE', #71, #771 ) ;
#5368 = AXIS2_PLACEMENT_3D ( 'NONE', #13045, #1753, #6744 ) ;
#5369 = VERTEX_POINT ( 'NONE', #2020 ) ;
#5370 = CARTESIAN_POINT ( 'NONE',  ( 6.544999999999994600, 0.4499999999999999001, 0.3500000000000039746 ) ) ;
#5371 = DIRECTION ( 'NONE',  ( -1.000000000000000000, -0.000000000000000000, -0.000000000000000000 ) ) ;
#5372 = SURFACE_STYLE_USAGE ( .BOTH. , #10376 ) ;
#5373 = APPLICATION_PROTOCOL_DEFINITION ( 'draft international standard', 'automotive_design', 1998, #2678 ) ;
#5374 = MECHANICAL_DESIGN_GEOMETRIC_PRESENTATION_REPRESENTATION (  '', ( #6863 ), #7299 ) ;
#5375 = PRESENTATION_STYLE_ASSIGNMENT (( #1341 ) ) ;
#5376 = CARTESIAN_POINT ( 'NONE',  ( 4.214999999999999858, 0.000000000000000000, 1.850000000000004530 ) ) ;
#5377 = PRESENTATION_LAYER_ASSIGNMENT (  '', '', ( #7930 ) ) ;
#5378 = LINE ( 'NONE', #9451, #9587 ) ;
#5379 = VECTOR ( 'NONE', #2835, 1000.000000000000000 ) ;
#5380 = ORIENTED_EDGE ( 'NONE', *, *, #9129, .T. ) ;
#5381 =( LENGTH_UNIT ( ) NAMED_UNIT ( * ) SI_UNIT ( .MILLI., .METRE. ) );
#5382 = ORIENTED_EDGE ( 'NONE', *, *, #9072, .T. ) ;
#5383 = ORIENTED_EDGE ( 'NONE', *, *, #10411, .F. ) ;
#5384 = PLANE ( 'NONE',  #7794 ) ;
#5385 = PRESENTATION_STYLE_ASSIGNMENT (( #1353 ) ) ;
#5386 = LINE ( 'NONE', #8258, #12340 ) ;
#5387 =( GEOMETRIC_REPRESENTATION_CONTEXT ( 3 ) GLOBAL_UNCERTAINTY_ASSIGNED_CONTEXT ( ( #11792 ) ) GLOBAL_UNIT_ASSIGNED_CONTEXT ( ( #11150, #2114, #5281 ) ) REPRESENTATION_CONTEXT ( 'NONE', 'WORKASPACE' ) );
#5388 = CARTESIAN_POINT ( 'NONE',  ( 6.544999999999994600, 1.199999999999998623, -1.849999999999996092 ) ) ;
#5389 = DIRECTION ( 'NONE',  ( -1.000000000000000000, -0.000000000000000000, -0.000000000000000000 ) ) ;
#5390 = UNCERTAINTY_MEASURE_WITH_UNIT (LENGTH_MEASURE( 1.000000000000000082E-05 ), #11252, 'distance_accuracy_value', 'NONE');
#5391 = DIRECTION ( 'NONE',  ( 1.000000000000000000, -0.000000000000000000, -0.000000000000000000 ) ) ;
#5392 = STYLED_ITEM ( 'NONE', ( #12075 ), #2754 ) ;
#5393 =( NAMED_UNIT ( * ) SI_UNIT ( $, .STERADIAN. ) SOLID_ANGLE_UNIT ( ) );
#5394 =( GEOMETRIC_REPRESENTATION_CONTEXT ( 3 ) GLOBAL_UNCERTAINTY_ASSIGNED_CONTEXT ( ( #1522 ) ) GLOBAL_UNIT_ASSIGNED_CONTEXT ( ( #2800, #3685, #7817 ) ) REPRESENTATION_CONTEXT ( 'NONE', 'WORKASPACE' ) );
#5395 = CARTESIAN_POINT ( 'NONE',  ( 5.994999999999993889, 1.750000000000001554, -1.849999999999996758 ) ) ;
#5396 = ADVANCED_FACE ( 'NONE', ( #7935 ), #12205, .F. ) ;
#5397 = CARTESIAN_POINT ( 'NONE',  ( 3.284999999999998810, 8.425943506694179847E-32, 1.750000000000004663 ) ) ;
#5398 = VECTOR ( 'NONE', #8172, 1000.000000000000000 ) ;
#5399 = ORIENTED_EDGE ( 'NONE', *, *, #2796, .T. ) ;
#5400 = SURFACE_STYLE_USAGE ( .BOTH. , #6403 ) ;
#5401 = EDGE_LOOP ( 'NONE', ( #9213, #1901, #11923, #601 ) ) ;
#5402 = ORIENTED_EDGE ( 'NONE', *, *, #231, .F. ) ;
#5403 = COLOUR_RGB ( '',1.000000000000000000, 1.000000000000000000, 1.000000000000000000 ) ;
#5404 = EDGE_CURVE ( 'NONE', #7941, #3421, #3128, .T. ) ;
#5405 = ORIENTED_EDGE ( 'NONE', *, *, #37, .F. ) ;
#5406 = CARTESIAN_POINT ( 'NONE',  ( 7.374999999999995559, 3.281777730845507692E-15, -1.850000000000001865 ) ) ;
#5407 = DIRECTION ( 'NONE',  ( -0.7071067811865474617, -0.7071067811865474617, 0.000000000000000000 ) ) ;
#5408 = SURFACE_STYLE_USAGE ( .BOTH. , #7476 ) ;
#5409 = EDGE_CURVE ( 'NONE', #356, #6405, #7998, .T. ) ;
#5410 = DIRECTION ( 'NONE',  ( 0.000000000000000000, 1.000000000000000000, 0.000000000000000000 ) ) ;
#5411 = PRESENTATION_STYLE_ASSIGNMENT (( #2349 ) ) ;
#5412 = STYLED_ITEM ( 'NONE', ( #12448 ), #3383 ) ;
#5413 = ORIENTED_EDGE ( 'NONE', *, *, #1684, .T. ) ;
#5414 = LINE ( 'NONE', #10487, #5812 ) ;
#5415 = PRESENTATION_LAYER_ASSIGNMENT (  '', '', ( #10307 ) ) ;
#5416 = CARTESIAN_POINT ( 'NONE',  ( 5.374999999950209606, 1.749999999999999778, -0.6249377795396822144 ) ) ;
#5417 = ORIENTED_EDGE ( 'NONE', *, *, #9410, .T. ) ;
#5418 = EDGE_CURVE ( 'NONE', #7725, #4, #830, .T. ) ;
#5419 = ORIENTED_EDGE ( 'NONE', *, *, #9315, .F. ) ;
#5420 = PLANE ( 'NONE',  #1424 ) ;
#5421 = LINE ( 'NONE', #6425, #11306 ) ;
#5422 = FILL_AREA_STYLE_COLOUR ( '', #7483 ) ;
#5423 = CARTESIAN_POINT ( 'NONE',  ( 2.235102157375179921, 0.2565727441013923582, 0.1350672255343199901 ) ) ;
#5424 = FACE_OUTER_BOUND ( 'NONE', #1548, .T. ) ;
#5425 = ADVANCED_FACE ( 'NONE', ( #3947 ), #4864, .T. ) ;
#5426 = DIRECTION ( 'NONE',  ( -1.000000000000000000, 0.000000000000000000, 0.000000000000000000 ) ) ;
#5427 = VECTOR ( 'NONE', #2313, 1000.000000000000000 ) ;
#5428 = DIRECTION ( 'NONE',  ( -0.000000000000000000, -0.000000000000000000, 1.000000000000000000 ) ) ;
#5429 = DIRECTION ( 'NONE',  ( -0.000000000000000000, 1.000000000000000000, -0.000000000000000000 ) ) ;
#5430 = CARTESIAN_POINT ( 'NONE',  ( 3.900000000000007017, 0.000000000000000000, -1.850000000000001865 ) ) ;
#5431 = CARTESIAN_POINT ( 'NONE',  ( 3.600000000000006306, 3.250000000000005329, -1.850000000000001865 ) ) ;
#5432 = ORIENTED_EDGE ( 'NONE', *, *, #2086, .F. ) ;
#5433 = ADVANCED_FACE ( 'NONE', ( #368 ), #10463, .T. ) ;
#5434 = ORIENTED_EDGE ( 'NONE', *, *, #7140, .F. ) ;
#5435 = MECHANICAL_DESIGN_GEOMETRIC_PRESENTATION_REPRESENTATION (  '', ( #9890 ), #7139 ) ;
#5436 = VECTOR ( 'NONE', #12671, 1000.000000000000000 ) ;
#5437 = EDGE_CURVE ( 'NONE', #5744, #872, #7409, .T. ) ;
#5438 = ORIENTED_EDGE ( 'NONE', *, *, #12683, .F. ) ;
#5439 = PRESENTATION_STYLE_ASSIGNMENT (( #3172 ) ) ;
#5440 = LINE ( 'NONE', #9640, #4707 ) ;
#5441 = DIRECTION ( 'NONE',  ( -0.000000000000000000, -0.000000000000000000, 1.000000000000000000 ) ) ;
#5442 = VECTOR ( 'NONE', #1103, 1000.000000000000000 ) ;
#5443 = PLANE ( 'NONE',  #10261 ) ;
#5444 = DIRECTION ( 'NONE',  ( 0.000000000000000000, 0.9848077530122087975, -0.1736481776669264454 ) ) ;
#5445 = DIRECTION ( 'NONE',  ( 0.000000000000000000, -0.000000000000000000, 1.000000000000000000 ) ) ;
#5446 = LINE ( 'NONE', #8310, #5023 ) ;
#5447 =( NAMED_UNIT ( * ) PLANE_ANGLE_UNIT ( ) SI_UNIT ( $, .RADIAN. ) );
#5448 = VECTOR ( 'NONE', #2286, 999.9999999999998863 ) ;
#5449 = VECTOR ( 'NONE', #6267, 1000.000000000000000 ) ;
#5450 = SURFACE_SIDE_STYLE ('',( #7391 ) ) ;
#5451 = FILL_AREA_STYLE ('',( #1546 ) ) ;
#5452 = EDGE_CURVE ( 'NONE', #10044, #5891, #1234, .T. ) ;
#5453 = ORIENTED_EDGE ( 'NONE', *, *, #2501, .F. ) ;
#5454 = CARTESIAN_POINT ( 'NONE',  ( 5.275000000000024336, 4.400000000000000355, -1.450000000000041034 ) ) ;
#5455 = ORIENTED_EDGE ( 'NONE', *, *, #4037, .T. ) ;
#5456 = VERTEX_POINT ( 'NONE', #11521 ) ;
#5457 =( LENGTH_UNIT ( ) NAMED_UNIT ( * ) SI_UNIT ( .MILLI., .METRE. ) );
#5458 = AXIS2_PLACEMENT_3D ( 'NONE', #12941, #2052, #1784 ) ;
#5459 = CARTESIAN_POINT ( 'NONE',  ( 5.875000000000004441, -1.029563014098701546, 0.9500000000000013989 ) ) ;
#5460 = CARTESIAN_POINT ( 'NONE',  ( 5.400881904447568438, 4.525881904447542681, -0.6283451969090776412 ) ) ;
#5461 = SURFACE_STYLE_USAGE ( .BOTH. , #10842 ) ;
#5462 = STYLED_ITEM ( 'NONE', ( #5180 ), #5433 ) ;
#5463 =( LENGTH_UNIT ( ) NAMED_UNIT ( * ) SI_UNIT ( .MILLI., .METRE. ) );
#5464 = DIRECTION ( 'NONE',  ( -1.000000000000000000, -0.000000000000000000, -0.000000000000000000 ) ) ;
#5465 = SURFACE_STYLE_FILL_AREA ( #7261 ) ;
#5466 = LINE ( 'NONE', #5397, #6685 ) ;
#5467 = PRESENTATION_LAYER_ASSIGNMENT (  '', '', ( #9923 ) ) ;
#5468 = ORIENTED_EDGE ( 'NONE', *, *, #11213, .F. ) ;
#5469 = VECTOR ( 'NONE', #8453, 1000.000000000000000 ) ;
#5470 = ORIENTED_EDGE ( 'NONE', *, *, #2709, .T. ) ;
#5471 = ORIENTED_EDGE ( 'NONE', *, *, #7306, .T. ) ;
#5472 = PRESENTATION_LAYER_ASSIGNMENT (  '', '', ( #8469 ) ) ;
#5473 = VERTEX_POINT ( 'NONE', #10532 ) ;
#5474 = EDGE_CURVE ( 'NONE', #2985, #7823, #1430, .T. ) ;
#5475 = DIRECTION ( 'NONE',  ( -1.000000000000000000, -0.000000000000000000, -0.000000000000000000 ) ) ;
#5476 = CARTESIAN_POINT ( 'NONE',  ( 0.000000000000000000, 2.078323961923568053, 0.8000000000000005995 ) ) ;
#5477 = LINE ( 'NONE', #9549, #290 ) ;
#5478 = DIRECTION ( 'NONE',  ( 0.000000000000000000, -1.000000000000000000, -0.000000000000000000 ) ) ;
#5479 = UNCERTAINTY_MEASURE_WITH_UNIT (LENGTH_MEASURE( 1.000000000000000082E-05 ), #8530, 'distance_accuracy_value', 'NONE');
#5480 = AXIS2_PLACEMENT_3D ( 'NONE', #8132, #10192, #10994 ) ;
#5481 = LINE ( 'NONE', #12909, #5534 ) ;
#5482 = EDGE_CURVE ( 'NONE', #5727, #5858, #4456, .T. ) ;
#5483 = ORIENTED_EDGE ( 'NONE', *, *, #1540, .F. ) ;
#5484 = CARTESIAN_POINT ( 'NONE',  ( -5.316421356216700644, 4.441421356216673999, -0.6249377795396811042 ) ) ;
#5485 = AXIS2_PLACEMENT_3D ( 'NONE', #8375, #1210, #6520 ) ;
#5486 = LINE ( 'NONE', #5684, #13073 ) ;
#5487 = EDGE_LOOP ( 'NONE', ( #12884, #301, #11507, #3261 ) ) ;
#5488 =( NAMED_UNIT ( * ) PLANE_ANGLE_UNIT ( ) SI_UNIT ( $, .RADIAN. ) );
#5489 = ORIENTED_EDGE ( 'NONE', *, *, #10642, .F. ) ;
#5490 = LINE ( 'NONE', #12799, #11175 ) ;
#5491 = DIRECTION ( 'NONE',  ( -0.000000000000000000, -0.000000000000000000, 1.000000000000000000 ) ) ;
#5492 = DIRECTION ( 'NONE',  ( -1.000000000000000000, 6.570922257487672349E-16, 1.176083712526648949E-16 ) ) ;
#5493 = FILL_AREA_STYLE_COLOUR ( '', #3448 ) ;
#5494 = UNCERTAINTY_MEASURE_WITH_UNIT (LENGTH_MEASURE( 1.000000000000000082E-05 ), #9170, 'distance_accuracy_value', 'NONE');
#5495 = UNCERTAINTY_MEASURE_WITH_UNIT (LENGTH_MEASURE( 1.000000000000000082E-05 ), #1422, 'distance_accuracy_value', 'NONE');
#5496 = LINE ( 'NONE', #1398, #12106 ) ;
#5497 = DIRECTION ( 'NONE',  ( 1.000000000000000000, -0.000000000000000000, 0.000000000000000000 ) ) ;
#5498 = ADVANCED_FACE ( 'NONE', ( #230 ), #12583, .T. ) ;
#5499 =( NAMED_UNIT ( * ) SI_UNIT ( $, .STERADIAN. ) SOLID_ANGLE_UNIT ( ) );
#5500 = VERTEX_POINT ( 'NONE', #7535 ) ;
#5501 = ADVANCED_FACE ( 'NONE', ( #1161 ), #8327, .F. ) ;
#5502 = ORIENTED_EDGE ( 'NONE', *, *, #5822, .F. ) ;
#5503 = FILL_AREA_STYLE_COLOUR ( '', #10317 ) ;
#5504 = ORIENTED_EDGE ( 'NONE', *, *, #1229, .T. ) ;
#5505 = FACE_OUTER_BOUND ( 'NONE', #12453, .T. ) ;
#5506 = MANIFOLD_SOLID_BREP ( 'LPattern1[2]', #10849 ) ;
#5507 = LINE ( 'NONE', #4501, #7247 ) ;
#5508 =( NAMED_UNIT ( * ) SI_UNIT ( $, .STERADIAN. ) SOLID_ANGLE_UNIT ( ) );
#5509 = LINE ( 'NONE', #412, #5253 ) ;
#5510 = CARTESIAN_POINT ( 'NONE',  ( 2.034999999999999698, 0.3000000000000002665, 4.065758146820583696E-17 ) ) ;
#5511 = DIRECTION ( 'NONE',  ( 0.000000000000000000, 1.000000000000000000, 0.000000000000000000 ) ) ;
#5512 = CARTESIAN_POINT ( 'NONE',  ( -7.786075747948554272E-16, 2.100000000000007194, -1.450000000000040368 ) ) ;
#5513 = EDGE_CURVE ( 'NONE', #12834, #5727, #1564, .T. ) ;
#5514 = CARTESIAN_POINT ( 'NONE',  ( 2.964999999999998970, 3.548929149633788249, -1.004535961130712751 ) ) ;
#5515 = DIRECTION ( 'NONE',  ( 0.000000000000000000, 1.000000000000000000, 0.000000000000000000 ) ) ;
#5516 = ADVANCED_FACE ( 'NONE', ( #5591 ), #7732, .F. ) ;
#5517 = ORIENTED_EDGE ( 'NONE', *, *, #5482, .T. ) ;
#5518 = ORIENTED_EDGE ( 'NONE', *, *, #5143, .F. ) ;
#5519 = ORIENTED_EDGE ( 'NONE', *, *, #4700, .T. ) ;
#5520 = DIRECTION ( 'NONE',  ( -5.981805089575197183E-16, -1.000000000000000000, 0.000000000000000000 ) ) ;
#5521 = SURFACE_STYLE_FILL_AREA ( #10594 ) ;
#5522 = LINE ( 'NONE', #9660, #9182 ) ;
#5523 = SURFACE_STYLE_USAGE ( .BOTH. , #6394 ) ;
#5524 = ADVANCED_FACE ( 'NONE', ( #11665 ), #8724, .F. ) ;
#5525 = DIRECTION ( 'NONE',  ( 0.000000000000000000, -1.355252715606880049E-16, 1.000000000000000000 ) ) ;
#5526 = UNCERTAINTY_MEASURE_WITH_UNIT (LENGTH_MEASURE( 1.000000000000000082E-05 ), #12055, 'distance_accuracy_value', 'NONE');
#5527 = CARTESIAN_POINT ( 'NONE',  ( -5.875000000000001776, 0.2999999999999999889, 0.8000000000000005995 ) ) ;
#5528 = LINE ( 'NONE', #2536, #4560 ) ;
#5529 = ADVANCED_FACE ( 'NONE', ( #4715 ), #3733, .T. ) ;
#5530 = CIRCLE ( 'NONE', #8727, 0.1999999999999996503 ) ;
#5531 = VERTEX_POINT ( 'NONE', #11173 ) ;
#5532 = ORIENTED_EDGE ( 'NONE', *, *, #6470, .F. ) ;
#5533 = ORIENTED_EDGE ( 'NONE', *, *, #8686, .T. ) ;
#5534 = VECTOR ( 'NONE', #8618, 1000.000000000000000 ) ;
#5535 = EDGE_LOOP ( 'NONE', ( #9197, #5025, #958, #6346 ) ) ;
#5536 =( NAMED_UNIT ( * ) PLANE_ANGLE_UNIT ( ) SI_UNIT ( $, .RADIAN. ) );
#5537 =( GEOMETRIC_REPRESENTATION_CONTEXT ( 3 ) GLOBAL_UNCERTAINTY_ASSIGNED_CONTEXT ( ( #7896 ) ) GLOBAL_UNIT_ASSIGNED_CONTEXT ( ( #6251, #1272, #2190 ) ) REPRESENTATION_CONTEXT ( 'NONE', 'WORKASPACE' ) );
#5538 = LINE ( 'NONE', #6608, #4384 ) ;
#5539 =( NAMED_UNIT ( * ) SI_UNIT ( $, .STERADIAN. ) SOLID_ANGLE_UNIT ( ) );
#5540 = FACE_OUTER_BOUND ( 'NONE', #10917, .T. ) ;
#5541 = SURFACE_STYLE_FILL_AREA ( #2781 ) ;
#5542 = ADVANCED_FACE ( 'NONE', ( #1929 ), #1999, .T. ) ;
#5543 = ORIENTED_EDGE ( 'NONE', *, *, #8979, .F. ) ;
#5544 = DIRECTION ( 'NONE',  ( 0.000000000000000000, 0.9848077530122087975, -0.1736481776669264454 ) ) ;
#5545 = ORIENTED_EDGE ( 'NONE', *, *, #4582, .T. ) ;
#5546 = CARTESIAN_POINT ( 'NONE',  ( 3.872150616019548393E-16, 3.700000000000000178, 1.249999999999981570 ) ) ;
#5547 = PRESENTATION_LAYER_ASSIGNMENT (  '', '', ( #7028 ) ) ;
#5548 = ORIENTED_EDGE ( 'NONE', *, *, #7389, .T. ) ;
#5549 =( NAMED_UNIT ( * ) SI_UNIT ( $, .STERADIAN. ) SOLID_ANGLE_UNIT ( ) );
#5550 = AXIS2_PLACEMENT_3D ( 'NONE', #2911, #10970, #5908 ) ;
#5551 = DIRECTION ( 'NONE',  ( 0.000000000000000000, 1.355252715606880296E-16, -1.000000000000000000 ) ) ;
#5552 = DIRECTION ( 'NONE',  ( 0.000000000000000000, 1.000000000000000000, -4.858652729125647208E-17 ) ) ;
#5553 =( LENGTH_UNIT ( ) NAMED_UNIT ( * ) SI_UNIT ( .MILLI., .METRE. ) );
#5554 = PRESENTATION_STYLE_ASSIGNMENT (( #1521 ) ) ;
#5555 = DIRECTION ( 'NONE',  ( 0.000000000000000000, 0.000000000000000000, -1.000000000000000000 ) ) ;
#5556 = CARTESIAN_POINT ( 'NONE',  ( -0.7850000000000010303, 0.2999999999999999889, 1.850000000000004530 ) ) ;
#5557 = LINE ( 'NONE', #9936, #2837 ) ;
#5558 = EDGE_CURVE ( 'NONE', #11697, #12010, #7920, .T. ) ;
#5559 = COLOUR_RGB ( '',1.000000000000000000, 1.000000000000000000, 1.000000000000000000 ) ;
#5560 = MECHANICAL_DESIGN_GEOMETRIC_PRESENTATION_REPRESENTATION (  '', ( #7263 ), #12573 ) ;
#5561 = ORIENTED_EDGE ( 'NONE', *, *, #6888, .F. ) ;
#5562 = VERTEX_POINT ( 'NONE', #6052 ) ;
#5563 = FACE_OUTER_BOUND ( 'NONE', #8116, .T. ) ;
#5564 = VERTEX_POINT ( 'NONE', #5035 ) ;
#5565 = CARTESIAN_POINT ( 'NONE',  ( -2.965000000000000746, 3.548929149633788693, -0.4454640388693684727 ) ) ;
#5566 = MANIFOLD_SOLID_BREP ( 'LPattern1[7]', #7015 ) ;
#5567 = CARTESIAN_POINT ( 'NONE',  ( 3.284999999999998810, 1.749999999999999778, -0.3250000000000474176 ) ) ;
#5568 = EDGE_CURVE ( 'NONE', #3511, #5186, #349, .T. ) ;
#5569 = LINE ( 'NONE', #6445, #4488 ) ;
#5570 = VECTOR ( 'NONE', #2161, 1000.000000000000000 ) ;
#5571 = VECTOR ( 'NONE', #8630, 1000.000000000000114 ) ;
#5572 =( NAMED_UNIT ( * ) SI_UNIT ( $, .STERADIAN. ) SOLID_ANGLE_UNIT ( ) );
#5573 =( NAMED_UNIT ( * ) SI_UNIT ( $, .STERADIAN. ) SOLID_ANGLE_UNIT ( ) );
#5574 = ADVANCED_FACE ( 'NONE', ( #9107 ), #12310, .T. ) ;
#5575 =( NAMED_UNIT ( * ) PLANE_ANGLE_UNIT ( ) SI_UNIT ( $, .RADIAN. ) );
#5576 = CARTESIAN_POINT ( 'NONE',  ( 5.275000000000024336, 4.400000000000000355, 0.2249377794898753391 ) ) ;
#5577 = SURFACE_SIDE_STYLE ('',( #13134 ) ) ;
#5578 = SURFACE_SIDE_STYLE ('',( #7393 ) ) ;
#5579 = MECHANICAL_DESIGN_GEOMETRIC_PRESENTATION_REPRESENTATION (  '', ( #8350 ), #3456 ) ;
#5580 = ORIENTED_EDGE ( 'NONE', *, *, #231, .T. ) ;
#5581 = DIRECTION ( 'NONE',  ( -1.000000000000000000, 0.000000000000000000, 1.199542829132897993E-16 ) ) ;
#5582 = ORIENTED_EDGE ( 'NONE', *, *, #8941, .T. ) ;
#5583 = ORIENTED_EDGE ( 'NONE', *, *, #7198, .F. ) ;
#5584 = MECHANICAL_DESIGN_GEOMETRIC_PRESENTATION_REPRESENTATION (  '', ( #9828 ), #10037 ) ;
#5585 = EDGE_CURVE ( 'NONE', #12511, #2031, #8249, .T. ) ;
#5586 = FACE_OUTER_BOUND ( 'NONE', #7643, .T. ) ;
#5587 = LINE ( 'NONE', #12578, #483 ) ;
#5588 = DIRECTION ( 'NONE',  ( 0.000000000000000000, 0.000000000000000000, 1.000000000000000000 ) ) ;
#5589 = VECTOR ( 'NONE', #811, 999.9999999999998863 ) ;
#5590 = CARTESIAN_POINT ( 'NONE',  ( -6.586421356237303293, 1.299999999999999156, -1.849999999999995204 ) ) ;
#5591 = FACE_OUTER_BOUND ( 'NONE', #13120, .T. ) ;
#5592 = DIRECTION ( 'NONE',  ( 1.000000000000000000, -0.000000000000000000, -0.000000000000000000 ) ) ;
#5593 =( GEOMETRIC_REPRESENTATION_CONTEXT ( 3 ) GLOBAL_UNCERTAINTY_ASSIGNED_CONTEXT ( ( #7368 ) ) GLOBAL_UNIT_ASSIGNED_CONTEXT ( ( #2319, #5447, #4380 ) ) REPRESENTATION_CONTEXT ( 'NONE', 'WORKASPACE' ) );
#5594 = LINE ( 'NONE', #6672, #1606 ) ;
#5595 = PRESENTATION_LAYER_ASSIGNMENT (  '', '', ( #6863 ) ) ;
#5596 = ORIENTED_EDGE ( 'NONE', *, *, #4370, .T. ) ;
#5597 = FILL_AREA_STYLE_COLOUR ( '', #6045 ) ;
#5598 = EDGE_CURVE ( 'NONE', #718, #7108, #12248, .T. ) ;
#5599 = AXIS2_PLACEMENT_3D ( 'NONE', #732, #11968, #6901 ) ;
#5600 = EDGE_LOOP ( 'NONE', ( #2771, #2062, #3959, #3904, #3140, #10320, #8004, #2061 ) ) ;
#5601 = ORIENTED_EDGE ( 'NONE', *, *, #11085, .F. ) ;
#5602 = ORIENTED_EDGE ( 'NONE', *, *, #7256, .F. ) ;
#5603 = EDGE_CURVE ( 'NONE', #2633, #568, #2195, .T. ) ;
#5604 = STYLED_ITEM ( 'NONE', ( #8956 ), #2711 ) ;
#5605 =( NAMED_UNIT ( * ) PLANE_ANGLE_UNIT ( ) SI_UNIT ( $, .RADIAN. ) );
#5606 = SURFACE_STYLE_USAGE ( .BOTH. , #3415 ) ;
#5607 = FILL_AREA_STYLE_COLOUR ( '', #5016 ) ;
#5608 = PRESENTATION_STYLE_ASSIGNMENT (( #6795 ) ) ;
#5609 = FILL_AREA_STYLE ('',( #3487 ) ) ;
#5610 = MECHANICAL_DESIGN_GEOMETRIC_PRESENTATION_REPRESENTATION (  '', ( #3914 ), #9447 ) ;
#5611 = CIRCLE ( 'NONE', #13041, 0.09999999995018507559 ) ;
#5612 = ORIENTED_EDGE ( 'NONE', *, *, #12323, .F. ) ;
#5613 =( NAMED_UNIT ( * ) SI_UNIT ( $, .STERADIAN. ) SOLID_ANGLE_UNIT ( ) );
#5614 = EDGE_CURVE ( 'NONE', #8315, #6620, #3389, .T. ) ;
#5615 = CARTESIAN_POINT ( 'NONE',  ( 3.200000000000007727, 3.250000000000005773, -1.450000000000040812 ) ) ;
#5616 = ORIENTED_EDGE ( 'NONE', *, *, #2908, .T. ) ;
#5617 = CARTESIAN_POINT ( 'NONE',  ( -3.285000000000000586, 0.000000000000000000, 1.850000000000004530 ) ) ;
#5618 = AXIS2_PLACEMENT_3D ( 'NONE', #8479, #12469, #7338 ) ;
#5619 = ORIENTED_EDGE ( 'NONE', *, *, #143, .F. ) ;
#5620 = DIRECTION ( 'NONE',  ( -1.000000000000000000, -0.000000000000000000, -0.000000000000000000 ) ) ;
#5621 =( LENGTH_UNIT ( ) NAMED_UNIT ( * ) SI_UNIT ( .MILLI., .METRE. ) );
#5622 = FILL_AREA_STYLE_COLOUR ( '', #8450 ) ;
#5623 = FACE_OUTER_BOUND ( 'NONE', #2826, .T. ) ;
#5624 = UNCERTAINTY_MEASURE_WITH_UNIT (LENGTH_MEASURE( 1.000000000000000082E-05 ), #7171, 'distance_accuracy_value', 'NONE');
#5625 = FACE_OUTER_BOUND ( 'NONE', #176, .T. ) ;
#5626 = SURFACE_SIDE_STYLE ('',( #10698 ) ) ;
#5627 = VERTEX_POINT ( 'NONE', #146 ) ;
#5628 = COLOUR_RGB ( '',1.000000000000000000, 1.000000000000000000, 1.000000000000000000 ) ;
#5629 = ORIENTED_EDGE ( 'NONE', *, *, #9834, .F. ) ;
#5630 =( NAMED_UNIT ( * ) SI_UNIT ( $, .STERADIAN. ) SOLID_ANGLE_UNIT ( ) );
#5631 = ORIENTED_EDGE ( 'NONE', *, *, #2041, .T. ) ;
#5632 = CARTESIAN_POINT ( 'NONE',  ( -3.285000000000000586, 1.350000000000001865, 1.350000000000004086 ) ) ;
#5633 = LINE ( 'NONE', #11641, #8118 ) ;
#5634 = VECTOR ( 'NONE', #3581, 1000.000000000000000 ) ;
#5635 = SURFACE_STYLE_FILL_AREA ( #3447 ) ;
#5636 = ADVANCED_FACE ( 'NONE', ( #7447 ), #9374, .F. ) ;
#5637 = PRESENTATION_LAYER_ASSIGNMENT (  '', '', ( #10543 ) ) ;
#5638 =( NAMED_UNIT ( * ) PLANE_ANGLE_UNIT ( ) SI_UNIT ( $, .RADIAN. ) );
#5639 = UNCERTAINTY_MEASURE_WITH_UNIT (LENGTH_MEASURE( 1.000000000000000082E-05 ), #7974, 'distance_accuracy_value', 'NONE');
#5640 = DIRECTION ( 'NONE',  ( -0.000000000000000000, -0.000000000000000000, -1.000000000000000000 ) ) ;
#5641 = MECHANICAL_DESIGN_GEOMETRIC_PRESENTATION_REPRESENTATION (  '', ( #10322 ), #8400 ) ;
#5642 = SURFACE_SIDE_STYLE ('',( #9582 ) ) ;
#5643 = CARTESIAN_POINT ( 'NONE',  ( -6.344999999999994422, 0.4500000000000014544, -1.749999999999996003 ) ) ;
#5644 = CARTESIAN_POINT ( 'NONE',  ( -5.575000000000018829, 1.749999999999999778, -0.6750000000000004885 ) ) ;
#5646 = EDGE_CURVE ( 'NONE', #3932, #12418, #5299, .T. ) ;
#5645 = VECTOR ( 'NONE', #12612, 1000.000000000000000 ) ;
#5647 = VECTOR ( 'NONE', #1385, 1000.000000000000000 ) ;
#5648 = ORIENTED_EDGE ( 'NONE', *, *, #954, .F. ) ;
#5649 = CARTESIAN_POINT ( 'NONE',  ( -2.035000000000000586, 3.548929149633788693, -0.4454640388693684727 ) ) ;
#5650 = EDGE_CURVE ( 'NONE', #12525, #13054, #5446, .T. ) ;
#5651 = ORIENTED_EDGE ( 'NONE', *, *, #9303, .T. ) ;
#5652 = ORIENTED_EDGE ( 'NONE', *, *, #10631, .T. ) ;
#5653 = DIRECTION ( 'NONE',  ( 1.000000000000000000, -0.000000000000000000, 0.000000000000000000 ) ) ;
#5654 = PRESENTATION_STYLE_ASSIGNMENT (( #1622 ) ) ;
#5655 = AXIS2_PLACEMENT_3D ( 'NONE', #3761, #2810, #7007 ) ;
#5656 = DIRECTION ( 'NONE',  ( 0.000000000000000000, 0.7071067811865481278, -0.7071067811865470176 ) ) ;
#5657 = AXIS2_PLACEMENT_3D ( 'NONE', #7194, #6988, #4669 ) ;
#5659 =( NAMED_UNIT ( * ) PLANE_ANGLE_UNIT ( ) SI_UNIT ( $, .RADIAN. ) );
#5658 = UNCERTAINTY_MEASURE_WITH_UNIT (LENGTH_MEASURE( 1.000000000000000082E-05 ), #1216, 'distance_accuracy_value', 'NONE');
#5660 = DIRECTION ( 'NONE',  ( 1.000000000000000000, 0.000000000000000000, 0.000000000000000000 ) ) ;
#5661 = SURFACE_SIDE_STYLE ('',( #6781 ) ) ;
#5662 = LINE ( 'NONE', #13029, #11766 ) ;
#5663 = STYLED_ITEM ( 'NONE', ( #4486 ), #4155 ) ;
#5664 = LINE ( 'NONE', #8537, #7749 ) ;
#5665 = EDGE_CURVE ( 'NONE', #11467, #10800, #7172, .T. ) ;
#5666 = ORIENTED_EDGE ( 'NONE', *, *, #562, .F. ) ;
#5667 = AXIS2_PLACEMENT_3D ( 'NONE', #6132, #3123, #1022 ) ;
#5668 = EDGE_CURVE ( 'NONE', #9125, #4135, #1213, .T. ) ;
#5669 = ORIENTED_EDGE ( 'NONE', *, *, #2951, .F. ) ;
#5670 = ORIENTED_EDGE ( 'NONE', *, *, #10465, .F. ) ;
#5671 = VERTEX_POINT ( 'NONE', #10381 ) ;
#5672 =( GEOMETRIC_REPRESENTATION_CONTEXT ( 3 ) GLOBAL_UNCERTAINTY_ASSIGNED_CONTEXT ( ( #3402 ) ) GLOBAL_UNIT_ASSIGNED_CONTEXT ( ( #5784, #679, #5720 ) ) REPRESENTATION_CONTEXT ( 'NONE', 'WORKASPACE' ) );
#5673 =( NAMED_UNIT ( * ) SI_UNIT ( $, .STERADIAN. ) SOLID_ANGLE_UNIT ( ) );
#5674 = DIRECTION ( 'NONE',  ( -1.000000000000000000, 0.000000000000000000, 0.000000000000000000 ) ) ;
#5675 = CARTESIAN_POINT ( 'NONE',  ( 6.094999999999994422, 1.649999999999999023, -1.749999999999997558 ) ) ;
#5676 = FILL_AREA_STYLE_COLOUR ( '', #10042 ) ;
#5677 = DIRECTION ( 'NONE',  ( -5.782411586589146618E-15, -0.000000000000000000, -1.000000000000000000 ) ) ;
#5678 = MECHANICAL_DESIGN_GEOMETRIC_PRESENTATION_REPRESENTATION (  '', ( #2074 ), #13106 ) ;
#5679 = EDGE_CURVE ( 'NONE', #1954, #390, #1277, .T. ) ;
#5680 = PRESENTATION_LAYER_ASSIGNMENT (  '', '', ( #2699 ) ) ;
#5681 = MANIFOLD_SOLID_BREP ( 'LPattern2[6]', #8925 ) ;
#5682 = ORIENTED_EDGE ( 'NONE', *, *, #1392, .T. ) ;
#5683 = PRESENTATION_STYLE_ASSIGNMENT (( #1826 ) ) ;
#5684 = CARTESIAN_POINT ( 'NONE',  ( -7.375000000000000000, 0.7999999999999999334, -1.850000000000001865 ) ) ;
#5685 = VECTOR ( 'NONE', #1102, 1000.000000000000000 ) ;
#5686 = EDGE_LOOP ( 'NONE', ( #1658, #894, #7822, #1471 ) ) ;
#5687 = CARTESIAN_POINT ( 'NONE',  ( -2.965000000000000746, 0.4500000000000000111, 1.850000000000004530 ) ) ;
#5688 = ORIENTED_EDGE ( 'NONE', *, *, #9138, .T. ) ;
#5689 = SURFACE_STYLE_FILL_AREA ( #7693 ) ;
#5690 = FILL_AREA_STYLE_COLOUR ( '', #1971 ) ;
#5691 = CARTESIAN_POINT ( 'NONE',  ( -3.200000000000000622, 3.250000000000005773, -1.850000000000001865 ) ) ;
#5692 = DIRECTION ( 'NONE',  ( 0.7071067811865474617, 0.000000000000000000, -0.7071067811865474617 ) ) ;
#5693 = PRESENTATION_LAYER_ASSIGNMENT (  '', '', ( #1869 ) ) ;
#5694 = CARTESIAN_POINT ( 'NONE',  ( -3.200000000000000622, 2.100000000000005862, -1.850000000000001865 ) ) ;
#5695 = EDGE_CURVE ( 'NONE', #3634, #8241, #11446, .T. ) ;
#5696 = ORIENTED_EDGE ( 'NONE', *, *, #7198, .T. ) ;
#5697 =( GEOMETRIC_REPRESENTATION_CONTEXT ( 3 ) GLOBAL_UNCERTAINTY_ASSIGNED_CONTEXT ( ( #8565 ) ) GLOBAL_UNIT_ASSIGNED_CONTEXT ( ( #5336, #4410, #7277 ) ) REPRESENTATION_CONTEXT ( 'NONE', 'WORKASPACE' ) );
#5698 = ORIENTED_EDGE ( 'NONE', *, *, #11012, .T. ) ;
#5699 = LINE ( 'NONE', #7506, #4573 ) ;
#5700 = ORIENTED_EDGE ( 'NONE', *, *, #7223, .F. ) ;
#5701 =( NAMED_UNIT ( * ) PLANE_ANGLE_UNIT ( ) SI_UNIT ( $, .RADIAN. ) );
#5702 = MANIFOLD_SOLID_BREP ( 'LPattern2[7]', #7660 ) ;
#5703 = DIRECTION ( 'NONE',  ( -1.000000000000000000, 0.000000000000000000, 0.000000000000000000 ) ) ;
#5704 = CARTESIAN_POINT ( 'NONE',  ( 0.7849999999999992539, 0.000000000000000000, -1.125000000000033973 ) ) ;
#5705 = FILL_AREA_STYLE ('',( #2451 ) ) ;
#5706 = LINE ( 'NONE', #10832, #6681 ) ;
#5707 = CARTESIAN_POINT ( 'NONE',  ( -6.412712434446766530, 0.2999999999999999889, -1.817712434446767666 ) ) ;
#5708 = PRESENTATION_STYLE_ASSIGNMENT (( #3842 ) ) ;
#5709 = ORIENTED_EDGE ( 'NONE', *, *, #4025, .T. ) ;
#5710 = CARTESIAN_POINT ( 'NONE',  ( 5.875000000000001776, 3.700000000000000178, 0.9499999999999855227 ) ) ;
#5711 = ORIENTED_EDGE ( 'NONE', *, *, #11712, .T. ) ;
#5712 = ORIENTED_EDGE ( 'NONE', *, *, #11229, .T. ) ;
#5713 = CARTESIAN_POINT ( 'NONE',  ( -4.435000000000000497, 4.000000000000000000, -0.9250000000000404565 ) ) ;
#5714 = CARTESIAN_POINT ( 'NONE',  ( 0.6849999999999989431, 4.000000000000000000, 0.000000000000000000 ) ) ;
#5715 = FILL_AREA_STYLE ('',( #554 ) ) ;
#5717 = EDGE_CURVE ( 'NONE', #2838, #6229, #4576, .T. ) ;
#5716 =( GEOMETRIC_REPRESENTATION_CONTEXT ( 3 ) GLOBAL_UNCERTAINTY_ASSIGNED_CONTEXT ( ( #9256 ) ) GLOBAL_UNIT_ASSIGNED_CONTEXT ( ( #8168, #7168, #8365 ) ) REPRESENTATION_CONTEXT ( 'NONE', 'WORKASPACE' ) );
#5718 = PLANE ( 'NONE',  #8018 ) ;
#5719 =( NAMED_UNIT ( * ) SI_UNIT ( $, .STERADIAN. ) SOLID_ANGLE_UNIT ( ) );
#5720 =( NAMED_UNIT ( * ) SI_UNIT ( $, .STERADIAN. ) SOLID_ANGLE_UNIT ( ) );
#5721 = DIRECTION ( 'NONE',  ( -0.000000000000000000, 1.000000000000000000, -0.000000000000000000 ) ) ;
#5722 = LINE ( 'NONE', #9779, #4345 ) ;
#5723 = EDGE_CURVE ( 'NONE', #12302, #10250, #8649, .T. ) ;
#5724 = ORIENTED_EDGE ( 'NONE', *, *, #8998, .F. ) ;
#5725 = ORIENTED_EDGE ( 'NONE', *, *, #11098, .F. ) ;
#5726 = ORIENTED_EDGE ( 'NONE', *, *, #12104, .F. ) ;
#5727 = VERTEX_POINT ( 'NONE', #12561 ) ;
#5728 = SURFACE_SIDE_STYLE ('',( #1816 ) ) ;
#5729 = VECTOR ( 'NONE', #3969, 1000.000000000000000 ) ;
#5730 = CARTESIAN_POINT ( 'NONE',  ( -0.4650000000000010236, 0.000000000000000000, 0.000000000000000000 ) ) ;
#5731 = CARTESIAN_POINT ( 'NONE',  ( -4.925000000000019362, 1.749999999999999778, 0.9499999999999868550 ) ) ;
#5732 = EDGE_CURVE ( 'NONE', #2691, #1347, #11707, .T. ) ;
#5733 = CARTESIAN_POINT ( 'NONE',  ( 5.575000000000018829, 1.749999999999999778, 0.1750000000000090372 ) ) ;
#5734 = EDGE_CURVE ( 'NONE', #4474, #6009, #8578, .T. ) ;
#5735 = DIRECTION ( 'NONE',  ( -0.7071067811865474617, 0.000000000000000000, -0.7071067811865474617 ) ) ;
#5736 =( NAMED_UNIT ( * ) SI_UNIT ( $, .STERADIAN. ) SOLID_ANGLE_UNIT ( ) );
#5737 = PLANE ( 'NONE',  #7082 ) ;
#5738 = EDGE_CURVE ( 'NONE', #10268, #12213, #12866, .T. ) ;
#5739 = AXIS2_PLACEMENT_3D ( 'NONE', #12563, #3325, #10518 ) ;
#5740 = ORIENTED_EDGE ( 'NONE', *, *, #12905, .T. ) ;
#5741 = SURFACE_STYLE_FILL_AREA ( #7867 ) ;
#5742 = LINE ( 'NONE', #2924, #2887 ) ;
#5743 = CLOSED_SHELL ( 'NONE', ( #11675, #63, #219, #1040, #4332, #1404, #9341, #3532, #7307, #4982 ) ) ;
#5744 = VERTEX_POINT ( 'NONE', #6648 ) ;
#5745 = PRESENTATION_STYLE_ASSIGNMENT (( #643 ) ) ;
#5746 = ORIENTED_EDGE ( 'NONE', *, *, #2041, .F. ) ;
#5747 = DIRECTION ( 'NONE',  ( -1.000000000000000000, -3.469446951953613203E-16, 0.000000000000000000 ) ) ;
#5748 = DIRECTION ( 'NONE',  ( 0.000000000000000000, 0.000000000000000000, -1.000000000000000000 ) ) ;
#5749 = PLANE ( 'NONE',  #12670 ) ;
#5750 = EDGE_CURVE ( 'NONE', #5133, #5188, #7776, .T. ) ;
#5751 = UNCERTAINTY_MEASURE_WITH_UNIT (LENGTH_MEASURE( 1.000000000000000082E-05 ), #1048, 'distance_accuracy_value', 'NONE');
#5752 = PRESENTATION_LAYER_ASSIGNMENT (  '', '', ( #11720 ) ) ;
#5753 = CARTESIAN_POINT ( 'NONE',  ( 5.875000000000004441, -1.029563014098701546, -0.9500000000000006217 ) ) ;
#5754 = VECTOR ( 'NONE', #10106, 1000.000000000000000 ) ;
#5755 = LINE ( 'NONE', #9813, #8833 ) ;
#5756 = EDGE_LOOP ( 'NONE', ( #7807, #8860, #371, #9979, #12550, #2324 ) ) ;
#5757 = PRESENTATION_LAYER_ASSIGNMENT (  '', '', ( #11501 ) ) ;
#5758 = VECTOR ( 'NONE', #6560, 1000.000000000000000 ) ;
#5759 = CARTESIAN_POINT ( 'NONE',  ( -5.374999999950209606, 1.749999999999999778, -0.7249377794898655969 ) ) ;
#5760 = VERTEX_POINT ( 'NONE', #12756 ) ;
#5761 = DIRECTION ( 'NONE',  ( 0.000000000000000000, 0.000000000000000000, -1.000000000000000000 ) ) ;
#5762 = PRESENTATION_STYLE_ASSIGNMENT (( #10884 ) ) ;
#5763 = EDGE_CURVE ( 'NONE', #12010, #2266, #3649, .T. ) ;
#5764 = SURFACE_STYLE_USAGE ( .BOTH. , #7512 ) ;
#5765 = COLOUR_RGB ( '',1.000000000000000000, 1.000000000000000000, 1.000000000000000000 ) ;
#5766 = DIRECTION ( 'NONE',  ( -0.000000000000000000, -1.000000000000000000, -0.000000000000000000 ) ) ;
#5767 = DIRECTION ( 'NONE',  ( 1.000000000000000000, -0.000000000000000000, -0.000000000000000000 ) ) ;
#5768 = PLANE ( 'NONE',  #12863 ) ;
#5769 = AXIS2_PLACEMENT_3D ( 'NONE', #6928, #7063, #7127 ) ;
#5770 = SURFACE_STYLE_USAGE ( .BOTH. , #5577 ) ;
#5771 = VERTEX_POINT ( 'NONE', #11573 ) ;
#5772 = DIRECTION ( 'NONE',  ( 0.000000000000000000, 0.000000000000000000, -1.000000000000000000 ) ) ;
#5773 = EDGE_CURVE ( 'NONE', #2297, #3395, #992, .T. ) ;
#5774 = ORIENTED_EDGE ( 'NONE', *, *, #3042, .T. ) ;
#5775 = EDGE_LOOP ( 'NONE', ( #1617, #1332, #8943, #11308 ) ) ;
#5776 = LINE ( 'NONE', #8779, #2060 ) ;
#5777 = STYLED_ITEM ( 'NONE', ( #5762 ), #7320 ) ;
#5778 = CARTESIAN_POINT ( 'NONE',  ( 1.714999999999999414, 0.000000000000000000, 0.000000000000000000 ) ) ;
#5779 = SURFACE_STYLE_FILL_AREA ( #11034 ) ;
#5780 = CARTESIAN_POINT ( 'NONE',  ( -2.035000000000000586, 0.000000000000000000, 1.850000000000004530 ) ) ;
#5781 = PRESENTATION_LAYER_ASSIGNMENT (  '', '', ( #11744 ) ) ;
#5782 = UNCERTAINTY_MEASURE_WITH_UNIT (LENGTH_MEASURE( 1.000000000000000082E-05 ), #9457, 'distance_accuracy_value', 'NONE');
#5783 = FILL_AREA_STYLE ('',( #8855 ) ) ;
#5784 =( LENGTH_UNIT ( ) NAMED_UNIT ( * ) SI_UNIT ( .MILLI., .METRE. ) );
#5785 = MANIFOLD_SOLID_BREP ( 'LPattern2[1]', #11705 ) ;
#5786 = FACE_OUTER_BOUND ( 'NONE', #6686, .T. ) ;
#5787 = SURFACE_STYLE_USAGE ( .BOTH. , #1738 ) ;
#5788 = CARTESIAN_POINT ( 'NONE',  ( -5.875000000000001776, 2.400000000000005684, 0.9500000000000005107 ) ) ;
#5789 = AXIS2_PLACEMENT_3D ( 'NONE', #7088, #9413, #12147 ) ;
#5790 = EDGE_LOOP ( 'NONE', ( #1014, #4287, #1405, #1402 ) ) ;
#5791 = ORIENTED_EDGE ( 'NONE', *, *, #12983, .T. ) ;
#5792 = ORIENTED_EDGE ( 'NONE', *, *, #404, .T. ) ;
#5793 = ORIENTED_EDGE ( 'NONE', *, *, #2600, .F. ) ;
#5794 = AXIS2_PLACEMENT_3D ( 'NONE', #3000, #7068, #9258 ) ;
#5795 = DIRECTION ( 'NONE',  ( 0.2133021165724272028, -0.9621436710723735297, -0.1696518885279465483 ) ) ;
#5796 = CARTESIAN_POINT ( 'NONE',  ( 6.544999999999994600, 1.399999999999998579, -1.849999999999996092 ) ) ;
#5797 = LINE ( 'NONE', #9861, #6818 ) ;
#5798 = SURFACE_STYLE_USAGE ( .BOTH. , #1692 ) ;
#5799 = EDGE_CURVE ( 'NONE', #9492, #5268, #2962, .T. ) ;
#5800 = CARTESIAN_POINT ( 'NONE',  ( 2.034999999999999698, 0.1000000000000000056, 2.350000000000004530 ) ) ;
#5801 = PRESENTATION_LAYER_ASSIGNMENT (  '', '', ( #8353 ) ) ;
#5802 = SURFACE_STYLE_USAGE ( .BOTH. , #12862 ) ;
#5803 = VECTOR ( 'NONE', #1051, 1000.000000000000000 ) ;
#5804 = ORIENTED_EDGE ( 'NONE', *, *, #2566, .F. ) ;
#5805 =( GEOMETRIC_REPRESENTATION_CONTEXT ( 3 ) GLOBAL_UNCERTAINTY_ASSIGNED_CONTEXT ( ( #6695 ) ) GLOBAL_UNIT_ASSIGNED_CONTEXT ( ( #6122, #8185, #5237 ) ) REPRESENTATION_CONTEXT ( 'NONE', 'WORKASPACE' ) );
#5806 = ORIENTED_EDGE ( 'NONE', *, *, #9886, .F. ) ;
#5807 = FACE_OUTER_BOUND ( 'NONE', #4405, .T. ) ;
#5808 = EDGE_LOOP ( 'NONE', ( #6906, #4537, #10671, #12815 ) ) ;
#5809 = DIRECTION ( 'NONE',  ( -1.466251640036188661E-16, 0.4226182617406950004, -0.9063077870366521571 ) ) ;
#5810 = SURFACE_STYLE_USAGE ( .BOTH. , #392 ) ;
#5811 = SURFACE_STYLE_USAGE ( .BOTH. , #2034 ) ;
#5812 = VECTOR ( 'NONE', #4038, 1000.000000000000000 ) ;
#5813 = CARTESIAN_POINT ( 'NONE',  ( -6.488057677372901288, 1.140743569830547921, -1.893057677372901759 ) ) ;
#5814 = SURFACE_STYLE_USAGE ( .BOTH. , #11071 ) ;
#5815 = VECTOR ( 'NONE', #8065, 1000.000000000000000 ) ;
#5816 = LINE ( 'NONE', #4934, #5303 ) ;
#5817 = FACE_OUTER_BOUND ( 'NONE', #2456, .T. ) ;
#5818 = EDGE_LOOP ( 'NONE', ( #8368, #7857, #498, #7754 ) ) ;
#5819 = EDGE_CURVE ( 'NONE', #8865, #419, #1788, .T. ) ;
#5820 = EDGE_CURVE ( 'NONE', #7642, #10630, #12038, .T. ) ;
#5821 = SURFACE_STYLE_USAGE ( .BOTH. , #8024 ) ;
#5822 = EDGE_CURVE ( 'NONE', #4095, #629, #7100, .T. ) ;
#5823 = ORIENTED_EDGE ( 'NONE', *, *, #2243, .T. ) ;
#5824 = VECTOR ( 'NONE', #12398, 1000.000000000000000 ) ;
#5825 = FACE_OUTER_BOUND ( 'NONE', #10592, .T. ) ;
#5826 = CARTESIAN_POINT ( 'NONE',  ( -4.299999999999998934, 2.100000000000005418, -1.850000000000001865 ) ) ;
#5827 = CARTESIAN_POINT ( 'NONE',  ( -7.074999999999998401, 2.100000000000005862, 0.6500000000000041300 ) ) ;
#5828 = AXIS2_PLACEMENT_3D ( 'NONE', #8982, #1936, #1810 ) ;
#5829 = PRESENTATION_STYLE_ASSIGNMENT (( #2055 ) ) ;
#5830 =( LENGTH_UNIT ( ) NAMED_UNIT ( * ) SI_UNIT ( .MILLI., .METRE. ) );
#5831 = EDGE_CURVE ( 'NONE', #9571, #1687, #5018, .T. ) ;
#5832 = FILL_AREA_STYLE ('',( #8773 ) ) ;
#5833 = EDGE_CURVE ( 'NONE', #2803, #2341, #10959, .T. ) ;
#5834 = EDGE_LOOP ( 'NONE', ( #4226, #4511, #5601, #3476, #1828, #1501 ) ) ;
#5835 = CARTESIAN_POINT ( 'NONE',  ( 3.284999999999998810, 0.2999999999999997113, 1.449999999999998623 ) ) ;
#5836 = VECTOR ( 'NONE', #9038, 1000.000000000000000 ) ;
#5837 = VECTOR ( 'NONE', #4134, 1000.000000000000000 ) ;
#5838 = ORIENTED_EDGE ( 'NONE', *, *, #1188, .T. ) ;
#5839 = EDGE_LOOP ( 'NONE', ( #10618, #8402, #6702, #6556 ) ) ;
#5840 = DIRECTION ( 'NONE',  ( -0.000000000000000000, 1.000000000000000000, -0.000000000000000000 ) ) ;
#5841 = FILL_AREA_STYLE ('',( #6908 ) ) ;
#5842 = FILL_AREA_STYLE ('',( #10901 ) ) ;
#5843 = VECTOR ( 'NONE', #10224, 1000.000000000000114 ) ;
#5844 = FILL_AREA_STYLE ('',( #4468 ) ) ;
#5845 = DIRECTION ( 'NONE',  ( -0.000000000000000000, 0.7071067811865497932, 0.7071067811865452413 ) ) ;
#5846 = DIRECTION ( 'NONE',  ( 0.000000000000000000, -0.7071067811865482389, 0.7071067811865469066 ) ) ;
#5847 =( NAMED_UNIT ( * ) PLANE_ANGLE_UNIT ( ) SI_UNIT ( $, .RADIAN. ) );
#5848 = MANIFOLD_SOLID_BREP ( 'Chamfer3', #7230 ) ;
#5849 = CARTESIAN_POINT ( 'NONE',  ( 5.575000000000026823, 4.700000000000000178, -0.7249377794898673733 ) ) ;
#5850 = MECHANICAL_DESIGN_GEOMETRIC_PRESENTATION_REPRESENTATION (  '', ( #769 ), #7982 ) ;
#5851 = ADVANCED_FACE ( 'NONE', ( #8094 ), #4763, .T. ) ;
#5852 = MECHANICAL_DESIGN_GEOMETRIC_PRESENTATION_REPRESENTATION (  '', ( #11599 ), #7573 ) ;
#5853 = DIRECTION ( 'NONE',  ( 1.000000000000000000, 0.000000000000000000, 2.710505431213767790E-15 ) ) ;
#5854 = AXIS2_PLACEMENT_3D ( 'NONE', #4088, #9205, #8020 ) ;
#5855 = ORIENTED_EDGE ( 'NONE', *, *, #1373, .F. ) ;
#5856 =( NAMED_UNIT ( * ) PLANE_ANGLE_UNIT ( ) SI_UNIT ( $, .RADIAN. ) );
#5857 = ORIENTED_EDGE ( 'NONE', *, *, #10866, .F. ) ;
#5858 = VERTEX_POINT ( 'NONE', #9433 ) ;
#5859 =( GEOMETRIC_REPRESENTATION_CONTEXT ( 3 ) GLOBAL_UNCERTAINTY_ASSIGNED_CONTEXT ( ( #743 ) ) GLOBAL_UNIT_ASSIGNED_CONTEXT ( ( #6680, #5536, #5673 ) ) REPRESENTATION_CONTEXT ( 'NONE', 'WORKASPACE' ) );
#5860 = CARTESIAN_POINT ( 'NONE',  ( 3.284999999999998810, 0.000000000000000000, 2.350000000000004530 ) ) ;
#5861 = PRESENTATION_STYLE_ASSIGNMENT (( #6790 ) ) ;
#5862 = CARTESIAN_POINT ( 'NONE',  ( -6.875000000000006217, 1.650000000000000799, 0.3500000000000039746 ) ) ;
#5863 =( NAMED_UNIT ( * ) SI_UNIT ( $, .STERADIAN. ) SOLID_ANGLE_UNIT ( ) );
#5864 = LINE ( 'NONE', #882, #11317 ) ;
#5865 = STYLED_ITEM ( 'NONE', ( #12542 ), #4196 ) ;
#5866 = DIRECTION ( 'NONE',  ( 1.000000000000000000, 0.000000000000000000, -0.000000000000000000 ) ) ;
#5867 = DIRECTION ( 'NONE',  ( -0.000000000000000000, -0.000000000000000000, -1.000000000000000000 ) ) ;
#5868 = SURFACE_SIDE_STYLE ('',( #6865 ) ) ;
#5869 = STYLED_ITEM ( 'NONE', ( #5861 ), #12233 ) ;
#5870 = VECTOR ( 'NONE', #2012, 1000.000000000000000 ) ;
#5871 = VERTEX_POINT ( 'NONE', #66 ) ;
#5872 =( LENGTH_UNIT ( ) NAMED_UNIT ( * ) SI_UNIT ( .MILLI., .METRE. ) );
#5873 = ORIENTED_EDGE ( 'NONE', *, *, #5244, .F. ) ;
#5874 = AXIS2_PLACEMENT_3D ( 'NONE', #2419, #9477, #6288 ) ;
#5875 = VERTEX_POINT ( 'NONE', #199 ) ;
#5876 = DIRECTION ( 'NONE',  ( -0.000000000000000000, -0.000000000000000000, 1.000000000000000000 ) ) ;
#5877 = VERTEX_POINT ( 'NONE', #4238 ) ;
#5878 = LINE ( 'NONE', #9942, #250 ) ;
#5879 = PRESENTATION_STYLE_ASSIGNMENT (( #5811 ) ) ;
#5880 = SURFACE_STYLE_USAGE ( .BOTH. , #2035 ) ;
#5881 = UNCERTAINTY_MEASURE_WITH_UNIT (LENGTH_MEASURE( 1.000000000000000082E-05 ), #6113, 'distance_accuracy_value', 'NONE');
#5882 = EDGE_CURVE ( 'NONE', #8401, #566, #1123, .T. ) ;
#5883 = COLOUR_RGB ( '',1.000000000000000000, 1.000000000000000000, 1.000000000000000000 ) ;
#5884 = UNCERTAINTY_MEASURE_WITH_UNIT (LENGTH_MEASURE( 1.000000000000000082E-05 ), #2238, 'distance_accuracy_value', 'NONE');
#5885 = VECTOR ( 'NONE', #8594, 1000.000000000000000 ) ;
#5886 = FILL_AREA_STYLE_COLOUR ( '', #9127 ) ;
#5887 = FACE_OUTER_BOUND ( 'NONE', #10782, .T. ) ;
#5888 = EDGE_LOOP ( 'NONE', ( #12989, #2970, #7032, #11232 ) ) ;
#5889 = STYLED_ITEM ( 'NONE', ( #307 ), #12946 ) ;
#5890 = LINE ( 'NONE', #6764, #1203 ) ;
#5891 = VERTEX_POINT ( 'NONE', #5073 ) ;
#5892 = CARTESIAN_POINT ( 'NONE',  ( 2.034999999999999698, 4.000000000000000000, 0.000000000000000000 ) ) ;
#5893 = PLANE ( 'NONE',  #8862 ) ;
#5894 = FACE_OUTER_BOUND ( 'NONE', #2391, .T. ) ;
#5895 = CARTESIAN_POINT ( 'NONE',  ( 4.214999999999999858, 0.4500000000000002331, 6.098637220230963674E-17 ) ) ;
#5896 = EDGE_CURVE ( 'NONE', #2619, #2081, #3304, .T. ) ;
#5897 =( NAMED_UNIT ( * ) PLANE_ANGLE_UNIT ( ) SI_UNIT ( $, .RADIAN. ) );
#5898 = CARTESIAN_POINT ( 'NONE',  ( -6.875000000000006217, 1.650000000000000799, 0.3500000000000039746 ) ) ;
#5899 = ADVANCED_FACE ( 'NONE', ( #8237 ), #11430, .F. ) ;
#5900 = PRESENTATION_LAYER_ASSIGNMENT (  '', '', ( #2299 ) ) ;
#5901 = DIRECTION ( 'NONE',  ( -1.000000000000000000, 0.000000000000000000, 0.000000000000000000 ) ) ;
#5902 =( NAMED_UNIT ( * ) PLANE_ANGLE_UNIT ( ) SI_UNIT ( $, .RADIAN. ) );
#5903 = EDGE_LOOP ( 'NONE', ( #10851, #154, #482, #12745, #12748, #1498 ) ) ;
#5904 = SURFACE_STYLE_FILL_AREA ( #2839 ) ;
#5905 = ORIENTED_EDGE ( 'NONE', *, *, #6631, .F. ) ;
#5906 = VERTEX_POINT ( 'NONE', #6168 ) ;
#5907 =( NAMED_UNIT ( * ) PLANE_ANGLE_UNIT ( ) SI_UNIT ( $, .RADIAN. ) );
#5908 = DIRECTION ( 'NONE',  ( 0.9659258262890699775, 0.000000000000000000, 0.2588190451025147443 ) ) ;
#5909 =( NAMED_UNIT ( * ) SI_UNIT ( $, .STERADIAN. ) SOLID_ANGLE_UNIT ( ) );
#5910 = CARTESIAN_POINT ( 'NONE',  ( -0.4650000000000010236, 0.3000000000000002665, 4.065758146820583696E-17 ) ) ;
#5911 = LINE ( 'NONE', #1997, #9288 ) ;
#5913 = DIRECTION ( 'NONE',  ( 0.000000000000000000, 0.7071067811865402453, -0.7071067811865547892 ) ) ;
#5912 = UNCERTAINTY_MEASURE_WITH_UNIT (LENGTH_MEASURE( 1.000000000000000082E-05 ), #11101, 'distance_accuracy_value', 'NONE');
#5914 = EDGE_CURVE ( 'NONE', #3380, #106, #259, .T. ) ;
#5915 = CARTESIAN_POINT ( 'NONE',  ( 2.034999999999999698, 1.350000000000001865, 1.350000000000004086 ) ) ;
#5916 = SURFACE_STYLE_USAGE ( .BOTH. , #4847 ) ;
#5917 = EDGE_CURVE ( 'NONE', #7454, #12109, #3166, .T. ) ;
#5918 = CARTESIAN_POINT ( 'NONE',  ( -4.215000000000000746, 0.4500000000000000111, 1.850000000000004530 ) ) ;
#5919 = EDGE_CURVE ( 'NONE', #12986, #12331, #5360, .T. ) ;
#5920 = DIRECTION ( 'NONE',  ( -0.000000000000000000, 1.000000000000000000, -0.000000000000000000 ) ) ;
#5921 = ORIENTED_EDGE ( 'NONE', *, *, #5046, .T. ) ;
#5922 = EDGE_LOOP ( 'NONE', ( #5700, #12333, #3396, #1349, #2344, #12782 ) ) ;
#5923 = SURFACE_STYLE_USAGE ( .BOTH. , #2987 ) ;
#5924 = ORIENTED_EDGE ( 'NONE', *, *, #6486, .T. ) ;
#5925 = ORIENTED_EDGE ( 'NONE', *, *, #11602, .T. ) ;
#5926 = VECTOR ( 'NONE', #10295, 1000.000000000000000 ) ;
#5927 =( LENGTH_UNIT ( ) NAMED_UNIT ( * ) SI_UNIT ( .MILLI., .METRE. ) );
#5928 = CARTESIAN_POINT ( 'NONE',  ( 4.535000000000000142, 1.749999999999999778, -0.3250000000000474176 ) ) ;
#5929 = SURFACE_STYLE_FILL_AREA ( #4859 ) ;
#5930 = CARTESIAN_POINT ( 'NONE',  ( 4.214999999999999858, 0.8750000000000022204, 0.8749999999999842348 ) ) ;
#5931 = CARTESIAN_POINT ( 'NONE',  ( 5.875000000000001776, -0.9059928172283340242, 0.6500000000000039080 ) ) ;
#5932 = LINE ( 'NONE', #11811, #10694 ) ;
#5933 = EDGE_CURVE ( 'NONE', #417, #7802, #5217, .T. ) ;
#5934 = CARTESIAN_POINT ( 'NONE',  ( 8.364770460511927297, 0.3602469863822925222, -0.6397704605119278742 ) ) ;
#5935 =( LENGTH_UNIT ( ) NAMED_UNIT ( * ) SI_UNIT ( .MILLI., .METRE. ) );
#5936 = VERTEX_POINT ( 'NONE', #3237 ) ;
#5937 = SURFACE_SIDE_STYLE ('',( #9124 ) ) ;
#5938 = ORIENTED_EDGE ( 'NONE', *, *, #12747, .T. ) ;
#5939 = ORIENTED_EDGE ( 'NONE', *, *, #2545, .F. ) ;
#5941 = EDGE_CURVE ( 'NONE', #5188, #448, #4427, .T. ) ;
#5940 = ORIENTED_EDGE ( 'NONE', *, *, #3164, .F. ) ;
#5942 = LINE ( 'NONE', #6690, #2991 ) ;
#5943 = ORIENTED_EDGE ( 'NONE', *, *, #2484, .T. ) ;
#5944 = DIRECTION ( 'NONE',  ( 0.000000000000000000, 1.355252715606860081E-16, -1.000000000000000000 ) ) ;
#5945 = DIRECTION ( 'NONE',  ( 0.000000000000000000, 0.000000000000000000, 1.000000000000000000 ) ) ;
#5946 = DIRECTION ( 'NONE',  ( 1.000000000000000000, 1.084202172485507589E-15, 0.000000000000000000 ) ) ;
#5947 = SURFACE_STYLE_FILL_AREA ( #11885 ) ;
#5948 = FACE_OUTER_BOUND ( 'NONE', #3258, .T. ) ;
#5949 = AXIS2_PLACEMENT_3D ( 'NONE', #7625, #2423, #4473 ) ;
#5950 = FILL_AREA_STYLE_COLOUR ( '', #12126 ) ;
#5951 = LINE ( 'NONE', #978, #12664 ) ;
#5952 = ORIENTED_EDGE ( 'NONE', *, *, #12606, .T. ) ;
#5953 = ORIENTED_EDGE ( 'NONE', *, *, #4906, .F. ) ;
#5954 = FACE_OUTER_BOUND ( 'NONE', #4658, .T. ) ;
#5955 = STYLED_ITEM ( 'NONE', ( #9376 ), #6483 ) ;
#5956 = FILL_AREA_STYLE ('',( #9088 ) ) ;
#5957 = LINE ( 'NONE', #9089, #12771 ) ;
#5958 = CARTESIAN_POINT ( 'NONE',  ( 0.7849999999999992539, 1.749999999999999778, -1.125000000000033973 ) ) ;
#5959 = DIRECTION ( 'NONE',  ( -1.000000000000000000, -0.000000000000000000, -0.000000000000000000 ) ) ;
#5960 = FILL_AREA_STYLE ('',( #1981 ) ) ;
#5961 = PRESENTATION_LAYER_ASSIGNMENT (  '', '', ( #11715 ) ) ;
#5962 = LINE ( 'NONE', #918, #10156 ) ;
#5963 = SURFACE_STYLE_USAGE ( .BOTH. , #11899 ) ;
#5964 = SURFACE_STYLE_FILL_AREA ( #12300 ) ;
#5965 = VECTOR ( 'NONE', #5748, 1000.000000000000000 ) ;
#5966 = VECTOR ( 'NONE', #11550, 1000.000000000000000 ) ;
#5967 = FACE_OUTER_BOUND ( 'NONE', #8742, .T. ) ;
#5968 = ORIENTED_EDGE ( 'NONE', *, *, #11747, .F. ) ;
#5969 = SURFACE_STYLE_FILL_AREA ( #8101 ) ;
#5970 = MECHANICAL_DESIGN_GEOMETRIC_PRESENTATION_REPRESENTATION (  '', ( #8102 ), #3203 ) ;
#5971 = EDGE_CURVE ( 'NONE', #417, #550, #11692, .T. ) ;
#5972 = VERTEX_POINT ( 'NONE', #6699 ) ;
#5973 = FACE_OUTER_BOUND ( 'NONE', #2745, .T. ) ;
#5974 = FACE_OUTER_BOUND ( 'NONE', #4055, .T. ) ;
#5975 = CARTESIAN_POINT ( 'NONE',  ( 3.600000000000007194, 4.400000000000002132, -1.450000000000040812 ) ) ;
#5976 = EDGE_CURVE ( 'NONE', #10071, #3788, #2629, .T. ) ;
#5977 = AXIS2_PLACEMENT_3D ( 'NONE', #5862, #6134, #11121 ) ;
#5978 = FILL_AREA_STYLE_COLOUR ( '', #4395 ) ;
#5979 = PLANE ( 'NONE',  #11345 ) ;
#5980 = LINE ( 'NONE', #6254, #7730 ) ;
#5981 = DIRECTION ( 'NONE',  ( -1.000000000000000000, 0.000000000000000000, -0.000000000000000000 ) ) ;
#5982 = COLOUR_RGB ( '',1.000000000000000000, 1.000000000000000000, 1.000000000000000000 ) ;
#5983 = CARTESIAN_POINT ( 'NONE',  ( -5.375000000000000888, 0.000000000000000000, 0.9500000000000013989 ) ) ;
#5984 = ORIENTED_EDGE ( 'NONE', *, *, #10433, .F. ) ;
#5985 = VECTOR ( 'NONE', #8531, 1000.000000000000000 ) ;
#5986 = COLOUR_RGB ( '',1.000000000000000000, 0.8117647058823529438, 0.5019607843137254832 ) ;
#5987 = VERTEX_POINT ( 'NONE', #5556 ) ;
#5988 = CARTESIAN_POINT ( 'NONE',  ( -1.715000000000000746, 0.4500000000000000111, 1.850000000000004530 ) ) ;
#5989 = ORIENTED_EDGE ( 'NONE', *, *, #11415, .T. ) ;
#5990 = ORIENTED_EDGE ( 'NONE', *, *, #6147, .F. ) ;
#5991 = CARTESIAN_POINT ( 'NONE',  ( 6.975000000000007638, 24.60698852501704437, -1.849999999999996980 ) ) ;
#5992 = AXIS2_PLACEMENT_3D ( 'NONE', #8847, #676, #3662 ) ;
#5993 =( NAMED_UNIT ( * ) SI_UNIT ( $, .STERADIAN. ) SOLID_ANGLE_UNIT ( ) );
#5994 = EDGE_CURVE ( 'NONE', #5936, #11866, #7701, .T. ) ;
#5995 = DIRECTION ( 'NONE',  ( 0.6947465906068676089, -0.6947465906068636121, -0.1861567878973868495 ) ) ;
#5996 =( NAMED_UNIT ( * ) PLANE_ANGLE_UNIT ( ) SI_UNIT ( $, .RADIAN. ) );
#5997 = CARTESIAN_POINT ( 'NONE',  ( 1.714999999999999414, 0.2999999999999999889, 1.850000000000004530 ) ) ;
#5998 = STYLED_ITEM ( 'NONE', ( #527 ), #8503 ) ;
#5999 = DIRECTION ( 'NONE',  ( 1.000000000000000000, 0.000000000000000000, -0.000000000000000000 ) ) ;
#6000 = AXIS2_PLACEMENT_3D ( 'NONE', #3013, #4274, #7083 ) ;
#6001 = LINE ( 'NONE', #9064, #10045 ) ;
#6002 = VECTOR ( 'NONE', #7746, 1000.000000000000000 ) ;
#6003 = LINE ( 'NONE', #7640, #8598 ) ;
#6004 =( GEOMETRIC_REPRESENTATION_CONTEXT ( 3 ) GLOBAL_UNCERTAINTY_ASSIGNED_CONTEXT ( ( #11829 ) ) GLOBAL_UNIT_ASSIGNED_CONTEXT ( ( #13075, #3981, #7961 ) ) REPRESENTATION_CONTEXT ( 'NONE', 'WORKASPACE' ) );
#6005 = ORIENTED_EDGE ( 'NONE', *, *, #3861, .F. ) ;
#6006 = DIRECTION ( 'NONE',  ( 1.000000000000000000, -3.157870405297586439E-16, 0.000000000000000000 ) ) ;
#6008 = ADVANCED_FACE ( 'NONE', ( #10569 ), #3573, .F. ) ;
#6007 = MECHANICAL_DESIGN_GEOMETRIC_PRESENTATION_REPRESENTATION (  '', ( #4307 ), #3882 ) ;
#6009 = VERTEX_POINT ( 'NONE', #9566 ) ;
#6010 = ORIENTED_EDGE ( 'NONE', *, *, #439, .T. ) ;
#6011 = EDGE_LOOP ( 'NONE', ( #5746, #7831, #9345, #8746 ) ) ;
#6012 = CARTESIAN_POINT ( 'NONE',  ( 4.535000000000000142, -1.125000000000002442, 1.125000000000004663 ) ) ;
#6013 = VERTEX_POINT ( 'NONE', #8502 ) ;
#6014 = CARTESIAN_POINT ( 'NONE',  ( -2.965000000000000746, 0.000000000000000000, 0.000000000000000000 ) ) ;
#6015 = SURFACE_STYLE_FILL_AREA ( #12992 ) ;
#6016 = VECTOR ( 'NONE', #2399, 1000.000000000000000 ) ;
#6017 = CARTESIAN_POINT ( 'NONE',  ( 7.574999999999994849, 0.07279404685324222801, -1.650000000000076517 ) ) ;
#6018 = FILL_AREA_STYLE ('',( #7948 ) ) ;
#6019 =( NAMED_UNIT ( * ) PLANE_ANGLE_UNIT ( ) SI_UNIT ( $, .RADIAN. ) );
#6020 = EDGE_CURVE ( 'NONE', #5771, #12422, #8700, .T. ) ;
#6021 = FACE_OUTER_BOUND ( 'NONE', #7205, .T. ) ;
#6022 = AXIS2_PLACEMENT_3D ( 'NONE', #1214, #12311, #11240 ) ;
#6023 = EDGE_LOOP ( 'NONE', ( #10591, #4656, #9770, #4955, #7906, #3562 ) ) ;
#6024 = PRESENTATION_LAYER_ASSIGNMENT (  '', '', ( #12823 ) ) ;
#6025 = SURFACE_SIDE_STYLE ('',( #4757 ) ) ;
#6026 = LINE ( 'NONE', #7358, #933 ) ;
#6027 = VECTOR ( 'NONE', #11172, 1000.000000000000000 ) ;
#6028 = ORIENTED_EDGE ( 'NONE', *, *, #2960, .F. ) ;
#6029 = SURFACE_STYLE_USAGE ( .BOTH. , #1976 ) ;
#6030 =( NAMED_UNIT ( * ) SI_UNIT ( $, .STERADIAN. ) SOLID_ANGLE_UNIT ( ) );
#6031 = DIRECTION ( 'NONE',  ( 0.000000000000000000, 1.000000000000000000, 0.000000000000000000 ) ) ;
#6032 =( LENGTH_UNIT ( ) NAMED_UNIT ( * ) SI_UNIT ( .MILLI., .METRE. ) );
#6033 = AXIS2_PLACEMENT_3D ( 'NONE', #12893, #6769, #7717 ) ;
#6034 = CARTESIAN_POINT ( 'NONE',  ( 3.284999999999998810, 0.4499999999999999556, 2.250000000000004441 ) ) ;
#6035 = CARTESIAN_POINT ( 'NONE',  ( -0.7850000000000010303, 0.4500000000000002331, 6.098637220230963674E-17 ) ) ;
#6036 = CARTESIAN_POINT ( 'NONE',  ( -5.875000000000001776, -1.029563014098701546, -0.9500000000000006217 ) ) ;
#6037 = VECTOR ( 'NONE', #6006, 1000.000000000000000 ) ;
#6038 = DIRECTION ( 'NONE',  ( -0.000000000000000000, -0.000000000000000000, 1.000000000000000000 ) ) ;
#6039 = FILL_AREA_STYLE_COLOUR ( '', #730 ) ;
#6040 = ORIENTED_EDGE ( 'NONE', *, *, #12013, .T. ) ;
#6041 = DIRECTION ( 'NONE',  ( 1.000000000000000000, -0.000000000000000000, 0.000000000000000000 ) ) ;
#6042 = ORIENTED_EDGE ( 'NONE', *, *, #9250, .F. ) ;
#6043 =( NAMED_UNIT ( * ) SI_UNIT ( $, .STERADIAN. ) SOLID_ANGLE_UNIT ( ) );
#6044 = DIRECTION ( 'NONE',  ( 0.000000000000000000, 0.9848077530122087975, -0.1736481776669264454 ) ) ;
#6045 = COLOUR_RGB ( '',1.000000000000000000, 0.8117647058823529438, 0.5019607843137254832 ) ;
#6046 = LINE ( 'NONE', #6117, #6637 ) ;
#6047 =( NAMED_UNIT ( * ) PLANE_ANGLE_UNIT ( ) SI_UNIT ( $, .RADIAN. ) );
#6048 = CARTESIAN_POINT ( 'NONE',  ( -5.875000000000001776, 0.000000000000000000, 0.9500000000000013989 ) ) ;
#6049 = UNCERTAINTY_MEASURE_WITH_UNIT (LENGTH_MEASURE( 1.000000000000000082E-05 ), #12110, 'distance_accuracy_value', 'NONE');
#6050 = CARTESIAN_POINT ( 'NONE',  ( -5.275000000000024336, 1.749999999999999778, 0.2249377794898766436 ) ) ;
#6051 = MECHANICAL_DESIGN_GEOMETRIC_PRESENTATION_REPRESENTATION (  '', ( #6477 ), #2648 ) ;
#6052 = CARTESIAN_POINT ( 'NONE',  ( -5.875000000000001776, 0.000000000000000000, -1.850000000000001865 ) ) ;
#6053 = FACE_OUTER_BOUND ( 'NONE', #124, .T. ) ;
#6054 = EDGE_CURVE ( 'NONE', #3395, #12796, #5496, .T. ) ;
#6055 = DIRECTION ( 'NONE',  ( 0.000000000000000000, 0.1736481776669268617, -0.9848077530122086864 ) ) ;
#6056 = DIRECTION ( 'NONE',  ( -1.000000000000000000, -0.000000000000000000, -0.000000000000000000 ) ) ;
#6057 = ORIENTED_EDGE ( 'NONE', *, *, #1829, .F. ) ;
#6058 = ADVANCED_FACE ( 'NONE', ( #1526 ), #4491, .T. ) ;
#6059 = VECTOR ( 'NONE', #2650, 1000.000000000000000 ) ;
#6060 = ORIENTED_EDGE ( 'NONE', *, *, #6513, .T. ) ;
#6061 =( LENGTH_UNIT ( ) NAMED_UNIT ( * ) SI_UNIT ( .MILLI., .METRE. ) );
#6062 = ORIENTED_EDGE ( 'NONE', *, *, #12554, .F. ) ;
#6063 = ORIENTED_EDGE ( 'NONE', *, *, #9599, .T. ) ;
#6064 = DIRECTION ( 'NONE',  ( -1.000000000000000000, 0.000000000000000000, 0.000000000000000000 ) ) ;
#6065 = VECTOR ( 'NONE', #463, 1000.000000000000000 ) ;
#6066 = PRESENTATION_STYLE_ASSIGNMENT (( #9116 ) ) ;
#6067 = SURFACE_STYLE_USAGE ( .BOTH. , #8259 ) ;
#6068 = PLANE ( 'NONE',  #12988 ) ;
#6069 = PLANE ( 'NONE',  #9082 ) ;
#6070 = PRESENTATION_LAYER_ASSIGNMENT (  '', '', ( #3084 ) ) ;
#6071 =( NAMED_UNIT ( * ) PLANE_ANGLE_UNIT ( ) SI_UNIT ( $, .RADIAN. ) );
#6072 = FILL_AREA_STYLE ('',( #3065 ) ) ;
#6073 = FACE_OUTER_BOUND ( 'NONE', #7415, .T. ) ;
#6074 = VECTOR ( 'NONE', #4068, 1000.000000000000000 ) ;
#6075 = DIRECTION ( 'NONE',  ( -1.000000000000000000, -0.000000000000000000, -0.000000000000000000 ) ) ;
#6076 = EDGE_CURVE ( 'NONE', #39, #1872, #12619, .T. ) ;
#6077 = ORIENTED_EDGE ( 'NONE', *, *, #5917, .T. ) ;
#6078 = PLANE ( 'NONE',  #5618 ) ;
#6079 = ORIENTED_EDGE ( 'NONE', *, *, #11854, .T. ) ;
#6080 = ORIENTED_EDGE ( 'NONE', *, *, #770, .T. ) ;
#6081 = ORIENTED_EDGE ( 'NONE', *, *, #9230, .T. ) ;
#6082 = ORIENTED_EDGE ( 'NONE', *, *, #1844, .F. ) ;
#6083 = SURFACE_STYLE_FILL_AREA ( #12280 ) ;
#6084 =( GEOMETRIC_REPRESENTATION_CONTEXT ( 3 ) GLOBAL_UNCERTAINTY_ASSIGNED_CONTEXT ( ( #4811 ) ) GLOBAL_UNIT_ASSIGNED_CONTEXT ( ( #3567, #525, #2105 ) ) REPRESENTATION_CONTEXT ( 'NONE', 'WORKASPACE' ) );
#6085 = PLANE ( 'NONE',  #7712 ) ;
#6086 =( NAMED_UNIT ( * ) PLANE_ANGLE_UNIT ( ) SI_UNIT ( $, .RADIAN. ) );
#6087 = VECTOR ( 'NONE', #12015, 1000.000000000000000 ) ;
#6088 = DIRECTION ( 'NONE',  ( 0.000000000000000000, 0.7071067811865402453, -0.7071067811865547892 ) ) ;
#6089 = STYLED_ITEM ( 'NONE', ( #3727 ), #11346 ) ;
#6090 = ADVANCED_FACE ( 'NONE', ( #4683 ), #2440, .T. ) ;
#6091 = EDGE_CURVE ( 'NONE', #4801, #4, #5816, .T. ) ;
#6092 = CARTESIAN_POINT ( 'NONE',  ( 6.344999999999995310, 0.3916994755741637357, -1.749999999999997780 ) ) ;
#6093 = EDGE_CURVE ( 'NONE', #10988, #7642, #1968, .T. ) ;
#6094 = AXIS2_PLACEMENT_3D ( 'NONE', #12662, #11604, #4662 ) ;
#6095 = ORIENTED_EDGE ( 'NONE', *, *, #4755, .F. ) ;
#6096 = CARTESIAN_POINT ( 'NONE',  ( -2.965000000000000746, -1.579062136966065191E-17, -0.3250000000000473066 ) ) ;
#6097 = EDGE_LOOP ( 'NONE', ( #11433, #6973, #9673, #2007 ) ) ;
#6098 = LINE ( 'NONE', #3905, #7779 ) ;
#6099 = DIRECTION ( 'NONE',  ( 0.000000000000000000, -0.9848077530122087975, -0.1736481776669268895 ) ) ;
#6100 = DIRECTION ( 'NONE',  ( 0.000000000000000000, -1.000000000000000000, 0.000000000000000000 ) ) ;
#6101 = ADVANCED_FACE ( 'NONE', ( #11072 ), #716, .F. ) ;
#6102 =( GEOMETRIC_REPRESENTATION_CONTEXT ( 3 ) GLOBAL_UNCERTAINTY_ASSIGNED_CONTEXT ( ( #2559 ) ) GLOBAL_UNIT_ASSIGNED_CONTEXT ( ( #6998, #7334, #5393 ) ) REPRESENTATION_CONTEXT ( 'NONE', 'WORKASPACE' ) );
#6103 =( NAMED_UNIT ( * ) SI_UNIT ( $, .STERADIAN. ) SOLID_ANGLE_UNIT ( ) );
#6104 = DIRECTION ( 'NONE',  ( 0.000000000000000000, 1.000000000000000000, 0.000000000000000000 ) ) ;
#6105 = VECTOR ( 'NONE', #4360, 1000.000000000000000 ) ;
#6106 =( NAMED_UNIT ( * ) PLANE_ANGLE_UNIT ( ) SI_UNIT ( $, .RADIAN. ) );
#6107 =( NAMED_UNIT ( * ) PLANE_ANGLE_UNIT ( ) SI_UNIT ( $, .RADIAN. ) );
#6108 = COLOUR_RGB ( '',0.7921568627450980005, 0.8196078431372548767, 0.9333333333333333481 ) ;
#6109 = MECHANICAL_DESIGN_GEOMETRIC_PRESENTATION_REPRESENTATION (  '', ( #10148 ), #8655 ) ;
#6110 = ORIENTED_EDGE ( 'NONE', *, *, #1044, .T. ) ;
#6111 =( LENGTH_UNIT ( ) NAMED_UNIT ( * ) SI_UNIT ( .MILLI., .METRE. ) );
#6112 = ORIENTED_EDGE ( 'NONE', *, *, #1563, .T. ) ;
#6113 =( LENGTH_UNIT ( ) NAMED_UNIT ( * ) SI_UNIT ( .MILLI., .METRE. ) );
#6114 = AXIS2_PLACEMENT_3D ( 'NONE', #5034, #3924, #1135 ) ;
#6115 = FILL_AREA_STYLE ('',( #4245 ) ) ;
#6116 = ADVANCED_FACE ( 'NONE', ( #8820 ), #11952, .F. ) ;
#6117 = CARTESIAN_POINT ( 'NONE',  ( 3.284999999999998810, 0.4500000000000000111, 1.850000000000004530 ) ) ;
#6118 =( NAMED_UNIT ( * ) SI_UNIT ( $, .STERADIAN. ) SOLID_ANGLE_UNIT ( ) );
#6119 = PLANE ( 'NONE',  #3479 ) ;
#6120 = AXIS2_PLACEMENT_3D ( 'NONE', #12919, #6684, #7622 ) ;
#6121 = DIRECTION ( 'NONE',  ( -0.7071067811865474617, 0.7071067811865474617, 2.453269466693399410E-15 ) ) ;
#6122 =( LENGTH_UNIT ( ) NAMED_UNIT ( * ) SI_UNIT ( .MILLI., .METRE. ) );
#6123 = EDGE_CURVE ( 'NONE', #11653, #2153, #7827, .T. ) ;
#6124 =( NAMED_UNIT ( * ) SI_UNIT ( $, .STERADIAN. ) SOLID_ANGLE_UNIT ( ) );
#6125 = LINE ( 'NONE', #85, #2024 ) ;
#6126 = VERTEX_POINT ( 'NONE', #9946 ) ;
#6127 = ORIENTED_EDGE ( 'NONE', *, *, #10465, .T. ) ;
#6128 = LINE ( 'NONE', #7054, #346 ) ;
#6129 = ORIENTED_EDGE ( 'NONE', *, *, #11085, .T. ) ;
#6130 = VERTEX_POINT ( 'NONE', #11889 ) ;
#6131 = DIRECTION ( 'NONE',  ( 0.000000000000000000, 1.000000000000000000, -4.814824860968090180E-32 ) ) ;
#6132 = CARTESIAN_POINT ( 'NONE',  ( -0.4650000000000010236, 4.000000000000000000, 0.000000000000000000 ) ) ;
#6133 = FILL_AREA_STYLE_COLOUR ( '', #6206 ) ;
#6134 = DIRECTION ( 'NONE',  ( 6.570922257487672349E-16, 1.000000000000000000, 0.000000000000000000 ) ) ;
#6135 = DIRECTION ( 'NONE',  ( -0.000000000000000000, 0.1736481776669264454, 0.9848077530122087975 ) ) ;
#6136 = FACE_OUTER_BOUND ( 'NONE', #1536, .T. ) ;
#6137 = DIRECTION ( 'NONE',  ( 0.000000000000000000, -1.000000000000000000, 0.000000000000000000 ) ) ;
#6138 = EDGE_CURVE ( 'NONE', #2838, #11367, #10008, .T. ) ;
#6139 = CARTESIAN_POINT ( 'NONE',  ( 0.4649999999999992473, 0.2999999999999999889, 1.850000000000004530 ) ) ;
#6140 = EDGE_CURVE ( 'NONE', #3393, #9492, #10877, .T. ) ;
#6141 = PLANE ( 'NONE',  #11575 ) ;
#6142 = VERTEX_POINT ( 'NONE', #12933 ) ;
#6143 =( LENGTH_UNIT ( ) NAMED_UNIT ( * ) SI_UNIT ( .MILLI., .METRE. ) );
#6144 = AXIS2_PLACEMENT_3D ( 'NONE', #3436, #7500, #460 ) ;
#6145 = EDGE_LOOP ( 'NONE', ( #5052, #7966, #3957, #1218 ) ) ;
#6146 = ORIENTED_EDGE ( 'NONE', *, *, #10049, .T. ) ;
#6147 = EDGE_CURVE ( 'NONE', #10087, #8892, #12998, .T. ) ;
#6148 = ORIENTED_EDGE ( 'NONE', *, *, #12091, .T. ) ;
#6149 = ADVANCED_FACE ( 'NONE', ( #2888 ), #11014, .T. ) ;
#6150 = LINE ( 'NONE', #10202, #5685 ) ;
#6151 = DIRECTION ( 'NONE',  ( 0.000000000000000000, 1.000000000000000000, -4.814824860968090180E-32 ) ) ;
#6152 = UNCERTAINTY_MEASURE_WITH_UNIT (LENGTH_MEASURE( 1.000000000000000082E-05 ), #1274, 'distance_accuracy_value', 'NONE');
#6153 = DIRECTION ( 'NONE',  ( 0.2133021165724272028, 0.9621436710723735297, 0.1696518885279465483 ) ) ;
#6154 =( NAMED_UNIT ( * ) PLANE_ANGLE_UNIT ( ) SI_UNIT ( $, .RADIAN. ) );
#6155 = LINE ( 'NONE', #120, #6919 ) ;
#6156 = ORIENTED_EDGE ( 'NONE', *, *, #7615, .F. ) ;
#6157 = LINE ( 'NONE', #8490, #11177 ) ;
#6158 = ORIENTED_EDGE ( 'NONE', *, *, #8266, .T. ) ;
#6159 = ADVANCED_FACE ( 'NONE', ( #5276 ), #6220, .F. ) ;
#6160 = VERTEX_POINT ( 'NONE', #8278 ) ;
#6161 = CARTESIAN_POINT ( 'NONE',  ( 3.284999999999998810, 0.2999999999999999889, 1.850000000000004530 ) ) ;
#6162 = DIRECTION ( 'NONE',  ( -7.542275982507857147E-16, 1.000000000000000000, 0.000000000000000000 ) ) ;
#6163 = DIRECTION ( 'NONE',  ( -0.000000000000000000, -0.000000000000000000, -1.000000000000000000 ) ) ;
#6164 = EDGE_CURVE ( 'NONE', #615, #4443, #12889, .T. ) ;
#6165 =( LENGTH_UNIT ( ) NAMED_UNIT ( * ) SI_UNIT ( .MILLI., .METRE. ) );
#6166 = VECTOR ( 'NONE', #783, 1000.000000000000114 ) ;
#6167 = DIRECTION ( 'NONE',  ( -0.000000000000000000, 1.000000000000000000, -0.000000000000000000 ) ) ;
#6168 = CARTESIAN_POINT ( 'NONE',  ( 7.125000000000003553, 2.400000000000007461, 0.9500000000000005107 ) ) ;
#6169 = CARTESIAN_POINT ( 'NONE',  ( 2.034999999999999698, 3.548929149633788249, 0.000000000000000000 ) ) ;
#6170 = CARTESIAN_POINT ( 'NONE',  ( -0.4650000000000010236, 0.03083447080518480002, 0.1748709736949816407 ) ) ;
#6171 = FILL_AREA_STYLE_COLOUR ( '', #10285 ) ;
#6172 = ORIENTED_EDGE ( 'NONE', *, *, #4998, .T. ) ;
#6173 =( NAMED_UNIT ( * ) SI_UNIT ( $, .STERADIAN. ) SOLID_ANGLE_UNIT ( ) );
#6174 = ORIENTED_EDGE ( 'NONE', *, *, #8605, .F. ) ;
#6175 = LINE ( 'NONE', #3381, #1193 ) ;
#6176 = CARTESIAN_POINT ( 'NONE',  ( 2.034999999999999698, 0.000000000000000000, 2.350000000000004530 ) ) ;
#6177 = FILL_AREA_STYLE ('',( #2315 ) ) ;
#6178 = CARTESIAN_POINT ( 'NONE',  ( 0.4649999999999992473, 3.548929149633788249, 0.000000000000000000 ) ) ;
#6179 = DIRECTION ( 'NONE',  ( 0.000000000000000000, 0.000000000000000000, 1.000000000000000000 ) ) ;
#6180 = FACE_OUTER_BOUND ( 'NONE', #5686, .T. ) ;
#6181 = UNCERTAINTY_MEASURE_WITH_UNIT (LENGTH_MEASURE( 1.000000000000000082E-05 ), #7597, 'distance_accuracy_value', 'NONE');
#6182 = CARTESIAN_POINT ( 'NONE',  ( -0.7850000000000010303, 0.000000000000000000, -1.125000000000033973 ) ) ;
#6183 = VECTOR ( 'NONE', #12610, 1000.000000000000000 ) ;
#6184 = CARTESIAN_POINT ( 'NONE',  ( -0.4650000000000010236, 1.749999999999999778, -0.3250000000000474176 ) ) ;
#6185 = PLANE ( 'NONE',  #528 ) ;
#6186 = CARTESIAN_POINT ( 'NONE',  ( -3.285000000000000586, 1.749999999999999778, -0.3250000000000474176 ) ) ;
#6187 = FACE_OUTER_BOUND ( 'NONE', #8507, .T. ) ;
#6188 = AXIS2_PLACEMENT_3D ( 'NONE', #4310, #12306, #2131 ) ;
#6189 = EDGE_CURVE ( 'NONE', #1916, #12513, #3216, .T. ) ;
#6190 = ORIENTED_EDGE ( 'NONE', *, *, #12150, .F. ) ;
#6191 = CARTESIAN_POINT ( 'NONE',  ( -5.275000000000024336, 4.400000000000000355, 0.2249377794898766436 ) ) ;
#6192 = VECTOR ( 'NONE', #4005, 999.9999999999998863 ) ;
#6193 = ORIENTED_EDGE ( 'NONE', *, *, #12013, .F. ) ;
#6194 = ORIENTED_EDGE ( 'NONE', *, *, #2511, .T. ) ;
#6195 = DIRECTION ( 'NONE',  ( 0.000000000000000000, 1.000000000000000000, -4.858652729125647208E-17 ) ) ;
#6196 =( GEOMETRIC_REPRESENTATION_CONTEXT ( 3 ) GLOBAL_UNCERTAINTY_ASSIGNED_CONTEXT ( ( #2593 ) ) GLOBAL_UNIT_ASSIGNED_CONTEXT ( ( #11167, #4044, #8845 ) ) REPRESENTATION_CONTEXT ( 'NONE', 'WORKASPACE' ) );
#6197 = CARTESIAN_POINT ( 'NONE',  ( -4.925000000000019362, 1.749999999999999778, 1.549999999999990274 ) ) ;
#6198 = LINE ( 'NONE', #9321, #1222 ) ;
#6200 = DIRECTION ( 'NONE',  ( 0.000000000000000000, 1.000000000000000000, -4.858652729125647208E-17 ) ) ;
#6199 = UNCERTAINTY_MEASURE_WITH_UNIT (LENGTH_MEASURE( 1.000000000000000082E-05 ), #7877, 'distance_accuracy_value', 'NONE');
#6201 =( NAMED_UNIT ( * ) PLANE_ANGLE_UNIT ( ) SI_UNIT ( $, .RADIAN. ) );
#6202 =( LENGTH_UNIT ( ) NAMED_UNIT ( * ) SI_UNIT ( .MILLI., .METRE. ) );
#6203 = VECTOR ( 'NONE', #10422, 1000.000000000000000 ) ;
#6204 = CARTESIAN_POINT ( 'NONE',  ( 4.300000000000004263, -3.243178672478381876E-15, -1.850000000000001865 ) ) ;
#6205 = ORIENTED_EDGE ( 'NONE', *, *, #906, .T. ) ;
#6206 = COLOUR_RGB ( '',1.000000000000000000, 1.000000000000000000, 1.000000000000000000 ) ;
#6207 = ORIENTED_EDGE ( 'NONE', *, *, #799, .T. ) ;
#6208 = EDGE_LOOP ( 'NONE', ( #6676, #11063, #10361, #5241, #6527, #1975 ) ) ;
#6209 = ORIENTED_EDGE ( 'NONE', *, *, #4856, .T. ) ;
#6210 = EDGE_CURVE ( 'NONE', #8386, #2234, #7280, .T. ) ;
#6211 = AXIS2_PLACEMENT_3D ( 'NONE', #589, #456, #6565 ) ;
#6212 = UNCERTAINTY_MEASURE_WITH_UNIT (LENGTH_MEASURE( 1.000000000000000082E-05 ), #9878, 'distance_accuracy_value', 'NONE');
#6213 = VECTOR ( 'NONE', #10073, 1000.000000000000000 ) ;
#6214 = SURFACE_STYLE_USAGE ( .BOTH. , #4995 ) ;
#6215 = CARTESIAN_POINT ( 'NONE',  ( -5.375000000000000888, 0.2999999999999999889, 0.9500000000000013989 ) ) ;
#6216 = PLANE ( 'NONE',  #6094 ) ;
#6217 = DIRECTION ( 'NONE',  ( 1.000000000000000000, 0.000000000000000000, -0.000000000000000000 ) ) ;
#6218 =( LENGTH_UNIT ( ) NAMED_UNIT ( * ) SI_UNIT ( .MILLI., .METRE. ) );
#6219 = VECTOR ( 'NONE', #9168, 1000.000000000000000 ) ;
#6220 = PLANE ( 'NONE',  #12335 ) ;
#6221 = ADVANCED_FACE ( 'NONE', ( #2229 ), #6293, .T. ) ;
#6222 = PLANE ( 'NONE',  #5854 ) ;
#6223 = ORIENTED_EDGE ( 'NONE', *, *, #2023, .F. ) ;
#6224 = EDGE_CURVE ( 'NONE', #534, #12523, #11414, .T. ) ;
#6225 =( GEOMETRIC_REPRESENTATION_CONTEXT ( 3 ) GLOBAL_UNCERTAINTY_ASSIGNED_CONTEXT ( ( #2437 ) ) GLOBAL_UNIT_ASSIGNED_CONTEXT ( ( #11864, #6914, #8974 ) ) REPRESENTATION_CONTEXT ( 'NONE', 'WORKASPACE' ) );
#6226 = CARTESIAN_POINT ( 'NONE',  ( -6.544999999999994600, 2.059984127722458425E-15, 0.3500000000000039746 ) ) ;
#6227 =( GEOMETRIC_REPRESENTATION_CONTEXT ( 3 ) GLOBAL_UNCERTAINTY_ASSIGNED_CONTEXT ( ( #12530 ) ) GLOBAL_UNIT_ASSIGNED_CONTEXT ( ( #9304, #7383, #2132 ) ) REPRESENTATION_CONTEXT ( 'NONE', 'WORKASPACE' ) );
#6228 = VERTEX_POINT ( 'NONE', #8151 ) ;
#6229 = VERTEX_POINT ( 'NONE', #12599 ) ;
#6230 = CARTESIAN_POINT ( 'NONE',  ( 0.7849999999999992539, 0.000000000000000000, 1.850000000000004530 ) ) ;
#6231 = LINE ( 'NONE', #3092, #10467 ) ;
#6232 = DIRECTION ( 'NONE',  ( 1.000000000000000000, 0.000000000000000000, -1.807003620809178576E-16 ) ) ;
#6233 = CARTESIAN_POINT ( 'NONE',  ( 6.544999999999994600, 0.2500000000000001110, 0.3500000000000039746 ) ) ;
#6234 = VECTOR ( 'NONE', #7731, 1000.000000000000000 ) ;
#6235 = LINE ( 'NONE', #9287, #7898 ) ;
#6236 = CARTESIAN_POINT ( 'NONE',  ( -2.965000000000000746, 0.000000000000000000, 2.350000000000004530 ) ) ;
#6237 = CARTESIAN_POINT ( 'NONE',  ( -4.925000000000019362, 1.749999999999999778, 0.9499999999999868550 ) ) ;
#6238 = VECTOR ( 'NONE', #131, 1000.000000000000000 ) ;
#6239 = FILL_AREA_STYLE ('',( #7435 ) ) ;
#6240 = EDGE_CURVE ( 'NONE', #5562, #10868, #3488, .T. ) ;
#6241 = EDGE_CURVE ( 'NONE', #5531, #615, #9615, .T. ) ;
#6242 =( NAMED_UNIT ( * ) SI_UNIT ( $, .STERADIAN. ) SOLID_ANGLE_UNIT ( ) );
#6243 = ADVANCED_FACE ( 'NONE', ( #6415 ), #2488, .T. ) ;
#6244 = COLOUR_RGB ( '',1.000000000000000000, 1.000000000000000000, 1.000000000000000000 ) ;
#6245 = ORIENTED_EDGE ( 'NONE', *, *, #10082, .F. ) ;
#6246 = FACE_OUTER_BOUND ( 'NONE', #8286, .T. ) ;
#6247 = ORIENTED_EDGE ( 'NONE', *, *, #565, .T. ) ;
#6248 = PRESENTATION_STYLE_ASSIGNMENT (( #5152 ) ) ;
#6250 = COLOUR_RGB ( '',1.000000000000000000, 1.000000000000000000, 1.000000000000000000 ) ;
#6249 = LINE ( 'NONE', #205, #12981 ) ;
#6251 =( LENGTH_UNIT ( ) NAMED_UNIT ( * ) SI_UNIT ( .MILLI., .METRE. ) );
#6252 = CARTESIAN_POINT ( 'NONE',  ( 2.034999999999999698, 0.4500000000000000111, 1.850000000000004530 ) ) ;
#6253 = SURFACE_STYLE_USAGE ( .BOTH. , #10440 ) ;
#6254 = CARTESIAN_POINT ( 'NONE',  ( 5.875000000000001776, 2.078323961923563168, 0.7999999999999977129 ) ) ;
#6255 = CARTESIAN_POINT ( 'NONE',  ( 2.964999999999998970, 0.000000000000000000, 0.000000000000000000 ) ) ;
#6256 = CARTESIAN_POINT ( 'NONE',  ( -8.364770460511941508, 0.3602469863822959639, -0.8602295394880518087 ) ) ;
#6257 = EDGE_CURVE ( 'NONE', #3060, #5280, #2351, .T. ) ;
#6258 = CARTESIAN_POINT ( 'NONE',  ( -4.215000000000000746, 0.000000000000000000, -1.125000000000033973 ) ) ;
#6259 = PLANE ( 'NONE',  #6696 ) ;
#6260 = EDGE_CURVE ( 'NONE', #9051, #10402, #6488, .T. ) ;
#6261 = EDGE_CURVE ( 'NONE', #6457, #10800, #1447, .T. ) ;
#6262 = ORIENTED_EDGE ( 'NONE', *, *, #861, .F. ) ;
#6263 = DIRECTION ( 'NONE',  ( -0.000000000000000000, -1.000000000000000000, -0.000000000000000000 ) ) ;
#6264 = STYLED_ITEM ( 'NONE', ( #6935 ), #9880 ) ;
#6265 = VERTEX_POINT ( 'NONE', #6555 ) ;
#6266 = ORIENTED_EDGE ( 'NONE', *, *, #10965, .T. ) ;
#6267 = DIRECTION ( 'NONE',  ( -1.000000000000000000, -0.000000000000000000, -0.000000000000000000 ) ) ;
#6268 = SURFACE_STYLE_FILL_AREA ( #2267 ) ;
#6269 = SURFACE_STYLE_FILL_AREA ( #10455 ) ;
#6270 = SURFACE_STYLE_USAGE ( .BOTH. , #10254 ) ;
#6271 = VECTOR ( 'NONE', #624, 1000.000000000000000 ) ;
#6272 = FACE_OUTER_BOUND ( 'NONE', #11804, .T. ) ;
#6273 = EDGE_CURVE ( 'NONE', #4011, #8119, #3613, .T. ) ;
#6274 = FILL_AREA_STYLE_COLOUR ( '', #12456 ) ;
#6275 = CARTESIAN_POINT ( 'NONE',  ( -5.375000000000000888, 0.000000000000000000, -0.9500000000000006217 ) ) ;
#6276 = DIRECTION ( 'NONE',  ( -1.000000000000000000, 0.000000000000000000, -0.000000000000000000 ) ) ;
#6277 = VECTOR ( 'NONE', #5305, 1000.000000000000000 ) ;
#6278 = FILL_AREA_STYLE_COLOUR ( '', #8806 ) ;
#6279 = ORIENTED_EDGE ( 'NONE', *, *, #4490, .T. ) ;
#6280 = LINE ( 'NONE', #7266, #6886 ) ;
#6281 = ORIENTED_EDGE ( 'NONE', *, *, #2383, .F. ) ;
#6282 = VERTEX_POINT ( 'NONE', #1508 ) ;
#6283 = VECTOR ( 'NONE', #3988, 1000.000000000000000 ) ;
#6284 = EDGE_LOOP ( 'NONE', ( #7541, #10700, #5504, #10542 ) ) ;
#6285 = COLOUR_RGB ( '',1.000000000000000000, 1.000000000000000000, 1.000000000000000000 ) ;
#6286 = FACE_OUTER_BOUND ( 'NONE', #2204, .T. ) ;
#6287 = DIRECTION ( 'NONE',  ( 0.000000000000000000, 1.000000000000000000, -4.858652729125647208E-17 ) ) ;
#6288 = DIRECTION ( 'NONE',  ( 1.196258353356355388E-15, -0.000000000000000000, 1.000000000000000000 ) ) ;
#6289 = DIRECTION ( 'NONE',  ( -0.000000000000000000, -0.000000000000000000, 1.000000000000000000 ) ) ;
#6290 = VECTOR ( 'NONE', #13142, 1000.000000000000000 ) ;
#6291 = CARTESIAN_POINT ( 'NONE',  ( 0.7849999999999992539, 1.350000000000001865, 1.350000000000004086 ) ) ;
#6292 = CARTESIAN_POINT ( 'NONE',  ( 6.875000000000006217, 1.399999999999998579, -1.849999999999996092 ) ) ;
#6293 = PLANE ( 'NONE',  #853 ) ;
#6294 = VECTOR ( 'NONE', #1589, 1000.000000000000000 ) ;
#6295 = DIRECTION ( 'NONE',  ( 0.000000000000000000, 0.000000000000000000, -1.000000000000000000 ) ) ;
#6296 = ORIENTED_EDGE ( 'NONE', *, *, #988, .F. ) ;
#6297 = VECTOR ( 'NONE', #1178, 1000.000000000000000 ) ;
#6298 = LINE ( 'NONE', #6355, #8416 ) ;
#6299 = ORIENTED_EDGE ( 'NONE', *, *, #9740, .F. ) ;
#6300 = ORIENTED_EDGE ( 'NONE', *, *, #6500, .T. ) ;
#6301 = DIRECTION ( 'NONE',  ( 0.000000000000000000, -0.9848077530122087975, -0.1736481776669268895 ) ) ;
#6302 = DIRECTION ( 'NONE',  ( -1.000000000000000000, 6.570922257487672349E-16, 1.176083712526648949E-16 ) ) ;
#6304 = EDGE_CURVE ( 'NONE', #265, #12119, #5481, .T. ) ;
#6303 =( GEOMETRIC_REPRESENTATION_CONTEXT ( 3 ) GLOBAL_UNCERTAINTY_ASSIGNED_CONTEXT ( ( #1926 ) ) GLOBAL_UNIT_ASSIGNED_CONTEXT ( ( #238, #41, #5330 ) ) REPRESENTATION_CONTEXT ( 'NONE', 'WORKASPACE' ) );
#6305 = VECTOR ( 'NONE', #1151, 1000.000000000000000 ) ;
#6306 =( NAMED_UNIT ( * ) PLANE_ANGLE_UNIT ( ) SI_UNIT ( $, .RADIAN. ) );
#6307 = UNCERTAINTY_MEASURE_WITH_UNIT (LENGTH_MEASURE( 1.000000000000000082E-05 ), #2276, 'distance_accuracy_value', 'NONE');
#6308 = EDGE_CURVE ( 'NONE', #1794, #9854, #9551, .T. ) ;
#6309 = CARTESIAN_POINT ( 'NONE',  ( -6.544999999999994600, 1.399999999999999911, -1.749999999999996447 ) ) ;
#6310 = VECTOR ( 'NONE', #7992, 1000.000000000000000 ) ;
#6311 = ORIENTED_EDGE ( 'NONE', *, *, #8442, .T. ) ;
#6312 = SURFACE_STYLE_FILL_AREA ( #1201 ) ;
#6313 = ORIENTED_EDGE ( 'NONE', *, *, #8737, .F. ) ;
#6314 = FACE_OUTER_BOUND ( 'NONE', #4495, .T. ) ;
#6315 = VECTOR ( 'NONE', #10862, 1000.000000000000000 ) ;
#6316 = DIRECTION ( 'NONE',  ( 0.000000000000000000, 0.000000000000000000, -1.000000000000000000 ) ) ;
#6317 = AXIS2_PLACEMENT_3D ( 'NONE', #8883, #1892, #10939 ) ;
#6318 = SURFACE_SIDE_STYLE ('',( #10238 ) ) ;
#6319 = ADVANCED_FACE ( 'NONE', ( #1806 ), #8551, .T. ) ;
#6320 = UNCERTAINTY_MEASURE_WITH_UNIT (LENGTH_MEASURE( 1.000000000000000082E-05 ), #11546, 'distance_accuracy_value', 'NONE');
#6321 = CARTESIAN_POINT ( 'NONE',  ( 5.375000000000002665, 0.000000000000000000, 1.850000000000001421 ) ) ;
#6322 = DIRECTION ( 'NONE',  ( 0.000000000000000000, -0.7071067811865482389, -0.7071067811865469066 ) ) ;
#6323 = CARTESIAN_POINT ( 'NONE',  ( 3.064999999999999059, 4.000000000000000000, -0.9250000000000404565 ) ) ;
#6324 = STYLED_ITEM ( 'NONE', ( #4337 ), #5501 ) ;
#6325 = PLANE ( 'NONE',  #7232 ) ;
#6326 = PRESENTATION_LAYER_ASSIGNMENT (  '', '', ( #13108 ) ) ;
#6327 = PLANE ( 'NONE',  #7329 ) ;
#6328 = EDGE_LOOP ( 'NONE', ( #9832, #8733, #1219, #12592 ) ) ;
#6329 = COLOUR_RGB ( '',1.000000000000000000, 1.000000000000000000, 1.000000000000000000 ) ;
#6330 = ORIENTED_EDGE ( 'NONE', *, *, #10049, .F. ) ;
#6331 = ORIENTED_EDGE ( 'NONE', *, *, #8067, .F. ) ;
#6332 = DIRECTION ( 'NONE',  ( -0.000000000000000000, 1.000000000000000000, -0.000000000000000000 ) ) ;
#6333 = PRESENTATION_STYLE_ASSIGNMENT (( #4258 ) ) ;
#6334 = EDGE_CURVE ( 'NONE', #10342, #1534, #7186, .T. ) ;
#6335 =( GEOMETRIC_REPRESENTATION_CONTEXT ( 3 ) GLOBAL_UNCERTAINTY_ASSIGNED_CONTEXT ( ( #457 ) ) GLOBAL_UNIT_ASSIGNED_CONTEXT ( ( #11273, #9826, #3982 ) ) REPRESENTATION_CONTEXT ( 'NONE', 'WORKASPACE' ) );
#6336 = SURFACE_SIDE_STYLE ('',( #3337 ) ) ;
#6337 = CARTESIAN_POINT ( 'NONE',  ( -0.4650000000000010236, 0.4499999999999999556, 2.250000000000004441 ) ) ;
#6338 = UNCERTAINTY_MEASURE_WITH_UNIT (LENGTH_MEASURE( 1.000000000000000082E-05 ), #5055, 'distance_accuracy_value', 'NONE');
#6339 = FACE_OUTER_BOUND ( 'NONE', #7053, .T. ) ;
#6340 = DIRECTION ( 'NONE',  ( -0.000000000000000000, 0.1736481776669264454, 0.9848077530122087975 ) ) ;
#6341 = PLANE ( 'NONE',  #10270 ) ;
#6342 = MECHANICAL_DESIGN_GEOMETRIC_PRESENTATION_REPRESENTATION (  '', ( #4630 ), #11011 ) ;
#6343 = ORIENTED_EDGE ( 'NONE', *, *, #4741, .T. ) ;
#6344 = EDGE_LOOP ( 'NONE', ( #3459, #6547, #4114, #3951 ) ) ;
#6345 = ORIENTED_EDGE ( 'NONE', *, *, #3243, .T. ) ;
#6346 = ORIENTED_EDGE ( 'NONE', *, *, #9015, .F. ) ;
#6347 = CARTESIAN_POINT ( 'NONE',  ( -5.875000000000001776, -1.029563014098701546, 0.9500000000000013989 ) ) ;
#6348 = EDGE_CURVE ( 'NONE', #12659, #3865, #5037, .T. ) ;
#6349 = CARTESIAN_POINT ( 'NONE',  ( 0.7849999999999992539, 0.4500000000000000111, 1.850000000000004530 ) ) ;
#6350 = CARTESIAN_POINT ( 'NONE',  ( -6.544999999999994600, 1.399999999999999911, 0.3500000000000039746 ) ) ;
#6351 = DIRECTION ( 'NONE',  ( -0.000000000000000000, -0.7071067811865497932, -0.7071067811865452413 ) ) ;
#6352 = PLANE ( 'NONE',  #5261 ) ;
#6353 = CARTESIAN_POINT ( 'NONE',  ( 6.094999999999994422, 1.199999999999998623, 0.3500000000000039746 ) ) ;
#6354 = VERTEX_POINT ( 'NONE', #9108 ) ;
#6355 = CARTESIAN_POINT ( 'NONE',  ( 8.279362044434800217E-16, 2.100000000000007194, -1.850000000000001865 ) ) ;
#6356 = ORIENTED_EDGE ( 'NONE', *, *, #6486, .F. ) ;
#6357 = CARTESIAN_POINT ( 'NONE',  ( -6.959999999999995524, 0.2500000000000016653, 0.7650000000000047873 ) ) ;
#6358 = VERTEX_POINT ( 'NONE', #6186 ) ;
#6359 = DIRECTION ( 'NONE',  ( -7.542275982507856161E-16, 1.000000000000000000, 0.000000000000000000 ) ) ;
#6360 = COLOUR_RGB ( '',1.000000000000000000, 0.8117647058823529438, 0.5019607843137254832 ) ;
#6361 = CARTESIAN_POINT ( 'NONE',  ( 18.52849426250852005, 11.95349426250851010, 0.9499999999999581002 ) ) ;
#6362 = DIRECTION ( 'NONE',  ( -0.9762960071199339174, -0.2164396139381006001, -0.000000000000000000 ) ) ;
#6363 =( NAMED_UNIT ( * ) PLANE_ANGLE_UNIT ( ) SI_UNIT ( $, .RADIAN. ) );
#6364 = DIRECTION ( 'NONE',  ( -0.7071067811865471286, 2.232951577694233468E-16, 0.7071067811865479058 ) ) ;
#6365 = CARTESIAN_POINT ( 'NONE',  ( 6.544999999999994600, 0.4499999999999999001, 0.3500000000000039746 ) ) ;
#6366 = FILL_AREA_STYLE_COLOUR ( '', #8899 ) ;
#6367 = DIRECTION ( 'NONE',  ( 0.000000000000000000, 0.000000000000000000, -1.000000000000000000 ) ) ;
#6368 = SURFACE_STYLE_FILL_AREA ( #3308 ) ;
#6369 = ORIENTED_EDGE ( 'NONE', *, *, #12258, .T. ) ;
#6370 = VERTEX_POINT ( 'NONE', #11243 ) ;
#6371 = CARTESIAN_POINT ( 'NONE',  ( -5.275000000000024336, 3.700000000000000178, 0.9499999999999869660 ) ) ;
#6372 = ORIENTED_EDGE ( 'NONE', *, *, #2563, .T. ) ;
#6373 = DIRECTION ( 'NONE',  ( 0.000000000000000000, 4.814824860968090180E-32, 1.000000000000000000 ) ) ;
#6374 = SURFACE_STYLE_USAGE ( .BOTH. , #10233 ) ;
#6375 = EDGE_CURVE ( 'NONE', #6934, #10868, #11178, .T. ) ;
#6376 = FACE_OUTER_BOUND ( 'NONE', #4739, .T. ) ;
#6377 = FILL_AREA_STYLE ('',( #1138 ) ) ;
#6378 =( NAMED_UNIT ( * ) PLANE_ANGLE_UNIT ( ) SI_UNIT ( $, .RADIAN. ) );
#6379 = SURFACE_STYLE_FILL_AREA ( #9449 ) ;
#6380 = DIRECTION ( 'NONE',  ( 0.000000000000000000, 0.000000000000000000, 1.000000000000000000 ) ) ;
#6381 =( NAMED_UNIT ( * ) PLANE_ANGLE_UNIT ( ) SI_UNIT ( $, .RADIAN. ) );
#6382 = FACE_OUTER_BOUND ( 'NONE', #7844, .T. ) ;
#6383 = EDGE_CURVE ( 'NONE', #2295, #4075, #8732, .T. ) ;
#6384 = EDGE_CURVE ( 'NONE', #8225, #10283, #1092, .T. ) ;
#6385 = ORIENTED_EDGE ( 'NONE', *, *, #8082, .T. ) ;
#6386 = AXIS2_PLACEMENT_3D ( 'NONE', #3806, #6131, #4004 ) ;
#6387 = EDGE_CURVE ( 'NONE', #2048, #3497, #1931, .T. ) ;
#6388 = VERTEX_POINT ( 'NONE', #9174 ) ;
#6389 = VERTEX_POINT ( 'NONE', #11986 ) ;
#6390 = CARTESIAN_POINT ( 'NONE',  ( -5.275000000000024336, 4.400000000000000355, 0.2249377794898766436 ) ) ;
#6391 = SURFACE_STYLE_FILL_AREA ( #2327 ) ;
#6392 = LINE ( 'NONE', #1354, #4877 ) ;
#6393 = LINE ( 'NONE', #9532, #9817 ) ;
#6394 = SURFACE_SIDE_STYLE ('',( #2464 ) ) ;
#6395 = LINE ( 'NONE', #4526, #6856 ) ;
#6396 = DIRECTION ( 'NONE',  ( -0.000000000000000000, 0.000000000000000000, 1.000000000000000000 ) ) ;
#6397 = AXIS2_PLACEMENT_3D ( 'NONE', #9720, #11790, #10785 ) ;
#6398 = CARTESIAN_POINT ( 'NONE',  ( -5.275000000000024336, 4.400000000000000355, -1.450000000000039702 ) ) ;
#6399 = DIRECTION ( 'NONE',  ( 0.000000000000000000, -0.7071067811865482389, -0.7071067811865469066 ) ) ;
#6400 = EDGE_CURVE ( 'NONE', #11852, #8716, #3997, .T. ) ;
#6401 = PRESENTATION_LAYER_ASSIGNMENT (  '', '', ( #2774 ) ) ;
#6402 = ORIENTED_EDGE ( 'NONE', *, *, #9886, .T. ) ;
#6403 = SURFACE_SIDE_STYLE ('',( #5325 ) ) ;
#6404 = ADVANCED_FACE ( 'NONE', ( #12252 ), #2000, .T. ) ;
#6405 = VERTEX_POINT ( 'NONE', #12185 ) ;
#6406 = ORIENTED_EDGE ( 'NONE', *, *, #11499, .T. ) ;
#6407 = ORIENTED_EDGE ( 'NONE', *, *, #12341, .F. ) ;
#6408 = DIRECTION ( 'NONE',  ( 0.000000000000000000, 0.9848077530122086864, 0.1736481776669268617 ) ) ;
#6409 =( NAMED_UNIT ( * ) SI_UNIT ( $, .STERADIAN. ) SOLID_ANGLE_UNIT ( ) );
#6410 = CARTESIAN_POINT ( 'NONE',  ( -0.4650000000000010236, 0.3000000000000002665, 4.065758146820583696E-17 ) ) ;
#6411 = VECTOR ( 'NONE', #4883, 1000.000000000000000 ) ;
#6412 = LINE ( 'NONE', #8615, #11533 ) ;
#6413 = COLOUR_RGB ( '',1.000000000000000000, 0.8117647058823529438, 0.5019607843137254832 ) ;
#6414 = DIRECTION ( 'NONE',  ( 0.000000000000000000, -1.000000000000000000, -1.355252715606880296E-16 ) ) ;
#6415 = FACE_OUTER_BOUND ( 'NONE', #965, .T. ) ;
#6416 = STYLED_ITEM ( 'NONE', ( #3942 ), #780 ) ;
#6417 = EDGE_LOOP ( 'NONE', ( #8212, #8370, #3725, #11110 ) ) ;
#6418 = CARTESIAN_POINT ( 'NONE',  ( 6.544999999999994600, 0.4499999999999999001, 0.3500000000000039746 ) ) ;
#6419 = AXIS2_PLACEMENT_3D ( 'NONE', #12885, #3775, #9889 ) ;
#6420 = CARTESIAN_POINT ( 'NONE',  ( -0.4650000000000010236, 0.8750000000000022204, 0.8749999999999842348 ) ) ;
#6421 = ORIENTED_EDGE ( 'NONE', *, *, #3639, .T. ) ;
#6422 = CARTESIAN_POINT ( 'NONE',  ( -6.875000000000006217, 1.650000000000000799, 0.3500000000000039746 ) ) ;
#6423 = ORIENTED_EDGE ( 'NONE', *, *, #3164, .T. ) ;
#6424 = LINE ( 'NONE', #6161, #4159 ) ;
#6425 = CARTESIAN_POINT ( 'NONE',  ( 3.284999999999998810, -1.125000000000002442, 1.125000000000004663 ) ) ;
#6426 = DIRECTION ( 'NONE',  ( 0.000000000000000000, 0.000000000000000000, -1.000000000000000000 ) ) ;
#6427 = CARTESIAN_POINT ( 'NONE',  ( -6.544999999999994600, 1.400000000000000133, -1.749999999999996003 ) ) ;
#6428 = CARTESIAN_POINT ( 'NONE',  ( -5.275000000000024336, 1.749999999999999778, 0.2249377794898766436 ) ) ;
#6429 = DIRECTION ( 'NONE',  ( -1.000000000000000000, -0.000000000000000000, -0.000000000000000000 ) ) ;
#6430 = UNCERTAINTY_MEASURE_WITH_UNIT (LENGTH_MEASURE( 1.000000000000000082E-05 ), #2471, 'distance_accuracy_value', 'NONE');
#6431 = ADVANCED_FACE ( 'NONE', ( #1010 ), #3052, .F. ) ;
#6432 = VECTOR ( 'NONE', #7478, 999.9999999999998863 ) ;
#6433 = UNCERTAINTY_MEASURE_WITH_UNIT (LENGTH_MEASURE( 1.000000000000000082E-05 ), #1460, 'distance_accuracy_value', 'NONE');
#6434 = CARTESIAN_POINT ( 'NONE',  ( 0.7849999999999992539, 3.999999999999999112, -0.5250000000000403233 ) ) ;
#6435 = CARTESIAN_POINT ( 'NONE',  ( 4.535000000000000142, 8.425943506694179847E-32, 1.750000000000004663 ) ) ;
#6436 = DIRECTION ( 'NONE',  ( -0.000000000000000000, -0.000000000000000000, 1.000000000000000000 ) ) ;
#6437 = PRESENTATION_LAYER_ASSIGNMENT (  '', '', ( #5132 ) ) ;
#6438 = ORIENTED_EDGE ( 'NONE', *, *, #8266, .F. ) ;
#6439 = VECTOR ( 'NONE', #9895, 1000.000000000000000 ) ;
#6440 = VERTEX_POINT ( 'NONE', #7518 ) ;
#6441 = CIRCLE ( 'NONE', #4933, 0.09999999995018464538 ) ;
#6442 = VERTEX_POINT ( 'NONE', #8312 ) ;
#6443 = FILL_AREA_STYLE ('',( #5029 ) ) ;
#6444 = SURFACE_STYLE_FILL_AREA ( #10578 ) ;
#6445 = CARTESIAN_POINT ( 'NONE',  ( 7.574999999999994849, 0.07279404685324222801, -1.850000000000001865 ) ) ;
#6446 = VECTOR ( 'NONE', #4981, 1000.000000000000114 ) ;
#6447 = STYLED_ITEM ( 'NONE', ( #4593 ), #1442 ) ;
#6448 = CARTESIAN_POINT ( 'NONE',  ( 5.575000000000018829, 1.749999999999999778, 0.1750000000000090372 ) ) ;
#6449 =( LENGTH_UNIT ( ) NAMED_UNIT ( * ) SI_UNIT ( .MILLI., .METRE. ) );
#6450 = CARTESIAN_POINT ( 'NONE',  ( -3.287499999999996536, -3.287499999999999201, 0.8000000000000003775 ) ) ;
#6451 = SURFACE_STYLE_USAGE ( .BOTH. , #2384 ) ;
#6452 = FACE_OUTER_BOUND ( 'NONE', #4646, .T. ) ;
#6453 = ORIENTED_EDGE ( 'NONE', *, *, #10513, .T. ) ;
#6454 = LINE ( 'NONE', #7191, #12236 ) ;
#6455 = MECHANICAL_DESIGN_GEOMETRIC_PRESENTATION_REPRESENTATION (  '', ( #11989 ), #6682 ) ;
#6456 = ORIENTED_EDGE ( 'NONE', *, *, #5695, .T. ) ;
#6457 = VERTEX_POINT ( 'NONE', #7449 ) ;
#6458 =( NAMED_UNIT ( * ) PLANE_ANGLE_UNIT ( ) SI_UNIT ( $, .RADIAN. ) );
#6459 = CARTESIAN_POINT ( 'NONE',  ( -0.4650000000000010236, 1.749999999999999778, -1.125000000000033973 ) ) ;
#6460 = AXIS2_PLACEMENT_3D ( 'NONE', #9831, #852, #1792 ) ;
#6461 = DIRECTION ( 'NONE',  ( 1.000000000000000000, 0.000000000000000000, -0.000000000000000000 ) ) ;
#6462 = LINE ( 'NONE', #3338, #8953 ) ;
#6463 = ADVANCED_FACE ( 'NONE', ( #12381 ), #6325, .F. ) ;
#6464 = DIRECTION ( 'NONE',  ( 0.000000000000000000, -1.000000000000000000, 4.858652729125647824E-17 ) ) ;
#6466 = LINE ( 'NONE', #8533, #7936 ) ;
#6465 = UNCERTAINTY_MEASURE_WITH_UNIT (LENGTH_MEASURE( 1.000000000000000082E-05 ), #13028, 'distance_accuracy_value', 'NONE');
#6467 = CARTESIAN_POINT ( 'NONE',  ( -6.544999999999994600, 1.200000000000000178, 0.3500000000000039746 ) ) ;
#6468 = VECTOR ( 'NONE', #12495, 1000.000000000000114 ) ;
#6469 = FILL_AREA_STYLE_COLOUR ( '', #4528 ) ;
#6470 = EDGE_CURVE ( 'NONE', #464, #11881, #3180, .T. ) ;
#6471 = CARTESIAN_POINT ( 'NONE',  ( 4.535000000000000142, 0.4500000000000000111, 1.850000000000004530 ) ) ;
#6472 = AXIS2_PLACEMENT_3D ( 'NONE', #6418, #1511, #11477 ) ;
#6473 = ORIENTED_EDGE ( 'NONE', *, *, #7306, .F. ) ;
#6474 = LINE ( 'NONE', #4400, #8384 ) ;
#6475 = ORIENTED_EDGE ( 'NONE', *, *, #9799, .T. ) ;
#6476 = ORIENTED_EDGE ( 'NONE', *, *, #9658, .F. ) ;
#6477 = STYLED_ITEM ( 'NONE', ( #4783 ), #3204 ) ;
#6478 = ORIENTED_EDGE ( 'NONE', *, *, #12923, .F. ) ;
#6479 = CARTESIAN_POINT ( 'NONE',  ( 5.291854847499426029, 4.416854847499402048, 0.09913148504668985173 ) ) ;
#6480 = UNCERTAINTY_MEASURE_WITH_UNIT (LENGTH_MEASURE( 1.000000000000000082E-05 ), #10729, 'distance_accuracy_value', 'NONE');
#6481 = PRESENTATION_STYLE_ASSIGNMENT (( #3354 ) ) ;
#6482 = ADVANCED_FACE ( 'NONE', ( #3454 ), #10244, .T. ) ;
#6483 = ADVANCED_FACE ( 'NONE', ( #1144 ), #8252, .T. ) ;
#6484 = FILL_AREA_STYLE_COLOUR ( '', #3546 ) ;
#6485 = PRESENTATION_STYLE_ASSIGNMENT (( #7623 ) ) ;
#6486 = EDGE_CURVE ( 'NONE', #2586, #12487, #12313, .T. ) ;
#6487 = PRESENTATION_LAYER_ASSIGNMENT (  '', '', ( #5412 ) ) ;
#6488 = LINE ( 'NONE', #381, #1915 ) ;
#6489 = ORIENTED_EDGE ( 'NONE', *, *, #12590, .T. ) ;
#6490 = PRESENTATION_LAYER_ASSIGNMENT (  '', '', ( #134 ) ) ;
#6491 = DIRECTION ( 'NONE',  ( -0.000000000000000000, 0.000000000000000000, 1.000000000000000000 ) ) ;
#6492 = EDGE_LOOP ( 'NONE', ( #5413, #6821, #9872, #9179, #4723, #8489 ) ) ;
#6493 =( LENGTH_UNIT ( ) NAMED_UNIT ( * ) SI_UNIT ( .MILLI., .METRE. ) );
#6494 = ORIENTED_EDGE ( 'NONE', *, *, #5919, .T. ) ;
#6495 = AXIS2_PLACEMENT_3D ( 'NONE', #12881, #3770, #11954 ) ;
#6496 = LINE ( 'NONE', #585, #1122 ) ;
#6497 = DIRECTION ( 'NONE',  ( 0.000000000000000000, 0.000000000000000000, -1.000000000000000000 ) ) ;
#6498 = DIRECTION ( 'NONE',  ( 1.000000000000000000, 0.000000000000000000, -0.000000000000000000 ) ) ;
#6499 = LINE ( 'NONE', #6428, #3739 ) ;
#6500 = EDGE_CURVE ( 'NONE', #3847, #7768, #5378, .T. ) ;
#6501 = PLANE ( 'NONE',  #2180 ) ;
#6502 = EDGE_CURVE ( 'NONE', #1888, #12850, #4577, .T. ) ;
#6503 = COLOUR_RGB ( '',1.000000000000000000, 0.8117647058823529438, 0.5019607843137254832 ) ;
#6504 = LINE ( 'NONE', #5694, #7093 ) ;
#6505 = EDGE_CURVE ( 'NONE', #2248, #3297, #2647, .T. ) ;
#6506 = DIRECTION ( 'NONE',  ( -1.000000000000000000, -0.000000000000000000, -0.000000000000000000 ) ) ;
#6507 = FILL_AREA_STYLE ('',( #200 ) ) ;
#6508 = MECHANICAL_DESIGN_GEOMETRIC_PRESENTATION_REPRESENTATION (  '', ( #10547 ), #9052 ) ;
#6509 = FACE_OUTER_BOUND ( 'NONE', #1586, .T. ) ;
#6510 = EDGE_LOOP ( 'NONE', ( #8405, #4785, #13018, #12925 ) ) ;
#6511 = VERTEX_POINT ( 'NONE', #3588 ) ;
#6512 = LINE ( 'NONE', #407, #4160 ) ;
#6513 = EDGE_CURVE ( 'NONE', #2968, #11463, #2441, .T. ) ;
#6514 = ORIENTED_EDGE ( 'NONE', *, *, #3375, .F. ) ;
#6515 = CARTESIAN_POINT ( 'NONE',  ( -5.392428449460732409, 4.517428449460706652, -0.6260801004721011642 ) ) ;
#6516 =( NAMED_UNIT ( * ) PLANE_ANGLE_UNIT ( ) SI_UNIT ( $, .RADIAN. ) );
#6517 = EDGE_CURVE ( 'NONE', #6775, #2539, #9585, .T. ) ;
#6518 = PRESENTATION_LAYER_ASSIGNMENT (  '', '', ( #4796 ) ) ;
#6519 = ADVANCED_FACE ( 'NONE', ( #2579 ), #10585, .F. ) ;
#6520 = DIRECTION ( 'NONE',  ( 1.000000000000000000, 0.000000000000000000, 0.000000000000000000 ) ) ;
#6521 = CARTESIAN_POINT ( 'NONE',  ( 6.094999999999995310, 0.4499999999999999001, 0.3500000000000039746 ) ) ;
#6522 = VECTOR ( 'NONE', #11926, 1000.000000000000000 ) ;
#6523 = LINE ( 'NONE', #10586, #4350 ) ;
#6524 = ORIENTED_EDGE ( 'NONE', *, *, #6571, .T. ) ;
#6525 = LINE ( 'NONE', #6584, #2450 ) ;
#6526 = ORIENTED_EDGE ( 'NONE', *, *, #1603, .F. ) ;
#6527 = ORIENTED_EDGE ( 'NONE', *, *, #10949, .T. ) ;
#6528 = LINE ( 'NONE', #11310, #11403 ) ;
#6529 = VECTOR ( 'NONE', #2177, 1000.000000000000000 ) ;
#6530 =( NAMED_UNIT ( * ) SI_UNIT ( $, .STERADIAN. ) SOLID_ANGLE_UNIT ( ) );
#6531 = SURFACE_STYLE_FILL_AREA ( #5715 ) ;
#6532 = FACE_OUTER_BOUND ( 'NONE', #2715, .T. ) ;
#6533 = SURFACE_SIDE_STYLE ('',( #10787 ) ) ;
#6534 = AXIS2_PLACEMENT_3D ( 'NONE', #167, #6340, #10333 ) ;
#6535 = PRESENTATION_STYLE_ASSIGNMENT (( #2468 ) ) ;
#6536 = DIRECTION ( 'NONE',  ( -0.7071067811865479058, 0.7071067811865472397, 0.000000000000000000 ) ) ;
#6537 =( NAMED_UNIT ( * ) SI_UNIT ( $, .STERADIAN. ) SOLID_ANGLE_UNIT ( ) );
#6538 = DIRECTION ( 'NONE',  ( 0.000000000000000000, 0.000000000000000000, -1.000000000000000000 ) ) ;
#6539 = CARTESIAN_POINT ( 'NONE',  ( 5.875000000000001776, 4.700000000000000178, 0.9499999999999855227 ) ) ;
#6540 = VECTOR ( 'NONE', #2885, 1000.000000000000000 ) ;
#6541 = ORIENTED_EDGE ( 'NONE', *, *, #9960, .F. ) ;
#6542 = PRESENTATION_STYLE_ASSIGNMENT (( #7672 ) ) ;
#6543 = PRESENTATION_LAYER_ASSIGNMENT (  '', '', ( #12286 ) ) ;
#6544 = VERTEX_POINT ( 'NONE', #5514 ) ;
#6545 = EDGE_LOOP ( 'NONE', ( #6423, #3332, #6245, #4463 ) ) ;
#6546 = PRESENTATION_LAYER_ASSIGNMENT (  '', '', ( #11434 ) ) ;
#6547 = ORIENTED_EDGE ( 'NONE', *, *, #988, .T. ) ;
#6548 = LINE ( 'NONE', #3412, #9899 ) ;
#6549 =( GEOMETRIC_REPRESENTATION_CONTEXT ( 3 ) GLOBAL_UNCERTAINTY_ASSIGNED_CONTEXT ( ( #863 ) ) GLOBAL_UNIT_ASSIGNED_CONTEXT ( ( #12307, #3176, #9973 ) ) REPRESENTATION_CONTEXT ( 'NONE', 'WORKASPACE' ) );
#6550 = DIRECTION ( 'NONE',  ( 0.000000000000000000, 0.000000000000000000, 1.000000000000000000 ) ) ;
#6551 = EDGE_CURVE ( 'NONE', #3497, #1062, #480, .T. ) ;
#6552 =( LENGTH_UNIT ( ) NAMED_UNIT ( * ) SI_UNIT ( .MILLI., .METRE. ) );
#6553 = SURFACE_STYLE_FILL_AREA ( #1376 ) ;
#6554 = MECHANICAL_DESIGN_GEOMETRIC_PRESENTATION_REPRESENTATION (  '', ( #8885 ), #5697 ) ;
#6555 = CARTESIAN_POINT ( 'NONE',  ( 6.094999999999995310, 0.4499999999999999001, 0.3500000000000039746 ) ) ;
#6556 = ORIENTED_EDGE ( 'NONE', *, *, #3131, .F. ) ;
#6557 = EDGE_CURVE ( 'NONE', #10490, #2446, #9648, .T. ) ;
#6558 = CARTESIAN_POINT ( 'NONE',  ( -7.374999999999996447, 0.2500000000000019429, 0.3500000000000039746 ) ) ;
#6559 = ORIENTED_EDGE ( 'NONE', *, *, #5409, .F. ) ;
#6560 = DIRECTION ( 'NONE',  ( 0.000000000000000000, 0.000000000000000000, -1.000000000000000000 ) ) ;
#6561 = ADVANCED_FACE ( 'NONE', ( #11709 ), #10687, .F. ) ;
#6562 = ORIENTED_EDGE ( 'NONE', *, *, #8600, .T. ) ;
#6563 = DIRECTION ( 'NONE',  ( 0.000000000000000000, -4.814824860968089633E-32, -1.000000000000000000 ) ) ;
#6564 = LINE ( 'NONE', #11756, #9077 ) ;
#6565 = DIRECTION ( 'NONE',  ( -0.9396926207859105373, -0.3420201433256629953, 0.000000000000000000 ) ) ;
#6566 = UNCERTAINTY_MEASURE_WITH_UNIT (LENGTH_MEASURE( 1.000000000000000082E-05 ), #6646, 'distance_accuracy_value', 'NONE');
#6567 = CARTESIAN_POINT ( 'NONE',  ( 3.284999999999998810, 1.350000000000001865, 1.350000000000004086 ) ) ;
#6568 = PRESENTATION_STYLE_ASSIGNMENT (( #12547 ) ) ;
#6569 = LINE ( 'NONE', #9633, #970 ) ;
#6570 = VERTEX_POINT ( 'NONE', #1592 ) ;
#6571 = EDGE_CURVE ( 'NONE', #6229, #2691, #9556, .T. ) ;
#6572 = ORIENTED_EDGE ( 'NONE', *, *, #3327, .T. ) ;
#6573 = DIRECTION ( 'NONE',  ( 0.000000000000000000, -0.7071067811865482389, -0.7071067811865469066 ) ) ;
#6574 = ORIENTED_EDGE ( 'NONE', *, *, #2106, .T. ) ;
#6575 = LINE ( 'NONE', #5567, #1741 ) ;
#6576 = PLANE ( 'NONE',  #2779 ) ;
#6577 = CARTESIAN_POINT ( 'NONE',  ( 5.875000000000005329, 0.3000000000000014322, 0.8000000000000005995 ) ) ;
#6578 = SURFACE_STYLE_USAGE ( .BOTH. , #5642 ) ;
#6579 = LINE ( 'NONE', #12446, #7298 ) ;
#6580 = CARTESIAN_POINT ( 'NONE',  ( 6.344999999999994422, 1.199999999999998623, 0.3500000000000039746 ) ) ;
#6581 = CARTESIAN_POINT ( 'NONE',  ( 6.544999999999994600, 1.399999999999998579, 0.3500000000000039746 ) ) ;
#6582 = EDGE_CURVE ( 'NONE', #3606, #6511, #2496, .T. ) ;
#6583 = VERTEX_POINT ( 'NONE', #7630 ) ;
#6584 = CARTESIAN_POINT ( 'NONE',  ( 5.875000000000001776, 3.700000000000000178, 0.9499999999999855227 ) ) ;
#6585 = EDGE_LOOP ( 'NONE', ( #10207, #10337, #1811, #9344, #7471, #237 ) ) ;
#6586 = ORIENTED_EDGE ( 'NONE', *, *, #12739, .T. ) ;
#6587 = SURFACE_SIDE_STYLE ('',( #738 ) ) ;
#6588 = CARTESIAN_POINT ( 'NONE',  ( -6.444999999999994955, 24.60698852501704437, -1.849999999999995426 ) ) ;
#6589 = SURFACE_STYLE_FILL_AREA ( #8782 ) ;
#6590 = CARTESIAN_POINT ( 'NONE',  ( 5.875000000000004441, -1.029563014098701546, -0.9500000000000006217 ) ) ;
#6591 = PLANE ( 'NONE',  #10025 ) ;
#6592 = UNCERTAINTY_MEASURE_WITH_UNIT (LENGTH_MEASURE( 1.000000000000000082E-05 ), #3990, 'distance_accuracy_value', 'NONE');
#6593 = CARTESIAN_POINT ( 'NONE',  ( 1.814999999999999725, 3.999999999999999112, -0.5250000000000403233 ) ) ;
#6594 = FILL_AREA_STYLE_COLOUR ( '', #11850 ) ;
#6595 = EDGE_CURVE ( 'NONE', #9540, #4971, #10491, .T. ) ;
#6596 =( NAMED_UNIT ( * ) PLANE_ANGLE_UNIT ( ) SI_UNIT ( $, .RADIAN. ) );
#6597 = VECTOR ( 'NONE', #12390, 1000.000000000000000 ) ;
#6598 = ORIENTED_EDGE ( 'NONE', *, *, #3621, .T. ) ;
#6599 = SURFACE_STYLE_USAGE ( .BOTH. , #3541 ) ;
#6600 = ORIENTED_EDGE ( 'NONE', *, *, #5773, .F. ) ;
#6601 = ORIENTED_EDGE ( 'NONE', *, *, #11271, .T. ) ;
#6602 = VECTOR ( 'NONE', #12700, 999.9999999999998863 ) ;
#6603 = PLANE ( 'NONE',  #3185 ) ;
#6604 = FACE_OUTER_BOUND ( 'NONE', #9333, .T. ) ;
#6605 = UNCERTAINTY_MEASURE_WITH_UNIT (LENGTH_MEASURE( 1.000000000000000082E-05 ), #10499, 'distance_accuracy_value', 'NONE');
#6606 = FILL_AREA_STYLE_COLOUR ( '', #10665 ) ;
#6607 = DIRECTION ( 'NONE',  ( -1.000000000000000000, 0.000000000000000000, 0.000000000000000000 ) ) ;
#6608 = CARTESIAN_POINT ( 'NONE',  ( 0.7849999999999992539, 0.000000000000000000, 1.850000000000004530 ) ) ;
#6609 = PRODUCT_DEFINITION_SHAPE ( 'NONE', 'NONE',  #1647 ) ;
#6610 = DIRECTION ( 'NONE',  ( 0.000000000000000000, 0.7071067811865469066, -0.7071067811865482389 ) ) ;
#6611 = FACE_OUTER_BOUND ( 'NONE', #4788, .T. ) ;
#6612 = STYLED_ITEM ( 'NONE', ( #5271 ), #7793 ) ;
#6613 = AXIS2_PLACEMENT_3D ( 'NONE', #5309, #9386, #2395 ) ;
#6614 = CARTESIAN_POINT ( 'NONE',  ( -6.094999999999995310, 0.4500000000000013989, -1.749999999999996003 ) ) ;
#6615 = ORIENTED_EDGE ( 'NONE', *, *, #2038, .F. ) ;
#6616 = PRESENTATION_STYLE_ASSIGNMENT (( #6749 ) ) ;
#6617 = EDGE_CURVE ( 'NONE', #3784, #1079, #3495, .T. ) ;
#6618 = MECHANICAL_DESIGN_GEOMETRIC_PRESENTATION_REPRESENTATION (  '', ( #11292 ), #8314 ) ;
#6619 = LINE ( 'NONE', #386, #2251 ) ;
#6620 = VERTEX_POINT ( 'NONE', #10619 ) ;
#6621 = MECHANICAL_DESIGN_GEOMETRIC_PRESENTATION_REPRESENTATION (  '', ( #10013 ), #7886 ) ;
#6622 = ORIENTED_EDGE ( 'NONE', *, *, #6502, .T. ) ;
#6623 = AXIS2_PLACEMENT_3D ( 'NONE', #1862, #13086, #11975 ) ;
#6624 = FACE_OUTER_BOUND ( 'NONE', #12642, .T. ) ;
#6625 = CARTESIAN_POINT ( 'NONE',  ( 1.714999999999999414, -1.125000000000002442, 1.125000000000004663 ) ) ;
#6626 = SURFACE_SIDE_STYLE ('',( #2557 ) ) ;
#6627 =( LENGTH_UNIT ( ) NAMED_UNIT ( * ) SI_UNIT ( .MILLI., .METRE. ) );
#6628 = EDGE_CURVE ( 'NONE', #1347, #6457, #1316, .T. ) ;
#6629 = DIRECTION ( 'NONE',  ( -1.000000000000000000, 0.000000000000000000, -0.000000000000000000 ) ) ;
#6630 = LINE ( 'NONE', #530, #11568 ) ;
#6631 = EDGE_CURVE ( 'NONE', #9494, #11246, #322, .T. ) ;
#6632 = STYLED_ITEM ( 'NONE', ( #10090 ), #8251 ) ;
#6633 = FILL_AREA_STYLE ('',( #6884 ) ) ;
#6634 = VECTOR ( 'NONE', #12361, 1000.000000000000000 ) ;
#6635 = VERTEX_POINT ( 'NONE', #2296 ) ;
#6636 = VERTEX_POINT ( 'NONE', #8424 ) ;
#6637 = VECTOR ( 'NONE', #145, 1000.000000000000000 ) ;
#6638 = EDGE_LOOP ( 'NONE', ( #10588, #3440, #12065, #8778 ) ) ;
#6639 = DIRECTION ( 'NONE',  ( -0.000000000000000000, -0.000000000000000000, 1.000000000000000000 ) ) ;
#6640 = FILL_AREA_STYLE_COLOUR ( '', #5986 ) ;
#6641 = LINE ( 'NONE', #9762, #12978 ) ;
#6642 = VECTOR ( 'NONE', #46, 1000.000000000000114 ) ;
#6643 =( GEOMETRIC_REPRESENTATION_CONTEXT ( 3 ) GLOBAL_UNCERTAINTY_ASSIGNED_CONTEXT ( ( #6338 ) ) GLOBAL_UNIT_ASSIGNED_CONTEXT ( ( #5055, #7146, #9269 ) ) REPRESENTATION_CONTEXT ( 'NONE', 'WORKASPACE' ) );
#6644 = SURFACE_STYLE_FILL_AREA ( #1717 ) ;
#6645 = EDGE_CURVE ( 'NONE', #8569, #1115, #3427, .T. ) ;
#6646 =( LENGTH_UNIT ( ) NAMED_UNIT ( * ) SI_UNIT ( .MILLI., .METRE. ) );
#6647 = EDGE_CURVE ( 'NONE', #4784, #1094, #7490, .T. ) ;
#6648 = CARTESIAN_POINT ( 'NONE',  ( -6.875000000000006217, 1.650000000000000799, 0.3500000000000039746 ) ) ;
#6649 = EDGE_CURVE ( 'NONE', #3155, #2295, #449, .T. ) ;
#6650 = FILL_AREA_STYLE_COLOUR ( '', #877 ) ;
#6651 = VECTOR ( 'NONE', #9119, 1000.000000000000000 ) ;
#6652 = ORIENTED_EDGE ( 'NONE', *, *, #12997, .F. ) ;
#6653 = DIRECTION ( 'NONE',  ( 1.000000000000000000, -0.000000000000000000, 0.000000000000000000 ) ) ;
#6654 = ORIENTED_EDGE ( 'NONE', *, *, #12314, .T. ) ;
#6655 = ORIENTED_EDGE ( 'NONE', *, *, #2245, .F. ) ;
#6656 = DIRECTION ( 'NONE',  ( 2.190419166690511275E-16, -0.7071067811865452413, 0.7071067811865497932 ) ) ;
#6657 = MECHANICAL_DESIGN_GEOMETRIC_PRESENTATION_REPRESENTATION (  '', ( #3247 ), #2616 ) ;
#6659 = PRESENTATION_LAYER_ASSIGNMENT (  '', '', ( #6673 ) ) ;
#6658 = FILL_AREA_STYLE ('',( #616 ) ) ;
#6661 = EDGE_CURVE ( 'NONE', #11003, #8928, #4479, .T. ) ;
#6660 = FACE_OUTER_BOUND ( 'NONE', #8540, .T. ) ;
#6662 = DIRECTION ( 'NONE',  ( -1.000000000000000000, 0.000000000000000000, -0.000000000000000000 ) ) ;
#6663 = CARTESIAN_POINT ( 'NONE',  ( -0.7850000000000010303, 3.548929149633788249, 0.000000000000000000 ) ) ;
#6664 = FILL_AREA_STYLE ('',( #6728 ) ) ;
#6665 = DIRECTION ( 'NONE',  ( -1.000000000000000000, -0.000000000000000000, -0.000000000000000000 ) ) ;
#6667 = ADVANCED_FACE ( 'NONE', ( #10415 ), #7562, .T. ) ;
#6666 = STYLED_ITEM ( 'NONE', ( #8247 ), #9428 ) ;
#6668 = CARTESIAN_POINT ( 'NONE',  ( -4.535000000000001030, 1.749999999999999778, 0.000000000000000000 ) ) ;
#6669 = EDGE_CURVE ( 'NONE', #5627, #9051, #1515, .T. ) ;
#6670 = CARTESIAN_POINT ( 'NONE',  ( 5.275000000000024336, 4.400000000000000355, 0.2249377794898753391 ) ) ;
#6671 = VECTOR ( 'NONE', #7777, 1000.000000000000000 ) ;
#6672 = CARTESIAN_POINT ( 'NONE',  ( 5.875000000000003553, 4.699999999999999289, 1.849999999999999867 ) ) ;
#6673 = STYLED_ITEM ( 'NONE', ( #8785 ), #1404 ) ;
#6674 = ORIENTED_EDGE ( 'NONE', *, *, #2405, .F. ) ;
#6675 = FACE_OUTER_BOUND ( 'NONE', #4954, .T. ) ;
#6676 = ORIENTED_EDGE ( 'NONE', *, *, #1524, .T. ) ;
#6677 = ORIENTED_EDGE ( 'NONE', *, *, #9948, .T. ) ;
#6679 = EDGE_CURVE ( 'NONE', #4079, #9160, #8627, .T. ) ;
#6678 = VERTEX_POINT ( 'NONE', #520 ) ;
#6680 =( LENGTH_UNIT ( ) NAMED_UNIT ( * ) SI_UNIT ( .MILLI., .METRE. ) );
#6681 = VECTOR ( 'NONE', #9711, 1000.000000000000000 ) ;
#6682 =( GEOMETRIC_REPRESENTATION_CONTEXT ( 3 ) GLOBAL_UNCERTAINTY_ASSIGNED_CONTEXT ( ( #6212 ) ) GLOBAL_UNIT_ASSIGNED_CONTEXT ( ( #9878, #3967, #5000 ) ) REPRESENTATION_CONTEXT ( 'NONE', 'WORKASPACE' ) );
#6683 = FACE_OUTER_BOUND ( 'NONE', #10620, .T. ) ;
#6684 = DIRECTION ( 'NONE',  ( -3.942553354492748461E-16, 1.000000000000000000, 0.000000000000000000 ) ) ;
#6685 = VECTOR ( 'NONE', #7611, 1000.000000000000000 ) ;
#6686 = EDGE_LOOP ( 'NONE', ( #657, #4667, #2537, #1547 ) ) ;
#6687 =( NAMED_UNIT ( * ) PLANE_ANGLE_UNIT ( ) SI_UNIT ( $, .RADIAN. ) );
#6688 = DIRECTION ( 'NONE',  ( 0.000000000000000000, 0.000000000000000000, -1.000000000000000000 ) ) ;
#6689 = ORIENTED_EDGE ( 'NONE', *, *, #4689, .F. ) ;
#6690 = CARTESIAN_POINT ( 'NONE',  ( -5.875000000000001776, 0.2999999999999999889, 1.850000000000001421 ) ) ;
#6691 = PRESENTATION_LAYER_ASSIGNMENT (  '', '', ( #6264 ) ) ;
#6692 = ORIENTED_EDGE ( 'NONE', *, *, #8190, .T. ) ;
#6693 = LINE ( 'NONE', #1389, #3744 ) ;
#6694 = CARTESIAN_POINT ( 'NONE',  ( 4.387500000000009948, 4.387500000000003730, 0.6500000000000077938 ) ) ;
#6695 = UNCERTAINTY_MEASURE_WITH_UNIT (LENGTH_MEASURE( 1.000000000000000082E-05 ), #6122, 'distance_accuracy_value', 'NONE');
#6696 = AXIS2_PLACEMENT_3D ( 'NONE', #10180, #8253, #11303 ) ;
#6697 = DIRECTION ( 'NONE',  ( -0.000000000000000000, 0.000000000000000000, 1.000000000000000000 ) ) ;
#6698 = EDGE_CURVE ( 'NONE', #6370, #5268, #5942, .T. ) ;
#6699 = CARTESIAN_POINT ( 'NONE',  ( 3.600000000000006306, 3.250000000000005329, -1.450000000000040812 ) ) ;
#6700 = VECTOR ( 'NONE', #9526, 1000.000000000000000 ) ;
#6701 = CARTESIAN_POINT ( 'NONE',  ( -2.965000000000000746, 0.000000000000000000, 0.000000000000000000 ) ) ;
#6702 = ORIENTED_EDGE ( 'NONE', *, *, #4142, .F. ) ;
#6703 = PRESENTATION_LAYER_ASSIGNMENT (  '', '', ( #9248 ) ) ;
#6704 = ORIENTED_EDGE ( 'NONE', *, *, #2660, .T. ) ;
#6705 = DIRECTION ( 'NONE',  ( 0.000000000000000000, 0.000000000000000000, -1.000000000000000000 ) ) ;
#6706 = ADVANCED_FACE ( 'NONE', ( #5807 ), #6803, .F. ) ;
#6707 = VERTEX_POINT ( 'NONE', #5687 ) ;
#6708 = CARTESIAN_POINT ( 'NONE',  ( 4.214999999999999858, 0.000000000000000000, 0.000000000000000000 ) ) ;
#6709 = CARTESIAN_POINT ( 'NONE',  ( 2.964999999999998970, 0.4500000000000002331, 6.098637220230963674E-17 ) ) ;
#6710 = CARTESIAN_POINT ( 'NONE',  ( 0.7849999999999992539, 0.2787990747163040517, -1.581148123764847258 ) ) ;
#6711 = PRESENTATION_LAYER_ASSIGNMENT (  '', '', ( #12450 ) ) ;
#6712 = DIRECTION ( 'NONE',  ( -1.000000000000000000, -0.000000000000000000, -0.000000000000000000 ) ) ;
#6713 = VECTOR ( 'NONE', #5201, 1000.000000000000000 ) ;
#6714 =( NAMED_UNIT ( * ) PLANE_ANGLE_UNIT ( ) SI_UNIT ( $, .RADIAN. ) );
#6715 = CARTESIAN_POINT ( 'NONE',  ( -5.400881904447568438, 1.749999999999999778, 0.1283451969090873557 ) ) ;
#6716 =( NAMED_UNIT ( * ) SI_UNIT ( $, .STERADIAN. ) SOLID_ANGLE_UNIT ( ) );
#6717 = COLOUR_RGB ( '',1.000000000000000000, 1.000000000000000000, 1.000000000000000000 ) ;
#6718 = VECTOR ( 'NONE', #5063, 1000.000000000000227 ) ;
#6719 = ORIENTED_EDGE ( 'NONE', *, *, #12604, .F. ) ;
#6720 = EDGE_CURVE ( 'NONE', #6854, #535, #2690, .T. ) ;
#6721 = EDGE_CURVE ( 'NONE', #8984, #5053, #9801, .T. ) ;
#6722 = ORIENTED_EDGE ( 'NONE', *, *, #6189, .F. ) ;
#6723 = ORIENTED_EDGE ( 'NONE', *, *, #12274, .F. ) ;
#6724 = DIRECTION ( 'NONE',  ( 0.000000000000000000, -1.000000000000000000, 0.000000000000000000 ) ) ;
#6725 = CARTESIAN_POINT ( 'NONE',  ( 5.875000000000003553, 24.60698852501704437, 1.849999999999999867 ) ) ;
#6726 =( LENGTH_UNIT ( ) NAMED_UNIT ( * ) SI_UNIT ( .MILLI., .METRE. ) );
#6727 = ADVANCED_FACE ( 'NONE', ( #10814 ), #7690, .F. ) ;
#6728 = FILL_AREA_STYLE_COLOUR ( '', #12493 ) ;
#6729 = PRESENTATION_LAYER_ASSIGNMENT (  '', '', ( #3754 ) ) ;
#6731 = FACE_OUTER_BOUND ( 'NONE', #1860, .T. ) ;
#6730 = UNCERTAINTY_MEASURE_WITH_UNIT (LENGTH_MEASURE( 1.000000000000000082E-05 ), #10852, 'distance_accuracy_value', 'NONE');
#6732 = DIRECTION ( 'NONE',  ( 0.000000000000000000, 1.000000000000000000, 0.000000000000000000 ) ) ;
#6733 = PLANE ( 'NONE',  #6022 ) ;
#6734 = MECHANICAL_DESIGN_GEOMETRIC_PRESENTATION_REPRESENTATION (  '', ( #12475 ), #5024 ) ;
#6735 = CARTESIAN_POINT ( 'NONE',  ( 4.315000000000000391, 3.999999999999999112, -0.5250000000000403233 ) ) ;
#6736 = VERTEX_POINT ( 'NONE', #9869 ) ;
#6737 = MECHANICAL_DESIGN_GEOMETRIC_PRESENTATION_REPRESENTATION (  '', ( #4602 ), #1445 ) ;
#6738 = EDGE_LOOP ( 'NONE', ( #7394, #11669, #11435, #11619 ) ) ;
#6739 = ORIENTED_EDGE ( 'NONE', *, *, #5763, .T. ) ;
#6740 = ORIENTED_EDGE ( 'NONE', *, *, #7440, .T. ) ;
#6741 = MECHANICAL_DESIGN_GEOMETRIC_PRESENTATION_REPRESENTATION (  '', ( #8669 ), #1011 ) ;
#6742 =( NAMED_UNIT ( * ) PLANE_ANGLE_UNIT ( ) SI_UNIT ( $, .RADIAN. ) );
#6743 = DIRECTION ( 'NONE',  ( 0.000000000000000000, 1.355252715606880296E-16, -1.000000000000000000 ) ) ;
#6744 = DIRECTION ( 'NONE',  ( 1.000000000000000000, 0.000000000000000000, 0.000000000000000000 ) ) ;
#6745 = CARTESIAN_POINT ( 'NONE',  ( 5.875000000000001776, 3.700000000000000178, 0.9499999999999855227 ) ) ;
#6746 = VECTOR ( 'NONE', #3252, 1000.000000000000000 ) ;
#6747 =( GEOMETRIC_REPRESENTATION_CONTEXT ( 3 ) GLOBAL_UNCERTAINTY_ASSIGNED_CONTEXT ( ( #7497 ) ) GLOBAL_UNIT_ASSIGNED_CONTEXT ( ( #8045, #4778, #1867 ) ) REPRESENTATION_CONTEXT ( 'NONE', 'WORKASPACE' ) );
#6748 = ORIENTED_EDGE ( 'NONE', *, *, #7440, .F. ) ;
#6749 = SURFACE_STYLE_USAGE ( .BOTH. , #7686 ) ;
#6750 = EDGE_CURVE ( 'NONE', #12761, #7437, #2808, .T. ) ;
#6751 = EDGE_CURVE ( 'NONE', #2985, #10735, #11751, .T. ) ;
#6752 = LINE ( 'NONE', #1081, #9913 ) ;
#6753 = COLOUR_RGB ( '',1.000000000000000000, 0.8117647058823529438, 0.5019607843137254832 ) ;
#6754 = VERTEX_POINT ( 'NONE', #4327 ) ;
#6755 = CARTESIAN_POINT ( 'NONE',  ( 2.034999999999999698, -1.125000000000002442, 1.125000000000004663 ) ) ;
#6756 = EDGE_LOOP ( 'NONE', ( #8157, #12080, #6279, #13135 ) ) ;
#6757 = PRESENTATION_STYLE_ASSIGNMENT (( #7633 ) ) ;
#6758 = DIRECTION ( 'NONE',  ( 0.000000000000000000, 1.000000000000000000, 0.000000000000000000 ) ) ;
#6759 = SURFACE_STYLE_FILL_AREA ( #6812 ) ;
#6760 = PRESENTATION_STYLE_ASSIGNMENT (( #974 ) ) ;
#6761 = UNCERTAINTY_MEASURE_WITH_UNIT (LENGTH_MEASURE( 1.000000000000000082E-05 ), #3837, 'distance_accuracy_value', 'NONE');
#6762 = ORIENTED_EDGE ( 'NONE', *, *, #12365, .F. ) ;
#6763 = ORIENTED_EDGE ( 'NONE', *, *, #1241, .F. ) ;
#6764 = CARTESIAN_POINT ( 'NONE',  ( -2.965000000000000746, 1.350000000000001865, 1.350000000000004086 ) ) ;
#6765 = EDGE_LOOP ( 'NONE', ( #10051, #2606, #3758, #13098 ) ) ;
#6766 = CARTESIAN_POINT ( 'NONE',  ( 2.034999999999999698, 0.3499999999999999223, 2.350000000000004530 ) ) ;
#6767 = CARTESIAN_POINT ( 'NONE',  ( 4.214999999999999858, 0.4499999999999999556, 2.250000000000004441 ) ) ;
#6768 = CARTESIAN_POINT ( 'NONE',  ( 1.714999999999999414, 0.4500000000000000111, 1.850000000000004530 ) ) ;
#6769 = DIRECTION ( 'NONE',  ( -1.000000000000000000, 0.000000000000000000, -0.000000000000000000 ) ) ;
#6770 = CARTESIAN_POINT ( 'NONE',  ( -2.965000000000000746, 1.749999999999999778, 0.000000000000000000 ) ) ;
#6771 = VERTEX_POINT ( 'NONE', #11064 ) ;
#6772 = SURFACE_STYLE_FILL_AREA ( #11853 ) ;
#6773 = ADVANCED_FACE ( 'NONE', ( #9074 ), #10323, .F. ) ;
#6774 = ORIENTED_EDGE ( 'NONE', *, *, #11365, .F. ) ;
#6775 = VERTEX_POINT ( 'NONE', #5248 ) ;
#6776 =( NAMED_UNIT ( * ) PLANE_ANGLE_UNIT ( ) SI_UNIT ( $, .RADIAN. ) );
#6777 = LINE ( 'NONE', #4709, #9401 ) ;
#6778 = SURFACE_STYLE_FILL_AREA ( #12840 ) ;
#6779 = SURFACE_STYLE_FILL_AREA ( #11862 ) ;
#6780 = CARTESIAN_POINT ( 'NONE',  ( -4.535000000000001030, 2.865743636076471201, -1.125000000000033973 ) ) ;
#6781 = SURFACE_STYLE_FILL_AREA ( #8670 ) ;
#6782 = LINE ( 'NONE', #5849, #13011 ) ;
#6783 = EDGE_CURVE ( 'NONE', #8729, #9054, #7079, .T. ) ;
#6784 = CARTESIAN_POINT ( 'NONE',  ( 5.875000000000001776, 3.700000000000000178, 0.9499999999999855227 ) ) ;
#6785 = VERTEX_POINT ( 'NONE', #12140 ) ;
#6786 = SURFACE_STYLE_USAGE ( .BOTH. , #3278 ) ;
#6787 = ORIENTED_EDGE ( 'NONE', *, *, #11602, .F. ) ;
#6788 = ORIENTED_EDGE ( 'NONE', *, *, #4794, .T. ) ;
#6789 = ORIENTED_EDGE ( 'NONE', *, *, #888, .T. ) ;
#6790 = SURFACE_STYLE_USAGE ( .BOTH. , #5728 ) ;
#6791 = COLOUR_RGB ( '',1.000000000000000000, 0.8117647058823529438, 0.5019607843137254832 ) ;
#6792 = CARTESIAN_POINT ( 'NONE',  ( -6.875000000000006217, 1.650000000000000799, 0.3500000000000039746 ) ) ;
#6793 = CARTESIAN_POINT ( 'NONE',  ( -3.285000000000000586, 2.865743636076471201, -1.125000000000033973 ) ) ;
#6794 = DIRECTION ( 'NONE',  ( 0.000000000000000000, 0.7071067811865469066, -0.7071067811865482389 ) ) ;
#6795 = SURFACE_STYLE_USAGE ( .BOTH. , #7681 ) ;
#6796 = CARTESIAN_POINT ( 'NONE',  ( 0.7849999999999992539, 0.3000000000000002665, 4.065758146820583696E-17 ) ) ;
#6797 = EDGE_CURVE ( 'NONE', #1956, #12659, #4991, .T. ) ;
#6798 = EDGE_CURVE ( 'NONE', #1204, #2081, #9319, .T. ) ;
#6799 = STYLED_ITEM ( 'NONE', ( #10643 ), #6519 ) ;
#6800 = ORIENTED_EDGE ( 'NONE', *, *, #2285, .F. ) ;
#6801 = VECTOR ( 'NONE', #7858, 1000.000000000000000 ) ;
#6802 = ORIENTED_EDGE ( 'NONE', *, *, #10794, .T. ) ;
#6803 = PLANE ( 'NONE',  #11282 ) ;
#6804 = ORIENTED_EDGE ( 'NONE', *, *, #5482, .F. ) ;
#6805 = CARTESIAN_POINT ( 'NONE',  ( -6.567346999254251472, 1.346049571322032623, -1.803950428677962625 ) ) ;
#6806 = DIRECTION ( 'NONE',  ( 0.000000000000000000, 0.7071067811865402453, -0.7071067811865547892 ) ) ;
#6807 = FACE_OUTER_BOUND ( 'NONE', #6885, .T. ) ;
#6808 = DIRECTION ( 'NONE',  ( -0.000000000000000000, -0.000000000000000000, -1.000000000000000000 ) ) ;
#6809 =( NAMED_UNIT ( * ) SI_UNIT ( $, .STERADIAN. ) SOLID_ANGLE_UNIT ( ) );
#6810 = UNCERTAINTY_MEASURE_WITH_UNIT (LENGTH_MEASURE( 1.000000000000000082E-05 ), #117, 'distance_accuracy_value', 'NONE');
#6811 = VECTOR ( 'NONE', #5876, 1000.000000000000000 ) ;
#6812 = FILL_AREA_STYLE ('',( #904 ) ) ;
#6813 = EDGE_CURVE ( 'NONE', #12935, #875, #359, .T. ) ;
#6814 = DIRECTION ( 'NONE',  ( -0.000000000000000000, -0.000000000000000000, -1.000000000000000000 ) ) ;
#6815 = VECTOR ( 'NONE', #9773, 1000.000000000000000 ) ;
#6816 = DIRECTION ( 'NONE',  ( -0.000000000000000000, -0.000000000000000000, -1.000000000000000000 ) ) ;
#6817 = ORIENTED_EDGE ( 'NONE', *, *, #8265, .F. ) ;
#6818 = VECTOR ( 'NONE', #11928, 1000.000000000000000 ) ;
#6819 =( GEOMETRIC_REPRESENTATION_CONTEXT ( 3 ) GLOBAL_UNCERTAINTY_ASSIGNED_CONTEXT ( ( #98 ) ) GLOBAL_UNIT_ASSIGNED_CONTEXT ( ( #5457, #6458, #8008 ) ) REPRESENTATION_CONTEXT ( 'NONE', 'WORKASPACE' ) );
#6820 =( NAMED_UNIT ( * ) SI_UNIT ( $, .STERADIAN. ) SOLID_ANGLE_UNIT ( ) );
#6821 = ORIENTED_EDGE ( 'NONE', *, *, #11382, .T. ) ;
#6822 =( LENGTH_UNIT ( ) NAMED_UNIT ( * ) SI_UNIT ( .MILLI., .METRE. ) );
#6823 =( GEOMETRIC_REPRESENTATION_CONTEXT ( 3 ) GLOBAL_UNCERTAINTY_ASSIGNED_CONTEXT ( ( #1907 ) ) GLOBAL_UNIT_ASSIGNED_CONTEXT ( ( #4825, #12032, #11021 ) ) REPRESENTATION_CONTEXT ( 'NONE', 'WORKASPACE' ) );
#6824 = ADVANCED_FACE ( 'NONE', ( #8467 ), #1287, .T. ) ;
#6825 = LINE ( 'NONE', #7895, #7716 ) ;
#6826 = DIRECTION ( 'NONE',  ( 0.000000000000000000, -4.814824860968089633E-32, -1.000000000000000000 ) ) ;
#6827 = VECTOR ( 'NONE', #9149, 1000.000000000000000 ) ;
#6828 = MECHANICAL_DESIGN_GEOMETRIC_PRESENTATION_REPRESENTATION (  '', ( #5777 ), #7052 ) ;
#6829 = FILL_AREA_STYLE ('',( #3840 ) ) ;
#6830 = FILL_AREA_STYLE ('',( #11900 ) ) ;
#6831 = LINE ( 'NONE', #1913, #6290 ) ;
#6832 = DIRECTION ( 'NONE',  ( -0.000000000000000000, -0.000000000000000000, -1.000000000000000000 ) ) ;
#6833 = ORIENTED_EDGE ( 'NONE', *, *, #4022, .F. ) ;
#6834 = AXIS2_PLACEMENT_3D ( 'NONE', #3893, #9944, #838 ) ;
#6835 = ORIENTED_EDGE ( 'NONE', *, *, #10727, .T. ) ;
#6836 = ORIENTED_EDGE ( 'NONE', *, *, #3877, .T. ) ;
#6837 = FILL_AREA_STYLE ('',( #7911 ) ) ;
#6838 = CARTESIAN_POINT ( 'NONE',  ( -6.544999999999994600, 1.400000000000000133, -1.849999999999996092 ) ) ;
#6839 = DIRECTION ( 'NONE',  ( 0.000000000000000000, 0.000000000000000000, -1.000000000000000000 ) ) ;
#6840 =( NAMED_UNIT ( * ) PLANE_ANGLE_UNIT ( ) SI_UNIT ( $, .RADIAN. ) );
#6842 = CARTESIAN_POINT ( 'NONE',  ( 0.7849999999999992539, 1.083335593717822357E-31, 2.250000000000004441 ) ) ;
#6841 = UNCERTAINTY_MEASURE_WITH_UNIT (LENGTH_MEASURE( 1.000000000000000082E-05 ), #3477, 'distance_accuracy_value', 'NONE');
#6843 = CARTESIAN_POINT ( 'NONE',  ( -7.574999999999993960, 0.2500000000000016098, 0.3500000000000039746 ) ) ;
#6844 =( NAMED_UNIT ( * ) PLANE_ANGLE_UNIT ( ) SI_UNIT ( $, .RADIAN. ) );
#6845 = ADVANCED_FACE ( 'NONE', ( #3334 ), #7400, .F. ) ;
#6846 = PRESENTATION_LAYER_ASSIGNMENT (  '', '', ( #8350 ) ) ;
#6847 = DIRECTION ( 'NONE',  ( 0.7071067811865529018, 0.000000000000000000, -0.7071067811865422437 ) ) ;
#6848 = SURFACE_STYLE_FILL_AREA ( #12060 ) ;
#6849 =( GEOMETRIC_REPRESENTATION_CONTEXT ( 3 ) GLOBAL_UNCERTAINTY_ASSIGNED_CONTEXT ( ( #5356 ) ) GLOBAL_UNIT_ASSIGNED_CONTEXT ( ( #11678, #1446, #9550 ) ) REPRESENTATION_CONTEXT ( 'NONE', 'WORKASPACE' ) );
#6850 = ORIENTED_EDGE ( 'NONE', *, *, #7167, .T. ) ;
#6851 = FILL_AREA_STYLE ('',( #2787 ) ) ;
#6852 = PRESENTATION_LAYER_ASSIGNMENT (  '', '', ( #3249 ) ) ;
#6853 = ORIENTED_EDGE ( 'NONE', *, *, #5091, .F. ) ;
#6854 = VERTEX_POINT ( 'NONE', #5713 ) ;
#6855 = EDGE_CURVE ( 'NONE', #6620, #12611, #11582, .T. ) ;
#6856 = VECTOR ( 'NONE', #3468, 1000.000000000000000 ) ;
#6857 = DIRECTION ( 'NONE',  ( -1.000000000000000000, 0.000000000000000000, -0.000000000000000000 ) ) ;
#6858 = FACE_OUTER_BOUND ( 'NONE', #10486, .T. ) ;
#6859 =( LENGTH_UNIT ( ) NAMED_UNIT ( * ) SI_UNIT ( .MILLI., .METRE. ) );
#6860 = LINE ( 'NONE', #11931, #12807 ) ;
#6861 = VECTOR ( 'NONE', #5592, 1000.000000000000000 ) ;
#6862 = FILL_AREA_STYLE ('',( #510 ) ) ;
#6863 = STYLED_ITEM ( 'NONE', ( #6535 ), #1375 ) ;
#6864 = CARTESIAN_POINT ( 'NONE',  ( 3.284999999999998810, 0.03083447080518480002, 0.1748709736949816407 ) ) ;
#6865 = SURFACE_STYLE_FILL_AREA ( #2802 ) ;
#6866 =( GEOMETRIC_REPRESENTATION_CONTEXT ( 3 ) GLOBAL_UNCERTAINTY_ASSIGNED_CONTEXT ( ( #7664 ) ) GLOBAL_UNIT_ASSIGNED_CONTEXT ( ( #6449, #12559, #4027 ) ) REPRESENTATION_CONTEXT ( 'NONE', 'WORKASPACE' ) );
#6867 = ORIENTED_EDGE ( 'NONE', *, *, #9960, .T. ) ;
#6868 = CARTESIAN_POINT ( 'NONE',  ( 7.074999999999998401, 2.600000000000005862, -1.550000000000001599 ) ) ;
#6869 = ORIENTED_EDGE ( 'NONE', *, *, #4342, .T. ) ;
#6870 = VECTOR ( 'NONE', #9646, 1000.000000000000000 ) ;
#6871 = COLOUR_RGB ( '',1.000000000000000000, 0.8117647058823529438, 0.5019607843137254832 ) ;
#6872 = EDGE_LOOP ( 'NONE', ( #262, #4402, #12777, #2509 ) ) ;
#6873 = CARTESIAN_POINT ( 'NONE',  ( -3.200000000000000622, 3.250000000000005773, -1.850000000000001865 ) ) ;
#6874 = ADVANCED_FACE ( 'NONE', ( #8590 ), #4648, .F. ) ;
#6875 = EDGE_LOOP ( 'NONE', ( #10769, #298, #10720, #2923 ) ) ;
#6876 = LINE ( 'NONE', #7874, #12041 ) ;
#6877 = SURFACE_STYLE_FILL_AREA ( #11008 ) ;
#6878 = SURFACE_STYLE_FILL_AREA ( #2815 ) ;
#6879 = EDGE_CURVE ( 'NONE', #8119, #12523, #3728, .T. ) ;
#6880 = PRESENTATION_LAYER_ASSIGNMENT (  '', '', ( #7528 ) ) ;
#6881 = DIRECTION ( 'NONE',  ( -1.000000000000000000, -0.000000000000000000, -0.000000000000000000 ) ) ;
#6882 = SURFACE_STYLE_FILL_AREA ( #3766 ) ;
#6883 = UNCERTAINTY_MEASURE_WITH_UNIT (LENGTH_MEASURE( 1.000000000000000082E-05 ), #12648, 'distance_accuracy_value', 'NONE');
#6884 = FILL_AREA_STYLE_COLOUR ( '', #9032 ) ;
#6885 = EDGE_LOOP ( 'NONE', ( #3043, #6266, #1616, #4970 ) ) ;
#6886 = VECTOR ( 'NONE', #1236, 1000.000000000000000 ) ;
#6887 =( NAMED_UNIT ( * ) PLANE_ANGLE_UNIT ( ) SI_UNIT ( $, .RADIAN. ) );
#6888 = EDGE_CURVE ( 'NONE', #3393, #5079, #2527, .T. ) ;
#6889 = VERTEX_POINT ( 'NONE', #8662 ) ;
#6890 = VECTOR ( 'NONE', #6075, 1000.000000000000000 ) ;
#6891 =( NAMED_UNIT ( * ) SI_UNIT ( $, .STERADIAN. ) SOLID_ANGLE_UNIT ( ) );
#6892 = SURFACE_SIDE_STYLE ('',( #12098 ) ) ;
#6893 = FACE_OUTER_BOUND ( 'NONE', #2702, .T. ) ;
#6894 = EDGE_CURVE ( 'NONE', #3362, #5133, #7601, .T. ) ;
#6895 = CARTESIAN_POINT ( 'NONE',  ( -4.215000000000000746, 0.000000000000000000, 1.850000000000004530 ) ) ;
#6896 = SURFACE_STYLE_FILL_AREA ( #2833 ) ;
#6897 = MECHANICAL_DESIGN_GEOMETRIC_PRESENTATION_REPRESENTATION (  '', ( #3294 ), #12859 ) ;
#6898 = DIRECTION ( 'NONE',  ( -0.000000000000000000, 0.000000000000000000, 1.000000000000000000 ) ) ;
#6899 = DIRECTION ( 'NONE',  ( -0.000000000000000000, -0.000000000000000000, -1.000000000000000000 ) ) ;
#6900 = VECTOR ( 'NONE', #5165, 1000.000000000000000 ) ;
#6901 = DIRECTION ( 'NONE',  ( 0.000000000000000000, 0.000000000000000000, 1.000000000000000000 ) ) ;
#6902 = ORIENTED_EDGE ( 'NONE', *, *, #5773, .T. ) ;
#6903 =( GEOMETRIC_REPRESENTATION_CONTEXT ( 3 ) GLOBAL_UNCERTAINTY_ASSIGNED_CONTEXT ( ( #2850 ) ) GLOBAL_UNIT_ASSIGNED_CONTEXT ( ( #2843, #5907, #13085 ) ) REPRESENTATION_CONTEXT ( 'NONE', 'WORKASPACE' ) );
#6904 = PRESENTATION_LAYER_ASSIGNMENT (  '', '', ( #10102 ) ) ;
#6905 = VERTEX_POINT ( 'NONE', #9656 ) ;
#6906 = ORIENTED_EDGE ( 'NONE', *, *, #4659, .T. ) ;
#6907 = EDGE_CURVE ( 'NONE', #3153, #8643, #7788, .T. ) ;
#6908 = FILL_AREA_STYLE_COLOUR ( '', #5765 ) ;
#6909 = DIRECTION ( 'NONE',  ( 0.000000000000000000, -1.355252715606860081E-16, 1.000000000000000000 ) ) ;
#6910 = CARTESIAN_POINT ( 'NONE',  ( 2.964999999999998970, 3.548929149633788249, -0.9250000000000404565 ) ) ;
#6911 = DIRECTION ( 'NONE',  ( -4.229774942574825328E-16, -0.7071067811865474617, 0.7071067811865474617 ) ) ;
#6912 = SURFACE_SIDE_STYLE ('',( #6779 ) ) ;
#6913 = DIRECTION ( 'NONE',  ( -1.000000000000000000, 0.000000000000000000, 1.233215741215733931E-16 ) ) ;
#6914 =( NAMED_UNIT ( * ) PLANE_ANGLE_UNIT ( ) SI_UNIT ( $, .RADIAN. ) );
#6915 = AXIS2_PLACEMENT_3D ( 'NONE', #1974, #8891, #1711 ) ;
#6916 = SURFACE_STYLE_USAGE ( .BOTH. , #17 ) ;
#6917 = CARTESIAN_POINT ( 'NONE',  ( -6.544999999999994600, 0.2500000000000017208, 0.3500000000000039746 ) ) ;
#6918 = VERTEX_POINT ( 'NONE', #10652 ) ;
#6919 = VECTOR ( 'NONE', #4161, 1000.000000000000000 ) ;
#6920 = EDGE_LOOP ( 'NONE', ( #1656, #11801, #2772, #9997 ) ) ;
#6921 = CARTESIAN_POINT ( 'NONE',  ( -0.4650000000000010236, 0.2999999999999997113, 1.449999999999998623 ) ) ;
#6922 = VERTEX_POINT ( 'NONE', #11789 ) ;
#6923 = VERTEX_POINT ( 'NONE', #553 ) ;
#6924 = COLOUR_RGB ( '',1.000000000000000000, 1.000000000000000000, 1.000000000000000000 ) ;
#6925 = DIRECTION ( 'NONE',  ( 1.000000000000000000, 0.000000000000000000, -1.233215741215733931E-16 ) ) ;
#6926 = VECTOR ( 'NONE', #3689, 1000.000000000000000 ) ;
#6927 =( LENGTH_UNIT ( ) NAMED_UNIT ( * ) SI_UNIT ( .MILLI., .METRE. ) );
#6928 = CARTESIAN_POINT ( 'NONE',  ( -1.715000000000000746, 0.03083447080518480002, 0.1748709736949816407 ) ) ;
#6929 = FACE_OUTER_BOUND ( 'NONE', #9592, .T. ) ;
#6930 = AXIS2_PLACEMENT_3D ( 'NONE', #3626, #710, #4623 ) ;
#6931 =( NAMED_UNIT ( * ) SI_UNIT ( $, .STERADIAN. ) SOLID_ANGLE_UNIT ( ) );
#6932 = SURFACE_SIDE_STYLE ('',( #2870 ) ) ;
#6933 = STYLED_ITEM ( 'NONE', ( #8572 ), #11630 ) ;
#6934 = VERTEX_POINT ( 'NONE', #2718 ) ;
#6935 = PRESENTATION_STYLE_ASSIGNMENT (( #12135 ) ) ;
#6936 =( GEOMETRIC_REPRESENTATION_CONTEXT ( 3 ) GLOBAL_UNCERTAINTY_ASSIGNED_CONTEXT ( ( #3628 ) ) GLOBAL_UNIT_ASSIGNED_CONTEXT ( ( #573, #10678, #2799 ) ) REPRESENTATION_CONTEXT ( 'NONE', 'WORKASPACE' ) );
#6937 = ORIENTED_EDGE ( 'NONE', *, *, #4696, .T. ) ;
#6938 = AXIS2_PLACEMENT_3D ( 'NONE', #12596, #5332, #11537 ) ;
#6939 =( BOUNDED_CURVE ( )  B_SPLINE_CURVE ( 3, ( #7296, #4102, #10365, #5355 ),
 .UNSPECIFIED., .F., .T. ) 
 B_SPLINE_CURVE_WITH_KNOTS ( ( 4, 4 ),
 ( 3.141592653589793116, 4.974188368183840581 ),
 .UNSPECIFIED. ) 
 CURVE ( )  GEOMETRIC_REPRESENTATION_ITEM ( )  RATIONAL_B_SPLINE_CURVE ( ( 1.000000000000000000, 0.7391742860058132525, 0.7391742860058132525, 1.000000000000000000 ) ) 
 REPRESENTATION_ITEM ( '' )  );
#6940 = ORIENTED_EDGE ( 'NONE', *, *, #2094, .F. ) ;
#6941 = DIRECTION ( 'NONE',  ( 0.000000000000000000, 1.000000000000000000, 0.000000000000000000 ) ) ;
#6942 = VERTEX_POINT ( 'NONE', #4586 ) ;
#6943 = SURFACE_STYLE_FILL_AREA ( #774 ) ;
#6944 = PLANE ( 'NONE',  #11955 ) ;
#6945 = PRESENTATION_LAYER_ASSIGNMENT (  '', '', ( #5232 ) ) ;
#6946 = CARTESIAN_POINT ( 'NONE',  ( -6.344999999999994422, 0.2999999999999999889, -1.749999999999996003 ) ) ;
#6947 = MECHANICAL_DESIGN_GEOMETRIC_PRESENTATION_REPRESENTATION (  '', ( #3768 ), #9069 ) ;
#6948 = UNCERTAINTY_MEASURE_WITH_UNIT (LENGTH_MEASURE( 1.000000000000000082E-05 ), #1877, 'distance_accuracy_value', 'NONE');
#6949 = CARTESIAN_POINT ( 'NONE',  ( -1.758333333333333082, 0.8833333333333258652, 2.066666666666654883 ) ) ;
#6950 = ADVANCED_FACE ( 'NONE', ( #2654 ), #1728, .F. ) ;
#6951 = DIRECTION ( 'NONE',  ( 0.000000000000000000, 0.000000000000000000, -1.000000000000000000 ) ) ;
#6952 = EDGE_LOOP ( 'NONE', ( #10262, #11151, #1437, #1220, #12029, #10571 ) ) ;
#6953 =( GEOMETRIC_REPRESENTATION_CONTEXT ( 3 ) GLOBAL_UNCERTAINTY_ASSIGNED_CONTEXT ( ( #1004 ) ) GLOBAL_UNIT_ASSIGNED_CONTEXT ( ( #9842, #12956, #3852 ) ) REPRESENTATION_CONTEXT ( 'NONE', 'WORKASPACE' ) );
#6954 = EDGE_CURVE ( 'NONE', #8386, #3673, #4447, .T. ) ;
#6955 = FILL_AREA_STYLE ('',( #11018 ) ) ;
#6956 =( GEOMETRIC_REPRESENTATION_CONTEXT ( 3 ) GLOBAL_UNCERTAINTY_ASSIGNED_CONTEXT ( ( #1027 ) ) GLOBAL_UNIT_ASSIGNED_CONTEXT ( ( #2519, #7651, #12698 ) ) REPRESENTATION_CONTEXT ( 'NONE', 'WORKASPACE' ) );
#6957 = ORIENTED_EDGE ( 'NONE', *, *, #6400, .F. ) ;
#6958 = FILL_AREA_STYLE_COLOUR ( '', #3311 ) ;
#6959 = VECTOR ( 'NONE', #9959, 1000.000000000000000 ) ;
#6960 = CARTESIAN_POINT ( 'NONE',  ( -5.374999999950209606, 4.499999999950183849, -0.6249377795396809931 ) ) ;
#6961 = CARTESIAN_POINT ( 'NONE',  ( -7.375000000000000888, 24.60698852501704437, -1.849999999999995204 ) ) ;
#6962 = CARTESIAN_POINT ( 'NONE',  ( -4.535000000000001030, 0.4500000000000000111, 1.850000000000004530 ) ) ;
#6963 = FACE_OUTER_BOUND ( 'NONE', #11613, .T. ) ;
#6964 = SURFACE_STYLE_FILL_AREA ( #5960 ) ;
#6965 = UNCERTAINTY_MEASURE_WITH_UNIT (LENGTH_MEASURE( 1.000000000000000082E-05 ), #4328, 'distance_accuracy_value', 'NONE');
#6966 = SURFACE_SIDE_STYLE ('',( #2901 ) ) ;
#6967 = CARTESIAN_POINT ( 'NONE',  ( -6.094999999999994422, 1.649999999999999023, 0.3500000000000039746 ) ) ;
#6968 = EDGE_CURVE ( 'NONE', #6636, #10667, #7659, .T. ) ;
#6969 = COLOUR_RGB ( '',1.000000000000000000, 1.000000000000000000, 1.000000000000000000 ) ;
#6970 =( LENGTH_UNIT ( ) NAMED_UNIT ( * ) SI_UNIT ( .MILLI., .METRE. ) );
#6971 = ORIENTED_EDGE ( 'NONE', *, *, #1620, .T. ) ;
#6972 = DIRECTION ( 'NONE',  ( -1.000000000000000000, 0.000000000000000000, -0.000000000000000000 ) ) ;
#6973 = ORIENTED_EDGE ( 'NONE', *, *, #5665, .F. ) ;
#6974 =( NAMED_UNIT ( * ) PLANE_ANGLE_UNIT ( ) SI_UNIT ( $, .RADIAN. ) );
#6975 = DIRECTION ( 'NONE',  ( 0.000000000000000000, -1.000000000000000000, -1.355252715606860081E-16 ) ) ;
#6976 = DIRECTION ( 'NONE',  ( 0.000000000000000000, 0.000000000000000000, -1.000000000000000000 ) ) ;
#6978 = CARTESIAN_POINT ( 'NONE',  ( -6.174999999999998934, 2.600000000000005862, -1.850000000000001865 ) ) ;
#6977 = UNCERTAINTY_MEASURE_WITH_UNIT (LENGTH_MEASURE( 1.000000000000000082E-05 ), #3849, 'distance_accuracy_value', 'NONE');
#6979 = DIRECTION ( 'NONE',  ( -0.6847910787717375047, 0.2492435693639499239, 0.6847910787717360614 ) ) ;
#6980 = EDGE_CURVE ( 'NONE', #12454, #2097, #2590, .T. ) ;
#6981 = CARTESIAN_POINT ( 'NONE',  ( -5.875000000000001776, 0.2999999999999999889, -0.9500000000000006217 ) ) ;
#6982 = DIRECTION ( 'NONE',  ( -1.000000000000000000, -0.000000000000000000, -0.000000000000000000 ) ) ;
#6983 = ORIENTED_EDGE ( 'NONE', *, *, #9834, .T. ) ;
#6984 = ORIENTED_EDGE ( 'NONE', *, *, #637, .T. ) ;
#6985 = SURFACE_SIDE_STYLE ('',( #3935 ) ) ;
#6986 = EDGE_LOOP ( 'NONE', ( #12123, #10781, #11856, #3676 ) ) ;
#6987 = ORIENTED_EDGE ( 'NONE', *, *, #11213, .T. ) ;
#6988 = DIRECTION ( 'NONE',  ( 0.7071067811865422437, 0.000000000000000000, 0.7071067811865529018 ) ) ;
#6989 = VECTOR ( 'NONE', #11763, 1000.000000000000000 ) ;
#6990 =( NAMED_UNIT ( * ) PLANE_ANGLE_UNIT ( ) SI_UNIT ( $, .RADIAN. ) );
#6991 = DIRECTION ( 'NONE',  ( 0.7071067811865405783, 0.000000000000000000, 0.7071067811865544561 ) ) ;
#6992 =( NAMED_UNIT ( * ) SI_UNIT ( $, .STERADIAN. ) SOLID_ANGLE_UNIT ( ) );
#6993 = DIRECTION ( 'NONE',  ( -0.6785983445458534380, 0.2810846377148219499, 0.6785983445458400043 ) ) ;
#6994 = ADVANCED_FACE ( 'NONE', ( #5974 ), #13021, .F. ) ;
#6995 = LINE ( 'NONE', #1947, #1653 ) ;
#6996 = LINE ( 'NONE', #3127, #7135 ) ;
#6997 = DIRECTION ( 'NONE',  ( -1.000000000000000000, 0.000000000000000000, 0.000000000000000000 ) ) ;
#6998 =( LENGTH_UNIT ( ) NAMED_UNIT ( * ) SI_UNIT ( .MILLI., .METRE. ) );
#6999 = CARTESIAN_POINT ( 'NONE',  ( -5.575000000000018829, 1.749999999999999778, -0.6750000000000004885 ) ) ;
#7000 = LINE ( 'NONE', #11057, #4130 ) ;
#7001 = ORIENTED_EDGE ( 'NONE', *, *, #6304, .T. ) ;
#7002 = SURFACE_SIDE_STYLE ('',( #2874 ) ) ;
#7003 = VERTEX_POINT ( 'NONE', #11909 ) ;
#7004 = ORIENTED_EDGE ( 'NONE', *, *, #11054, .T. ) ;
#7005 = EDGE_LOOP ( 'NONE', ( #8338, #388, #7192, #3429 ) ) ;
#7006 = ORIENTED_EDGE ( 'NONE', *, *, #2023, .T. ) ;
#7007 = DIRECTION ( 'NONE',  ( -0.9659258262890682012, 0.000000000000000000, 0.2588190451025208505 ) ) ;
#7008 = CARTESIAN_POINT ( 'NONE',  ( 6.544999999999994600, 4.336808689942017736E-16, 0.3500000000000039746 ) ) ;
#7009 = SURFACE_SIDE_STYLE ('',( #7825 ) ) ;
#7010 = PLANE ( 'NONE',  #5874 ) ;
#7011 = CARTESIAN_POINT ( 'NONE',  ( 4.535000000000000142, 0.2999999999999997113, 1.449999999999998623 ) ) ;
#7012 = DIRECTION ( 'NONE',  ( 1.000000000000000000, 0.000000000000000000, 0.000000000000000000 ) ) ;
#7013 = LINE ( 'NONE', #11074, #8636 ) ;
#7014 = ORIENTED_EDGE ( 'NONE', *, *, #353, .F. ) ;
#7015 = CLOSED_SHELL ( 'NONE', ( #7636, #426, #10936, #6773, #2741, #2173, #11092, #4513, #3731, #11509 ) ) ;
#7016 = LINE ( 'NONE', #3973, #5200 ) ;
#7017 = ORIENTED_EDGE ( 'NONE', *, *, #2951, .T. ) ;
#7018 = SURFACE_SIDE_STYLE ('',( #2954 ) ) ;
#7019 = FILL_AREA_STYLE_COLOUR ( '', #65 ) ;
#7020 = ADVANCED_FACE ( 'NONE', ( #7109 ), #9, .F. ) ;
#7021 = FILL_AREA_STYLE ('',( #11961 ) ) ;
#7022 = CARTESIAN_POINT ( 'NONE',  ( -5.275000000000024336, 4.400000000000000355, 0.9499999999999868550 ) ) ;
#7023 = LINE ( 'NONE', #4172, #9803 ) ;
#7024 = DIRECTION ( 'NONE',  ( 0.000000000000000000, -1.000000000000000000, 0.000000000000000000 ) ) ;
#7025 = MECHANICAL_DESIGN_GEOMETRIC_PRESENTATION_REPRESENTATION (  '', ( #5317 ), #2997 ) ;
#7026 = CARTESIAN_POINT ( 'NONE',  ( 7.375000000000000888, 0.2999999999999999889, -1.849999999999996980 ) ) ;
#7027 = CARTESIAN_POINT ( 'NONE',  ( 4.214999999999999858, 1.749999999999999778, 0.000000000000000000 ) ) ;
#7028 = STYLED_ITEM ( 'NONE', ( #8061 ), #8051 ) ;
#7029 = SURFACE_SIDE_STYLE ('',( #9156 ) ) ;
#7030 = AXIS2_PLACEMENT_3D ( 'NONE', #1387, #9421, #12673 ) ;
#7031 = LINE ( 'NONE', #8036, #8795 ) ;
#7032 = ORIENTED_EDGE ( 'NONE', *, *, #6470, .T. ) ;
#7033 = CARTESIAN_POINT ( 'NONE',  ( 2.034999999999999698, 0.000000000000000000, 0.000000000000000000 ) ) ;
#7034 = AXIS2_PLACEMENT_3D ( 'NONE', #11284, #5069, #8289 ) ;
#7035 = ORIENTED_EDGE ( 'NONE', *, *, #3293, .F. ) ;
#7036 = CARTESIAN_POINT ( 'NONE',  ( 3.064999999999999059, 3.999999999999999112, -0.5250000000000403233 ) ) ;
#7037 = LINE ( 'NONE', #3921, #12776 ) ;
#7038 = FILL_AREA_STYLE_COLOUR ( '', #11277 ) ;
#7039 = EDGE_CURVE ( 'NONE', #1182, #7674, #9968, .T. ) ;
#7040 =( GEOMETRIC_REPRESENTATION_CONTEXT ( 3 ) GLOBAL_UNCERTAINTY_ASSIGNED_CONTEXT ( ( #7532 ) ) GLOBAL_UNIT_ASSIGNED_CONTEXT ( ( #7662, #3836, #10161 ) ) REPRESENTATION_CONTEXT ( 'NONE', 'WORKASPACE' ) );
#7041 = VECTOR ( 'NONE', #3593, 1000.000000000000000 ) ;
#7042 = FILL_AREA_STYLE ('',( #2974 ) ) ;
#7043 = CARTESIAN_POINT ( 'NONE',  ( 3.284999999999998810, 0.3499999999999999223, 2.350000000000004530 ) ) ;
#7044 = ADVANCED_FACE ( 'NONE', ( #9102 ), #7913, .F. ) ;
#7045 = DIRECTION ( 'NONE',  ( 0.000000000000000000, -0.000000000000000000, 1.000000000000000000 ) ) ;
#7046 = FILL_AREA_STYLE ('',( #1070 ) ) ;
#7047 =( NAMED_UNIT ( * ) SI_UNIT ( $, .STERADIAN. ) SOLID_ANGLE_UNIT ( ) );
#7048 = FILL_AREA_STYLE ('',( #9308 ) ) ;
#7049 = CARTESIAN_POINT ( 'NONE',  ( -5.400881904447568438, 4.525881904447543569, 0.1283451969090873557 ) ) ;
#7050 = EDGE_LOOP ( 'NONE', ( #12853, #8317, #1613, #12762 ) ) ;
#7051 = STYLED_ITEM ( 'NONE', ( #791 ), #8277 ) ;
#7052 =( GEOMETRIC_REPRESENTATION_CONTEXT ( 3 ) GLOBAL_UNCERTAINTY_ASSIGNED_CONTEXT ( ( #7406 ) ) GLOBAL_UNIT_ASSIGNED_CONTEXT ( ( #845, #4881, #4761 ) ) REPRESENTATION_CONTEXT ( 'NONE', 'WORKASPACE' ) );
#7053 = EDGE_LOOP ( 'NONE', ( #6343, #9455, #302, #3378 ) ) ;
#7054 = CARTESIAN_POINT ( 'NONE',  ( 7.375000000000000888, 0.2999999999999999889, -1.849999999999996980 ) ) ;
#7055 = VERTEX_POINT ( 'NONE', #8104 ) ;
#7056 = ORIENTED_EDGE ( 'NONE', *, *, #8961, .F. ) ;
#7057 =( LENGTH_UNIT ( ) NAMED_UNIT ( * ) SI_UNIT ( .MILLI., .METRE. ) );
#7058 = MECHANICAL_DESIGN_GEOMETRIC_PRESENTATION_REPRESENTATION (  '', ( #1342 ), #4507 ) ;
#7059 = CARTESIAN_POINT ( 'NONE',  ( -0.4650000000000010236, 0.03083447080518480002, 0.1748709736949816407 ) ) ;
#7060 = EDGE_CURVE ( 'NONE', #582, #11697, #4894, .T. ) ;
#7061 = SURFACE_STYLE_FILL_AREA ( #1226 ) ;
#7062 = EDGE_CURVE ( 'NONE', #4375, #8418, #7037, .T. ) ;
#7063 = DIRECTION ( 'NONE',  ( -0.000000000000000000, 0.1736481776669264454, 0.9848077530122087975 ) ) ;
#7064 = LINE ( 'NONE', #8261, #10441 ) ;
#7065 = DIRECTION ( 'NONE',  ( -0.000000000000000000, 1.000000000000000000, -0.000000000000000000 ) ) ;
#7066 =( LENGTH_UNIT ( ) NAMED_UNIT ( * ) SI_UNIT ( .MILLI., .METRE. ) );
#7067 = VECTOR ( 'NONE', #6758, 1000.000000000000000 ) ;
#7068 = DIRECTION ( 'NONE',  ( 0.4999999999999956701, -0.4999999999999950040, 0.7071067811865542341 ) ) ;
#7069 = PLANE ( 'NONE',  #7624 ) ;
#7070 = SURFACE_STYLE_FILL_AREA ( #10334 ) ;
#7071 = VECTOR ( 'NONE', #9340, 1000.000000000000000 ) ;
#7072 = DIRECTION ( 'NONE',  ( -1.196258353356355388E-15, 0.000000000000000000, 1.000000000000000000 ) ) ;
#7073 = ORIENTED_EDGE ( 'NONE', *, *, #3062, .T. ) ;
#7074 = EDGE_CURVE ( 'NONE', #2371, #3511, #12172, .T. ) ;
#7075 = COLOUR_RGB ( '',1.000000000000000000, 1.000000000000000000, 1.000000000000000000 ) ;
#7076 = ORIENTED_EDGE ( 'NONE', *, *, #3034, .T. ) ;
#7077 = ORIENTED_EDGE ( 'NONE', *, *, #10587, .F. ) ;
#7078 = ORIENTED_EDGE ( 'NONE', *, *, #7472, .T. ) ;
#7079 = LINE ( 'NONE', #284, #4686 ) ;
#7080 = ORIENTED_EDGE ( 'NONE', *, *, #12604, .T. ) ;
#7081 = CARTESIAN_POINT ( 'NONE',  ( 3.284999999999998810, 2.865743636076471201, -1.125000000000033973 ) ) ;
#7082 = AXIS2_PLACEMENT_3D ( 'NONE', #8064, #11196, #6276 ) ;
#7083 = DIRECTION ( 'NONE',  ( 0.000000000000000000, 0.000000000000000000, 1.000000000000000000 ) ) ;
#7084 = COLOUR_RGB ( '',1.000000000000000000, 1.000000000000000000, 1.000000000000000000 ) ;
#7085 = CARTESIAN_POINT ( 'NONE',  ( 5.275000000000024336, 3.700000000000000178, 1.249999999999985567 ) ) ;
#7086 = LINE ( 'NONE', #11141, #5442 ) ;
#7087 = CARTESIAN_POINT ( 'NONE',  ( 1.934999999999999165, 4.000000000000000000, -0.9250000000000404565 ) ) ;
#7088 = CARTESIAN_POINT ( 'NONE',  ( -0.4650000000000010236, 0.2787990747163040517, -1.581148123764847258 ) ) ;
#7089 =( NAMED_UNIT ( * ) PLANE_ANGLE_UNIT ( ) SI_UNIT ( $, .RADIAN. ) );
#7090 = PLANE ( 'NONE',  #9040 ) ;
#7091 = COLOUR_RGB ( '',1.000000000000000000, 1.000000000000000000, 1.000000000000000000 ) ;
#7092 = EDGE_LOOP ( 'NONE', ( #9472, #317, #11494, #4478 ) ) ;
#7093 = VECTOR ( 'NONE', #5428, 1000.000000000000000 ) ;
#7094 = DIRECTION ( 'NONE',  ( 0.000000000000000000, -0.7071067811865473507, 0.7071067811865477948 ) ) ;
#7095 = DIRECTION ( 'NONE',  ( -0.000000000000000000, -1.000000000000000000, -0.000000000000000000 ) ) ;
#7096 = STYLED_ITEM ( 'NONE', ( #13080 ), #9610 ) ;
#7097 = ORIENTED_EDGE ( 'NONE', *, *, #2725, .F. ) ;
#7098 = DIRECTION ( 'NONE',  ( 0.000000000000000000, 1.000000000000000000, 0.000000000000000000 ) ) ;
#7099 = AXIS2_PLACEMENT_3D ( 'NONE', #764, #8873, #1883 ) ;
#7100 = LINE ( 'NONE', #13141, #3391 ) ;
#7101 = DIRECTION ( 'NONE',  ( 0.000000000000000000, 0.000000000000000000, 1.000000000000000000 ) ) ;
#7102 =( GEOMETRIC_REPRESENTATION_CONTEXT ( 3 ) GLOBAL_UNCERTAINTY_ASSIGNED_CONTEXT ( ( #6320 ) ) GLOBAL_UNIT_ASSIGNED_CONTEXT ( ( #11546, #2425, #3687 ) ) REPRESENTATION_CONTEXT ( 'NONE', 'WORKASPACE' ) );
#7103 = FACE_OUTER_BOUND ( 'NONE', #3410, .T. ) ;
#7104 = CARTESIAN_POINT ( 'NONE',  ( 1.714999999999999414, 0.2999999999999997113, 1.449999999999998623 ) ) ;
#7105 = VECTOR ( 'NONE', #7669, 1000.000000000000000 ) ;
#7106 = VERTEX_POINT ( 'NONE', #2130 ) ;
#7107 = CARTESIAN_POINT ( 'NONE',  ( -5.375000000000000888, -1.029563014098701546, -0.9500000000000006217 ) ) ;
#7108 = VERTEX_POINT ( 'NONE', #10436 ) ;
#7109 = FACE_OUTER_BOUND ( 'NONE', #5818, .T. ) ;
#7110 = ADVANCED_FACE ( 'NONE', ( #11295 ), #10172, .F. ) ;
#7111 = CARTESIAN_POINT ( 'NONE',  ( -4.215000000000000746, 0.3499999999999999223, 2.350000000000004530 ) ) ;
#7112 = CARTESIAN_POINT ( 'NONE',  ( 1.714999999999999414, 2.865743636076471201, -1.125000000000033973 ) ) ;
#7113 = FACE_OUTER_BOUND ( 'NONE', #7050, .T. ) ;
#7114 = UNCERTAINTY_MEASURE_WITH_UNIT (LENGTH_MEASURE( 1.000000000000000082E-05 ), #6143, 'distance_accuracy_value', 'NONE');
#7115 = SURFACE_STYLE_FILL_AREA ( #11238 ) ;
#7116 = VECTOR ( 'NONE', #10114, 1000.000000000000000 ) ;
#7117 = SURFACE_STYLE_FILL_AREA ( #14 ) ;
#7118 = CARTESIAN_POINT ( 'NONE',  ( -4.215000000000000746, 0.000000000000000000, 2.350000000000004530 ) ) ;
#7119 = PLANE ( 'NONE',  #3720 ) ;
#7120 = ORIENTED_EDGE ( 'NONE', *, *, #1561, .T. ) ;
#7121 = ORIENTED_EDGE ( 'NONE', *, *, #7834, .F. ) ;
#7122 = CARTESIAN_POINT ( 'NONE',  ( -1.715000000000000746, 3.548929149633788249, -1.004535961130712751 ) ) ;
#7123 = EDGE_CURVE ( 'NONE', #1080, #10937, #8373, .T. ) ;
#7124 = ORIENTED_EDGE ( 'NONE', *, *, #12028, .T. ) ;
#7125 = ORIENTED_EDGE ( 'NONE', *, *, #2740, .F. ) ;
#7126 = FILL_AREA_STYLE ('',( #10185 ) ) ;
#7127 = DIRECTION ( 'NONE',  ( 0.000000000000000000, -0.9848077530122087975, 0.1736481776669264454 ) ) ;
#7128 = COLOUR_RGB ( '',1.000000000000000000, 1.000000000000000000, 1.000000000000000000 ) ;
#7129 = DIRECTION ( 'NONE',  ( -1.000000000000000000, 0.000000000000000000, 1.176083712526648949E-16 ) ) ;
#7131 = SURFACE_STYLE_USAGE ( .BOTH. , #3945 ) ;
#7130 = UNCERTAINTY_MEASURE_WITH_UNIT (LENGTH_MEASURE( 1.000000000000000082E-05 ), #1407, 'distance_accuracy_value', 'NONE');
#7132 = PRESENTATION_STYLE_ASSIGNMENT (( #12327 ) ) ;
#7133 =( LENGTH_UNIT ( ) NAMED_UNIT ( * ) SI_UNIT ( .MILLI., .METRE. ) );
#7134 = CARTESIAN_POINT ( 'NONE',  ( -4.535000000000001030, 3.548929149633788249, -0.9250000000000404565 ) ) ;
#7135 = VECTOR ( 'NONE', #11123, 1000.000000000000000 ) ;
#7136 = CARTESIAN_POINT ( 'NONE',  ( 2.034999999999999698, 1.749999999999999778, 0.000000000000000000 ) ) ;
#7137 = EDGE_CURVE ( 'NONE', #550, #2635, #6249, .T. ) ;
#7138 = ORIENTED_EDGE ( 'NONE', *, *, #7228, .F. ) ;
#7139 =( GEOMETRIC_REPRESENTATION_CONTEXT ( 3 ) GLOBAL_UNCERTAINTY_ASSIGNED_CONTEXT ( ( #8971 ) ) GLOBAL_UNIT_ASSIGNED_CONTEXT ( ( #7755, #522, #5549 ) ) REPRESENTATION_CONTEXT ( 'NONE', 'WORKASPACE' ) );
#7140 = EDGE_CURVE ( 'NONE', #5115, #7304, #7381, .T. ) ;
#7141 = ORIENTED_EDGE ( 'NONE', *, *, #3161, .T. ) ;
#7142 = ORIENTED_EDGE ( 'NONE', *, *, #2783, .F. ) ;
#7143 = ORIENTED_EDGE ( 'NONE', *, *, #5437, .F. ) ;
#7144 = LINE ( 'NONE', #11407, #4381 ) ;
#7145 = AXIS2_PLACEMENT_3D ( 'NONE', #7294, #11484, #4233 ) ;
#7146 =( NAMED_UNIT ( * ) PLANE_ANGLE_UNIT ( ) SI_UNIT ( $, .RADIAN. ) );
#7147 = CARTESIAN_POINT ( 'NONE',  ( -4.215000000000000746, 0.4499999999999999556, 2.250000000000004441 ) ) ;
#7148 = LINE ( 'NONE', #5057, #10683 ) ;
#7149 = FILL_AREA_STYLE ('',( #242 ) ) ;
#7150 = VECTOR ( 'NONE', #2393, 999.9999999999998863 ) ;
#7151 = PRESENTATION_STYLE_ASSIGNMENT (( #1177 ) ) ;
#7152 = VECTOR ( 'NONE', #2483, 1000.000000000000000 ) ;
#7153 = SURFACE_STYLE_USAGE ( .BOTH. , #9016 ) ;
#7154 = ADVANCED_FACE ( 'NONE', ( #3382 ), #12245, .F. ) ;
#7155 = ORIENTED_EDGE ( 'NONE', *, *, #1563, .F. ) ;
#7156 = LINE ( 'NONE', #4353, #7781 ) ;
#7157 = ORIENTED_EDGE ( 'NONE', *, *, #10247, .T. ) ;
#7158 = SURFACE_STYLE_FILL_AREA ( #9211 ) ;
#7159 = ORIENTED_EDGE ( 'NONE', *, *, #8896, .T. ) ;
#7160 = CARTESIAN_POINT ( 'NONE',  ( 0.7849999999999992539, 3.548929149633788249, 0.000000000000000000 ) ) ;
#7161 = CARTESIAN_POINT ( 'NONE',  ( 2.964999999999998970, 0.2999999999999997113, 1.449999999999998623 ) ) ;
#7162 = FACE_OUTER_BOUND ( 'NONE', #2524, .T. ) ;
#7163 = FILL_AREA_STYLE_COLOUR ( '', #9066 ) ;
#7165 = VECTOR ( 'NONE', #2721, 1000.000000000000000 ) ;
#7164 = FACE_OUTER_BOUND ( 'NONE', #13066, .T. ) ;
#7166 = DIRECTION ( 'NONE',  ( 0.000000000000000000, -0.000000000000000000, 1.000000000000000000 ) ) ;
#7167 = EDGE_CURVE ( 'NONE', #1510, #12079, #3106, .T. ) ;
#7168 =( NAMED_UNIT ( * ) PLANE_ANGLE_UNIT ( ) SI_UNIT ( $, .RADIAN. ) );
#7169 = CARTESIAN_POINT ( 'NONE',  ( -5.375000000000000888, -1.029563014098701546, -1.850000000000001865 ) ) ;
#7170 = VECTOR ( 'NONE', #10760, 1000.000000000000000 ) ;
#7171 =( LENGTH_UNIT ( ) NAMED_UNIT ( * ) SI_UNIT ( .MILLI., .METRE. ) );
#7172 = CIRCLE ( 'NONE', #1021, 0.5500000000000010436 ) ;
#7173 = VECTOR ( 'NONE', #1663, 1000.000000000000000 ) ;
#7174 = ORIENTED_EDGE ( 'NONE', *, *, #10160, .F. ) ;
#7175 = CARTESIAN_POINT ( 'NONE',  ( 0.7849999999999992539, 1.350000000000001865, 1.350000000000004086 ) ) ;
#7176 = ORIENTED_EDGE ( 'NONE', *, *, #4637, .T. ) ;
#7177 =( NAMED_UNIT ( * ) SI_UNIT ( $, .STERADIAN. ) SOLID_ANGLE_UNIT ( ) );
#7178 = SURFACE_STYLE_USAGE ( .BOTH. , #7311 ) ;
#7179 = COLOUR_RGB ( '',1.000000000000000000, 1.000000000000000000, 1.000000000000000000 ) ;
#7180 = CARTESIAN_POINT ( 'NONE',  ( 7.125000000000005329, 0.3000000000000033196, 0.9500000000000005107 ) ) ;
#7181 = SURFACE_STYLE_FILL_AREA ( #7238 ) ;
#7182 = FILL_AREA_STYLE_COLOUR ( '', #6753 ) ;
#7183 = LINE ( 'NONE', #9305, #1249 ) ;
#7184 = VECTOR ( 'NONE', #9992, 1000.000000000000000 ) ;
#7185 = LINE ( 'NONE', #5376, #4539 ) ;
#7186 = LINE ( 'NONE', #4129, #2978 ) ;
#7187 = SURFACE_STYLE_USAGE ( .BOTH. , #4965 ) ;
#7188 = ORIENTED_EDGE ( 'NONE', *, *, #12983, .F. ) ;
#7189 = EDGE_CURVE ( 'NONE', #12331, #2939, #4181, .T. ) ;
#7190 = VERTEX_POINT ( 'NONE', #2314 ) ;
#7191 = CARTESIAN_POINT ( 'NONE',  ( -5.994999999999993889, 24.60698852501704437, -1.849999999999995426 ) ) ;
#7192 = ORIENTED_EDGE ( 'NONE', *, *, #10129, .F. ) ;
#7193 = EDGE_LOOP ( 'NONE', ( #5953, #1873, #3802, #546, #9163, #11655 ) ) ;
#7194 = CARTESIAN_POINT ( 'NONE',  ( -6.094999999999995310, 1.200000000000000178, -1.749999999999996003 ) ) ;
#7195 = CARTESIAN_POINT ( 'NONE',  ( -6.344999999999994422, 1.199999999999998845, -1.749999999999996003 ) ) ;
#7196 = CARTESIAN_POINT ( 'NONE',  ( 4.535000000000000142, -1.579062136966065191E-17, -0.3250000000000473066 ) ) ;
#7197 = FACE_OUTER_BOUND ( 'NONE', #10572, .T. ) ;
#7198 = EDGE_CURVE ( 'NONE', #2523, #4089, #9365, .T. ) ;
#7199 = SURFACE_STYLE_FILL_AREA ( #13044 ) ;
#7200 = DIRECTION ( 'NONE',  ( 0.000000000000000000, -1.355252715606860081E-16, 1.000000000000000000 ) ) ;
#7201 = DIRECTION ( 'NONE',  ( 0.000000000000000000, 0.000000000000000000, 1.000000000000000000 ) ) ;
#7202 = FILL_AREA_STYLE_COLOUR ( '', #9198 ) ;
#7203 = ADVANCED_FACE ( 'NONE', ( #9443 ), #12376, .F. ) ;
#7204 = VERTEX_POINT ( 'NONE', #4244 ) ;
#7205 = EDGE_LOOP ( 'NONE', ( #6369, #4012, #11132, #11135, #2309 ) ) ;
#7206 = ORIENTED_EDGE ( 'NONE', *, *, #2768, .T. ) ;
#7207 = ORIENTED_EDGE ( 'NONE', *, *, #2311, .T. ) ;
#7208 = CARTESIAN_POINT ( 'NONE',  ( -1.815000000000001057, 3.999999999999999112, -0.5250000000000403233 ) ) ;
#7209 = DIRECTION ( 'NONE',  ( 0.000000000000000000, 1.000000000000000000, -4.814824860968090180E-32 ) ) ;
#7210 = ADVANCED_FACE ( 'NONE', ( #10232 ), #4376, .F. ) ;
#7211 = CARTESIAN_POINT ( 'NONE',  ( 0.7849999999999992539, 0.000000000000000000, 0.000000000000000000 ) ) ;
#7212 = PRESENTATION_STYLE_ASSIGNMENT (( #12413 ) ) ;
#7213 = ADVANCED_FACE ( 'NONE', ( #12305 ), #10305, .F. ) ;
#7214 = CARTESIAN_POINT ( 'NONE',  ( 6.344999999999994422, 0.4499999999999999001, -1.749999999999997558 ) ) ;
#7215 = ORIENTED_EDGE ( 'NONE', *, *, #10809, .F. ) ;
#7216 = CARTESIAN_POINT ( 'NONE',  ( 0.000000000000000000, 3.700000000000000178, 1.249999999999985567 ) ) ;
#7217 = ORIENTED_EDGE ( 'NONE', *, *, #12365, .T. ) ;
#7218 = CARTESIAN_POINT ( 'NONE',  ( -2.965000000000000746, 2.865743636076471201, -1.125000000000033973 ) ) ;
#7219 = ORIENTED_EDGE ( 'NONE', *, *, #8744, .F. ) ;
#7220 = CARTESIAN_POINT ( 'NONE',  ( -0.7850000000000010303, 3.548929149633788693, -0.4454640388693684727 ) ) ;
#7221 = CARTESIAN_POINT ( 'NONE',  ( 0.7849999999999992539, 0.4499999999999999556, 2.250000000000004441 ) ) ;
#7222 = CARTESIAN_POINT ( 'NONE',  ( 4.535000000000000142, 3.548929149633788693, -0.4454640388693684727 ) ) ;
#7223 = EDGE_CURVE ( 'NONE', #6389, #12611, #12752, .T. ) ;
#7224 = LINE ( 'NONE', #11286, #8546 ) ;
#7225 = PRESENTATION_LAYER_ASSIGNMENT (  '', '', ( #10198 ) ) ;
#7226 = ADVANCED_FACE ( 'NONE', ( #7510 ), #9575, .F. ) ;
#7227 = CARTESIAN_POINT ( 'NONE',  ( -3.900000000000000355, 0.000000000000000000, -1.850000000000001865 ) ) ;
#7228 = EDGE_CURVE ( 'NONE', #1685, #8916, #3712, .T. ) ;
#7229 = DIRECTION ( 'NONE',  ( 0.2133021165724272028, -0.9621436710723735297, -0.1696518885279465483 ) ) ;
#7230 = CLOSED_SHELL ( 'NONE', ( #592, #6243, #7320, #796, #5574, #5267, #2726, #5301, #6319, #10695 ) ) ;
#7231 = SURFACE_STYLE_USAGE ( .BOTH. , #3168 ) ;
#7232 = AXIS2_PLACEMENT_3D ( 'NONE', #351, #7317, #11504 ) ;
#7233 = ORIENTED_EDGE ( 'NONE', *, *, #6308, .F. ) ;
#7234 = EDGE_CURVE ( 'NONE', #12848, #3060, #5440, .T. ) ;
#7235 = ORIENTED_EDGE ( 'NONE', *, *, #11836, .T. ) ;
#7236 = DIRECTION ( 'NONE',  ( 0.000000000000000000, -0.7071067811865482389, 0.7071067811865469066 ) ) ;
#7237 = SURFACE_SIDE_STYLE ('',( #12504 ) ) ;
#7238 = FILL_AREA_STYLE ('',( #1338 ) ) ;
#7239 =( NAMED_UNIT ( * ) SI_UNIT ( $, .STERADIAN. ) SOLID_ANGLE_UNIT ( ) );
#7240 = UNCERTAINTY_MEASURE_WITH_UNIT (LENGTH_MEASURE( 1.000000000000000082E-05 ), #4225, 'distance_accuracy_value', 'NONE');
#7241 = STYLED_ITEM ( 'NONE', ( #8882 ), #7676 ) ;
#7242 = SURFACE_SIDE_STYLE ('',( #211 ) ) ;
#7243 = PRESENTATION_LAYER_ASSIGNMENT (  '', '', ( #5088 ) ) ;
#7244 = CARTESIAN_POINT ( 'NONE',  ( -4.215000000000000746, 0.000000000000000000, -1.125000000000033973 ) ) ;
#7245 = FILL_AREA_STYLE ('',( #12447 ) ) ;
#7246 = CARTESIAN_POINT ( 'NONE',  ( -5.275000000000024336, 1.749999999999999778, -1.450000000000039702 ) ) ;
#7247 = VECTOR ( 'NONE', #4695, 1000.000000000000000 ) ;
#7248 = EDGE_LOOP ( 'NONE', ( #12774, #3602, #2841, #11717 ) ) ;
#7249 = LINE ( 'NONE', #12386, #7963 ) ;
#7250 = VERTEX_POINT ( 'NONE', #10773 ) ;
#7251 = ORIENTED_EDGE ( 'NONE', *, *, #8975, .F. ) ;
#7252 = DIRECTION ( 'NONE',  ( 0.7071067811865454633, 0.7071067811865495711, 0.000000000000000000 ) ) ;
#7253 = DIRECTION ( 'NONE',  ( 0.000000000000000000, 0.9848077530122087975, -0.1736481776669264454 ) ) ;
#7254 = CARTESIAN_POINT ( 'NONE',  ( 6.488057677372906618, 1.140743569830543924, -1.893057677372906422 ) ) ;
#7255 =( NAMED_UNIT ( * ) SI_UNIT ( $, .STERADIAN. ) SOLID_ANGLE_UNIT ( ) );
#7256 = EDGE_CURVE ( 'NONE', #9512, #11787, #4635, .T. ) ;
#7258 = LINE ( 'NONE', #12267, #9260 ) ;
#7257 = UNCERTAINTY_MEASURE_WITH_UNIT (LENGTH_MEASURE( 1.000000000000000082E-05 ), #2103, 'distance_accuracy_value', 'NONE');
#7259 =( LENGTH_UNIT ( ) NAMED_UNIT ( * ) SI_UNIT ( .MILLI., .METRE. ) );
#7260 = DIRECTION ( 'NONE',  ( -0.7071067811865475727, 0.7071067811865475727, 0.000000000000000000 ) ) ;
#7261 = FILL_AREA_STYLE ('',( #1091 ) ) ;
#7262 = VECTOR ( 'NONE', #10391, 1000.000000000000000 ) ;
#7263 = STYLED_ITEM ( 'NONE', ( #11840 ), #7370 ) ;
#7264 =( NAMED_UNIT ( * ) PLANE_ANGLE_UNIT ( ) SI_UNIT ( $, .RADIAN. ) );
#7265 = ORIENTED_EDGE ( 'NONE', *, *, #8941, .F. ) ;
#7266 = CARTESIAN_POINT ( 'NONE',  ( -3.599999999999999645, 3.250000000000005329, -1.850000000000001865 ) ) ;
#7267 = EDGE_CURVE ( 'NONE', #5307, #9246, #8331, .T. ) ;
#7268 = VERTEX_POINT ( 'NONE', #10636 ) ;
#7269 = ORIENTED_EDGE ( 'NONE', *, *, #2501, .T. ) ;
#7270 = ORIENTED_EDGE ( 'NONE', *, *, #10614, .T. ) ;
#7271 = DIRECTION ( 'NONE',  ( -1.000000000000000000, -0.000000000000000000, -0.000000000000000000 ) ) ;
#7272 = PRESENTATION_LAYER_ASSIGNMENT (  '', '', ( #7241 ) ) ;
#7273 = DIRECTION ( 'NONE',  ( 0.000000000000000000, 0.7071067811865402453, -0.7071067811865547892 ) ) ;
#7274 =( NAMED_UNIT ( * ) SI_UNIT ( $, .STERADIAN. ) SOLID_ANGLE_UNIT ( ) );
#7275 = ADVANCED_FACE ( 'NONE', ( #11569 ), #2572, .T. ) ;
#7276 = PLANE ( 'NONE',  #5127 ) ;
#7277 =( NAMED_UNIT ( * ) SI_UNIT ( $, .STERADIAN. ) SOLID_ANGLE_UNIT ( ) );
#7278 =( GEOMETRIC_REPRESENTATION_CONTEXT ( 3 ) GLOBAL_UNCERTAINTY_ASSIGNED_CONTEXT ( ( #5495 ) ) GLOBAL_UNIT_ASSIGNED_CONTEXT ( ( #1422, #8260, #8321 ) ) REPRESENTATION_CONTEXT ( 'NONE', 'WORKASPACE' ) );
#7279 = CARTESIAN_POINT ( 'NONE',  ( -6.875000000000006217, 1.400000000000000133, 0.3500000000000039746 ) ) ;
#7280 = LINE ( 'NONE', #10149, #2546 ) ;
#7281 = DIRECTION ( 'NONE',  ( -0.2133021165724272306, -0.9621436710723736407, 0.1696518885279461319 ) ) ;
#7282 = ORIENTED_EDGE ( 'NONE', *, *, #11131, .F. ) ;
#7283 = EDGE_CURVE ( 'NONE', #12259, #8880, #5633, .T. ) ;
#7284 = AXIS2_PLACEMENT_3D ( 'NONE', #7733, #747, #9777 ) ;
#7285 = CARTESIAN_POINT ( 'NONE',  ( -4.535000000000001030, 3.548929149633788249, -1.004535961130712751 ) ) ;
#7286 = COLOUR_RGB ( '',1.000000000000000000, 0.8117647058823529438, 0.5019607843137254832 ) ;
#7287 = ORIENTED_EDGE ( 'NONE', *, *, #8003, .T. ) ;
#7288 = CARTESIAN_POINT ( 'NONE',  ( 0.000000000000000000, 0.2999999999999999889, 0.3500000000000039746 ) ) ;
#7289 = EDGE_CURVE ( 'NONE', #1872, #7765, #8573, .T. ) ;
#7290 = ORIENTED_EDGE ( 'NONE', *, *, #6628, .F. ) ;
#7291 = LINE ( 'NONE', #12230, #10677 ) ;
#7292 = SURFACE_STYLE_FILL_AREA ( #10158 ) ;
#7293 = FILL_AREA_STYLE_COLOUR ( '', #2903 ) ;
#7294 = CARTESIAN_POINT ( 'NONE',  ( 4.387500000000007283, 4.387500000000007283, -1.850000000000001865 ) ) ;
#7295 = VECTOR ( 'NONE', #9393, 1000.000000000000000 ) ;
#7296 = CARTESIAN_POINT ( 'NONE',  ( 5.275000000000024336, 4.400000000000000355, 0.2249377794898753391 ) ) ;
#7297 = CARTESIAN_POINT ( 'NONE',  ( 4.925000000000019362, 3.400000000000000355, 0.9499999999999856337 ) ) ;
#7298 = VECTOR ( 'NONE', #6380, 1000.000000000000000 ) ;
#7299 =( GEOMETRIC_REPRESENTATION_CONTEXT ( 3 ) GLOBAL_UNCERTAINTY_ASSIGNED_CONTEXT ( ( #6883 ) ) GLOBAL_UNIT_ASSIGNED_CONTEXT ( ( #12648, #3796, #3666 ) ) REPRESENTATION_CONTEXT ( 'NONE', 'WORKASPACE' ) );
#7300 = CARTESIAN_POINT ( 'NONE',  ( -4.215000000000000746, 0.000000000000000000, 0.000000000000000000 ) ) ;
#7301 = FACE_OUTER_BOUND ( 'NONE', #2809, .T. ) ;
#7303 = EDGE_CURVE ( 'NONE', #9672, #4416, #6575, .T. ) ;
#7302 = PRESENTATION_LAYER_ASSIGNMENT (  '', '', ( #9647 ) ) ;
#7304 = VERTEX_POINT ( 'NONE', #537 ) ;
#7305 = PLANE ( 'NONE',  #2455 ) ;
#7306 = EDGE_CURVE ( 'NONE', #12719, #5099, #4570, .T. ) ;
#7307 = ADVANCED_FACE ( 'NONE', ( #7648 ), #11703, .T. ) ;
#7308 = EDGE_LOOP ( 'NONE', ( #6158, #6190, #8538, #4413 ) ) ;
#7309 = CARTESIAN_POINT ( 'NONE',  ( 5.275000000000024336, 1.749999999999999778, 0.9499999999999856337 ) ) ;
#7310 = AXIS2_PLACEMENT_3D ( 'NONE', #6036, #12039, #10095 ) ;
#7312 = COLOUR_RGB ( '',0.7921568627450980005, 0.8196078431372548767, 0.9333333333333333481 ) ;
#7311 = SURFACE_SIDE_STYLE ('',( #7444 ) ) ;
#7313 = DIRECTION ( 'NONE',  ( -0.9762960071199339174, -0.2164396139381006001, -0.000000000000000000 ) ) ;
#7314 = DIRECTION ( 'NONE',  ( 0.000000000000000000, -1.000000000000000000, 0.000000000000000000 ) ) ;
#7315 =( LENGTH_UNIT ( ) NAMED_UNIT ( * ) SI_UNIT ( .MILLI., .METRE. ) );
#7316 = FILL_AREA_STYLE_COLOUR ( '', #11331 ) ;
#7317 = DIRECTION ( 'NONE',  ( 0.000000000000000000, 0.000000000000000000, -1.000000000000000000 ) ) ;
#7318 = PRESENTATION_LAYER_ASSIGNMENT (  '', '', ( #12843 ) ) ;
#7319 = EDGE_CURVE ( 'NONE', #7268, #5456, #1715, .T. ) ;
#7320 = ADVANCED_FACE ( 'NONE', ( #11960 ), #1782, .T. ) ;
#7321 = ORIENTED_EDGE ( 'NONE', *, *, #5452, .T. ) ;
#7322 = DIRECTION ( 'NONE',  ( -1.000000000000000000, -0.000000000000000000, -0.000000000000000000 ) ) ;
#7323 = MECHANICAL_DESIGN_GEOMETRIC_PRESENTATION_REPRESENTATION (  '', ( #9223 ), #12434 ) ;
#7324 = ORIENTED_EDGE ( 'NONE', *, *, #5081, .T. ) ;
#7325 = ORIENTED_EDGE ( 'NONE', *, *, #5214, .T. ) ;
#7326 =( NAMED_UNIT ( * ) PLANE_ANGLE_UNIT ( ) SI_UNIT ( $, .RADIAN. ) );
#7327 =( NAMED_UNIT ( * ) SI_UNIT ( $, .STERADIAN. ) SOLID_ANGLE_UNIT ( ) );
#7328 = PLANE ( 'NONE',  #6397 ) ;
#7329 = AXIS2_PLACEMENT_3D ( 'NONE', #5093, #9050, #13097 ) ;
#7330 = CARTESIAN_POINT ( 'NONE',  ( -4.215000000000000746, 1.749999999999999778, 0.000000000000000000 ) ) ;
#7331 = DIRECTION ( 'NONE',  ( 0.000000000000000000, 0.000000000000000000, -1.000000000000000000 ) ) ;
#7332 = FILL_AREA_STYLE_COLOUR ( '', #10366 ) ;
#7333 = CARTESIAN_POINT ( 'NONE',  ( -5.275000000000024336, 1.749999999999999778, 0.9499999999999869660 ) ) ;
#7334 =( NAMED_UNIT ( * ) PLANE_ANGLE_UNIT ( ) SI_UNIT ( $, .RADIAN. ) );
#7335 = SURFACE_SIDE_STYLE ('',( #9398 ) ) ;
#7336 = PRESENTATION_LAYER_ASSIGNMENT (  '', '', ( #3949 ) ) ;
#7337 = VERTEX_POINT ( 'NONE', #6960 ) ;
#7338 = DIRECTION ( 'NONE',  ( 1.000000000000000000, 0.000000000000000000, -0.000000000000000000 ) ) ;
#7339 = ORIENTED_EDGE ( 'NONE', *, *, #6257, .F. ) ;
#7340 = ORIENTED_EDGE ( 'NONE', *, *, #8442, .F. ) ;
#7341 = ORIENTED_EDGE ( 'NONE', *, *, #2563, .F. ) ;
#7342 = VECTOR ( 'NONE', #4632, 1000.000000000000000 ) ;
#7343 = LINE ( 'NONE', #9335, #1639 ) ;
#7344 = FACE_OUTER_BOUND ( 'NONE', #5262, .T. ) ;
#7345 = SURFACE_STYLE_FILL_AREA ( #5192 ) ;
#7346 = LINE ( 'NONE', #12343, #8223 ) ;
#7347 = CARTESIAN_POINT ( 'NONE',  ( 6.544999999999994600, 0.4499999999999999001, -1.849999999999996092 ) ) ;
#7348 = VECTOR ( 'NONE', #6816, 1000.000000000000000 ) ;
#7349 = DIRECTION ( 'NONE',  ( 1.000000000000000000, 0.000000000000000000, -1.233215741215733931E-16 ) ) ;
#7350 = DIRECTION ( 'NONE',  ( 0.000000000000000000, -1.000000000000000000, -0.000000000000000000 ) ) ;
#7351 = PRESENTATION_LAYER_ASSIGNMENT (  '', '', ( #769 ) ) ;
#7352 = VECTOR ( 'NONE', #5544, 1000.000000000000000 ) ;
#7353 = LINE ( 'NONE', #10412, #6297 ) ;
#7354 = ORIENTED_EDGE ( 'NONE', *, *, #3072, .T. ) ;
#7355 = EDGE_CURVE ( 'NONE', #10384, #11480, #11020, .T. ) ;
#7356 = MECHANICAL_DESIGN_GEOMETRIC_PRESENTATION_REPRESENTATION (  '', ( #4367 ), #4163 ) ;
#7357 = ORIENTED_EDGE ( 'NONE', *, *, #9601, .F. ) ;
#7358 = CARTESIAN_POINT ( 'NONE',  ( 7.375000000000001776, 2.600000000000005862, -1.850000000000001865 ) ) ;
#7359 = ORIENTED_EDGE ( 'NONE', *, *, #2484, .F. ) ;
#7360 = FACE_OUTER_BOUND ( 'NONE', #639, .T. ) ;
#7361 = DIRECTION ( 'NONE',  ( -1.000000000000000000, -0.000000000000000000, -0.000000000000000000 ) ) ;
#7362 = VECTOR ( 'NONE', #2941, 1000.000000000000000 ) ;
#7363 = PRESENTATION_STYLE_ASSIGNMENT (( #10419 ) ) ;
#7364 =( LENGTH_UNIT ( ) NAMED_UNIT ( * ) SI_UNIT ( .MILLI., .METRE. ) );
#7365 = FILL_AREA_STYLE ('',( #2302 ) ) ;
#7366 = AXIS2_PLACEMENT_3D ( 'NONE', #4059, #8123, #12194 ) ;
#7367 = CARTESIAN_POINT ( 'NONE',  ( -0.4650000000000010236, 0.000000000000000000, 2.350000000000004530 ) ) ;
#7368 = UNCERTAINTY_MEASURE_WITH_UNIT (LENGTH_MEASURE( 1.000000000000000082E-05 ), #2319, 'distance_accuracy_value', 'NONE');
#7369 =( LENGTH_UNIT ( ) NAMED_UNIT ( * ) SI_UNIT ( .MILLI., .METRE. ) );
#7370 = ADVANCED_FACE ( 'NONE', ( #12939 ), #1977, .F. ) ;
#7371 = PRESENTATION_LAYER_ASSIGNMENT (  '', '', ( #5663 ) ) ;
#7372 =( NAMED_UNIT ( * ) PLANE_ANGLE_UNIT ( ) SI_UNIT ( $, .RADIAN. ) );
#7373 = CARTESIAN_POINT ( 'NONE',  ( -0.4650000000000010236, 0.000000000000000000, 0.000000000000000000 ) ) ;
#7374 = EDGE_CURVE ( 'NONE', #4443, #8880, #1187, .T. ) ;
#7375 = FACE_OUTER_BOUND ( 'NONE', #7655, .T. ) ;
#7376 = VECTOR ( 'NONE', #12232, 1000.000000000000000 ) ;
#7377 = ORIENTED_EDGE ( 'NONE', *, *, #7416, .F. ) ;
#7378 = ORIENTED_EDGE ( 'NONE', *, *, #9141, .T. ) ;
#7379 = DIRECTION ( 'NONE',  ( 0.000000000000000000, -0.000000000000000000, 1.000000000000000000 ) ) ;
#7380 = AXIS2_PLACEMENT_3D ( 'NONE', #881, #4066, #8127 ) ;
#7381 = LINE ( 'NONE', #11370, #4896 ) ;
#7382 = LINE ( 'NONE', #2066, #471 ) ;
#7383 =( NAMED_UNIT ( * ) PLANE_ANGLE_UNIT ( ) SI_UNIT ( $, .RADIAN. ) );
#7384 = VECTOR ( 'NONE', #2556, 1000.000000000000000 ) ;
#7385 = EDGE_CURVE ( 'NONE', #6160, #11476, #2050, .T. ) ;
#7386 = PRESENTATION_STYLE_ASSIGNMENT (( #8112 ) ) ;
#7387 = DIRECTION ( 'NONE',  ( 0.000000000000000000, 0.000000000000000000, -1.000000000000000000 ) ) ;
#7388 = FILL_AREA_STYLE ('',( #4440 ) ) ;
#7389 = EDGE_CURVE ( 'NONE', #10821, #9422, #3300, .T. ) ;
#7390 = MECHANICAL_DESIGN_GEOMETRIC_PRESENTATION_REPRESENTATION (  '', ( #182 ), #9937 ) ;
#7391 = SURFACE_STYLE_FILL_AREA ( #7245 ) ;
#7392 = VECTOR ( 'NONE', #12266, 1000.000000000000000 ) ;
#7393 = SURFACE_STYLE_FILL_AREA ( #5451 ) ;
#7394 = ORIENTED_EDGE ( 'NONE', *, *, #4921, .F. ) ;
#7395 = DIRECTION ( 'NONE',  ( -0.000000000000000000, -0.000000000000000000, -1.000000000000000000 ) ) ;
#7396 = STYLED_ITEM ( 'NONE', ( #9476 ), #13118 ) ;
#7397 = ORIENTED_EDGE ( 'NONE', *, *, #1979, .T. ) ;
#7398 = EDGE_LOOP ( 'NONE', ( #2101, #6406, #922, #10968 ) ) ;
#7399 = CARTESIAN_POINT ( 'NONE',  ( -6.344999999999994422, 0.4500000000000014544, -1.849999999999996092 ) ) ;
#7400 = PLANE ( 'NONE',  #3648 ) ;
#7401 = DIRECTION ( 'NONE',  ( 0.000000000000000000, 0.9848077530122087975, -0.1736481776669264454 ) ) ;
#7402 = STYLED_ITEM ( 'NONE', ( #5157 ), #5014 ) ;
#7403 = DIRECTION ( 'NONE',  ( 0.000000000000000000, -1.000000000000000000, 0.000000000000000000 ) ) ;
#7404 = PLANE ( 'NONE',  #3003 ) ;
#7405 = CARTESIAN_POINT ( 'NONE',  ( 0.4649999999999992473, 0.03083447080518480002, 0.1748709736949816407 ) ) ;
#7407 =( NAMED_UNIT ( * ) PLANE_ANGLE_UNIT ( ) SI_UNIT ( $, .RADIAN. ) );
#7406 = UNCERTAINTY_MEASURE_WITH_UNIT (LENGTH_MEASURE( 1.000000000000000082E-05 ), #845, 'distance_accuracy_value', 'NONE');
#7408 = LINE ( 'NONE', #11459, #11324 ) ;
#7409 = LINE ( 'NONE', #8396, #1237 ) ;
#7410 = DIRECTION ( 'NONE',  ( -1.000000000000000000, -0.000000000000000000, -0.000000000000000000 ) ) ;
#7411 = DIRECTION ( 'NONE',  ( 0.000000000000000000, -1.000000000000000000, 0.000000000000000000 ) ) ;
#7412 = ORIENTED_EDGE ( 'NONE', *, *, #8294, .T. ) ;
#7413 = ORIENTED_EDGE ( 'NONE', *, *, #476, .F. ) ;
#7414 = ORIENTED_EDGE ( 'NONE', *, *, #7881, .F. ) ;
#7416 = EDGE_CURVE ( 'NONE', #2940, #4089, #10157, .T. ) ;
#7415 = EDGE_LOOP ( 'NONE', ( #7752, #7853, #4054, #11750, #1630, #737, #9003, #11595, #6146, #5651, #13084, #13015, #12294, #9966, #3604, #12141, #7598, #6748, #6722, #2873, #684, #7829, #5327, #2730, #750, #4876, #8659, #5616, #898, #11784, #6957, #6112, #6850, #12043, #1256, #123, #2879, #2200, #1179, #23, #2028, #7441, #8053, #11180, #4000, #8136, #5112, #9281, #11565, #9404, #4077, #10474 ) ) ;
#7417 = SURFACE_STYLE_FILL_AREA ( #3353 ) ;
#7418 = LINE ( 'NONE', #12342, #12696 ) ;
#7419 = CARTESIAN_POINT ( 'NONE',  ( -6.544999999999994600, 1.400000000000000133, 0.3500000000000039746 ) ) ;
#7420 = LINE ( 'NONE', #12598, #706 ) ;
#7421 = CARTESIAN_POINT ( 'NONE',  ( -8.131516293640787259E-16, 2.600000000000005862, -1.550000000000020917 ) ) ;
#7422 = CARTESIAN_POINT ( 'NONE',  ( -3.599999999999999645, 3.250000000000005329, -1.850000000000001865 ) ) ;
#7423 = VERTEX_POINT ( 'NONE', #9146 ) ;
#7424 = FACE_OUTER_BOUND ( 'NONE', #7248, .T. ) ;
#7425 = ORIENTED_EDGE ( 'NONE', *, *, #4858, .F. ) ;
#7426 = DIRECTION ( 'NONE',  ( 0.000000000000000000, 0.000000000000000000, -1.000000000000000000 ) ) ;
#7427 = ORIENTED_EDGE ( 'NONE', *, *, #5214, .F. ) ;
#7428 = LINE ( 'NONE', #7160, #2875 ) ;
#7429 = DIRECTION ( 'NONE',  ( -1.000000000000000000, -0.000000000000000000, -0.000000000000000000 ) ) ;
#7430 = MECHANICAL_DESIGN_GEOMETRIC_PRESENTATION_REPRESENTATION (  '', ( #3805 ), #10613 ) ;
#7431 = FACE_OUTER_BOUND ( 'NONE', #12439, .T. ) ;
#7432 = CARTESIAN_POINT ( 'NONE',  ( 7.375000000000001776, 2.600000000000005862, 0.9499999999999968470 ) ) ;
#7433 = EDGE_CURVE ( 'NONE', #3788, #2082, #8232, .T. ) ;
#7434 = SURFACE_STYLE_FILL_AREA ( #5290 ) ;
#7435 = FILL_AREA_STYLE_COLOUR ( '', #11783 ) ;
#7436 =( NAMED_UNIT ( * ) PLANE_ANGLE_UNIT ( ) SI_UNIT ( $, .RADIAN. ) );
#7437 = VERTEX_POINT ( 'NONE', #11221 ) ;
#7438 = ORIENTED_EDGE ( 'NONE', *, *, #9011, .T. ) ;
#7439 = FILL_AREA_STYLE_COLOUR ( '', #4978 ) ;
#7440 = EDGE_CURVE ( 'NONE', #12513, #10559, #2117, .T. ) ;
#7441 = ORIENTED_EDGE ( 'NONE', *, *, #4626, .T. ) ;
#7442 =( LENGTH_UNIT ( ) NAMED_UNIT ( * ) SI_UNIT ( .MILLI., .METRE. ) );
#7443 = PRESENTATION_LAYER_ASSIGNMENT (  '', '', ( #4455 ) ) ;
#7444 = SURFACE_STYLE_FILL_AREA ( #3246 ) ;
#7445 = SURFACE_STYLE_FILL_AREA ( #207 ) ;
#7446 = FACE_OUTER_BOUND ( 'NONE', #10166, .T. ) ;
#7447 = FACE_OUTER_BOUND ( 'NONE', #7707, .T. ) ;
#7448 = CARTESIAN_POINT ( 'NONE',  ( 3.284999999999998810, -1.579062136966065191E-17, -0.3250000000000473066 ) ) ;
#7449 = CARTESIAN_POINT ( 'NONE',  ( -6.094999999999995310, 0.4500000000000013989, -1.749999999999996003 ) ) ;
#7450 = ORIENTED_EDGE ( 'NONE', *, *, #2038, .T. ) ;
#7451 = CLOSED_SHELL ( 'NONE', ( #4298, #10924, #6463, #6994, #6, #10951, #1008, #8903, #729, #3773 ) ) ;
#7452 = EDGE_CURVE ( 'NONE', #11868, #1077, #11353, .T. ) ;
#7453 = VERTEX_POINT ( 'NONE', #4168 ) ;
#7454 = VERTEX_POINT ( 'NONE', #326 ) ;
#7455 = FILL_AREA_STYLE_COLOUR ( '', #3323 ) ;
#7456 = CARTESIAN_POINT ( 'NONE',  ( 5.875000000000005329, 0.3000000000000014322, 0.8000000000000005995 ) ) ;
#7457 = EDGE_CURVE ( 'NONE', #5500, #2360, #254, .T. ) ;
#7458 = STYLED_ITEM ( 'NONE', ( #9688 ), #6561 ) ;
#7459 = DIRECTION ( 'NONE',  ( -1.196258353356355388E-15, 0.000000000000000000, -1.000000000000000000 ) ) ;
#7460 = LINE ( 'NONE', #1288, #7262 ) ;
#7461 = LINE ( 'NONE', #11520, #4101 ) ;
#7462 = CARTESIAN_POINT ( 'NONE',  ( -0.4650000000000010236, 0.2999999999999997113, 1.449999999999998623 ) ) ;
#7463 = AXIS2_PLACEMENT_3D ( 'NONE', #12113, #3922, #9039 ) ;
#7464 = DIRECTION ( 'NONE',  ( -0.9762960071199339174, 0.2164396139381006001, 0.000000000000000000 ) ) ;
#7465 = VECTOR ( 'NONE', #4609, 1000.000000000000000 ) ;
#7466 = VECTOR ( 'NONE', #5520, 1000.000000000000000 ) ;
#7467 = VERTEX_POINT ( 'NONE', #5137 ) ;
#7468 = FILL_AREA_STYLE_COLOUR ( '', #9669 ) ;
#7469 = EDGE_CURVE ( 'NONE', #8928, #4643, #10418, .T. ) ;
#7470 = ORIENTED_EDGE ( 'NONE', *, *, #8369, .F. ) ;
#7471 = ORIENTED_EDGE ( 'NONE', *, *, #3475, .F. ) ;
#7472 = EDGE_CURVE ( 'NONE', #11112, #6754, #10363, .T. ) ;
#7473 = ORIENTED_EDGE ( 'NONE', *, *, #4599, .F. ) ;
#7474 = PLANE ( 'NONE',  #4799 ) ;
#7475 =( LENGTH_UNIT ( ) NAMED_UNIT ( * ) SI_UNIT ( .MILLI., .METRE. ) );
#7476 = SURFACE_SIDE_STYLE ('',( #440 ) ) ;
#7477 = STYLED_ITEM ( 'NONE', ( #9185 ), #8077 ) ;
#7478 = DIRECTION ( 'NONE',  ( 0.000000000000000000, -0.7071067811865482389, 0.7071067811865469066 ) ) ;
#7479 = AXIS2_PLACEMENT_3D ( 'NONE', #9165, #2254, #6373 ) ;
#7480 = CARTESIAN_POINT ( 'NONE',  ( -6.412712434446766530, 0.2999999999999999889, 0.3500000000000039746 ) ) ;
#7481 = DIRECTION ( 'NONE',  ( 0.000000000000000000, 0.000000000000000000, -1.000000000000000000 ) ) ;
#7482 = CARTESIAN_POINT ( 'NONE',  ( -5.875000000000001776, -1.029563014098701546, -1.850000000000001865 ) ) ;
#7483 = COLOUR_RGB ( '',1.000000000000000000, 1.000000000000000000, 1.000000000000000000 ) ;
#7484 = EDGE_CURVE ( 'NONE', #6923, #772, #3227, .T. ) ;
#7485 = ORIENTED_EDGE ( 'NONE', *, *, #8634, .T. ) ;
#7486 = CARTESIAN_POINT ( 'NONE',  ( 4.214999999999999858, 3.548929149633788249, -0.9250000000000404565 ) ) ;
#7487 =( GEOMETRIC_REPRESENTATION_CONTEXT ( 3 ) GLOBAL_UNCERTAINTY_ASSIGNED_CONTEXT ( ( #6199 ) ) GLOBAL_UNIT_ASSIGNED_CONTEXT ( ( #7877, #7950, #9080 ) ) REPRESENTATION_CONTEXT ( 'NONE', 'WORKASPACE' ) );
#7488 = CARTESIAN_POINT ( 'NONE',  ( 6.544999999999994600, 4.336808689942017736E-16, 0.3500000000000039746 ) ) ;
#7489 = ORIENTED_EDGE ( 'NONE', *, *, #4659, .F. ) ;
#7490 = LINE ( 'NONE', #2428, #5758 ) ;
#7491 = ORIENTED_EDGE ( 'NONE', *, *, #1529, .F. ) ;
#7492 = LINE ( 'NONE', #4674, #985 ) ;
#7493 = PRODUCT_RELATED_PRODUCT_CATEGORY ( 'part', '', ( #3525 ) ) ;
#7494 = AXIS2_PLACEMENT_3D ( 'NONE', #9251, #7529, #7459 ) ;
#7495 = CARTESIAN_POINT ( 'NONE',  ( 0.7849999999999992539, 0.8750000000000022204, 0.8749999999999842348 ) ) ;
#7496 = SURFACE_SIDE_STYLE ('',( #8500 ) ) ;
#7497 = UNCERTAINTY_MEASURE_WITH_UNIT (LENGTH_MEASURE( 1.000000000000000082E-05 ), #8045, 'distance_accuracy_value', 'NONE');
#7498 = PLANE ( 'NONE',  #103 ) ;
#7499 = VECTOR ( 'NONE', #6997, 1000.000000000000000 ) ;
#7500 = DIRECTION ( 'NONE',  ( 0.000000000000000000, 0.000000000000000000, -1.000000000000000000 ) ) ;
#7501 = DIRECTION ( 'NONE',  ( 0.000000000000000000, -4.814824860968089633E-32, -1.000000000000000000 ) ) ;
#7502 = CARTESIAN_POINT ( 'NONE',  ( 7.574999999999970868, 4.700000000000089884, 0.1500000000000088485 ) ) ;
#7503 = AXIS2_PLACEMENT_3D ( 'NONE', #1507, #8617, #7481 ) ;
#7504 = ORIENTED_EDGE ( 'NONE', *, *, #7855, .F. ) ;
#7505 = ORIENTED_EDGE ( 'NONE', *, *, #11544, .T. ) ;
#7506 = CARTESIAN_POINT ( 'NONE',  ( -6.094999999999995310, 1.200000000000000178, 0.3500000000000039746 ) ) ;
#7507 = VECTOR ( 'NONE', #11664, 1000.000000000000000 ) ;
#7508 = ORIENTED_EDGE ( 'NONE', *, *, #976, .T. ) ;
#7509 = SURFACE_SIDE_STYLE ('',( #469 ) ) ;
#7510 = FACE_OUTER_BOUND ( 'NONE', #5095, .T. ) ;
#7511 = DIRECTION ( 'NONE',  ( 0.000000000000000000, 0.7071067811865481278, -0.7071067811865470176 ) ) ;
#7512 = SURFACE_SIDE_STYLE ('',( #6644 ) ) ;
#7513 = SHAPE_DEFINITION_REPRESENTATION ( #6609, #1083 ) ;
#7514 = VECTOR ( 'NONE', #62, 1000.000000000000000 ) ;
#7515 = PLANE ( 'NONE',  #12499 ) ;
#7516 = FACE_OUTER_BOUND ( 'NONE', #7523, .T. ) ;
#7517 = DIRECTION ( 'NONE',  ( -0.000000000000000000, -0.000000000000000000, -1.000000000000000000 ) ) ;
#7518 = CARTESIAN_POINT ( 'NONE',  ( 0.4649999999999992473, 8.425943506694179847E-32, 1.750000000000004663 ) ) ;
#7519 =( NAMED_UNIT ( * ) PLANE_ANGLE_UNIT ( ) SI_UNIT ( $, .RADIAN. ) );
#7520 = VECTOR ( 'NONE', #12183, 1000.000000000000000 ) ;
#7521 = ORIENTED_EDGE ( 'NONE', *, *, #10711, .F. ) ;
#7522 = EDGE_CURVE ( 'NONE', #997, #10937, #7291, .T. ) ;
#7523 = EDGE_LOOP ( 'NONE', ( #4013, #4907, #11531, #12212 ) ) ;
#7524 = ORIENTED_EDGE ( 'NONE', *, *, #9601, .T. ) ;
#7525 = PLANE ( 'NONE',  #3968 ) ;
#7526 = DIRECTION ( 'NONE',  ( -1.000000000000000000, -0.000000000000000000, -0.000000000000000000 ) ) ;
#7527 = FACE_OUTER_BOUND ( 'NONE', #3708, .T. ) ;
#7528 = STYLED_ITEM ( 'NONE', ( #2059 ), #9685 ) ;
#7529 = DIRECTION ( 'NONE',  ( 1.000000000000000000, 0.000000000000000000, -1.196258353356355388E-15 ) ) ;
#7530 = DIRECTION ( 'NONE',  ( 1.000000000000000000, -3.942553354492748461E-16, -1.233215741215733931E-16 ) ) ;
#7531 = CARTESIAN_POINT ( 'NONE',  ( 3.287500000000000533, -3.287500000000003197, -1.850000000000001865 ) ) ;
#7532 = UNCERTAINTY_MEASURE_WITH_UNIT (LENGTH_MEASURE( 1.000000000000000082E-05 ), #7662, 'distance_accuracy_value', 'NONE');
#7533 = LINE ( 'NONE', #10462, #1585 ) ;
#7534 = AXIS2_PLACEMENT_3D ( 'NONE', #5291, #1196, #3374 ) ;
#7535 = CARTESIAN_POINT ( 'NONE',  ( -5.994999999999993889, 1.749999999999999778, -1.849999999999995426 ) ) ;
#7536 = CARTESIAN_POINT ( 'NONE',  ( 6.344999999999994422, 0.4499999999999999001, 0.3500000000000039746 ) ) ;
#7537 = EDGE_CURVE ( 'NONE', #7106, #2474, #6231, .T. ) ;
#7538 = DIRECTION ( 'NONE',  ( -1.000000000000000000, 0.000000000000000000, 0.000000000000000000 ) ) ;
#7539 = ADVANCED_FACE ( 'NONE', ( #4097 ), #2300, .F. ) ;
#7540 = PRESENTATION_LAYER_ASSIGNMENT (  '', '', ( #3068 ) ) ;
#7541 = ORIENTED_EDGE ( 'NONE', *, *, #6076, .F. ) ;
#7542 = FACE_OUTER_BOUND ( 'NONE', #5790, .T. ) ;
#7543 = ORIENTED_EDGE ( 'NONE', *, *, #4125, .F. ) ;
#7544 = ORIENTED_EDGE ( 'NONE', *, *, #9159, .T. ) ;
#7545 = MECHANICAL_DESIGN_GEOMETRIC_PRESENTATION_REPRESENTATION (  '', ( #118 ), #1394 ) ;
#7546 = EDGE_LOOP ( 'NONE', ( #2788, #6247, #9950, #9965 ) ) ;
#7547 = PLANE ( 'NONE',  #2893 ) ;
#7548 = LINE ( 'NONE', #8612, #9728 ) ;
#7549 = DIRECTION ( 'NONE',  ( 1.000000000000000000, -0.000000000000000000, 0.000000000000000000 ) ) ;
#7550 = COLOUR_RGB ( '',0.7921568627450980005, 0.8196078431372548767, 0.9333333333333333481 ) ;
#7551 = FACE_OUTER_BOUND ( 'NONE', #2099, .T. ) ;
#7552 = PLANE ( 'NONE',  #163 ) ;
#7553 = PRESENTATION_STYLE_ASSIGNMENT (( #574 ) ) ;
#7554 = VECTOR ( 'NONE', #11967, 1000.000000000000000 ) ;
#7555 = DIRECTION ( 'NONE',  ( -0.000000000000000000, -0.000000000000000000, -1.000000000000000000 ) ) ;
#7556 = ORIENTED_EDGE ( 'NONE', *, *, #10960, .T. ) ;
#7557 = DIRECTION ( 'NONE',  ( 0.000000000000000000, 0.000000000000000000, -1.000000000000000000 ) ) ;
#7558 = MECHANICAL_DESIGN_GEOMETRIC_PRESENTATION_REPRESENTATION (  '', ( #132 ), #3516 ) ;
#7559 = MECHANICAL_DESIGN_GEOMETRIC_PRESENTATION_REPRESENTATION (  '', ( #10543 ), #10946 ) ;
#7560 = CARTESIAN_POINT ( 'NONE',  ( 5.375000000000002665, 0.000000000000000000, -0.9500000000000006217 ) ) ;
#7561 = ORIENTED_EDGE ( 'NONE', *, *, #1128, .F. ) ;
#7562 = PLANE ( 'NONE',  #9145 ) ;
#7563 = ORIENTED_EDGE ( 'NONE', *, *, #1143, .T. ) ;
#7564 = DIRECTION ( 'NONE',  ( 0.2133021165724272028, -0.9621436710723735297, -0.1696518885279465483 ) ) ;
#7565 = PRESENTATION_LAYER_ASSIGNMENT (  '', '', ( #10322 ) ) ;
#7566 = LINE ( 'NONE', #2622, #5571 ) ;
#7567 = PRESENTATION_STYLE_ASSIGNMENT (( #4231 ) ) ;
#7568 = LINE ( 'NONE', #11622, #10987 ) ;
#7569 = SURFACE_STYLE_FILL_AREA ( #7365 ) ;
#7570 = DIRECTION ( 'NONE',  ( 0.000000000000000000, 0.000000000000000000, 1.000000000000000000 ) ) ;
#7571 = VECTOR ( 'NONE', #5349, 1000.000000000000000 ) ;
#7572 = FACE_OUTER_BOUND ( 'NONE', #1254, .T. ) ;
#7573 =( GEOMETRIC_REPRESENTATION_CONTEXT ( 3 ) GLOBAL_UNCERTAINTY_ASSIGNED_CONTEXT ( ( #12053 ) ) GLOBAL_UNIT_ASSIGNED_CONTEXT ( ( #9572, #3512, #5630 ) ) REPRESENTATION_CONTEXT ( 'NONE', 'WORKASPACE' ) );
#7574 = EDGE_CURVE ( 'NONE', #11367, #5877, #2237, .T. ) ;
#7575 = FILL_AREA_STYLE_COLOUR ( '', #6360 ) ;
#7576 = SURFACE_SIDE_STYLE ('',( #10296 ) ) ;
#7577 =( GEOMETRIC_REPRESENTATION_CONTEXT ( 3 ) GLOBAL_UNCERTAINTY_ASSIGNED_CONTEXT ( ( #12429 ) ) GLOBAL_UNIT_ASSIGNED_CONTEXT ( ( #7883, #4628, #8701 ) ) REPRESENTATION_CONTEXT ( 'NONE', 'WORKASPACE' ) );
#7578 = CARTESIAN_POINT ( 'NONE',  ( 0.7849999999999992539, 1.749999999999999778, -0.3250000000000474176 ) ) ;
#7579 = VERTEX_POINT ( 'NONE', #11153 ) ;
#7580 = VERTEX_POINT ( 'NONE', #7161 ) ;
#7581 = CARTESIAN_POINT ( 'NONE',  ( 6.094999999999995310, 0.4499999999999999001, -1.749999999999997558 ) ) ;
#7582 = STYLED_ITEM ( 'NONE', ( #8881 ), #11936 ) ;
#7583 = CIRCLE ( 'NONE', #1838, 0.4499999999999999001 ) ;
#7584 = ORIENTED_EDGE ( 'NONE', *, *, #4738, .F. ) ;
#7585 = DIRECTION ( 'NONE',  ( 0.9659258262890679791, 0.000000000000000000, -0.2588190451025218497 ) ) ;
#7586 = FACE_OUTER_BOUND ( 'NONE', #5834, .T. ) ;
#7587 = EDGE_CURVE ( 'NONE', #2371, #3187, #5209, .T. ) ;
#7588 = MECHANICAL_DESIGN_GEOMETRIC_PRESENTATION_REPRESENTATION (  '', ( #4994 ), #3751 ) ;
#7589 = PRESENTATION_STYLE_ASSIGNMENT (( #12558 ) ) ;
#7590 = LINE ( 'NONE', #9644, #12076 ) ;
#7591 = FILL_AREA_STYLE_COLOUR ( '', #12616 ) ;
#7592 = LINE ( 'NONE', #11648, #5153 ) ;
#7593 = VECTOR ( 'NONE', #10991, 1000.000000000000000 ) ;
#7594 = COLOUR_RGB ( '',1.000000000000000000, 1.000000000000000000, 1.000000000000000000 ) ;
#7595 = PRESENTATION_LAYER_ASSIGNMENT (  '', '', ( #2274 ) ) ;
#7596 = ORIENTED_EDGE ( 'NONE', *, *, #7905, .F. ) ;
#7597 =( LENGTH_UNIT ( ) NAMED_UNIT ( * ) SI_UNIT ( .MILLI., .METRE. ) );
#7598 = ORIENTED_EDGE ( 'NONE', *, *, #7706, .F. ) ;
#7599 = ORIENTED_EDGE ( 'NONE', *, *, #6721, .T. ) ;
#7600 = LINE ( 'NONE', #4585, #8431 ) ;
#7601 = LINE ( 'NONE', #8718, #10453 ) ;
#7602 = CARTESIAN_POINT ( 'NONE',  ( 0.7849999999999992539, 0.4500000000000000111, 1.850000000000004530 ) ) ;
#7603 = LINE ( 'NONE', #9662, #11640 ) ;
#7604 = AXIS2_PLACEMENT_3D ( 'NONE', #1626, #11798, #12650 ) ;
#7605 = LINE ( 'NONE', #10658, #6016 ) ;
#7606 = DIRECTION ( 'NONE',  ( 0.5773502691896272854, -0.5773502691896339467, 0.5773502691896158501 ) ) ;
#7607 =( GEOMETRIC_REPRESENTATION_CONTEXT ( 3 ) GLOBAL_UNCERTAINTY_ASSIGNED_CONTEXT ( ( #10941 ) ) GLOBAL_UNIT_ASSIGNED_CONTEXT ( ( #1624, #12647, #12712 ) ) REPRESENTATION_CONTEXT ( 'NONE', 'WORKASPACE' ) );
#7608 = SURFACE_STYLE_USAGE ( .BOTH. , #4527 ) ;
#7609 = CARTESIAN_POINT ( 'NONE',  ( 6.544999999999994600, 1.399999999999998579, 0.3500000000000039746 ) ) ;
#7610 = EDGE_CURVE ( 'NONE', #12935, #376, #3369, .T. ) ;
#7611 = DIRECTION ( 'NONE',  ( -1.000000000000000000, -0.000000000000000000, -0.000000000000000000 ) ) ;
#7612 = VERTEX_POINT ( 'NONE', #3565 ) ;
#7613 = ORIENTED_EDGE ( 'NONE', *, *, #6669, .T. ) ;
#7614 = ORIENTED_EDGE ( 'NONE', *, *, #5723, .F. ) ;
#7615 = EDGE_CURVE ( 'NONE', #10602, #8140, #2555, .T. ) ;
#7616 = FACE_OUTER_BOUND ( 'NONE', #2587, .T. ) ;
#7617 = ADVANCED_FACE ( 'NONE', ( #6624 ), #2362, .T. ) ;
#7618 = DIRECTION ( 'NONE',  ( 0.000000000000000000, 1.355252715606880296E-16, -1.000000000000000000 ) ) ;
#7619 = DIRECTION ( 'NONE',  ( -0.6947465906068676089, 0.6947465906068637231, -0.1861567878973856838 ) ) ;
#7620 = LINE ( 'NONE', #12858, #6315 ) ;
#7621 = EDGE_CURVE ( 'NONE', #6130, #6126, #3431, .T. ) ;
#7622 = DIRECTION ( 'NONE',  ( -1.000000000000000000, -3.942553354492748461E-16, 0.000000000000000000 ) ) ;
#7623 = SURFACE_STYLE_USAGE ( .BOTH. , #12729 ) ;
#7624 = AXIS2_PLACEMENT_3D ( 'NONE', #12268, #7201, #11195 ) ;
#7625 = CARTESIAN_POINT ( 'NONE',  ( -4.215000000000000746, 0.03083447080518480002, 0.1748709736949816407 ) ) ;
#7626 = EDGE_LOOP ( 'NONE', ( #9261, #12064, #12243, #6836 ) ) ;
#7627 = FACE_OUTER_BOUND ( 'NONE', #3223, .T. ) ;
#7628 = EDGE_CURVE ( 'NONE', #1954, #12155, #5421, .T. ) ;
#7629 = ORIENTED_EDGE ( 'NONE', *, *, #7137, .F. ) ;
#7630 = CARTESIAN_POINT ( 'NONE',  ( 4.300000000000006040, 2.100000000000005418, -1.450000000000040812 ) ) ;
#7631 = EDGE_CURVE ( 'NONE', #1601, #2111, #6496, .T. ) ;
#7632 = VERTEX_POINT ( 'NONE', #4621 ) ;
#7633 = SURFACE_STYLE_USAGE ( .BOTH. , #2554 ) ;
#7634 = SURFACE_STYLE_FILL_AREA ( #8693 ) ;
#7635 =( NAMED_UNIT ( * ) SI_UNIT ( $, .STERADIAN. ) SOLID_ANGLE_UNIT ( ) );
#7636 = ADVANCED_FACE ( 'NONE', ( #1595 ), #9748, .F. ) ;
#7637 = UNCERTAINTY_MEASURE_WITH_UNIT (LENGTH_MEASURE( 1.000000000000000082E-05 ), #7133, 'distance_accuracy_value', 'NONE');
#7638 = CARTESIAN_POINT ( 'NONE',  ( -5.875000000000001776, 0.000000000000000000, 1.850000000000001421 ) ) ;
#7639 = FILL_AREA_STYLE ('',( #9505 ) ) ;
#7640 = CARTESIAN_POINT ( 'NONE',  ( 1.529457136363786329, 0.1909000140257115508, 0.1466470997434465018 ) ) ;
#7641 = DIRECTION ( 'NONE',  ( 0.000000000000000000, 0.000000000000000000, -1.000000000000000000 ) ) ;
#7642 = VERTEX_POINT ( 'NONE', #4484 ) ;
#7643 = EDGE_LOOP ( 'NONE', ( #9855, #7006, #912, #10795, #13082 ) ) ;
#7644 = CARTESIAN_POINT ( 'NONE',  ( -2.035000000000000586, 0.1000000000000000056, 2.350000000000004530 ) ) ;
#7645 = VECTOR ( 'NONE', #10888, 1000.000000000000000 ) ;
#7646 = EDGE_CURVE ( 'NONE', #2583, #10810, #7695, .T. ) ;
#7647 = ORIENTED_EDGE ( 'NONE', *, *, #6500, .F. ) ;
#7648 = FACE_OUTER_BOUND ( 'NONE', #4619, .T. ) ;
#7649 = EDGE_CURVE ( 'NONE', #6544, #2413, #7566, .T. ) ;
#7650 = SURFACE_STYLE_FILL_AREA ( #5705 ) ;
#7651 =( NAMED_UNIT ( * ) PLANE_ANGLE_UNIT ( ) SI_UNIT ( $, .RADIAN. ) );
#7652 = LINE ( 'NONE', #5898, #6671 ) ;
#7653 = FILL_AREA_STYLE ('',( #544 ) ) ;
#7654 = EDGE_CURVE ( 'NONE', #12418, #8876, #10759, .T. ) ;
#7655 = EDGE_LOOP ( 'NONE', ( #8121, #11043, #4836, #6456, #11892, #7176, #8070, #12226 ) ) ;
#7656 = VERTEX_POINT ( 'NONE', #1648 ) ;
#7657 = ORIENTED_EDGE ( 'NONE', *, *, #12590, .F. ) ;
#7658 = CARTESIAN_POINT ( 'NONE',  ( 6.875000000000006217, 1.399999999999998579, 0.3500000000000039746 ) ) ;
#7659 = LINE ( 'NONE', #12574, #7694 ) ;
#7660 = CLOSED_SHELL ( 'NONE', ( #12199, #4534, #4139, #9475, #661, #7839, #8528, #4663, #2936, #7020 ) ) ;
#7661 = DIRECTION ( 'NONE',  ( 1.000000000000000000, 1.084202172485507589E-15, -1.233215741215733931E-16 ) ) ;
#7662 =( LENGTH_UNIT ( ) NAMED_UNIT ( * ) SI_UNIT ( .MILLI., .METRE. ) );
#7663 = PLANE ( 'NONE',  #801 ) ;
#7665 = LINE ( 'NONE', #8722, #297 ) ;
#7664 = UNCERTAINTY_MEASURE_WITH_UNIT (LENGTH_MEASURE( 1.000000000000000082E-05 ), #6449, 'distance_accuracy_value', 'NONE');
#7666 = DIRECTION ( 'NONE',  ( 0.000000000000000000, -1.355252715606880049E-16, 1.000000000000000000 ) ) ;
#7667 = VECTOR ( 'NONE', #8888, 1000.000000000000000 ) ;
#7668 = CARTESIAN_POINT ( 'NONE',  ( 4.535000000000000142, 0.1000000000000000056, 2.350000000000004530 ) ) ;
#7669 = DIRECTION ( 'NONE',  ( -1.000000000000000000, -0.000000000000000000, -0.000000000000000000 ) ) ;
#7670 = CLOSED_SHELL ( 'NONE', ( #7110, #9357, #7154, #8280, #294, #3324, #11242, #2260, #10367, #6950 ) ) ;
#7671 = ORIENTED_EDGE ( 'NONE', *, *, #11681, .T. ) ;
#7672 = SURFACE_STYLE_USAGE ( .BOTH. , #4601 ) ;
#7673 = EDGE_LOOP ( 'NONE', ( #2757, #4535, #1572, #7924 ) ) ;
#7674 = VERTEX_POINT ( 'NONE', #10560 ) ;
#7675 = ORIENTED_EDGE ( 'NONE', *, *, #6783, .T. ) ;
#7676 = ADVANCED_FACE ( 'NONE', ( #12676 ), #8563, .F. ) ;
#7677 = FILL_AREA_STYLE ('',( #9735 ) ) ;
#7678 = DIRECTION ( 'NONE',  ( -0.000000000000000000, -0.000000000000000000, 1.000000000000000000 ) ) ;
#7679 = MECHANICAL_DESIGN_GEOMETRIC_PRESENTATION_REPRESENTATION (  '', ( #9789 ), #8304 ) ;
#7680 = SURFACE_SIDE_STYLE ('',( #10610 ) ) ;
#7681 = SURFACE_SIDE_STYLE ('',( #3752 ) ) ;
#7682 = PRESENTATION_LAYER_ASSIGNMENT (  '', '', ( #12585 ) ) ;
#7683 = MECHANICAL_DESIGN_GEOMETRIC_PRESENTATION_REPRESENTATION (  '', ( #3843 ), #12360 ) ;
#7684 = EDGE_CURVE ( 'NONE', #10914, #4011, #1768, .T. ) ;
#7685 = ORIENTED_EDGE ( 'NONE', *, *, #9799, .F. ) ;
#7686 = SURFACE_SIDE_STYLE ('',( #2548 ) ) ;
#7687 = COLOUR_RGB ( '',1.000000000000000000, 1.000000000000000000, 1.000000000000000000 ) ;
#7688 = DIRECTION ( 'NONE',  ( 1.000000000000000000, 0.000000000000000000, 0.000000000000000000 ) ) ;
#7689 = VERTEX_POINT ( 'NONE', #9009 ) ;
#7690 = PLANE ( 'NONE',  #4060 ) ;
#7691 = EDGE_CURVE ( 'NONE', #12534, #12422, #646, .T. ) ;
#7692 = ORIENTED_EDGE ( 'NONE', *, *, #11181, .T. ) ;
#7693 = FILL_AREA_STYLE ('',( #1458 ) ) ;
#7694 = VECTOR ( 'NONE', #4519, 1000.000000000000000 ) ;
#7695 = LINE ( 'NONE', #11754, #4266 ) ;
#7696 = DIRECTION ( 'NONE',  ( 0.000000000000000000, 0.000000000000000000, -1.000000000000000000 ) ) ;
#7697 = DIRECTION ( 'NONE',  ( 0.000000000000000000, 1.000000000000000000, 0.000000000000000000 ) ) ;
#7698 = FACE_OUTER_BOUND ( 'NONE', #2890, .T. ) ;
#7699 = AXIS2_PLACEMENT_3D ( 'NONE', #7330, #12577, #12321 ) ;
#7700 = LINE ( 'NONE', #2627, #4948 ) ;
#7701 = LINE ( 'NONE', #10765, #11887 ) ;
#7702 = EDGE_CURVE ( 'NONE', #1687, #6442, #5878, .T. ) ;
#7703 = ADVANCED_FACE ( 'NONE', ( #1962 ), #6944, .T. ) ;
#7704 = AXIS2_PLACEMENT_3D ( 'NONE', #5388, #489, #9533 ) ;
#7705 = EDGE_LOOP ( 'NONE', ( #432, #137, #1235, #10211 ) ) ;
#7706 = EDGE_CURVE ( 'NONE', #10559, #962, #11823, .T. ) ;
#7707 = EDGE_LOOP ( 'NONE', ( #5602, #9266, #217, #10872, #7647, #12912, #3637, #10749 ) ) ;
#7708 = CARTESIAN_POINT ( 'NONE',  ( 6.544999999999994600, 0.4499999999999999001, 0.3500000000000039746 ) ) ;
#7709 =( GEOMETRIC_REPRESENTATION_CONTEXT ( 3 ) GLOBAL_UNCERTAINTY_ASSIGNED_CONTEXT ( ( #7748 ) ) GLOBAL_UNIT_ASSIGNED_CONTEXT ( ( #10840, #12767, #1732 ) ) REPRESENTATION_CONTEXT ( 'NONE', 'WORKASPACE' ) );
#7710 = ORIENTED_EDGE ( 'NONE', *, *, #2906, .T. ) ;
#7711 = DIRECTION ( 'NONE',  ( 0.000000000000000000, -0.7071067811865482389, 0.7071067811865469066 ) ) ;
#7712 = AXIS2_PLACEMENT_3D ( 'NONE', #3143, #7209, #178 ) ;
#7713 = SURFACE_STYLE_FILL_AREA ( #3585 ) ;
#7714 = DIRECTION ( 'NONE',  ( 0.000000000000000000, -0.000000000000000000, 1.000000000000000000 ) ) ;
#7715 = CARTESIAN_POINT ( 'NONE',  ( 5.875000000000001776, 24.60698852501704437, 0.9500000000000020650 ) ) ;
#7716 = VECTOR ( 'NONE', #7024, 1000.000000000000000 ) ;
#7717 = DIRECTION ( 'NONE',  ( -0.000000000000000000, 0.000000000000000000, 1.000000000000000000 ) ) ;
#7718 = CARTESIAN_POINT ( 'NONE',  ( 5.275000000000024336, 2.212468889744944267, -0.2375311102550695386 ) ) ;
#7719 =( NAMED_UNIT ( * ) SI_UNIT ( $, .STERADIAN. ) SOLID_ANGLE_UNIT ( ) );
#7720 = EDGE_CURVE ( 'NONE', #12570, #2907, #12800, .T. ) ;
#7721 = AXIS2_PLACEMENT_3D ( 'NONE', #9679, #4542, #11470 ) ;
#7722 = ORIENTED_EDGE ( 'NONE', *, *, #9390, .T. ) ;
#7723 = CARTESIAN_POINT ( 'NONE',  ( -1.715000000000000746, 0.000000000000000000, 0.000000000000000000 ) ) ;
#7724 = ORIENTED_EDGE ( 'NONE', *, *, #8836, .F. ) ;
#7725 = VERTEX_POINT ( 'NONE', #12872 ) ;
#7726 = DIRECTION ( 'NONE',  ( 0.000000000000000000, 1.000000000000000000, 0.000000000000000000 ) ) ;
#7727 = COLOUR_RGB ( '',1.000000000000000000, 1.000000000000000000, 1.000000000000000000 ) ;
#7728 = DIRECTION ( 'NONE',  ( -0.9762960071199339174, -0.2164396139381006001, -0.000000000000000000 ) ) ;
#7729 = CARTESIAN_POINT ( 'NONE',  ( -3.900000000000000355, 3.250000000000005329, -1.850000000000001865 ) ) ;
#7730 = VECTOR ( 'NONE', #10109, 1000.000000000000114 ) ;
#7731 = DIRECTION ( 'NONE',  ( -0.000000000000000000, -0.000000000000000000, -1.000000000000000000 ) ) ;
#7732 = PLANE ( 'NONE',  #7604 ) ;
#7733 = CARTESIAN_POINT ( 'NONE',  ( 2.034999999999999698, 0.000000000000000000, 1.850000000000004530 ) ) ;
#7734 = SURFACE_SIDE_STYLE ('',( #6848 ) ) ;
#7735 = ADVANCED_FACE ( 'NONE', ( #12086 ), #7875, .F. ) ;
#7736 = EDGE_LOOP ( 'NONE', ( #4217, #4028, #5383, #7097 ) ) ;
#7737 = MECHANICAL_DESIGN_GEOMETRIC_PRESENTATION_REPRESENTATION (  '', ( #8999 ), #1779 ) ;
#7738 = ORIENTED_EDGE ( 'NONE', *, *, #9173, .F. ) ;
#7739 = EDGE_LOOP ( 'NONE', ( #10801, #12077, #6723, #1096 ) ) ;
#7740 = ORIENTED_EDGE ( 'NONE', *, *, #4692, .T. ) ;
#7741 = CARTESIAN_POINT ( 'NONE',  ( 1.476985831353678780, 0.4275827757330525891, -1.554913542985933539 ) ) ;
#7742 = CARTESIAN_POINT ( 'NONE',  ( -7.074999999999998401, -0.9059928172283340242, -1.550000000000001599 ) ) ;
#7743 = DIRECTION ( 'NONE',  ( 0.000000000000000000, -4.814824860968089633E-32, -1.000000000000000000 ) ) ;
#7744 = CARTESIAN_POINT ( 'NONE',  ( 5.875000000000003553, 1.749999999999999778, 1.849999999999999867 ) ) ;
#7745 = SURFACE_STYLE_FILL_AREA ( #6862 ) ;
#7746 = DIRECTION ( 'NONE',  ( 0.000000000000000000, 0.000000000000000000, 1.000000000000000000 ) ) ;
#7747 = STYLED_ITEM ( 'NONE', ( #6616 ), #9811 ) ;
#7748 = UNCERTAINTY_MEASURE_WITH_UNIT (LENGTH_MEASURE( 1.000000000000000082E-05 ), #10840, 'distance_accuracy_value', 'NONE');
#7749 = VECTOR ( 'NONE', #9464, 1000.000000000000000 ) ;
#7750 = ORIENTED_EDGE ( 'NONE', *, *, #11181, .F. ) ;
#7751 = DIRECTION ( 'NONE',  ( -0.9762960071199339174, -0.2164396139381006001, -0.000000000000000000 ) ) ;
#7752 = ORIENTED_EDGE ( 'NONE', *, *, #5131, .T. ) ;
#7753 = PRESENTATION_LAYER_ASSIGNMENT (  '', '', ( #1173 ) ) ;
#7754 = ORIENTED_EDGE ( 'NONE', *, *, #1100, .F. ) ;
#7755 =( LENGTH_UNIT ( ) NAMED_UNIT ( * ) SI_UNIT ( .MILLI., .METRE. ) );
#7756 =( NAMED_UNIT ( * ) PLANE_ANGLE_UNIT ( ) SI_UNIT ( $, .RADIAN. ) );
#7757 = CARTESIAN_POINT ( 'NONE',  ( -4.215000000000000746, -1.579062136966065191E-17, -0.3250000000000473066 ) ) ;
#7758 = CARTESIAN_POINT ( 'NONE',  ( -0.7850000000000010303, 0.2787990747163040517, -1.581148123764847258 ) ) ;
#7759 = CARTESIAN_POINT ( 'NONE',  ( -1.715000000000000746, 0.000000000000000000, 0.000000000000000000 ) ) ;
#7760 = UNCERTAINTY_MEASURE_WITH_UNIT (LENGTH_MEASURE( 1.000000000000000082E-05 ), #2929, 'distance_accuracy_value', 'NONE');
#7761 = COLOUR_RGB ( '',1.000000000000000000, 1.000000000000000000, 1.000000000000000000 ) ;
#7762 = EDGE_CURVE ( 'NONE', #7823, #9854, #4806, .T. ) ;
#7763 = STYLED_ITEM ( 'NONE', ( #7925 ), #10100 ) ;
#7764 = DIRECTION ( 'NONE',  ( 0.000000000000000000, -1.000000000000000000, 0.000000000000000000 ) ) ;
#7765 = VERTEX_POINT ( 'NONE', #12142 ) ;
#7766 = ORIENTED_EDGE ( 'NONE', *, *, #385, .T. ) ;
#7767 = CARTESIAN_POINT ( 'NONE',  ( -3.285000000000000586, -1.579062136966065191E-17, -0.3250000000000473066 ) ) ;
#7768 = VERTEX_POINT ( 'NONE', #12409 ) ;
#7769 = CARTESIAN_POINT ( 'NONE',  ( -0.7850000000000010303, 0.03083447080518480002, 0.1748709736949816407 ) ) ;
#7770 = DIRECTION ( 'NONE',  ( 0.000000000000000000, -0.9848077530122087975, -0.1736481776669268895 ) ) ;
#7771 = AXIS2_PLACEMENT_3D ( 'NONE', #5370, #343, #1474 ) ;
#7772 = DIRECTION ( 'NONE',  ( 0.000000000000000000, -0.000000000000000000, 1.000000000000000000 ) ) ;
#7773 = CARTESIAN_POINT ( 'NONE',  ( -3.285000000000000586, 0.4500000000000000111, 1.850000000000004530 ) ) ;
#7774 = EDGE_CURVE ( 'NONE', #3073, #11219, #4018, .T. ) ;
#7775 = VECTOR ( 'NONE', #3020, 1000.000000000000000 ) ;
#7776 = LINE ( 'NONE', #8711, #2945 ) ;
#7777 = DIRECTION ( 'NONE',  ( -0.000000000000000000, -0.000000000000000000, -1.000000000000000000 ) ) ;
#7778 = CARTESIAN_POINT ( 'NONE',  ( 5.316421356216700644, 4.441421356216673999, -0.6249377795396822144 ) ) ;
#7779 = VECTOR ( 'NONE', #3976, 1000.000000000000000 ) ;
#7780 = CARTESIAN_POINT ( 'NONE',  ( 5.275000000000025224, 1.749999999999999778, -0.7249377794898669292 ) ) ;
#7781 = VECTOR ( 'NONE', #3088, 1000.000000000000000 ) ;
#7782 = EDGE_LOOP ( 'NONE', ( #12481, #3481, #11924, #12385 ) ) ;
#7783 = FILL_AREA_STYLE_COLOUR ( '', #2665 ) ;
#7784 = EDGE_LOOP ( 'NONE', ( #7692, #628, #10266, #4735, #3881, #698 ) ) ;
#7785 = EDGE_LOOP ( 'NONE', ( #5402, #10504, #11526, #3409 ) ) ;
#7786 = CYLINDRICAL_SURFACE ( 'NONE', #10316, 0.09999999995018464538 ) ;
#7787 = VECTOR ( 'NONE', #4084, 1000.000000000000000 ) ;
#7788 = LINE ( 'NONE', #6588, #886 ) ;
#7789 = PRESENTATION_STYLE_ASSIGNMENT (( #11583 ) ) ;
#7790 = EDGE_CURVE ( 'NONE', #3421, #1298, #11332, .T. ) ;
#7791 = DIRECTION ( 'NONE',  ( 0.000000000000000000, 0.000000000000000000, 1.000000000000000000 ) ) ;
#7792 = DIRECTION ( 'NONE',  ( -0.000000000000000000, 1.000000000000000000, -0.000000000000000000 ) ) ;
#7793 = ADVANCED_FACE ( 'NONE', ( #5120 ), #4156, .T. ) ;
#7794 = AXIS2_PLACEMENT_3D ( 'NONE', #12643, #6656, #10837 ) ;
#7796 = CARTESIAN_POINT ( 'NONE',  ( 2.034999999999999698, 0.2787990747163040517, -1.581148123764847258 ) ) ;
#7795 = UNCERTAINTY_MEASURE_WITH_UNIT (LENGTH_MEASURE( 1.000000000000000082E-05 ), #8900, 'distance_accuracy_value', 'NONE');
#7797 = CARTESIAN_POINT ( 'NONE',  ( 2.964999999999998970, 0.8750000000000022204, 0.8749999999999842348 ) ) ;
#7798 = FILL_AREA_STYLE_COLOUR ( '', #4813 ) ;
#7799 = PRESENTATION_STYLE_ASSIGNMENT (( #12845 ) ) ;
#7800 = VECTOR ( 'NONE', #12979, 1000.000000000000000 ) ;
#7801 = DIRECTION ( 'NONE',  ( 0.000000000000000000, 0.000000000000000000, 1.000000000000000000 ) ) ;
#7802 = VERTEX_POINT ( 'NONE', #9336 ) ;
#7803 = DIRECTION ( 'NONE',  ( 1.000000000000000000, 0.000000000000000000, 0.000000000000000000 ) ) ;
#7804 = EDGE_CURVE ( 'NONE', #7579, #3784, #8340, .T. ) ;
#7805 = ORIENTED_EDGE ( 'NONE', *, *, #10965, .F. ) ;
#7806 = VERTEX_POINT ( 'NONE', #4082 ) ;
#7807 = ORIENTED_EDGE ( 'NONE', *, *, #9717, .F. ) ;
#7808 = AXIS2_PLACEMENT_3D ( 'NONE', #11038, #10908, #8049 ) ;
#7809 = EDGE_CURVE ( 'NONE', #4618, #12334, #8145, .T. ) ;
#7810 = CARTESIAN_POINT ( 'NONE',  ( 4.214999999999999858, -1.125000000000002442, 1.125000000000004663 ) ) ;
#7811 = VECTOR ( 'NONE', #5525, 1000.000000000000000 ) ;
#7812 = PLANE ( 'NONE',  #9809 ) ;
#7813 = DIRECTION ( 'NONE',  ( -0.000000000000000000, 1.000000000000000000, -0.000000000000000000 ) ) ;
#7814 = LINE ( 'NONE', #10807, #7499 ) ;
#7815 = CARTESIAN_POINT ( 'NONE',  ( -1.815000000000001057, 4.000000000000000000, 0.000000000000000000 ) ) ;
#7816 = VECTOR ( 'NONE', #2943, 1000.000000000000000 ) ;
#7817 =( NAMED_UNIT ( * ) SI_UNIT ( $, .STERADIAN. ) SOLID_ANGLE_UNIT ( ) );
#7818 = AXIS2_PLACEMENT_3D ( 'NONE', #7244, #11239, #12445 ) ;
#7819 = ORIENTED_EDGE ( 'NONE', *, *, #12734, .T. ) ;
#7820 = ADVANCED_FACE ( 'NONE', ( #7344 ), #6085, .F. ) ;
#7821 =( GEOMETRIC_REPRESENTATION_CONTEXT ( 3 ) GLOBAL_UNCERTAINTY_ASSIGNED_CONTEXT ( ( #5086 ) ) GLOBAL_UNIT_ASSIGNED_CONTEXT ( ( #12476, #240, #6409 ) ) REPRESENTATION_CONTEXT ( 'NONE', 'WORKASPACE' ) );
#7822 = ORIENTED_EDGE ( 'NONE', *, *, #1771, .F. ) ;
#7823 = VERTEX_POINT ( 'NONE', #11268 ) ;
#7824 = LINE ( 'NONE', #11882, #6087 ) ;
#7825 = SURFACE_STYLE_FILL_AREA ( #9132 ) ;
#7826 = FILL_AREA_STYLE_COLOUR ( '', #4502 ) ;
#7827 = LINE ( 'NONE', #6949, #6166 ) ;
#7828 = PLANE ( 'NONE',  #3081 ) ;
#7829 = ORIENTED_EDGE ( 'NONE', *, *, #10646, .F. ) ;
#7830 = FACE_OUTER_BOUND ( 'NONE', #11551, .T. ) ;
#7831 = ORIENTED_EDGE ( 'NONE', *, *, #12048, .F. ) ;
#7832 = DIRECTION ( 'NONE',  ( 0.000000000000000000, -0.000000000000000000, -1.000000000000000000 ) ) ;
#7833 = FILL_AREA_STYLE_COLOUR ( '', #5104 ) ;
#7834 = EDGE_CURVE ( 'NONE', #4643, #7955, #11409, .T. ) ;
#7835 =( NAMED_UNIT ( * ) SI_UNIT ( $, .STERADIAN. ) SOLID_ANGLE_UNIT ( ) );
#7836 = DIRECTION ( 'NONE',  ( 0.000000000000000000, -0.9848077530122087975, 0.1736481776669264454 ) ) ;
#7837 = SURFACE_STYLE_USAGE ( .BOTH. , #3780 ) ;
#7838 = DIRECTION ( 'NONE',  ( 0.000000000000000000, 1.000000000000000000, -4.858652729125647208E-17 ) ) ;
#7839 = ADVANCED_FACE ( 'NONE', ( #2158 ), #2033, .T. ) ;
#7840 = DIRECTION ( 'NONE',  ( 0.000000000000000000, -1.000000000000000000, 0.000000000000000000 ) ) ;
#7841 = EDGE_LOOP ( 'NONE', ( #12706, #9347, #1078, #7076 ) ) ;
#7842 =( NAMED_UNIT ( * ) SI_UNIT ( $, .STERADIAN. ) SOLID_ANGLE_UNIT ( ) );
#7843 = ORIENTED_EDGE ( 'NONE', *, *, #7433, .T. ) ;
#7844 = EDGE_LOOP ( 'NONE', ( #7004, #8764, #484, #4834 ) ) ;
#7845 = CARTESIAN_POINT ( 'NONE',  ( 3.284999999999998810, 0.03083447080518480002, 0.1748709736949816407 ) ) ;
#7846 = LINE ( 'NONE', #2463, #3663 ) ;
#7847 = LINE ( 'NONE', #12, #1858 ) ;
#7848 = LINE ( 'NONE', #6842, #3260 ) ;
#7849 = DIRECTION ( 'NONE',  ( 1.000000000000000000, -0.000000000000000000, 0.000000000000000000 ) ) ;
#7850 =( LENGTH_UNIT ( ) NAMED_UNIT ( * ) SI_UNIT ( .MILLI., .METRE. ) );
#7851 =( LENGTH_UNIT ( ) NAMED_UNIT ( * ) SI_UNIT ( .MILLI., .METRE. ) );
#7852 = ORIENTED_EDGE ( 'NONE', *, *, #7774, .T. ) ;
#7853 = ORIENTED_EDGE ( 'NONE', *, *, #5665, .T. ) ;
#7854 = PLANE ( 'NONE',  #5828 ) ;
#7855 = EDGE_CURVE ( 'NONE', #2667, #10667, #2416, .T. ) ;
#7856 = ORIENTED_EDGE ( 'NONE', *, *, #12790, .F. ) ;
#7857 = ORIENTED_EDGE ( 'NONE', *, *, #3083, .F. ) ;
#7858 = DIRECTION ( 'NONE',  ( -1.000000000000000000, -0.000000000000000000, -0.000000000000000000 ) ) ;
#7859 = CARTESIAN_POINT ( 'NONE',  ( -2.965000000000000746, 1.749999999999999778, -0.3250000000000474176 ) ) ;
#7860 = VECTOR ( 'NONE', #11610, 1000.000000000000000 ) ;
#7861 = DIRECTION ( 'NONE',  ( 1.000000000000000000, 0.000000000000000000, -2.710505431213767790E-15 ) ) ;
#7862 = FACE_OUTER_BOUND ( 'NONE', #854, .T. ) ;
#7863 = LINE ( 'NONE', #4798, #4338 ) ;
#7864 = ADVANCED_FACE ( 'NONE', ( #1441 ), #3608, .T. ) ;
#7865 = AXIS2_PLACEMENT_3D ( 'NONE', #4194, #10314, #1344 ) ;
#7866 = ORIENTED_EDGE ( 'NONE', *, *, #5650, .T. ) ;
#7867 = FILL_AREA_STYLE ('',( #4736 ) ) ;
#7868 = EDGE_CURVE ( 'NONE', #9084, #1633, #12661, .T. ) ;
#7869 = ORIENTED_EDGE ( 'NONE', *, *, #10861, .F. ) ;
#7870 = MECHANICAL_DESIGN_GEOMETRIC_PRESENTATION_REPRESENTATION (  '', ( #4253 ), #12754 ) ;
#7871 = VERTEX_POINT ( 'NONE', #9474 ) ;
#7872 =( NAMED_UNIT ( * ) SI_UNIT ( $, .STERADIAN. ) SOLID_ANGLE_UNIT ( ) );
#7873 = VERTEX_POINT ( 'NONE', #11672 ) ;
#7874 = CARTESIAN_POINT ( 'NONE',  ( -5.275000000000024336, 1.749999999999999778, 0.9499999999999869660 ) ) ;
#7875 = PLANE ( 'NONE',  #1532 ) ;
#7876 =( LENGTH_UNIT ( ) NAMED_UNIT ( * ) SI_UNIT ( .MILLI., .METRE. ) );
#7877 =( LENGTH_UNIT ( ) NAMED_UNIT ( * ) SI_UNIT ( .MILLI., .METRE. ) );
#7878 = UNCERTAINTY_MEASURE_WITH_UNIT (LENGTH_MEASURE( 1.000000000000000082E-05 ), #9548, 'distance_accuracy_value', 'NONE');
#7879 = AXIS2_PLACEMENT_3D ( 'NONE', #6012, #10070, #963 ) ;
#7880 = SURFACE_SIDE_STYLE ('',( #6882 ) ) ;
#7881 = EDGE_CURVE ( 'NONE', #893, #2523, #11737, .T. ) ;
#7882 = CIRCLE ( 'NONE', #1933, 0.1999999999999996503 ) ;
#7883 =( LENGTH_UNIT ( ) NAMED_UNIT ( * ) SI_UNIT ( .MILLI., .METRE. ) );
#7884 = EDGE_CURVE ( 'NONE', #278, #1876, #10404, .T. ) ;
#7885 = ORIENTED_EDGE ( 'NONE', *, *, #11625, .T. ) ;
#7886 =( GEOMETRIC_REPRESENTATION_CONTEXT ( 3 ) GLOBAL_UNCERTAINTY_ASSIGNED_CONTEXT ( ( #10330 ) ) GLOBAL_UNIT_ASSIGNED_CONTEXT ( ( #12528, #11534, #10992 ) ) REPRESENTATION_CONTEXT ( 'NONE', 'WORKASPACE' ) );
#7887 = PRESENTATION_LAYER_ASSIGNMENT (  '', '', ( #10666 ) ) ;
#7888 =( NAMED_UNIT ( * ) PLANE_ANGLE_UNIT ( ) SI_UNIT ( $, .RADIAN. ) );
#7889 = ORIENTED_EDGE ( 'NONE', *, *, #10062, .T. ) ;
#7890 = PRESENTATION_STYLE_ASSIGNMENT (( #6029 ) ) ;
#7891 =( GEOMETRIC_REPRESENTATION_CONTEXT ( 3 ) GLOBAL_UNCERTAINTY_ASSIGNED_CONTEXT ( ( #3911 ) ) GLOBAL_UNIT_ASSIGNED_CONTEXT ( ( #10637, #6516, #660 ) ) REPRESENTATION_CONTEXT ( 'NONE', 'WORKASPACE' ) );
#7892 = PLANE ( 'NONE',  #7034 ) ;
#7893 = LINE ( 'NONE', #8163, #7376 ) ;
#7894 = DIRECTION ( 'NONE',  ( -0.9762960071199339174, 0.2164396139381006001, 0.000000000000000000 ) ) ;
#7895 = CARTESIAN_POINT ( 'NONE',  ( -2.035000000000000586, 0.000000000000000000, -1.125000000000033973 ) ) ;
#7896 = UNCERTAINTY_MEASURE_WITH_UNIT (LENGTH_MEASURE( 1.000000000000000082E-05 ), #6251, 'distance_accuracy_value', 'NONE');
#7897 = DIRECTION ( 'NONE',  ( -0.7071067811865383579, 0.000000000000000000, 0.7071067811865566766 ) ) ;
#7898 = VECTOR ( 'NONE', #2178, 1000.000000000000000 ) ;
#7899 = AXIS2_PLACEMENT_3D ( 'NONE', #659, #2515, #4500 ) ;
#7900 = SURFACE_STYLE_FILL_AREA ( #6829 ) ;
#7901 = CARTESIAN_POINT ( 'NONE',  ( 0.7849999999999992539, -1.579062136966065191E-17, -0.3250000000000473066 ) ) ;
#7902 = SURFACE_STYLE_FILL_AREA ( #5832 ) ;
#7903 = VECTOR ( 'NONE', #8428, 1000.000000000000000 ) ;
#7904 = SURFACE_STYLE_USAGE ( .BOTH. , #8839 ) ;
#7905 = EDGE_CURVE ( 'NONE', #39, #10069, #438, .T. ) ;
#7906 = ORIENTED_EDGE ( 'NONE', *, *, #341, .T. ) ;
#7907 = PRESENTATION_STYLE_ASSIGNMENT (( #12168 ) ) ;
#7908 = AXIS2_PLACEMENT_3D ( 'NONE', #8696, #7570, #3697 ) ;
#7909 = ORIENTED_EDGE ( 'NONE', *, *, #5763, .F. ) ;
#7910 = ORIENTED_EDGE ( 'NONE', *, *, #6383, .T. ) ;
#7911 = FILL_AREA_STYLE_COLOUR ( '', #9241 ) ;
#7912 = MECHANICAL_DESIGN_GEOMETRIC_PRESENTATION_REPRESENTATION (  '', ( #10654 ), #2181 ) ;
#7913 = PLANE ( 'NONE',  #5550 ) ;
#7914 = LINE ( 'NONE', #7845, #10437 ) ;
#7915 = DIRECTION ( 'NONE',  ( 2.710505431213767790E-15, 0.000000000000000000, -1.000000000000000000 ) ) ;
#7916 = FACE_OUTER_BOUND ( 'NONE', #7988, .T. ) ;
#7917 = DIRECTION ( 'NONE',  ( -1.000000000000000000, -0.000000000000000000, -0.000000000000000000 ) ) ;
#7919 = CARTESIAN_POINT ( 'NONE',  ( -3.200000000000000622, 0.000000000000000000, -1.850000000000001865 ) ) ;
#7918 = UNCERTAINTY_MEASURE_WITH_UNIT (LENGTH_MEASURE( 1.000000000000000082E-05 ), #7364, 'distance_accuracy_value', 'NONE');
#7920 = LINE ( 'NONE', #3051, #4401 ) ;
#7921 = VECTOR ( 'NONE', #695, 1000.000000000000000 ) ;
#7922 = LINE ( 'NONE', #6784, #11358 ) ;
#7923 = ADVANCED_FACE ( 'NONE', ( #5331 ), #9408, .F. ) ;
#7924 = ORIENTED_EDGE ( 'NONE', *, *, #1615, .T. ) ;
#7925 = PRESENTATION_STYLE_ASSIGNMENT (( #5923 ) ) ;
#7926 = PRESENTATION_LAYER_ASSIGNMENT (  '', '', ( #3890 ) ) ;
#7927 = ORIENTED_EDGE ( 'NONE', *, *, #6582, .T. ) ;
#7928 = ORIENTED_EDGE ( 'NONE', *, *, #6698, .F. ) ;
#7929 = LINE ( 'NONE', #5860, #10639 ) ;
#7930 = STYLED_ITEM ( 'NONE', ( #1805 ), #9341 ) ;
#7931 = CARTESIAN_POINT ( 'NONE',  ( -5.291854847499426917, 4.416854847499402048, 0.09913148504669050398 ) ) ;
#7932 = FILL_AREA_STYLE ('',( #1817 ) ) ;
#7933 = LINE ( 'NONE', #2736, #700 ) ;
#7934 = VECTOR ( 'NONE', #2453, 1000.000000000000000 ) ;
#7935 = FACE_OUTER_BOUND ( 'NONE', #187, .T. ) ;
#7936 = VECTOR ( 'NONE', #12394, 1000.000000000000114 ) ;
#7937 = DIRECTION ( 'NONE',  ( -0.000000000000000000, 0.1736481776669264454, 0.9848077530122087975 ) ) ;
#7938 = DIRECTION ( 'NONE',  ( 0.000000000000000000, 0.000000000000000000, -1.000000000000000000 ) ) ;
#7939 = ORIENTED_EDGE ( 'NONE', *, *, #4768, .T. ) ;
#7940 = CARTESIAN_POINT ( 'NONE',  ( -2.965000000000000746, 0.4499999999999999556, 2.250000000000004441 ) ) ;
#7941 = VERTEX_POINT ( 'NONE', #4860 ) ;
#7942 = VECTOR ( 'NONE', #850, 1000.000000000000000 ) ;
#7943 = PRESENTATION_LAYER_ASSIGNMENT (  '', '', ( #4540 ) ) ;
#7944 = ORIENTED_EDGE ( 'NONE', *, *, #9791, .F. ) ;
#7945 = SURFACE_STYLE_FILL_AREA ( #2746 ) ;
#7946 = ORIENTED_EDGE ( 'NONE', *, *, #5820, .T. ) ;
#7947 = PLANE ( 'NONE',  #2465 ) ;
#7948 = FILL_AREA_STYLE_COLOUR ( '', #10766 ) ;
#7949 =( GEOMETRIC_REPRESENTATION_CONTEXT ( 3 ) GLOBAL_UNCERTAINTY_ASSIGNED_CONTEXT ( ( #4712 ) ) GLOBAL_UNIT_ASSIGNED_CONTEXT ( ( #5872, #6687, #768 ) ) REPRESENTATION_CONTEXT ( 'NONE', 'WORKASPACE' ) );
#7950 =( NAMED_UNIT ( * ) PLANE_ANGLE_UNIT ( ) SI_UNIT ( $, .RADIAN. ) );
#7951 = ADVANCED_FACE ( 'NONE', ( #13043 ), #3681, .F. ) ;
#7952 =( GEOMETRIC_REPRESENTATION_CONTEXT ( 3 ) GLOBAL_UNCERTAINTY_ASSIGNED_CONTEXT ( ( #4425 ) ) GLOBAL_UNIT_ASSIGNED_CONTEXT ( ( #4366, #8436, #5361 ) ) REPRESENTATION_CONTEXT ( 'NONE', 'WORKASPACE' ) );
#7953 = CARTESIAN_POINT ( 'NONE',  ( -5.875000000000001776, 1.749999999999999778, 1.850000000000001421 ) ) ;
#7954 = FILL_AREA_STYLE_COLOUR ( '', #775 ) ;
#7955 = VERTEX_POINT ( 'NONE', #2609 ) ;
#7956 = EDGE_CURVE ( 'NONE', #6126, #2427, #2679, .T. ) ;
#7957 = ORIENTED_EDGE ( 'NONE', *, *, #2566, .T. ) ;
#7958 =( GEOMETRIC_REPRESENTATION_CONTEXT ( 3 ) GLOBAL_UNCERTAINTY_ASSIGNED_CONTEXT ( ( #6307 ) ) GLOBAL_UNIT_ASSIGNED_CONTEXT ( ( #2276, #4340, #9122 ) ) REPRESENTATION_CONTEXT ( 'NONE', 'WORKASPACE' ) );
#7959 = SURFACE_STYLE_FILL_AREA ( #1607 ) ;
#7960 = ADVANCED_FACE ( 'NONE', ( #10805 ), #2734, .F. ) ;
#7961 =( NAMED_UNIT ( * ) SI_UNIT ( $, .STERADIAN. ) SOLID_ANGLE_UNIT ( ) );
#7962 = FACE_OUTER_BOUND ( 'NONE', #12223, .T. ) ;
#7963 = VECTOR ( 'NONE', #7322, 1000.000000000000000 ) ;
#7964 = CARTESIAN_POINT ( 'NONE',  ( 5.375000000000002665, -1.029563014098701546, 1.850000000000001421 ) ) ;
#7965 = SURFACE_STYLE_FILL_AREA ( #4888 ) ;
#7966 = ORIENTED_EDGE ( 'NONE', *, *, #5603, .F. ) ;
#7967 =( LENGTH_UNIT ( ) NAMED_UNIT ( * ) SI_UNIT ( .MILLI., .METRE. ) );
#7968 = STYLED_ITEM ( 'NONE', ( #6248 ), #11444 ) ;
#7969 = EDGE_CURVE ( 'NONE', #5293, #11219, #5797, .T. ) ;
#7970 = AXIS2_PLACEMENT_3D ( 'NONE', #656, #6705, #4688 ) ;
#7971 = ORIENTED_EDGE ( 'NONE', *, *, #6813, .F. ) ;
#7972 = LINE ( 'NONE', #2910, #6283 ) ;
#7973 = DIRECTION ( 'NONE',  ( 0.000000000000000000, 0.7071067811865402453, -0.7071067811865547892 ) ) ;
#7974 =( LENGTH_UNIT ( ) NAMED_UNIT ( * ) SI_UNIT ( .MILLI., .METRE. ) );
#7975 = AXIS2_PLACEMENT_3D ( 'NONE', #2369, #2247, #12549 ) ;
#7976 = DIRECTION ( 'NONE',  ( 0.000000000000000000, 1.355252715606860081E-16, -1.000000000000000000 ) ) ;
#7977 = CARTESIAN_POINT ( 'NONE',  ( 3.600000000000007194, 4.400000000000003020, -1.450000000000041478 ) ) ;
#7978 = CARTESIAN_POINT ( 'NONE',  ( 5.875000000000001776, 2.900000000000005684, -1.850000000000001865 ) ) ;
#7979 = LINE ( 'NONE', #10730, #8138 ) ;
#7980 = FILL_AREA_STYLE_COLOUR ( '', #8455 ) ;
#7981 = DIRECTION ( 'NONE',  ( 1.000000000000000000, 0.000000000000000000, 0.000000000000000000 ) ) ;
#7982 =( GEOMETRIC_REPRESENTATION_CONTEXT ( 3 ) GLOBAL_UNCERTAINTY_ASSIGNED_CONTEXT ( ( #210 ) ) GLOBAL_UNIT_ASSIGNED_CONTEXT ( ( #4879, #844, #9021 ) ) REPRESENTATION_CONTEXT ( 'NONE', 'WORKASPACE' ) );
#7983 = DIRECTION ( 'NONE',  ( -1.000000000000000000, 0.000000000000000000, 0.000000000000000000 ) ) ;
#7984 = ORIENTED_EDGE ( 'NONE', *, *, #539, .T. ) ;
#7985 = ORIENTED_EDGE ( 'NONE', *, *, #7809, .F. ) ;
#7986 = PRESENTATION_STYLE_ASSIGNMENT (( #9112 ) ) ;
#7987 = ORIENTED_EDGE ( 'NONE', *, *, #1044, .F. ) ;
#7988 = EDGE_LOOP ( 'NONE', ( #108, #5282, #5939, #9441 ) ) ;
#7989 = DIRECTION ( 'NONE',  ( -0.000000000000000000, 1.000000000000000000, -0.000000000000000000 ) ) ;
#7990 = VECTOR ( 'NONE', #7271, 1000.000000000000000 ) ;
#7991 =( GEOMETRIC_REPRESENTATION_CONTEXT ( 3 ) GLOBAL_UNCERTAINTY_ASSIGNED_CONTEXT ( ( #5782 ) ) GLOBAL_UNIT_ASSIGNED_CONTEXT ( ( #9457, #7326, #3188 ) ) REPRESENTATION_CONTEXT ( 'NONE', 'WORKASPACE' ) );
#7992 = DIRECTION ( 'NONE',  ( -0.000000000000000000, -0.000000000000000000, 1.000000000000000000 ) ) ;
#7993 = PRESENTATION_STYLE_ASSIGNMENT (( #4975 ) ) ;
#7994 = CARTESIAN_POINT ( 'NONE',  ( -2.965000000000000746, 0.2999999999999997113, 1.449999999999998623 ) ) ;
#7995 = ADVANCED_FACE ( 'NONE', ( #6858 ), #10922, .T. ) ;
#7996 = SURFACE_SIDE_STYLE ('',( #9792 ) ) ;
#7997 =( GEOMETRIC_REPRESENTATION_CONTEXT ( 3 ) GLOBAL_UNCERTAINTY_ASSIGNED_CONTEXT ( ( #8697 ) ) GLOBAL_UNIT_ASSIGNED_CONTEXT ( ( #2435, #12615, #12363 ) ) REPRESENTATION_CONTEXT ( 'NONE', 'WORKASPACE' ) );
#7998 = LINE ( 'NONE', #4916, #1470 ) ;
#7999 = CARTESIAN_POINT ( 'NONE',  ( -4.925000000000019362, 1.749999999999999778, 1.549999999999990274 ) ) ;
#8000 = CARTESIAN_POINT ( 'NONE',  ( -5.875000000000001776, -0.9059928172283340242, 0.6500000000000039080 ) ) ;
#8001 = VECTOR ( 'NONE', #1153, 1000.000000000000000 ) ;
#8002 = ORIENTED_EDGE ( 'NONE', *, *, #439, .F. ) ;
#8003 = EDGE_CURVE ( 'NONE', #5053, #4893, #9323, .T. ) ;
#8004 = ORIENTED_EDGE ( 'NONE', *, *, #3958, .F. ) ;
#8005 = ORIENTED_EDGE ( 'NONE', *, *, #9025, .F. ) ;
#8006 = PRESENTATION_LAYER_ASSIGNMENT (  '', '', ( #9274 ) ) ;
#8007 = ORIENTED_EDGE ( 'NONE', *, *, #1361, .T. ) ;
#8008 =( NAMED_UNIT ( * ) SI_UNIT ( $, .STERADIAN. ) SOLID_ANGLE_UNIT ( ) );
#8009 = EDGE_CURVE ( 'NONE', #4645, #5473, #7064, .T. ) ;
#8010 = ORIENTED_EDGE ( 'NONE', *, *, #12576, .F. ) ;
#8011 = CARTESIAN_POINT ( 'NONE',  ( 5.875000000000001776, 2.900000000000005684, 0.9500000000000016209 ) ) ;
#8012 = DIRECTION ( 'NONE',  ( -0.9762960071199339174, 0.2164396139381006001, 0.000000000000000000 ) ) ;
#8013 = STYLED_ITEM ( 'NONE', ( #5879 ), #12826 ) ;
#8014 = DIRECTION ( 'NONE',  ( 0.000000000000000000, -1.000000000000000000, 0.000000000000000000 ) ) ;
#8015 = CARTESIAN_POINT ( 'NONE',  ( -4.215000000000000746, 0.1000000000000000056, 2.350000000000004530 ) ) ;
#8016 = DIRECTION ( 'NONE',  ( -1.000000000000000000, 0.000000000000000000, -0.000000000000000000 ) ) ;
#8017 =( GEOMETRIC_REPRESENTATION_CONTEXT ( 3 ) GLOBAL_UNCERTAINTY_ASSIGNED_CONTEXT ( ( #10189 ) ) GLOBAL_UNIT_ASSIGNED_CONTEXT ( ( #2646, #5575, #542 ) ) REPRESENTATION_CONTEXT ( 'NONE', 'WORKASPACE' ) );
#8018 = AXIS2_PLACEMENT_3D ( 'NONE', #2659, #4450, #4711 ) ;
#8019 = FILL_AREA_STYLE ('',( #5886 ) ) ;
#8020 = DIRECTION ( 'NONE',  ( -5.981805089575197183E-16, -1.000000000000000000, 0.000000000000000000 ) ) ;
#8021 = ORIENTED_EDGE ( 'NONE', *, *, #633, .F. ) ;
#8022 =( GEOMETRIC_REPRESENTATION_CONTEXT ( 3 ) GLOBAL_UNCERTAINTY_ASSIGNED_CONTEXT ( ( #9775 ) ) GLOBAL_UNIT_ASSIGNED_CONTEXT ( ( #11, #6047, #2133 ) ) REPRESENTATION_CONTEXT ( 'NONE', 'WORKASPACE' ) );
#8023 = EDGE_CURVE ( 'NONE', #5099, #9228, #1086, .T. ) ;
#8024 = SURFACE_SIDE_STYLE ('',( #1900 ) ) ;
#8025 = EDGE_CURVE ( 'NONE', #2221, #12290, #96, .T. ) ;
#8026 = ORIENTED_EDGE ( 'NONE', *, *, #10399, .F. ) ;
#8027 = FILL_AREA_STYLE ('',( #913 ) ) ;
#8028 = COLOUR_RGB ( '',1.000000000000000000, 0.8117647058823529438, 0.5019607843137254832 ) ;
#8029 = FACE_OUTER_BOUND ( 'NONE', #233, .T. ) ;
#8030 = LINE ( 'NONE', #4882, #2068 ) ;
#8031 = PLANE ( 'NONE',  #683 ) ;
#8032 = LINE ( 'NONE', #11897, #6439 ) ;
#8033 = FACE_OUTER_BOUND ( 'NONE', #7784, .T. ) ;
#8034 = STYLED_ITEM ( 'NONE', ( #5411 ), #5267 ) ;
#8035 = FILL_AREA_STYLE ('',( #12301 ) ) ;
#8036 = CARTESIAN_POINT ( 'NONE',  ( 6.875000000000006217, 1.649999999999999023, 0.3500000000000039746 ) ) ;
#8037 = EDGE_CURVE ( 'NONE', #3060, #8301, #11190, .T. ) ;
#8038 = ORIENTED_EDGE ( 'NONE', *, *, #3670, .T. ) ;
#8039 = SURFACE_SIDE_STYLE ('',( #5969 ) ) ;
#8040 = EDGE_LOOP ( 'NONE', ( #3527, #5619, #858, #1469, #10525 ) ) ;
#8041 = PLANE ( 'NONE',  #10945 ) ;
#8042 = FILL_AREA_STYLE ('',( #10105 ) ) ;
#8043 = CARTESIAN_POINT ( 'NONE',  ( 5.375000000000002665, 0.2999999999999999889, -0.9500000000000006217 ) ) ;
#8044 = CARTESIAN_POINT ( 'NONE',  ( 5.875000000000001776, 3.700000000000000178, 1.549999999999988942 ) ) ;
#8045 =( LENGTH_UNIT ( ) NAMED_UNIT ( * ) SI_UNIT ( .MILLI., .METRE. ) );
#8047 = FILL_AREA_STYLE ('',( #8363 ) ) ;
#8046 = UNCERTAINTY_MEASURE_WITH_UNIT (LENGTH_MEASURE( 1.000000000000000082E-05 ), #2345, 'distance_accuracy_value', 'NONE');
#8048 = PLANE ( 'NONE',  #9437 ) ;
#8049 = DIRECTION ( 'NONE',  ( 0.000000000000000000, -1.000000000000000000, 4.858652729125647824E-17 ) ) ;
#8050 = CARTESIAN_POINT ( 'NONE',  ( 7.074999999999998401, 2.600000000000005862, -1.850000000000001865 ) ) ;
#8051 = ADVANCED_FACE ( 'NONE', ( #7197 ), #3191, .T. ) ;
#8052 = DIRECTION ( 'NONE',  ( -1.000000000000000000, -0.000000000000000000, -0.000000000000000000 ) ) ;
#8053 = ORIENTED_EDGE ( 'NONE', *, *, #1283, .T. ) ;
#8054 = ORIENTED_EDGE ( 'NONE', *, *, #2644, .T. ) ;
#8055 = LINE ( 'NONE', #10915, #8821 ) ;
#8056 = ORIENTED_EDGE ( 'NONE', *, *, #815, .T. ) ;
#8057 = ORIENTED_EDGE ( 'NONE', *, *, #12758, .T. ) ;
#8058 = LINE ( 'NONE', #5991, #6926 ) ;
#8059 = MECHANICAL_DESIGN_GEOMETRIC_PRESENTATION_REPRESENTATION (  '', ( #425 ), #2672 ) ;
#8060 =( NAMED_UNIT ( * ) PLANE_ANGLE_UNIT ( ) SI_UNIT ( $, .RADIAN. ) );
#8061 = PRESENTATION_STYLE_ASSIGNMENT (( #9059 ) ) ;
#8062 = CARTESIAN_POINT ( 'NONE',  ( -5.875000000000001776, 0.000000000000000000, -0.9500000000000006217 ) ) ;
#8063 = CARTESIAN_POINT ( 'NONE',  ( -1.715000000000000746, 0.000000000000000000, 1.850000000000004530 ) ) ;
#8064 = CARTESIAN_POINT ( 'NONE',  ( -6.544999999999994600, 0.4500000000000015099, 0.3500000000000039746 ) ) ;
#8065 = DIRECTION ( 'NONE',  ( -1.000000000000000000, 0.000000000000000000, 1.176083712526648949E-16 ) ) ;
#8066 = ORIENTED_EDGE ( 'NONE', *, *, #12330, .F. ) ;
#8067 = EDGE_CURVE ( 'NONE', #12303, #11246, #8126, .T. ) ;
#8068 = ORIENTED_EDGE ( 'NONE', *, *, #10534, .T. ) ;
#8069 = ORIENTED_EDGE ( 'NONE', *, *, #2004, .T. ) ;
#8070 = ORIENTED_EDGE ( 'NONE', *, *, #10752, .T. ) ;
#8071 = CARTESIAN_POINT ( 'NONE',  ( -4.215000000000000746, 0.4499999999999999556, 2.250000000000004441 ) ) ;
#8072 = ORIENTED_EDGE ( 'NONE', *, *, #2656, .T. ) ;
#8073 = FILL_AREA_STYLE_COLOUR ( '', #10961 ) ;
#8074 = DIRECTION ( 'NONE',  ( -0.000000000000000000, 1.000000000000000000, -0.000000000000000000 ) ) ;
#8075 = CARTESIAN_POINT ( 'NONE',  ( -0.4650000000000010236, 0.4500000000000002331, 6.098637220230963674E-17 ) ) ;
#8076 = LINE ( 'NONE', #4874, #7067 ) ;
#8077 = ADVANCED_FACE ( 'NONE', ( #162 ), #6068, .F. ) ;
#8078 =( NAMED_UNIT ( * ) PLANE_ANGLE_UNIT ( ) SI_UNIT ( $, .RADIAN. ) );
#8079 = DIRECTION ( 'NONE',  ( 0.000000000000000000, 0.000000000000000000, -1.000000000000000000 ) ) ;
#8080 = CARTESIAN_POINT ( 'NONE',  ( 5.875000000000004441, 0.000000000000000000, -0.9500000000000006217 ) ) ;
#8081 = EDGE_LOOP ( 'NONE', ( #7413, #3310, #4429, #190, #3240, #7427 ) ) ;
#8082 = EDGE_CURVE ( 'NONE', #6440, #2619, #4523, .T. ) ;
#8083 = CARTESIAN_POINT ( 'NONE',  ( 5.875000000000001776, 2.900000000000005684, -1.550000000000004929 ) ) ;
#8084 = CARTESIAN_POINT ( 'NONE',  ( 3.200000000000007727, 2.100000000000005862, -1.850000000000001865 ) ) ;
#8085 = ORIENTED_EDGE ( 'NONE', *, *, #11001, .F. ) ;
#8086 = FILL_AREA_STYLE ('',( #6958 ) ) ;
#8087 = PRESENTATION_LAYER_ASSIGNMENT (  '', '', ( #5955 ) ) ;
#8088 = CARTESIAN_POINT ( 'NONE',  ( -7.574999999999993960, 0.2500000000000016098, 0.3500000000000039746 ) ) ;
#8089 = FILL_AREA_STYLE_COLOUR ( '', #9171 ) ;
#8090 =( LENGTH_UNIT ( ) NAMED_UNIT ( * ) SI_UNIT ( .MILLI., .METRE. ) );
#8091 = SURFACE_STYLE_FILL_AREA ( #11155 ) ;
#8092 = SURFACE_STYLE_USAGE ( .BOTH. , #4827 ) ;
#8093 = STYLED_ITEM ( 'NONE', ( #3530 ), #309 ) ;
#8094 = FACE_OUTER_BOUND ( 'NONE', #12014, .T. ) ;
#8095 = CARTESIAN_POINT ( 'NONE',  ( -4.535000000000001030, -1.579062136966065191E-17, -0.3250000000000473066 ) ) ;
#8096 = EDGE_CURVE ( 'NONE', #6942, #9689, #7460, .T. ) ;
#8097 = MECHANICAL_DESIGN_GEOMETRIC_PRESENTATION_REPRESENTATION (  '', ( #11729 ), #12370 ) ;
#8098 = PLANE ( 'NONE',  #10536 ) ;
#8099 = SURFACE_STYLE_USAGE ( .BOTH. , #12239 ) ;
#8100 = ORIENTED_EDGE ( 'NONE', *, *, #3283, .F. ) ;
#8101 = FILL_AREA_STYLE ('',( #3845 ) ) ;
#8102 = STYLED_ITEM ( 'NONE', ( #7363 ), #592 ) ;
#8103 = EDGE_LOOP ( 'NONE', ( #8981, #8523, #6689, #5855 ) ) ;
#8104 = CARTESIAN_POINT ( 'NONE',  ( -5.275000000000024336, 4.400000000000000355, 0.2249377794898766436 ) ) ;
#8105 = SURFACE_STYLE_USAGE ( .BOTH. , #9840 ) ;
#8106 = VECTOR ( 'NONE', #5959, 1000.000000000000000 ) ;
#8107 = STYLED_ITEM ( 'NONE', ( #1552 ), #6874 ) ;
#8108 = SURFACE_SIDE_STYLE ('',( #5033 ) ) ;
#8109 = SURFACE_SIDE_STYLE ('',( #8180 ) ) ;
#8110 = LINE ( 'NONE', #6048, #2283 ) ;
#8111 = ADVANCED_FACE ( 'NONE', ( #9460 ), #7404, .F. ) ;
#8112 = SURFACE_STYLE_USAGE ( .BOTH. , #4048 ) ;
#8113 = AXIS2_PLACEMENT_3D ( 'NONE', #9860, #6426, #690 ) ;
#8114 = LINE ( 'NONE', #82, #7520 ) ;
#8115 = CARTESIAN_POINT ( 'NONE',  ( 2.034999999999999698, 0.8750000000000022204, 0.8749999999999842348 ) ) ;
#8116 = EDGE_LOOP ( 'NONE', ( #11016, #6984, #12137, #3011 ) ) ;
#8117 = STYLED_ITEM ( 'NONE', ( #5554 ), #8528 ) ;
#8118 = VECTOR ( 'NONE', #12820, 1000.000000000000000 ) ;
#8119 = VERTEX_POINT ( 'NONE', #2397 ) ;
#8120 = SURFACE_STYLE_USAGE ( .BOTH. , #6985 ) ;
#8121 = ORIENTED_EDGE ( 'NONE', *, *, #11917, .T. ) ;
#8122 = ORIENTED_EDGE ( 'NONE', *, *, #1764, .F. ) ;
#8123 = DIRECTION ( 'NONE',  ( -1.052623468432528895E-16, 1.000000000000000000, 0.000000000000000000 ) ) ;
#8124 = VECTOR ( 'NONE', #8374, 1000.000000000000000 ) ;
#8125 = LINE ( 'NONE', #7059, #4670 ) ;
#8126 = LINE ( 'NONE', #7254, #52 ) ;
#8127 = DIRECTION ( 'NONE',  ( -1.000000000000000000, 0.000000000000000000, 0.000000000000000000 ) ) ;
#8128 = CARTESIAN_POINT ( 'NONE',  ( -3.285000000000000586, 3.548929149633788249, -0.9250000000000404565 ) ) ;
#8129 = CIRCLE ( 'NONE', #5368, 0.1999999999999996503 ) ;
#8130 = LINE ( 'NONE', #1159, #10476 ) ;
#8131 = EDGE_CURVE ( 'NONE', #10413, #2376, #6462, .T. ) ;
#8132 = CARTESIAN_POINT ( 'NONE',  ( 0.000000000000000000, 0.000000000000000000, 0.000000000000000000 ) ) ;
#8133 = CARTESIAN_POINT ( 'NONE',  ( 2.034999999999999698, 2.865743636076471645, -0.3250000000000474731 ) ) ;
#8134 = PRESENTATION_LAYER_ASSIGNMENT (  '', '', ( #2003 ) ) ;
#8135 = SURFACE_STYLE_FILL_AREA ( #10133 ) ;
#8136 = ORIENTED_EDGE ( 'NONE', *, *, #9489, .F. ) ;
#8137 = SURFACE_STYLE_USAGE ( .BOTH. , #5937 ) ;
#8138 = VECTOR ( 'NONE', #10844, 1000.000000000000000 ) ;
#8139 = ORIENTED_EDGE ( 'NONE', *, *, #10642, .T. ) ;
#8140 = VERTEX_POINT ( 'NONE', #11456 ) ;
#8142 = ADVANCED_FACE ( 'NONE', ( #10528 ), #6591, .F. ) ;
#8141 = EDGE_LOOP ( 'NONE', ( #10856, #174, #11579, #12914, #11990, #9964, #10822, #5202 ) ) ;
#8143 = DIRECTION ( 'NONE',  ( -1.000000000000000000, 0.000000000000000000, 0.000000000000000000 ) ) ;
#8144 = STYLED_ITEM ( 'NONE', ( #1431 ), #2088 ) ;
#8145 = LINE ( 'NONE', #12339, #277 ) ;
#8146 = VECTOR ( 'NONE', #621, 1000.000000000000000 ) ;
#8147 = DIRECTION ( 'NONE',  ( -1.000000000000000000, 0.000000000000000000, 0.000000000000000000 ) ) ;
#8148 = FACE_OUTER_BOUND ( 'NONE', #9901, .T. ) ;
#8149 = SURFACE_SIDE_STYLE ('',( #180 ) ) ;
#8150 = DIRECTION ( 'NONE',  ( 0.2133021165724272028, -0.9621436710723735297, -0.1696518885279465483 ) ) ;
#8151 = CARTESIAN_POINT ( 'NONE',  ( 3.284999999999998810, 2.865743636076471201, -1.125000000000033973 ) ) ;
#8152 = CARTESIAN_POINT ( 'NONE',  ( -1.514897842624820079, 0.2565727441013923582, 0.1350672255343199901 ) ) ;
#8153 = AXIS2_PLACEMENT_3D ( 'NONE', #4192, #11302, #12056 ) ;
#8154 = ORIENTED_EDGE ( 'NONE', *, *, #4015, .F. ) ;
#8155 = AXIS2_PLACEMENT_3D ( 'NONE', #6567, #2438, #9564 ) ;
#8156 =( NAMED_UNIT ( * ) PLANE_ANGLE_UNIT ( ) SI_UNIT ( $, .RADIAN. ) );
#8157 = ORIENTED_EDGE ( 'NONE', *, *, #6879, .F. ) ;
#8158 = DIRECTION ( 'NONE',  ( 1.000000000000000000, 0.000000000000000000, -0.000000000000000000 ) ) ;
#8159 = STYLED_ITEM ( 'NONE', ( #12895 ), #9675 ) ;
#8160 = ORIENTED_EDGE ( 'NONE', *, *, #8699, .T. ) ;
#8161 = LINE ( 'NONE', #2116, #1827 ) ;
#8162 = CARTESIAN_POINT ( 'NONE',  ( 6.344999999999994422, 0.2999999999999999889, -1.749999999999997558 ) ) ;
#8163 = CARTESIAN_POINT ( 'NONE',  ( 0.4649999999999992473, 0.000000000000000000, -1.125000000000033973 ) ) ;
#8164 = LINE ( 'NONE', #1057, #2784 ) ;
#8165 = AXIS2_PLACEMENT_3D ( 'NONE', #5430, #8296, #6367 ) ;
#8166 = FILL_AREA_STYLE_COLOUR ( '', #12813 ) ;
#8167 = EDGE_CURVE ( 'NONE', #10539, #2667, #5587, .T. ) ;
#8168 =( LENGTH_UNIT ( ) NAMED_UNIT ( * ) SI_UNIT ( .MILLI., .METRE. ) );
#8169 = DIRECTION ( 'NONE',  ( -0.000000000000000000, -1.000000000000000000, -0.000000000000000000 ) ) ;
#8170 = VECTOR ( 'NONE', #8554, 999.9999999999998863 ) ;
#8171 = FILL_AREA_STYLE ('',( #4174 ) ) ;
#8172 = DIRECTION ( 'NONE',  ( 0.000000000000000000, 0.000000000000000000, -1.000000000000000000 ) ) ;
#8173 = STYLED_ITEM ( 'NONE', ( #11400 ), #2905 ) ;
#8174 = ORIENTED_EDGE ( 'NONE', *, *, #8196, .T. ) ;
#8175 = DIRECTION ( 'NONE',  ( 0.000000000000000000, 0.000000000000000000, -1.000000000000000000 ) ) ;
#8176 = ORIENTED_EDGE ( 'NONE', *, *, #9857, .T. ) ;
#8177 = FACE_OUTER_BOUND ( 'NONE', #6765, .T. ) ;
#8178 = DIRECTION ( 'NONE',  ( -0.000000000000000000, -1.000000000000000000, -0.000000000000000000 ) ) ;
#8179 = CARTESIAN_POINT ( 'NONE',  ( 0.000000000000000000, 2.600000000000005862, -1.850000000000001865 ) ) ;
#8180 = SURFACE_STYLE_FILL_AREA ( #9042 ) ;
#8181 = DIRECTION ( 'NONE',  ( 5.052592648476138302E-15, -1.000000000000000000, 0.000000000000000000 ) ) ;
#8182 = UNCERTAINTY_MEASURE_WITH_UNIT (LENGTH_MEASURE( 1.000000000000000082E-05 ), #6927, 'distance_accuracy_value', 'NONE');
#8183 = PRESENTATION_LAYER_ASSIGNMENT (  '', '', ( #755 ) ) ;
#8184 = CARTESIAN_POINT ( 'NONE',  ( 0.000000000000000000, 3.250000000000005329, -1.850000000000001865 ) ) ;
#8185 =( NAMED_UNIT ( * ) PLANE_ANGLE_UNIT ( ) SI_UNIT ( $, .RADIAN. ) );
#8186 = CARTESIAN_POINT ( 'NONE',  ( 5.400881904447568438, 4.525881904447542681, -0.6283451969090776412 ) ) ;
#8187 = ORIENTED_EDGE ( 'NONE', *, *, #9169, .F. ) ;
#8188 = ORIENTED_EDGE ( 'NONE', *, *, #5054, .T. ) ;
#8189 = CARTESIAN_POINT ( 'NONE',  ( -5.375000000000000888, -1.029563014098701546, 1.850000000000001421 ) ) ;
#8190 = EDGE_CURVE ( 'NONE', #12523, #8729, #11739, .T. ) ;
#8191 = ORIENTED_EDGE ( 'NONE', *, *, #11211, .F. ) ;
#8192 = ORIENTED_EDGE ( 'NONE', *, *, #12857, .T. ) ;
#8193 = DIRECTION ( 'NONE',  ( 0.000000000000000000, 0.000000000000000000, -1.000000000000000000 ) ) ;
#8194 = VECTOR ( 'NONE', #6038, 1000.000000000000000 ) ;
#8195 = FACE_OUTER_BOUND ( 'NONE', #3740, .T. ) ;
#8196 = EDGE_CURVE ( 'NONE', #12571, #6583, #1423, .T. ) ;
#8197 = LINE ( 'NONE', #7196, #11198 ) ;
#8198 = DIRECTION ( 'NONE',  ( 1.000000000000000000, 0.000000000000000000, 0.000000000000000000 ) ) ;
#8199 = VECTOR ( 'NONE', #1319, 1000.000000000000000 ) ;
#8200 =( NAMED_UNIT ( * ) PLANE_ANGLE_UNIT ( ) SI_UNIT ( $, .RADIAN. ) );
#8202 = CARTESIAN_POINT ( 'NONE',  ( -6.344999999999994422, 0.4500000000000014544, -1.849999999999996092 ) ) ;
#8201 = UNCERTAINTY_MEASURE_WITH_UNIT (LENGTH_MEASURE( 1.000000000000000082E-05 ), #9698, 'distance_accuracy_value', 'NONE');
#8203 = FACE_OUTER_BOUND ( 'NONE', #8269, .T. ) ;
#8204 = VECTOR ( 'NONE', #315, 1000.000000000000000 ) ;
#8205 = LINE ( 'NONE', #1164, #6890 ) ;
#8206 = EDGE_CURVE ( 'NONE', #11218, #9528, #9661, .T. ) ;
#8207 = ORIENTED_EDGE ( 'NONE', *, *, #1378, .T. ) ;
#8208 = SURFACE_STYLE_USAGE ( .BOTH. , #13052 ) ;
#8209 = VECTOR ( 'NONE', #3820, 1000.000000000000000 ) ;
#8210 = EDGE_CURVE ( 'NONE', #340, #10630, #555, .T. ) ;
#8211 = VERTEX_POINT ( 'NONE', #3268 ) ;
#8212 = ORIENTED_EDGE ( 'NONE', *, *, #11224, .F. ) ;
#8213 = ORIENTED_EDGE ( 'NONE', *, *, #2328, .F. ) ;
#8214 = LINE ( 'NONE', #11267, #3101 ) ;
#8215 = COLOUR_RGB ( '',1.000000000000000000, 0.8117647058823529438, 0.5019607843137254832 ) ;
#8216 = SURFACE_STYLE_USAGE ( .BOTH. , #239 ) ;
#8217 = CARTESIAN_POINT ( 'NONE',  ( -6.544999999999994600, 1.200000000000000178, -1.849999999999996092 ) ) ;
#8218 = FACE_OUTER_BOUND ( 'NONE', #4498, .T. ) ;
#8219 = LINE ( 'NONE', #2227, #9405 ) ;
#8220 = VECTOR ( 'NONE', #9927, 1000.000000000000000 ) ;
#8221 =( NAMED_UNIT ( * ) SI_UNIT ( $, .STERADIAN. ) SOLID_ANGLE_UNIT ( ) );
#8222 = EDGE_CURVE ( 'NONE', #8603, #8798, #12458, .T. ) ;
#8223 = VECTOR ( 'NONE', #1172, 1000.000000000000114 ) ;
#8224 =( NAMED_UNIT ( * ) PLANE_ANGLE_UNIT ( ) SI_UNIT ( $, .RADIAN. ) );
#8225 = VERTEX_POINT ( 'NONE', #5460 ) ;
#8226 = DIRECTION ( 'NONE',  ( -1.000000000000000000, 0.000000000000000000, -0.000000000000000000 ) ) ;
#8227 = VECTOR ( 'NONE', #5946, 1000.000000000000000 ) ;
#8228 = ORIENTED_EDGE ( 'NONE', *, *, #11373, .F. ) ;
#8229 = CARTESIAN_POINT ( 'NONE',  ( 4.925000000000019362, 1.749999999999999778, 0.9499999999999856337 ) ) ;
#8230 = EDGE_LOOP ( 'NONE', ( #7269, #11215, #4078, #11638 ) ) ;
#8231 = LINE ( 'NONE', #4096, #7571 ) ;
#8232 = LINE ( 'NONE', #2176, #1551 ) ;
#8233 = PRESENTATION_LAYER_ASSIGNMENT (  '', '', ( #2698 ) ) ;
#8235 = AXIS2_PLACEMENT_3D ( 'NONE', #9912, #4842, #742 ) ;
#8234 = DIRECTION ( 'NONE',  ( -0.000000000000000000, -0.000000000000000000, 1.000000000000000000 ) ) ;
#8236 = CARTESIAN_POINT ( 'NONE',  ( -5.875000000000001776, 2.900000000000003020, -1.850000000000001865 ) ) ;
#8237 = FACE_OUTER_BOUND ( 'NONE', #3864, .T. ) ;
#8238 = FACE_OUTER_BOUND ( 'NONE', #12851, .T. ) ;
#8239 = DIRECTION ( 'NONE',  ( 0.000000000000000000, -0.9848077530122087975, 0.1736481776669264454 ) ) ;
#8240 = AXIS2_PLACEMENT_3D ( 'NONE', #2710, #12102, #7836 ) ;
#8241 = VERTEX_POINT ( 'NONE', #4449 ) ;
#8242 = ORIENTED_EDGE ( 'NONE', *, *, #9563, .T. ) ;
#8243 = CARTESIAN_POINT ( 'NONE',  ( 0.000000000000000000, 0.000000000000000000, 0.000000000000000000 ) ) ;
#8244 = AXIS2_PLACEMENT_3D ( 'NONE', #10479, #3356, #179 ) ;
#8245 = PLANE ( 'NONE',  #6114 ) ;
#8246 =( NAMED_UNIT ( * ) SI_UNIT ( $, .STERADIAN. ) SOLID_ANGLE_UNIT ( ) );
#8247 = PRESENTATION_STYLE_ASSIGNMENT (( #5159 ) ) ;
#8248 = MECHANICAL_DESIGN_GEOMETRIC_PRESENTATION_REPRESENTATION (  '', ( #8034 ), #3134 ) ;
#8249 = LINE ( 'NONE', #11300, #2083 ) ;
#8250 = DIRECTION ( 'NONE',  ( 0.000000000000000000, 0.000000000000000000, -1.000000000000000000 ) ) ;
#8251 = ADVANCED_FACE ( 'NONE', ( #6532 ), #3464, .T. ) ;
#8252 = PLANE ( 'NONE',  #7865 ) ;
#8253 = DIRECTION ( 'NONE',  ( 0.000000000000000000, 1.000000000000000000, -4.814824860968090180E-32 ) ) ;
#8254 = ORIENTED_EDGE ( 'NONE', *, *, #4752, .T. ) ;
#8255 = FILL_AREA_STYLE ('',( #8316 ) ) ;
#8256 = ORIENTED_EDGE ( 'NONE', *, *, #662, .F. ) ;
#8257 = ORIENTED_EDGE ( 'NONE', *, *, #6093, .T. ) ;
#8258 = CARTESIAN_POINT ( 'NONE',  ( -2.965000000000000746, 0.03083447080518480002, 0.1748709736949816407 ) ) ;
#8259 = SURFACE_SIDE_STYLE ('',( #7061 ) ) ;
#8260 =( NAMED_UNIT ( * ) PLANE_ANGLE_UNIT ( ) SI_UNIT ( $, .RADIAN. ) );
#8261 = CARTESIAN_POINT ( 'NONE',  ( -5.375000000000000888, 0.000000000000000000, -0.9500000000000006217 ) ) ;
#8262 = CARTESIAN_POINT ( 'NONE',  ( -2.035000000000000586, -1.579062136966065191E-17, -0.3250000000000473066 ) ) ;
#8263 = CARTESIAN_POINT ( 'NONE',  ( 2.964999999999998970, 0.3000000000000002665, 4.065758146820583696E-17 ) ) ;
#8264 = PLANE ( 'NONE',  #11547 ) ;
#8265 = EDGE_CURVE ( 'NONE', #12500, #785, #10957, .T. ) ;
#8266 = EDGE_CURVE ( 'NONE', #1115, #12950, #3908, .T. ) ;
#8267 = ORIENTED_EDGE ( 'NONE', *, *, #7587, .T. ) ;
#8268 = DIRECTION ( 'NONE',  ( -0.000000000000000000, -0.000000000000000000, 1.000000000000000000 ) ) ;
#8269 = EDGE_LOOP ( 'NONE', ( #4346, #1485, #12536, #2540 ) ) ;
#8270 = ORIENTED_EDGE ( 'NONE', *, *, #6210, .T. ) ;
#8271 = ORIENTED_EDGE ( 'NONE', *, *, #5143, .T. ) ;
#8272 = CARTESIAN_POINT ( 'NONE',  ( 3.284999999999998810, 1.083335593717822357E-31, 2.250000000000004441 ) ) ;
#8273 = CARTESIAN_POINT ( 'NONE',  ( -1.715000000000000746, 0.2999999999999999889, 1.850000000000004530 ) ) ;
#8274 = LINE ( 'NONE', #9270, #3019 ) ;
#8275 = DIRECTION ( 'NONE',  ( 0.000000000000000000, -0.7071067811865482389, 0.7071067811865469066 ) ) ;
#8276 = LINE ( 'NONE', #5125, #1352 ) ;
#8277 = ADVANCED_FACE ( 'NONE', ( #5894 ), #12036, .T. ) ;
#8278 = CARTESIAN_POINT ( 'NONE',  ( -7.375000000000000000, 2.600000000000005862, -1.850000000000001865 ) ) ;
#8279 = EDGE_CURVE ( 'NONE', #8464, #2264, #11964, .T. ) ;
#8280 = ADVANCED_FACE ( 'NONE', ( #6963 ), #8031, .F. ) ;
#8281 = CARTESIAN_POINT ( 'NONE',  ( -6.344999999999994422, 0.4500000000000014544, 0.3500000000000039746 ) ) ;
#8282 = ORIENTED_EDGE ( 'NONE', *, *, #8279, .T. ) ;
#8283 = CARTESIAN_POINT ( 'NONE',  ( -6.544999999999994600, 2.059984127722458425E-15, -1.849999999999996092 ) ) ;
#8284 = EDGE_LOOP ( 'NONE', ( #6739, #9180, #9007, #3655, #2701, #11833, #802 ) ) ;
#8285 = FILL_AREA_STYLE_COLOUR ( '', #11555 ) ;
#8286 = EDGE_LOOP ( 'NONE', ( #7450, #1294, #251, #5346 ) ) ;
#8287 = PLANE ( 'NONE',  #4986 ) ;
#8288 = DIRECTION ( 'NONE',  ( -1.000000000000000000, 1.084202172485507589E-15, 0.000000000000000000 ) ) ;
#8289 = DIRECTION ( 'NONE',  ( 0.000000000000000000, -0.000000000000000000, 1.000000000000000000 ) ) ;
#8290 = SURFACE_STYLE_USAGE ( .BOTH. , #194 ) ;
#8291 = UNCERTAINTY_MEASURE_WITH_UNIT (LENGTH_MEASURE( 1.000000000000000082E-05 ), #8306, 'distance_accuracy_value', 'NONE');
#8292 = LINE ( 'NONE', #9150, #7514 ) ;
#8293 = CARTESIAN_POINT ( 'NONE',  ( 0.7849999999999992539, 1.749999999999999778, -1.125000000000033973 ) ) ;
#8294 = EDGE_CURVE ( 'NONE', #12848, #12591, #11722, .T. ) ;
#8295 = SURFACE_SIDE_STYLE ('',( #7434 ) ) ;
#8296 = DIRECTION ( 'NONE',  ( 1.000000000000000000, 0.000000000000000000, 0.000000000000000000 ) ) ;
#8297 = MECHANICAL_DESIGN_GEOMETRIC_PRESENTATION_REPRESENTATION (  '', ( #860 ), #12132 ) ;
#8298 = MECHANICAL_DESIGN_GEOMETRIC_PRESENTATION_REPRESENTATION (  '', ( #6799 ), #1523 ) ;
#8299 = ORIENTED_EDGE ( 'NONE', *, *, #3149, .T. ) ;
#8300 = CARTESIAN_POINT ( 'NONE',  ( -2.035000000000000586, 3.548929149633788249, -1.004535961130712751 ) ) ;
#8301 = VERTEX_POINT ( 'NONE', #10022 ) ;
#8302 = CARTESIAN_POINT ( 'NONE',  ( -0.4650000000000010236, 0.2999999999999999889, 1.850000000000004530 ) ) ;
#8303 = DIRECTION ( 'NONE',  ( 0.000000000000000000, 0.000000000000000000, -1.000000000000000000 ) ) ;
#8304 =( GEOMETRIC_REPRESENTATION_CONTEXT ( 3 ) GLOBAL_UNCERTAINTY_ASSIGNED_CONTEXT ( ( #11644 ) ) GLOBAL_UNIT_ASSIGNED_CONTEXT ( ( #5032, #12954, #5909 ) ) REPRESENTATION_CONTEXT ( 'NONE', 'WORKASPACE' ) );
#8305 = DIRECTION ( 'NONE',  ( 0.000000000000000000, 0.000000000000000000, 1.000000000000000000 ) ) ;
#8306 =( LENGTH_UNIT ( ) NAMED_UNIT ( * ) SI_UNIT ( .MILLI., .METRE. ) );
#8307 = UNCERTAINTY_MEASURE_WITH_UNIT (LENGTH_MEASURE( 1.000000000000000082E-05 ), #11189, 'distance_accuracy_value', 'NONE');
#8308 = VECTOR ( 'NONE', #8495, 1000.000000000000000 ) ;
#8309 = COLOUR_RGB ( '',1.000000000000000000, 1.000000000000000000, 1.000000000000000000 ) ;
#8310 = CARTESIAN_POINT ( 'NONE',  ( -5.275000000000024336, 4.400000000000000355, 0.9499999999999868550 ) ) ;
#8311 = CARTESIAN_POINT ( 'NONE',  ( 2.034999999999999698, 0.1000000000000000056, 2.350000000000004530 ) ) ;
#8312 = CARTESIAN_POINT ( 'NONE',  ( 4.214999999999999858, 2.865743636076471645, -0.3250000000000474731 ) ) ;
#8313 =( LENGTH_UNIT ( ) NAMED_UNIT ( * ) SI_UNIT ( .MILLI., .METRE. ) );
#8314 =( GEOMETRIC_REPRESENTATION_CONTEXT ( 3 ) GLOBAL_UNCERTAINTY_ASSIGNED_CONTEXT ( ( #11227 ) ) GLOBAL_UNIT_ASSIGNED_CONTEXT ( ( #725, #8829, #6030 ) ) REPRESENTATION_CONTEXT ( 'NONE', 'WORKASPACE' ) );
#8315 = VERTEX_POINT ( 'NONE', #2958 ) ;
#8316 = FILL_AREA_STYLE_COLOUR ( '', #7550 ) ;
#8317 = ORIENTED_EDGE ( 'NONE', *, *, #11029, .F. ) ;
#8318 = ORIENTED_EDGE ( 'NONE', *, *, #4824, .T. ) ;
#8319 = PRESENTATION_STYLE_ASSIGNMENT (( #3461 ) ) ;
#8320 = AXIS2_PLACEMENT_3D ( 'NONE', #5030, #12112, #8907 ) ;
#8321 =( NAMED_UNIT ( * ) SI_UNIT ( $, .STERADIAN. ) SOLID_ANGLE_UNIT ( ) );
#8322 = DIRECTION ( 'NONE',  ( -1.000000000000000000, 0.000000000000000000, 0.000000000000000000 ) ) ;
#8323 =( GEOMETRIC_REPRESENTATION_CONTEXT ( 3 ) GLOBAL_UNCERTAINTY_ASSIGNED_CONTEXT ( ( #2439 ) ) GLOBAL_UNIT_ASSIGNED_CONTEXT ( ( #13109, #8060, #2015 ) ) REPRESENTATION_CONTEXT ( 'NONE', 'WORKASPACE' ) );
#8325 = DIRECTION ( 'NONE',  ( 0.000000000000000000, 0.000000000000000000, -1.000000000000000000 ) ) ;
#8324 = UNCERTAINTY_MEASURE_WITH_UNIT (LENGTH_MEASURE( 1.000000000000000082E-05 ), #7259, 'distance_accuracy_value', 'NONE');
#8326 = SURFACE_STYLE_FILL_AREA ( #6072 ) ;
#8327 = PLANE ( 'NONE',  #11416 ) ;
#8328 = EDGE_CURVE ( 'NONE', #6678, #4344, #7023, .T. ) ;
#8329 = DIRECTION ( 'NONE',  ( -0.000000000000000000, 0.000000000000000000, 1.000000000000000000 ) ) ;
#8330 = EDGE_CURVE ( 'NONE', #2297, #4352, #1324, .T. ) ;
#8331 = CIRCLE ( 'NONE', #7899, 0.1999999999999996503 ) ;
#8332 = LINE ( 'NONE', #7136, #9865 ) ;
#8333 = ORIENTED_EDGE ( 'NONE', *, *, #516, .T. ) ;
#8334 = CARTESIAN_POINT ( 'NONE',  ( 6.875000000000006217, 1.399999999999998579, -1.749999999999997558 ) ) ;
#8335 = PRESENTATION_LAYER_ASSIGNMENT (  '', '', ( #8762 ) ) ;
#8336 = ORIENTED_EDGE ( 'NONE', *, *, #3815, .T. ) ;
#8337 = VERTEX_POINT ( 'NONE', #61 ) ;
#8338 = ORIENTED_EDGE ( 'NONE', *, *, #5732, .T. ) ;
#8339 = DIRECTION ( 'NONE',  ( -1.000000000000000000, -0.000000000000000000, -0.000000000000000000 ) ) ;
#8340 = CIRCLE ( 'NONE', #6000, 0.09999999995018464538 ) ;
#8341 = CARTESIAN_POINT ( 'NONE',  ( -8.059999999999995168, 0.2500000000000015543, -1.164999999999996927 ) ) ;
#8342 = LINE ( 'NONE', #1374, #9935 ) ;
#8343 = PRESENTATION_STYLE_ASSIGNMENT (( #10406 ) ) ;
#8344 = DIRECTION ( 'NONE',  ( -1.000000000000000000, -0.000000000000000000, -0.000000000000000000 ) ) ;
#8345 =( GEOMETRIC_REPRESENTATION_CONTEXT ( 3 ) GLOBAL_UNCERTAINTY_ASSIGNED_CONTEXT ( ( #9752 ) ) GLOBAL_UNIT_ASSIGNED_CONTEXT ( ( #4471, #8550, #12532 ) ) REPRESENTATION_CONTEXT ( 'NONE', 'WORKASPACE' ) );
#8346 = CARTESIAN_POINT ( 'NONE',  ( -3.900000000000000799, 4.700000000000000178, -1.750000000000041744 ) ) ;
#8347 =( GEOMETRIC_REPRESENTATION_CONTEXT ( 3 ) GLOBAL_UNCERTAINTY_ASSIGNED_CONTEXT ( ( #6761 ) ) GLOBAL_UNIT_ASSIGNED_CONTEXT ( ( #3837, #2054, #7835 ) ) REPRESENTATION_CONTEXT ( 'NONE', 'WORKASPACE' ) );
#8348 = SURFACE_STYLE_FILL_AREA ( #7149 ) ;
#8349 =( LENGTH_UNIT ( ) NAMED_UNIT ( * ) SI_UNIT ( .MILLI., .METRE. ) );
#8350 = STYLED_ITEM ( 'NONE', ( #12531 ), #8854 ) ;
#8351 = LINE ( 'NONE', #8281, #1834 ) ;
#8352 = VERTEX_POINT ( 'NONE', #9218 ) ;
#8353 = STYLED_ITEM ( 'NONE', ( #168 ), #2008 ) ;
#8354 = ORIENTED_EDGE ( 'NONE', *, *, #11696, .F. ) ;
#8355 = CARTESIAN_POINT ( 'NONE',  ( -7.375000000000000000, 24.60698852501704437, 0.9500000000000041744 ) ) ;
#8356 = ORIENTED_EDGE ( 'NONE', *, *, #4738, .T. ) ;
#8357 = CARTESIAN_POINT ( 'NONE',  ( -1.715000000000000746, 0.000000000000000000, -1.125000000000033973 ) ) ;
#8358 =( NAMED_UNIT ( * ) SI_UNIT ( $, .STERADIAN. ) SOLID_ANGLE_UNIT ( ) );
#8359 = LINE ( 'NONE', #1189, #2080 ) ;
#8360 = PLANE ( 'NONE',  #9490 ) ;
#8361 = EDGE_CURVE ( 'NONE', #2855, #3365, #6939, .T. ) ;
#8362 =( NAMED_UNIT ( * ) SI_UNIT ( $, .STERADIAN. ) SOLID_ANGLE_UNIT ( ) );
#8363 = FILL_AREA_STYLE_COLOUR ( '', #7312 ) ;
#8364 = VECTOR ( 'NONE', #543, 1000.000000000000000 ) ;
#8365 =( NAMED_UNIT ( * ) SI_UNIT ( $, .STERADIAN. ) SOLID_ANGLE_UNIT ( ) );
#8366 = PLANE ( 'NONE',  #536 ) ;
#8367 = CARTESIAN_POINT ( 'NONE',  ( 4.535000000000000142, 0.1000000000000000056, 2.350000000000004530 ) ) ;
#8368 = ORIENTED_EDGE ( 'NONE', *, *, #6348, .F. ) ;
#8369 = EDGE_CURVE ( 'NONE', #5858, #1131, #3097, .T. ) ;
#8370 = ORIENTED_EDGE ( 'NONE', *, *, #10297, .F. ) ;
#8371 = CARTESIAN_POINT ( 'NONE',  ( -7.375000000000000000, 2.600000000000005862, 0.9500000000000041744 ) ) ;
#8372 =( GEOMETRIC_REPRESENTATION_CONTEXT ( 3 ) GLOBAL_UNCERTAINTY_ASSIGNED_CONTEXT ( ( #4680 ) ) GLOBAL_UNIT_ASSIGNED_CONTEXT ( ( #8504, #11361, #461 ) ) REPRESENTATION_CONTEXT ( 'NONE', 'WORKASPACE' ) );
#8373 = LINE ( 'NONE', #12441, #10867 ) ;
#8374 = DIRECTION ( 'NONE',  ( 1.000000000000000000, 0.000000000000000000, 0.000000000000000000 ) ) ;
#8375 = CARTESIAN_POINT ( 'NONE',  ( 0.000000000000000000, 0.000000000000000000, 0.000000000000000000 ) ) ;
#8376 = COLOUR_RGB ( '',1.000000000000000000, 1.000000000000000000, 1.000000000000000000 ) ;
#8377 = CARTESIAN_POINT ( 'NONE',  ( 2.964999999999998970, 0.4500000000000000111, 1.850000000000004530 ) ) ;
#8378 = DIRECTION ( 'NONE',  ( -1.000000000000000000, -3.942553354492748461E-16, 1.233215741215733931E-16 ) ) ;
#8379 = VECTOR ( 'NONE', #3799, 1000.000000000000000 ) ;
#8380 = LINE ( 'NONE', #10446, #339 ) ;
#8381 = EDGE_CURVE ( 'NONE', #3986, #8482, #3162, .T. ) ;
#8382 = ORIENTED_EDGE ( 'NONE', *, *, #8634, .F. ) ;
#8383 = FACE_OUTER_BOUND ( 'NONE', #7841, .T. ) ;
#8384 = VECTOR ( 'NONE', #171, 1000.000000000000000 ) ;
#8385 = ORIENTED_EDGE ( 'NONE', *, *, #1056, .T. ) ;
#8386 = VERTEX_POINT ( 'NONE', #5070 ) ;
#8387 = SURFACE_STYLE_FILL_AREA ( #12455 ) ;
#8388 =( LENGTH_UNIT ( ) NAMED_UNIT ( * ) SI_UNIT ( .MILLI., .METRE. ) );
#8389 = FILL_AREA_STYLE_COLOUR ( '', #9780 ) ;
#8390 = MECHANICAL_DESIGN_GEOMETRIC_PRESENTATION_REPRESENTATION (  '', ( #755 ), #2859 ) ;
#8391 =( NAMED_UNIT ( * ) PLANE_ANGLE_UNIT ( ) SI_UNIT ( $, .RADIAN. ) );
#8392 =( NAMED_UNIT ( * ) PLANE_ANGLE_UNIT ( ) SI_UNIT ( $, .RADIAN. ) );
#8393 = CARTESIAN_POINT ( 'NONE',  ( -2.965000000000000746, 1.749999999999999778, -0.3250000000000474176 ) ) ;
#8394 = DIRECTION ( 'NONE',  ( 1.000000000000000000, -1.301042606982605124E-15, -0.000000000000000000 ) ) ;
#8395 = CARTESIAN_POINT ( 'NONE',  ( 0.7849999999999992539, 1.749999999999999778, -0.3250000000000474176 ) ) ;
#8396 = CARTESIAN_POINT ( 'NONE',  ( -6.875000000000006217, 1.650000000000000799, 0.3500000000000039746 ) ) ;
#8397 = SURFACE_STYLE_USAGE ( .BOTH. , #11592 ) ;
#8398 =( GEOMETRIC_REPRESENTATION_CONTEXT ( 3 ) GLOBAL_UNCERTAINTY_ASSIGNED_CONTEXT ( ( #12181 ) ) GLOBAL_UNIT_ASSIGNED_CONTEXT ( ( #4512, #613, #12638 ) ) REPRESENTATION_CONTEXT ( 'NONE', 'WORKASPACE' ) );
#8399 = CARTESIAN_POINT ( 'NONE',  ( -6.874999999999999112, 0.2999999999999999889, -1.850000000000001865 ) ) ;
#8400 =( GEOMETRIC_REPRESENTATION_CONTEXT ( 3 ) GLOBAL_UNCERTAINTY_ASSIGNED_CONTEXT ( ( #5624 ) ) GLOBAL_UNIT_ASSIGNED_CONTEXT ( ( #7171, #2124, #2057 ) ) REPRESENTATION_CONTEXT ( 'NONE', 'WORKASPACE' ) );
#8401 = VERTEX_POINT ( 'NONE', #7432 ) ;
#8402 = ORIENTED_EDGE ( 'NONE', *, *, #10145, .T. ) ;
#8403 = ORIENTED_EDGE ( 'NONE', *, *, #11628, .T. ) ;
#8404 = AXIS2_PLACEMENT_3D ( 'NONE', #12244, #8965, #13019 ) ;
#8405 = ORIENTED_EDGE ( 'NONE', *, *, #12330, .T. ) ;
#8406 = PRESENTATION_STYLE_ASSIGNMENT (( #10345 ) ) ;
#8407 = SURFACE_STYLE_FILL_AREA ( #10478 ) ;
#8408 = SURFACE_SIDE_STYLE ('',( #7345 ) ) ;
#8409 = FILL_AREA_STYLE ('',( #9337 ) ) ;
#8410 = MECHANICAL_DESIGN_GEOMETRIC_PRESENTATION_REPRESENTATION (  '', ( #12246 ), #3961 ) ;
#8411 = LINE ( 'NONE', #5274, #2897 ) ;
#8412 = DIRECTION ( 'NONE',  ( 0.000000000000000000, -1.000000000000000000, 0.000000000000000000 ) ) ;
#8413 = CARTESIAN_POINT ( 'NONE',  ( 6.544999999999994600, 0.4499999999999999001, -1.849999999999996092 ) ) ;
#8415 = EDGE_CURVE ( 'NONE', #2218, #3986, #1118, .T. ) ;
#8414 = AXIS2_PLACEMENT_3D ( 'NONE', #4167, #8426, #6359 ) ;
#8416 = VECTOR ( 'NONE', #12153, 1000.000000000000000 ) ;
#8417 = LINE ( 'NONE', #10331, #9480 ) ;
#8418 = VERTEX_POINT ( 'NONE', #1262 ) ;
#8419 = FILL_AREA_STYLE ('',( #6171 ) ) ;
#8420 = EDGE_CURVE ( 'NONE', #1727, #12971, #195, .T. ) ;
#8421 =( GEOMETRIC_REPRESENTATION_CONTEXT ( 3 ) GLOBAL_UNCERTAINTY_ASSIGNED_CONTEXT ( ( #11886 ) ) GLOBAL_UNIT_ASSIGNED_CONTEXT ( ( #10563, #6363, #8430 ) ) REPRESENTATION_CONTEXT ( 'NONE', 'WORKASPACE' ) );
#8422 = FACE_OUTER_BOUND ( 'NONE', #4531, .T. ) ;
#8423 = VERTEX_POINT ( 'NONE', #2365 ) ;
#8424 = CARTESIAN_POINT ( 'NONE',  ( -2.035000000000000586, 1.083335593717822357E-31, 2.250000000000004441 ) ) ;
#8425 = ORIENTED_EDGE ( 'NONE', *, *, #7809, .T. ) ;
#8426 = DIRECTION ( 'NONE',  ( 1.000000000000000000, 7.542275982507856161E-16, 0.000000000000000000 ) ) ;
#8427 =( GEOMETRIC_REPRESENTATION_CONTEXT ( 3 ) GLOBAL_UNCERTAINTY_ASSIGNED_CONTEXT ( ( #8046 ) ) GLOBAL_UNIT_ASSIGNED_CONTEXT ( ( #2345, #377, #12527 ) ) REPRESENTATION_CONTEXT ( 'NONE', 'WORKASPACE' ) );
#8428 = DIRECTION ( 'NONE',  ( -0.7071067811865471286, 0.7071067811865479058, 0.000000000000000000 ) ) ;
#8429 = CARTESIAN_POINT ( 'NONE',  ( 6.544999999999994600, 0.4499999999999999001, 0.3500000000000039746 ) ) ;
#8430 =( NAMED_UNIT ( * ) SI_UNIT ( $, .STERADIAN. ) SOLID_ANGLE_UNIT ( ) );
#8431 = VECTOR ( 'NONE', #12707, 1000.000000000000000 ) ;
#8432 = FILL_AREA_STYLE ('',( #4234 ) ) ;
#8433 = UNCERTAINTY_MEASURE_WITH_UNIT (LENGTH_MEASURE( 1.000000000000000082E-05 ), #8713, 'distance_accuracy_value', 'NONE');
#8434 = LINE ( 'NONE', #2305, #9652 ) ;
#8435 = VECTOR ( 'NONE', #7813, 1000.000000000000000 ) ;
#8436 =( NAMED_UNIT ( * ) PLANE_ANGLE_UNIT ( ) SI_UNIT ( $, .RADIAN. ) );
#8437 = EDGE_CURVE ( 'NONE', #4218, #3137, #12234, .T. ) ;
#8438 = EDGE_CURVE ( 'NONE', #8464, #3026, #7224, .T. ) ;
#8439 = CARTESIAN_POINT ( 'NONE',  ( -7.574999999999994849, 0.07279404685324222801, -1.650000000000029443 ) ) ;
#8440 = ORIENTED_EDGE ( 'NONE', *, *, #2389, .F. ) ;
#8441 = COLOUR_RGB ( '',1.000000000000000000, 1.000000000000000000, 1.000000000000000000 ) ;
#8442 = EDGE_CURVE ( 'NONE', #11496, #11803, #8164, .T. ) ;
#8443 = ORIENTED_EDGE ( 'NONE', *, *, #9818, .T. ) ;
#8444 = DIRECTION ( 'NONE',  ( -0.000000000000000000, -0.000000000000000000, 1.000000000000000000 ) ) ;
#8445 = PRESENTATION_LAYER_ASSIGNMENT (  '', '', ( #9926 ) ) ;
#8446 = ORIENTED_EDGE ( 'NONE', *, *, #2094, .T. ) ;
#8447 = DIRECTION ( 'NONE',  ( 1.000000000000000000, 0.000000000000000000, -0.000000000000000000 ) ) ;
#8448 = COLOUR_RGB ( '',1.000000000000000000, 1.000000000000000000, 1.000000000000000000 ) ;
#8449 = FILL_AREA_STYLE_COLOUR ( '', #5335 ) ;
#8450 = COLOUR_RGB ( '',1.000000000000000000, 1.000000000000000000, 1.000000000000000000 ) ;
#8451 = PLANE ( 'NONE',  #2503 ) ;
#8452 = DIRECTION ( 'NONE',  ( 0.000000000000000000, 1.355252715606860081E-16, -1.000000000000000000 ) ) ;
#8453 = DIRECTION ( 'NONE',  ( 0.000000000000000000, 0.000000000000000000, 1.000000000000000000 ) ) ;
#8454 = LINE ( 'NONE', #5512, #8790 ) ;
#8455 = COLOUR_RGB ( '',0.7921568627450980005, 0.8196078431372548767, 0.9333333333333333481 ) ;
#8456 = EDGE_CURVE ( 'NONE', #8798, #11594, #6235, .T. ) ;
#8457 = MECHANICAL_DESIGN_GEOMETRIC_PRESENTATION_REPRESENTATION (  '', ( #1869 ), #12701 ) ;
#8458 =( NAMED_UNIT ( * ) PLANE_ANGLE_UNIT ( ) SI_UNIT ( $, .RADIAN. ) );
#8459 = EDGE_CURVE ( 'NONE', #356, #5972, #5141, .T. ) ;
#8460 = EDGE_CURVE ( 'NONE', #12966, #6370, #9353, .T. ) ;
#8461 = ORIENTED_EDGE ( 'NONE', *, *, #8887, .F. ) ;
#8462 = DIRECTION ( 'NONE',  ( 0.000000000000000000, 1.000000000000000000, 0.000000000000000000 ) ) ;
#8463 = MECHANICAL_DESIGN_GEOMETRIC_PRESENTATION_REPRESENTATION (  '', ( #1031 ), #11216 ) ;
#8464 = VERTEX_POINT ( 'NONE', #5212 ) ;
#8465 = ORIENTED_EDGE ( 'NONE', *, *, #10297, .T. ) ;
#8466 = CARTESIAN_POINT ( 'NONE',  ( 6.875000000000006217, 0.2999999999999997113, 0.8000000000000003775 ) ) ;
#8467 = FACE_OUTER_BOUND ( 'NONE', #10319, .T. ) ;
#8468 = CARTESIAN_POINT ( 'NONE',  ( -0.6850000000000007194, 4.000000000000000000, -0.9250000000000404565 ) ) ;
#8469 = STYLED_ITEM ( 'NONE', ( #1787 ), #5114 ) ;
#8470 = DIRECTION ( 'NONE',  ( 0.000000000000000000, 1.000000000000000000, 0.000000000000000000 ) ) ;
#8471 = ADVANCED_FACE ( 'NONE', ( #7164 ), #330, .T. ) ;
#8472 = DIRECTION ( 'NONE',  ( -0.000000000000000000, 0.000000000000000000, 1.000000000000000000 ) ) ;
#8474 =( NAMED_UNIT ( * ) SI_UNIT ( $, .STERADIAN. ) SOLID_ANGLE_UNIT ( ) );
#8473 = UNCERTAINTY_MEASURE_WITH_UNIT (LENGTH_MEASURE( 1.000000000000000082E-05 ), #12977, 'distance_accuracy_value', 'NONE');
#8475 = DIRECTION ( 'NONE',  ( 0.000000000000000000, 0.9848077530122087975, -0.1736481776669264454 ) ) ;
#8476 = DIRECTION ( 'NONE',  ( -0.000000000000000000, 1.000000000000000000, -0.000000000000000000 ) ) ;
#8477 = DIRECTION ( 'NONE',  ( -1.927470528863124078E-15, 0.000000000000000000, -1.000000000000000000 ) ) ;
#8478 = ORIENTED_EDGE ( 'NONE', *, *, #5738, .T. ) ;
#8479 = CARTESIAN_POINT ( 'NONE',  ( 0.000000000000000000, 0.000000000000000000, 0.8000000000000005995 ) ) ;
#8480 = ORIENTED_EDGE ( 'NONE', *, *, #232, .T. ) ;
#8481 = ORIENTED_EDGE ( 'NONE', *, *, #12420, .T. ) ;
#8482 = VERTEX_POINT ( 'NONE', #2502 ) ;
#8483 = SURFACE_SIDE_STYLE ('',( #4347 ) ) ;
#8484 = FILL_AREA_STYLE ('',( #12595 ) ) ;
#8485 =( NAMED_UNIT ( * ) SI_UNIT ( $, .STERADIAN. ) SOLID_ANGLE_UNIT ( ) );
#8486 = CARTESIAN_POINT ( 'NONE',  ( -2.965000000000000746, 3.548929149633788249, -1.004535961130712751 ) ) ;
#8487 = DIRECTION ( 'NONE',  ( -1.000000000000000000, 0.000000000000000000, -0.000000000000000000 ) ) ;
#8488 = CARTESIAN_POINT ( 'NONE',  ( 6.344999999999994422, 0.4499999999999999001, 0.3500000000000039746 ) ) ;
#8489 = ORIENTED_EDGE ( 'NONE', *, *, #6348, .T. ) ;
#8490 = CARTESIAN_POINT ( 'NONE',  ( 5.875000000000001776, 4.700000000000000178, 0.9499999999999855227 ) ) ;
#8491 = VERTEX_POINT ( 'NONE', #3500 ) ;
#8492 = DIRECTION ( 'NONE',  ( -0.7071067811865471286, -0.7071067811865479058, 8.316167683706431825E-17 ) ) ;
#8493 = ORIENTED_EDGE ( 'NONE', *, *, #10774, .T. ) ;
#8494 = FACE_OUTER_BOUND ( 'NONE', #9731, .T. ) ;
#8495 = DIRECTION ( 'NONE',  ( -1.000000000000000000, -0.000000000000000000, -0.000000000000000000 ) ) ;
#8497 = ADVANCED_FACE ( 'NONE', ( #3434 ), #12679, .F. ) ;
#8496 = VECTOR ( 'NONE', #6506, 1000.000000000000000 ) ;
#8498 = DIRECTION ( 'NONE',  ( 1.000000000000000000, 0.000000000000000000, 0.000000000000000000 ) ) ;
#8499 = SURFACE_STYLE_USAGE ( .BOTH. , #4423 ) ;
#8500 = SURFACE_STYLE_FILL_AREA ( #11758 ) ;
#8501 = CARTESIAN_POINT ( 'NONE',  ( -1.715000000000000746, -1.125000000000002442, 1.125000000000004663 ) ) ;
#8502 = CARTESIAN_POINT ( 'NONE',  ( -3.599999999999999645, 3.250000000000005329, -1.450000000000039924 ) ) ;
#8503 = ADVANCED_FACE ( 'NONE', ( #4679 ), #10566, .T. ) ;
#8504 =( LENGTH_UNIT ( ) NAMED_UNIT ( * ) SI_UNIT ( .MILLI., .METRE. ) );
#8505 = DIRECTION ( 'NONE',  ( -0.000000000000000000, 0.000000000000000000, 1.000000000000000000 ) ) ;
#8506 = ORIENTED_EDGE ( 'NONE', *, *, #5216, .T. ) ;
#8507 = EDGE_LOOP ( 'NONE', ( #9139, #2252, #7215, #11002 ) ) ;
#8508 = CARTESIAN_POINT ( 'NONE',  ( -4.299999999999999822, 3.250000000000005329, -1.850000000000001865 ) ) ;
#8509 = VERTEX_POINT ( 'NONE', #10761 ) ;
#8510 = PRESENTATION_LAYER_ASSIGNMENT (  '', '', ( #11702 ) ) ;
#8511 = ADVANCED_FACE ( 'NONE', ( #3569 ), #11690, .T. ) ;
#8512 = ADVANCED_FACE ( 'NONE', ( #12804 ), #10624, .F. ) ;
#8513 = CARTESIAN_POINT ( 'NONE',  ( 6.094999999999995310, 1.199999999999998623, -1.749999999999997558 ) ) ;
#8514 = CARTESIAN_POINT ( 'NONE',  ( 0.4649999999999992473, 3.548929149633788693, -0.4454640388693684727 ) ) ;
#8515 = ADVANCED_FACE ( 'NONE', ( #2436 ), #2695, .T. ) ;
#8516 = CARTESIAN_POINT ( 'NONE',  ( 5.875000000000004441, -1.029563014098701546, -1.850000000000001865 ) ) ;
#8517 = CARTESIAN_POINT ( 'NONE',  ( 5.575000000000018829, 4.700000000000000178, -0.6750000000000019318 ) ) ;
#8518 = DIRECTION ( 'NONE',  ( 0.000000000000000000, -1.000000000000000000, 0.000000000000000000 ) ) ;
#8519 = DIRECTION ( 'NONE',  ( 0.000000000000000000, -0.7071067811865402453, 0.7071067811865549002 ) ) ;
#8520 = MECHANICAL_DESIGN_GEOMETRIC_PRESENTATION_REPRESENTATION (  '', ( #9136 ), #10430 ) ;
#8521 = ORIENTED_EDGE ( 'NONE', *, *, #5723, .T. ) ;
#8522 = SURFACE_SIDE_STYLE ('',( #3524 ) ) ;
#8523 = ORIENTED_EDGE ( 'NONE', *, *, #7457, .F. ) ;
#8524 = ORIENTED_EDGE ( 'NONE', *, *, #11529, .T. ) ;
#8525 = LINE ( 'NONE', #1286, #2261 ) ;
#8526 = CARTESIAN_POINT ( 'NONE',  ( 3.600000000000004530, -2.153449832247073786E-15, -1.850000000000001865 ) ) ;
#8527 =( NAMED_UNIT ( * ) PLANE_ANGLE_UNIT ( ) SI_UNIT ( $, .RADIAN. ) );
#8528 = ADVANCED_FACE ( 'NONE', ( #7698 ), #6501, .T. ) ;
#8529 = VECTOR ( 'NONE', #3264, 1000.000000000000000 ) ;
#8530 =( LENGTH_UNIT ( ) NAMED_UNIT ( * ) SI_UNIT ( .MILLI., .METRE. ) );
#8531 = DIRECTION ( 'NONE',  ( 0.000000000000000000, 0.7071067811865402453, -0.7071067811865547892 ) ) ;
#8532 = EDGE_CURVE ( 'NONE', #10937, #4148, #969, .T. ) ;
#8533 = CARTESIAN_POINT ( 'NONE',  ( -5.575000000000018829, 1.749999999999999778, 0.1750000000000117295 ) ) ;
#8534 = DIRECTION ( 'NONE',  ( 0.000000000000000000, 0.000000000000000000, -1.000000000000000000 ) ) ;
#8535 = DIRECTION ( 'NONE',  ( 0.000000000000000000, -0.000000000000000000, 1.000000000000000000 ) ) ;
#8536 = CARTESIAN_POINT ( 'NONE',  ( -2.035000000000000586, 1.749999999999999778, -0.3250000000000474176 ) ) ;
#8537 = CARTESIAN_POINT ( 'NONE',  ( -2.965000000000000746, 1.749999999999999778, 0.000000000000000000 ) ) ;
#8538 = ORIENTED_EDGE ( 'NONE', *, *, #9159, .F. ) ;
#8539 = CARTESIAN_POINT ( 'NONE',  ( 3.284999999999998810, -1.125000000000002442, 1.125000000000004663 ) ) ;
#8540 = EDGE_LOOP ( 'NONE', ( #12730, #10473, #10989, #2742 ) ) ;
#8541 = ORIENTED_EDGE ( 'NONE', *, *, #618, .F. ) ;
#8542 = ORIENTED_EDGE ( 'NONE', *, *, #7167, .F. ) ;
#8543 = FACE_OUTER_BOUND ( 'NONE', #3709, .T. ) ;
#8544 = PRESENTATION_STYLE_ASSIGNMENT (( #3549 ) ) ;
#8545 = FACE_OUTER_BOUND ( 'NONE', #2934, .T. ) ;
#8546 = VECTOR ( 'NONE', #6429, 1000.000000000000000 ) ;
#8547 = SURFACE_STYLE_USAGE ( .BOTH. , #4409 ) ;
#8548 = VECTOR ( 'NONE', #5068, 1000.000000000000000 ) ;
#8549 = SURFACE_STYLE_USAGE ( .BOTH. , #4470 ) ;
#8550 =( NAMED_UNIT ( * ) PLANE_ANGLE_UNIT ( ) SI_UNIT ( $, .RADIAN. ) );
#8551 = PLANE ( 'NONE',  #9996 ) ;
#8552 = VECTOR ( 'NONE', #327, 1000.000000000000000 ) ;
#8553 = EDGE_LOOP ( 'NONE', ( #9952, #1039, #6600, #754 ) ) ;
#8554 = DIRECTION ( 'NONE',  ( -0.000000000000000000, -0.7071067811865477948, -0.7071067811865473507 ) ) ;
#8555 = EDGE_CURVE ( 'NONE', #1148, #8571, #12930, .T. ) ;
#8556 = VECTOR ( 'NONE', #4362, 1000.000000000000000 ) ;
#8557 = MECHANICAL_DESIGN_GEOMETRIC_PRESENTATION_REPRESENTATION (  '', ( #12585 ), #5119 ) ;
#8558 = DIRECTION ( 'NONE',  ( -0.000000000000000000, -0.000000000000000000, 1.000000000000000000 ) ) ;
#8559 = VERTEX_POINT ( 'NONE', #8884 ) ;
#8560 = DIRECTION ( 'NONE',  ( -0.7071067811865474617, -7.443171925647449414E-17, -0.7071067811865474617 ) ) ;
#8561 = ORIENTED_EDGE ( 'NONE', *, *, #10433, .T. ) ;
#8562 = DIRECTION ( 'NONE',  ( 0.000000000000000000, 0.000000000000000000, -1.000000000000000000 ) ) ;
#8563 = PLANE ( 'NONE',  #4887 ) ;
#8564 = VECTOR ( 'NONE', #5254, 1000.000000000000000 ) ;
#8565 = UNCERTAINTY_MEASURE_WITH_UNIT (LENGTH_MEASURE( 1.000000000000000082E-05 ), #5336, 'distance_accuracy_value', 'NONE');
#8566 = AXIS2_PLACEMENT_3D ( 'NONE', #9737, #2420, #3611 ) ;
#8567 = FACE_OUTER_BOUND ( 'NONE', #3138, .T. ) ;
#8568 = ORIENTED_EDGE ( 'NONE', *, *, #2343, .T. ) ;
#8569 = VERTEX_POINT ( 'NONE', #12875 ) ;
#8570 = CARTESIAN_POINT ( 'NONE',  ( -1.715000000000000746, 2.865743636076471645, -0.3250000000000474731 ) ) ;
#8571 = VERTEX_POINT ( 'NONE', #12995 ) ;
#8572 = PRESENTATION_STYLE_ASSIGNMENT (( #4499 ) ) ;
#8573 = LINE ( 'NONE', #3515, #12377 ) ;
#8574 = DIRECTION ( 'NONE',  ( 0.000000000000000000, 0.1736481776669268617, -0.9848077530122086864 ) ) ;
#8575 = EDGE_CURVE ( 'NONE', #12209, #3153, #1772, .T. ) ;
#8576 = VECTOR ( 'NONE', #8476, 1000.000000000000000 ) ;
#8577 = DIRECTION ( 'NONE',  ( 1.000000000000000000, 0.000000000000000000, 0.000000000000000000 ) ) ;
#8578 = LINE ( 'NONE', #12633, #4854 ) ;
#8579 = DIRECTION ( 'NONE',  ( 0.000000000000000000, 1.000000000000000000, 0.000000000000000000 ) ) ;
#8580 = CARTESIAN_POINT ( 'NONE',  ( -2.712426537614711197, 0.4932555058087333966, -1.543333668776806888 ) ) ;
#8581 = CARTESIAN_POINT ( 'NONE',  ( -2.965000000000000746, 4.000000000000000000, -0.9250000000000404565 ) ) ;
#8582 = EDGE_CURVE ( 'NONE', #5040, #2427, #3965, .T. ) ;
#8583 = CIRCLE ( 'NONE', #8153, 0.09999999995018464538 ) ;
#8584 = ORIENTED_EDGE ( 'NONE', *, *, #139, .T. ) ;
#8585 = DIRECTION ( 'NONE',  ( 0.000000000000000000, -0.7071067811865402453, 0.7071067811865549002 ) ) ;
#8586 = EDGE_CURVE ( 'NONE', #9689, #4631, #1705, .T. ) ;
#8587 = ORIENTED_EDGE ( 'NONE', *, *, #9637, .F. ) ;
#8588 = EDGE_LOOP ( 'NONE', ( #12520, #11680, #10802, #11877 ) ) ;
#8589 = LINE ( 'NONE', #9655, #11624 ) ;
#8590 = FACE_OUTER_BOUND ( 'NONE', #12691, .T. ) ;
#8591 = PLANE ( 'NONE',  #7463 ) ;
#8592 =( GEOMETRIC_REPRESENTATION_CONTEXT ( 3 ) GLOBAL_UNCERTAINTY_ASSIGNED_CONTEXT ( ( #3251 ) ) GLOBAL_UNIT_ASSIGNED_CONTEXT ( ( #6970, #1724, #5022 ) ) REPRESENTATION_CONTEXT ( 'NONE', 'WORKASPACE' ) );
#8593 = DIRECTION ( 'NONE',  ( -0.000000000000000000, 1.000000000000000000, -0.000000000000000000 ) ) ;
#8594 = DIRECTION ( 'NONE',  ( 0.000000000000000000, -0.7071067811865482389, -0.7071067811865469066 ) ) ;
#8596 =( NAMED_UNIT ( * ) PLANE_ANGLE_UNIT ( ) SI_UNIT ( $, .RADIAN. ) );
#8595 = UNCERTAINTY_MEASURE_WITH_UNIT (LENGTH_MEASURE( 1.000000000000000082E-05 ), #13091, 'distance_accuracy_value', 'NONE');
#8597 = LINE ( 'NONE', #12519, #9194 ) ;
#8598 = VECTOR ( 'NONE', #8997, 1000.000000000000000 ) ;
#8599 = CARTESIAN_POINT ( 'NONE',  ( -6.412712434446766530, 0.2999999999999999889, -1.817712434446767666 ) ) ;
#8600 = EDGE_CURVE ( 'NONE', #9399, #9571, #1894, .T. ) ;
#8602 = ADVANCED_FACE ( 'NONE', ( #12020 ), #2750, .F. ) ;
#8601 =( GEOMETRIC_REPRESENTATION_CONTEXT ( 3 ) GLOBAL_UNCERTAINTY_ASSIGNED_CONTEXT ( ( #8852 ) ) GLOBAL_UNIT_ASSIGNED_CONTEXT ( ( #10736, #1631, #3603 ) ) REPRESENTATION_CONTEXT ( 'NONE', 'WORKASPACE' ) );
#8603 = VERTEX_POINT ( 'NONE', #902 ) ;
#8604 = CARTESIAN_POINT ( 'NONE',  ( 6.875000000000006217, 1.399999999999998579, 0.3500000000000039746 ) ) ;
#8605 = EDGE_CURVE ( 'NONE', #1514, #960, #13128, .T. ) ;
#8606 = ORIENTED_EDGE ( 'NONE', *, *, #9984, .T. ) ;
#8607 = ORIENTED_EDGE ( 'NONE', *, *, #8210, .F. ) ;
#8608 = VECTOR ( 'NONE', #12716, 1000.000000000000000 ) ;
#8609 = ORIENTED_EDGE ( 'NONE', *, *, #2311, .F. ) ;
#8610 = LINE ( 'NONE', #1440, #4175 ) ;
#8611 = CARTESIAN_POINT ( 'NONE',  ( 5.375000000000002665, 0.000000000000000000, -0.9500000000000006217 ) ) ;
#8612 = CARTESIAN_POINT ( 'NONE',  ( 6.094999999999995310, 1.199999999999998623, 0.3500000000000039746 ) ) ;
#8613 = CARTESIAN_POINT ( 'NONE',  ( -3.285000000000000586, 8.425943506694179847E-32, 1.750000000000004663 ) ) ;
#8614 = VECTOR ( 'NONE', #6263, 1000.000000000000000 ) ;
#8615 = CARTESIAN_POINT ( 'NONE',  ( 3.900000000000007017, 0.000000000000000000, -1.450000000000040812 ) ) ;
#8616 = CARTESIAN_POINT ( 'NONE',  ( 6.544999999999994600, 1.399999999999998579, 0.3500000000000039746 ) ) ;
#8617 = DIRECTION ( 'NONE',  ( 1.000000000000000000, 0.000000000000000000, 0.000000000000000000 ) ) ;
#8618 = DIRECTION ( 'NONE',  ( -0.2133021165724272306, 0.9621436710723736407, -0.1696518885279461319 ) ) ;
#8619 = EDGE_CURVE ( 'NONE', #8423, #10063, #8076, .T. ) ;
#8620 = EDGE_CURVE ( 'NONE', #10914, #6265, #1566, .T. ) ;
#8621 = ORIENTED_EDGE ( 'NONE', *, *, #7804, .F. ) ;
#8622 = SURFACE_SIDE_STYLE ('',( #5741 ) ) ;
#8623 = EDGE_CURVE ( 'NONE', #6282, #201, #5123, .T. ) ;
#8624 = AXIS2_PLACEMENT_3D ( 'NONE', #7033, #6041, #10967 ) ;
#8625 = CARTESIAN_POINT ( 'NONE',  ( 1.714999999999999414, 1.749999999999999778, -1.125000000000033973 ) ) ;
#8626 = ORIENTED_EDGE ( 'NONE', *, *, #5819, .F. ) ;
#8627 = LINE ( 'NONE', #12869, #9595 ) ;
#8628 = ORIENTED_EDGE ( 'NONE', *, *, #7691, .F. ) ;
#8629 = DIRECTION ( 'NONE',  ( -0.9659258262890684232, 0.000000000000000000, -0.2588190451025203509 ) ) ;
#8630 = DIRECTION ( 'NONE',  ( 0.2133021165724272028, 0.9621436710723735297, 0.1696518885279465483 ) ) ;
#8631 = DIRECTION ( 'NONE',  ( -1.000000000000000000, -0.000000000000000000, -0.000000000000000000 ) ) ;
#8632 =( GEOMETRIC_REPRESENTATION_CONTEXT ( 3 ) GLOBAL_UNCERTAINTY_ASSIGNED_CONTEXT ( ( #10843 ) ) GLOBAL_UNIT_ASSIGNED_CONTEXT ( ( #10088, #11894, #8947 ) ) REPRESENTATION_CONTEXT ( 'NONE', 'WORKASPACE' ) );
#8633 = CARTESIAN_POINT ( 'NONE',  ( 3.976985831353678336, 0.4275827757330525891, -1.554913542985933539 ) ) ;
#8634 = EDGE_CURVE ( 'NONE', #2221, #7304, #3146, .T. ) ;
#8635 = CARTESIAN_POINT ( 'NONE',  ( 5.875000000000004441, 0.000000000000000000, -0.9500000000000006217 ) ) ;
#8636 = VECTOR ( 'NONE', #12151, 1000.000000000000000 ) ;
#8637 = PLANE ( 'NONE',  #1621 ) ;
#8638 = ORIENTED_EDGE ( 'NONE', *, *, #12323, .T. ) ;
#8639 = ORIENTED_EDGE ( 'NONE', *, *, #2522, .F. ) ;
#8640 = CARTESIAN_POINT ( 'NONE',  ( -1.715000000000000746, 1.083335593717822357E-31, 2.250000000000004441 ) ) ;
#8641 = AXIS2_PLACEMENT_3D ( 'NONE', #1702, #5809, #5747 ) ;
#8642 = VECTOR ( 'NONE', #8745, 1000.000000000000000 ) ;
#8643 = VERTEX_POINT ( 'NONE', #116 ) ;
#8644 = PLANE ( 'NONE',  #9881 ) ;
#8645 = DIRECTION ( 'NONE',  ( 1.000000000000000000, -0.000000000000000000, 0.000000000000000000 ) ) ;
#8646 = SURFACE_STYLE_USAGE ( .BOTH. , #4572 ) ;
#8647 = MECHANICAL_DESIGN_GEOMETRIC_PRESENTATION_REPRESENTATION (  '', ( #5865 ), #7997 ) ;
#8648 = CARTESIAN_POINT ( 'NONE',  ( -7.375000000000000000, 24.60698852501704437, 0.9500000000000041744 ) ) ;
#8649 = LINE ( 'NONE', #12824, #3985 ) ;
#8650 = PLANE ( 'NONE',  #6033 ) ;
#8651 = MECHANICAL_DESIGN_GEOMETRIC_PRESENTATION_REPRESENTATION (  '', ( #9508 ), #13088 ) ;
#8652 = PRESENTATION_LAYER_ASSIGNMENT (  '', '', ( #132 ) ) ;
#8653 =( NAMED_UNIT ( * ) SI_UNIT ( $, .STERADIAN. ) SOLID_ANGLE_UNIT ( ) );
#8654 = EDGE_CURVE ( 'NONE', #419, #9084, #12411, .T. ) ;
#8655 =( GEOMETRIC_REPRESENTATION_CONTEXT ( 3 ) GLOBAL_UNCERTAINTY_ASSIGNED_CONTEXT ( ( #11357 ) ) GLOBAL_UNIT_ASSIGNED_CONTEXT ( ( #6218, #3779, #795 ) ) REPRESENTATION_CONTEXT ( 'NONE', 'WORKASPACE' ) );
#8656 =( GEOMETRIC_REPRESENTATION_CONTEXT ( 3 ) GLOBAL_UNCERTAINTY_ASSIGNED_CONTEXT ( ( #7878 ) ) GLOBAL_UNIT_ASSIGNED_CONTEXT ( ( #9548, #4221, #8485 ) ) REPRESENTATION_CONTEXT ( 'NONE', 'WORKASPACE' ) );
#8657 = ORIENTED_EDGE ( 'NONE', *, *, #10129, .T. ) ;
#8658 = LINE ( 'NONE', #1614, #6059 ) ;
#8659 = ORIENTED_EDGE ( 'NONE', *, *, #10850, .T. ) ;
#8660 = ORIENTED_EDGE ( 'NONE', *, *, #4921, .T. ) ;
#8661 =( LENGTH_UNIT ( ) NAMED_UNIT ( * ) SI_UNIT ( .MILLI., .METRE. ) );
#8662 = CARTESIAN_POINT ( 'NONE',  ( 0.7849999999999992539, 0.1000000000000000056, 2.350000000000004530 ) ) ;
#8663 = PRESENTATION_LAYER_ASSIGNMENT (  '', '', ( #3772 ) ) ;
#8664 = CARTESIAN_POINT ( 'NONE',  ( -4.535000000000001030, 0.4499999999999999556, 2.250000000000004441 ) ) ;
#8665 = ADVANCED_FACE ( 'NONE', ( #1045 ), #3016, .F. ) ;
#8666 = DIRECTION ( 'NONE',  ( -0.5773502691896328365, 0.5773502691896217343, 0.5773502691896227335 ) ) ;
#8667 = PRESENTATION_LAYER_ASSIGNMENT (  '', '', ( #593 ) ) ;
#8668 = DIRECTION ( 'NONE',  ( 0.000000000000000000, 0.7071067811865402453, -0.7071067811865547892 ) ) ;
#8669 = STYLED_ITEM ( 'NONE', ( #8850 ), #4922 ) ;
#8670 = FILL_AREA_STYLE ('',( #2470 ) ) ;
#8671 =( NAMED_UNIT ( * ) SI_UNIT ( $, .STERADIAN. ) SOLID_ANGLE_UNIT ( ) );
#8672 = DIRECTION ( 'NONE',  ( -1.000000000000000000, 0.000000000000000000, 0.000000000000000000 ) ) ;
#8673 = PRESENTATION_LAYER_ASSIGNMENT (  '', '', ( #7396 ) ) ;
#8674 = ORIENTED_EDGE ( 'NONE', *, *, #12344, .F. ) ;
#8675 = EDGE_LOOP ( 'NONE', ( #10318, #11059, #12812, #11137 ) ) ;
#8676 = VERTEX_POINT ( 'NONE', #10274 ) ;
#8677 = PRESENTATION_LAYER_ASSIGNMENT (  '', '', ( #7402 ) ) ;
#8678 = ORIENTED_EDGE ( 'NONE', *, *, #4119, .F. ) ;
#8679 = FACE_OUTER_BOUND ( 'NONE', #8284, .T. ) ;
#8680 = CARTESIAN_POINT ( 'NONE',  ( -2.965000000000000746, 4.000000000000000000, 0.000000000000000000 ) ) ;
#8681 = DIRECTION ( 'NONE',  ( 1.000000000000000000, 0.000000000000000000, -0.000000000000000000 ) ) ;
#8682 = EDGE_CURVE ( 'NONE', #10063, #11596, #8274, .T. ) ;
#8683 =( NAMED_UNIT ( * ) SI_UNIT ( $, .STERADIAN. ) SOLID_ANGLE_UNIT ( ) );
#8684 = DIRECTION ( 'NONE',  ( 0.000000000000000000, 0.1736481776669268617, -0.9848077530122086864 ) ) ;
#8685 = SURFACE_STYLE_FILL_AREA ( #3554 ) ;
#8686 = EDGE_CURVE ( 'NONE', #9051, #2392, #7148, .T. ) ;
#8687 = STYLED_ITEM ( 'NONE', ( #5608 ), #5269 ) ;
#8688 = ORIENTED_EDGE ( 'NONE', *, *, #1897, .F. ) ;
#8689 = SURFACE_SIDE_STYLE ('',( #4617 ) ) ;
#8690 = EDGE_LOOP ( 'NONE', ( #3692, #11280, #5470, #12279 ) ) ;
#8691 = DIRECTION ( 'NONE',  ( 0.000000000000000000, 0.000000000000000000, -1.000000000000000000 ) ) ;
#8692 = VERTEX_POINT ( 'NONE', #12284 ) ;
#8693 = FILL_AREA_STYLE ('',( #1518 ) ) ;
#8694 = DIRECTION ( 'NONE',  ( 0.000000000000000000, -0.7071067811865482389, -0.7071067811865469066 ) ) ;
#8695 = FACE_OUTER_BOUND ( 'NONE', #670, .T. ) ;
#8696 = CARTESIAN_POINT ( 'NONE',  ( -4.215000000000000746, 0.000000000000000000, 1.850000000000004530 ) ) ;
#8697 = UNCERTAINTY_MEASURE_WITH_UNIT (LENGTH_MEASURE( 1.000000000000000082E-05 ), #2435, 'distance_accuracy_value', 'NONE');
#8698 = LINE ( 'NONE', #12741, #10059 ) ;
#8699 = EDGE_CURVE ( 'NONE', #5293, #12850, #8219, .T. ) ;
#8700 = LINE ( 'NONE', #6434, #8705 ) ;
#8701 =( NAMED_UNIT ( * ) SI_UNIT ( $, .STERADIAN. ) SOLID_ANGLE_UNIT ( ) );
#8702 = EDGE_LOOP ( 'NONE', ( #7927, #5940, #12122, #9525 ) ) ;
#8703 = EDGE_LOOP ( 'NONE', ( #10575, #3199, #12641, #2565, #4418, #4568 ) ) ;
#8704 = CARTESIAN_POINT ( 'NONE',  ( -4.925000000000019362, 3.700000000000000178, 0.9499999999999868550 ) ) ;
#8705 = VECTOR ( 'NONE', #3505, 1000.000000000000000 ) ;
#8706 = EDGE_LOOP ( 'NONE', ( #1500, #11617, #8481, #2605 ) ) ;
#8707 = CARTESIAN_POINT ( 'NONE',  ( -5.875000000000001776, 24.60698852501704437, 1.850000000000001421 ) ) ;
#8708 = SURFACE_STYLE_USAGE ( .BOTH. , #472 ) ;
#8709 = EDGE_CURVE ( 'NONE', #10559, #9851, #9338, .T. ) ;
#8710 = FILL_AREA_STYLE_COLOUR ( '', #7286 ) ;
#8711 = CARTESIAN_POINT ( 'NONE',  ( 5.275000000000024336, 4.700000000000000178, -1.750000000000042855 ) ) ;
#8712 = CARTESIAN_POINT ( 'NONE',  ( 4.434999999999999609, 4.000000000000000000, -0.9250000000000404565 ) ) ;
#8713 =( LENGTH_UNIT ( ) NAMED_UNIT ( * ) SI_UNIT ( .MILLI., .METRE. ) );
#8714 = EDGE_LOOP ( 'NONE', ( #8038, #8054, #9110, #9329 ) ) ;
#8715 = PRESENTATION_STYLE_ASSIGNMENT (( #9833 ) ) ;
#8716 = VERTEX_POINT ( 'NONE', #2288 ) ;
#8717 = EDGE_LOOP ( 'NONE', ( #10931, #6802, #9785, #4671, #3640 ) ) ;
#8718 = CARTESIAN_POINT ( 'NONE',  ( 3.900000000000007017, 4.400000000000000355, -1.450000000000041034 ) ) ;
#8719 = DIRECTION ( 'NONE',  ( 0.000000000000000000, 0.000000000000000000, -1.000000000000000000 ) ) ;
#8720 = DIRECTION ( 'NONE',  ( -1.196258353356355388E-15, 0.000000000000000000, 1.000000000000000000 ) ) ;
#8722 = CARTESIAN_POINT ( 'NONE',  ( 6.875000000000006217, 0.2999999999999997113, -1.850000000000001865 ) ) ;
#8721 = UNCERTAINTY_MEASURE_WITH_UNIT (LENGTH_MEASURE( 1.000000000000000082E-05 ), #8388, 'distance_accuracy_value', 'NONE');
#8723 = AXIS2_PLACEMENT_3D ( 'NONE', #8413, #3420, #10679 ) ;
#8724 = CYLINDRICAL_SURFACE ( 'NONE', #4393, 0.1999999999999996503 ) ;
#8725 = CARTESIAN_POINT ( 'NONE',  ( 4.535000000000000142, 0.8750000000000022204, 0.8749999999999842348 ) ) ;
#8726 = DIRECTION ( 'NONE',  ( 0.000000000000000000, 0.000000000000000000, -1.000000000000000000 ) ) ;
#8727 = AXIS2_PLACEMENT_3D ( 'NONE', #945, #9058, #92 ) ;
#8728 = EDGE_LOOP ( 'NONE', ( #1270, #466, #12688, #9687, #6524, #1848, #2547, #9888, #9544 ) ) ;
#8729 = VERTEX_POINT ( 'NONE', #9134 ) ;
#8730 = ORIENTED_EDGE ( 'NONE', *, *, #3584, .T. ) ;
#8731 = ORIENTED_EDGE ( 'NONE', *, *, #8096, .F. ) ;
#8732 = CIRCLE ( 'NONE', #11711, 0.1999999999999996503 ) ;
#8733 = ORIENTED_EDGE ( 'NONE', *, *, #11327, .F. ) ;
#8734 = FILL_AREA_STYLE_COLOUR ( '', #995 ) ;
#8735 =( GEOMETRIC_REPRESENTATION_CONTEXT ( 3 ) GLOBAL_UNCERTAINTY_ASSIGNED_CONTEXT ( ( #3518 ) ) GLOBAL_UNIT_ASSIGNED_CONTEXT ( ( #6726, #10653, #6530 ) ) REPRESENTATION_CONTEXT ( 'NONE', 'WORKASPACE' ) );
#8736 = CARTESIAN_POINT ( 'NONE',  ( -0.4650000000000010236, 0.4500000000000002331, 6.098637220230963674E-17 ) ) ;
#8737 = EDGE_CURVE ( 'NONE', #9732, #3726, #10407, .T. ) ;
#8738 = FILL_AREA_STYLE_COLOUR ( '', #7075 ) ;
#8739 = FACE_OUTER_BOUND ( 'NONE', #1368, .T. ) ;
#8740 = MECHANICAL_DESIGN_GEOMETRIC_PRESENTATION_REPRESENTATION (  '', ( #11095 ), #12765 ) ;
#8741 = VECTOR ( 'NONE', #11684, 1000.000000000000000 ) ;
#8742 = EDGE_LOOP ( 'NONE', ( #1097, #3919, #3804, #10985 ) ) ;
#8743 = DIRECTION ( 'NONE',  ( 0.000000000000000000, 0.000000000000000000, -1.000000000000000000 ) ) ;
#8744 = EDGE_CURVE ( 'NONE', #6142, #7268, #1174, .T. ) ;
#8745 = DIRECTION ( 'NONE',  ( 1.000000000000000000, 0.000000000000000000, 0.000000000000000000 ) ) ;
#8746 = ORIENTED_EDGE ( 'NONE', *, *, #12344, .T. ) ;
#8747 = DIRECTION ( 'NONE',  ( 1.000000000000000000, 0.000000000000000000, -1.176083712526648949E-16 ) ) ;
#8748 = AXIS2_PLACEMENT_3D ( 'NONE', #12711, #917, #4033 ) ;
#8749 = ORIENTED_EDGE ( 'NONE', *, *, #6334, .F. ) ;
#8750 = LINE ( 'NONE', #4482, #10327 ) ;
#8751 = FACE_OUTER_BOUND ( 'NONE', #11530, .T. ) ;
#8752 = LINE ( 'NONE', #10763, #4118 ) ;
#8753 = SURFACE_STYLE_FILL_AREA ( #9754 ) ;
#8754 = UNCERTAINTY_MEASURE_WITH_UNIT (LENGTH_MEASURE( 1.000000000000000082E-05 ), #10580, 'distance_accuracy_value', 'NONE');
#8755 = PRESENTATION_LAYER_ASSIGNMENT (  '', '', ( #12160 ) ) ;
#8756 = DIRECTION ( 'NONE',  ( 0.000000000000000000, -0.000000000000000000, -1.000000000000000000 ) ) ;
#8757 = VECTOR ( 'NONE', #9349, 1000.000000000000000 ) ;
#8758 = VERTEX_POINT ( 'NONE', #7087 ) ;
#8759 = ADVANCED_FACE ( 'NONE', ( #2036 ), #7276, .F. ) ;
#8760 = ORIENTED_EDGE ( 'NONE', *, *, #9630, .T. ) ;
#8761 = LINE ( 'NONE', #7767, #3737 ) ;
#8762 = STYLED_ITEM ( 'NONE', ( #10 ), #1040 ) ;
#8763 = EDGE_CURVE ( 'NONE', #10630, #1312, #1245, .T. ) ;
#8764 = ORIENTED_EDGE ( 'NONE', *, *, #563, .F. ) ;
#8765 = CARTESIAN_POINT ( 'NONE',  ( -5.383751660540249340, 4.508751660540223583, -0.6249377795396809931 ) ) ;
#8766 = DIRECTION ( 'NONE',  ( -1.000000000000000000, -0.000000000000000000, -0.000000000000000000 ) ) ;
#8767 = DIRECTION ( 'NONE',  ( 0.000000000000000000, -0.9848077530122087975, -0.1736481776669268895 ) ) ;
#8768 = MECHANICAL_DESIGN_GEOMETRIC_PRESENTATION_REPRESENTATION (  '', ( #5118 ), #7487 ) ;
#8769 = PRESENTATION_STYLE_ASSIGNMENT (( #4574 ) ) ;
#8770 = VECTOR ( 'NONE', #12347, 1000.000000000000000 ) ;
#8771 = PRESENTATION_LAYER_ASSIGNMENT (  '', '', ( #5365 ) ) ;
#8772 = CARTESIAN_POINT ( 'NONE',  ( 0.4649999999999992473, 0.4500000000000000111, 1.850000000000004530 ) ) ;
#8773 = FILL_AREA_STYLE_COLOUR ( '', #9238 ) ;
#8775 = ADVANCED_FACE ( 'NONE', ( #7551 ), #10546, .F. ) ;
#8774 = COLOUR_RGB ( '',1.000000000000000000, 1.000000000000000000, 1.000000000000000000 ) ;
#8776 = ORIENTED_EDGE ( 'NONE', *, *, #1038, .T. ) ;
#8777 = ORIENTED_EDGE ( 'NONE', *, *, #16, .T. ) ;
#8778 = ORIENTED_EDGE ( 'NONE', *, *, #1100, .T. ) ;
#8779 = CARTESIAN_POINT ( 'NONE',  ( 3.537573462385289247, 0.4932555058087333966, -1.543333668776806888 ) ) ;
#8780 = MECHANICAL_DESIGN_GEOMETRIC_PRESENTATION_REPRESENTATION (  '', ( #11974 ), #1362 ) ;
#8781 = AXIS2_PLACEMENT_3D ( 'NONE', #289, #3403, #8325 ) ;
#8782 = FILL_AREA_STYLE ('',( #673 ) ) ;
#8783 = FILL_AREA_STYLE_COLOUR ( '', #3452 ) ;
#8784 = CARTESIAN_POINT ( 'NONE',  ( 2.034999999999999698, 0.4500000000000002331, 6.098637220230963674E-17 ) ) ;
#8785 = PRESENTATION_STYLE_ASSIGNMENT (( #11913 ) ) ;
#8786 = COLOUR_RGB ( '',1.000000000000000000, 1.000000000000000000, 1.000000000000000000 ) ;
#8787 = CARTESIAN_POINT ( 'NONE',  ( 1.714999999999999414, 3.548929149633788249, -0.9250000000000404565 ) ) ;
#8788 =( NAMED_UNIT ( * ) PLANE_ANGLE_UNIT ( ) SI_UNIT ( $, .RADIAN. ) );
#8789 = CARTESIAN_POINT ( 'NONE',  ( -0.4650000000000010236, 0.3499999999999999223, 2.350000000000004530 ) ) ;
#8790 = VECTOR ( 'NONE', #8378, 1000.000000000000000 ) ;
#8791 = DIRECTION ( 'NONE',  ( 0.000000000000000000, 0.7071067811865482389, 0.7071067811865469066 ) ) ;
#8792 = CIRCLE ( 'NONE', #9208, 0.1999999999999996503 ) ;
#8793 = ORIENTED_EDGE ( 'NONE', *, *, #9778, .T. ) ;
#8794 = PRESENTATION_STYLE_ASSIGNMENT (( #6786 ) ) ;
#8795 = VECTOR ( 'NONE', #6832, 1000.000000000000000 ) ;
#8796 = ORIENTED_EDGE ( 'NONE', *, *, #5046, .F. ) ;
#8797 = ORIENTED_EDGE ( 'NONE', *, *, #10628, .F. ) ;
#8798 = VERTEX_POINT ( 'NONE', #8486 ) ;
#8799 = DIRECTION ( 'NONE',  ( -0.000000000000000000, 0.000000000000000000, 1.000000000000000000 ) ) ;
#8800 = CARTESIAN_POINT ( 'NONE',  ( -0.4650000000000010236, 3.548929149633788249, -1.004535961130712751 ) ) ;
#8801 = APPLICATION_CONTEXT ( 'automotive_design' ) ;
#8802 = AXIS2_PLACEMENT_3D ( 'NONE', #11142, #1247, #2108 ) ;
#8803 = LINE ( 'NONE', #5733, #7152 ) ;
#8804 = CARTESIAN_POINT ( 'NONE',  ( 6.344999999999994422, 1.199999999999998623, 0.3500000000000039746 ) ) ;
#8805 =( GEOMETRIC_REPRESENTATION_CONTEXT ( 3 ) GLOBAL_UNCERTAINTY_ASSIGNED_CONTEXT ( ( #4960 ) ) GLOBAL_UNIT_ASSIGNED_CONTEXT ( ( #10553, #6107, #446 ) ) REPRESENTATION_CONTEXT ( 'NONE', 'WORKASPACE' ) );
#8806 = COLOUR_RGB ( '',1.000000000000000000, 0.8117647058823529438, 0.5019607843137254832 ) ;
#8807 = ORIENTED_EDGE ( 'NONE', *, *, #112, .F. ) ;
#8808 = DIRECTION ( 'NONE',  ( 0.7071067811865471286, 0.7071067811865479058, -8.316167683706431825E-17 ) ) ;
#8809 = ORIENTED_EDGE ( 'NONE', *, *, #9379, .F. ) ;
#8810 =( NAMED_UNIT ( * ) PLANE_ANGLE_UNIT ( ) SI_UNIT ( $, .RADIAN. ) );
#8811 = PRESENTATION_LAYER_ASSIGNMENT (  '', '', ( #3287 ) ) ;
#8812 = EDGE_LOOP ( 'NONE', ( #7740, #6207, #89, #3760, #4892, #12292 ) ) ;
#8813 =( NAMED_UNIT ( * ) SI_UNIT ( $, .STERADIAN. ) SOLID_ANGLE_UNIT ( ) );
#8814 = LINE ( 'NONE', #7495, #1453 ) ;
#8815 =( NAMED_UNIT ( * ) PLANE_ANGLE_UNIT ( ) SI_UNIT ( $, .RADIAN. ) );
#8816 = UNCERTAINTY_MEASURE_WITH_UNIT (LENGTH_MEASURE( 1.000000000000000082E-05 ), #5935, 'distance_accuracy_value', 'NONE');
#8817 = VECTOR ( 'NONE', #8052, 1000.000000000000000 ) ;
#8818 = EDGE_CURVE ( 'NONE', #8876, #3362, #6412, .T. ) ;
#8819 = LINE ( 'NONE', #12876, #11774 ) ;
#8820 = FACE_OUTER_BOUND ( 'NONE', #2219, .T. ) ;
#8821 = VECTOR ( 'NONE', #4905, 1000.000000000000000 ) ;
#8822 = CARTESIAN_POINT ( 'NONE',  ( -6.875000000000006217, 1.400000000000000133, 0.3500000000000039746 ) ) ;
#8823 = VERTEX_POINT ( 'NONE', #11538 ) ;
#8824 = AXIS2_PLACEMENT_3D ( 'NONE', #9033, #10164, #5075 ) ;
#8825 = PRESENTATION_STYLE_ASSIGNMENT (( #2825 ) ) ;
#8826 = ORIENTED_EDGE ( 'NONE', *, *, #892, .F. ) ;
#8827 = PRESENTATION_STYLE_ASSIGNMENT (( #1053 ) ) ;
#8828 = AXIS2_PLACEMENT_3D ( 'NONE', #6230, #12359, #10287 ) ;
#8829 =( NAMED_UNIT ( * ) PLANE_ANGLE_UNIT ( ) SI_UNIT ( $, .RADIAN. ) );
#8830 = PRESENTATION_LAYER_ASSIGNMENT (  '', '', ( #11599 ) ) ;
#8831 = ADVANCED_FACE ( 'NONE', ( #6683 ), #12727, .T. ) ;
#8832 = SURFACE_SIDE_STYLE ('',( #12943 ) ) ;
#8833 = VECTOR ( 'NONE', #13131, 1000.000000000000000 ) ;
#8834 = FILL_AREA_STYLE ('',( #8955 ) ) ;
#8835 = LINE ( 'NONE', #7901, #927 ) ;
#8836 = EDGE_CURVE ( 'NONE', #2635, #7204, #5477, .T. ) ;
#8837 = CARTESIAN_POINT ( 'NONE',  ( 7.574999999999993072, 0.2500000000000002220, -1.649999999999997469 ) ) ;
#8838 = STYLED_ITEM ( 'NONE', ( #2431 ), #11905 ) ;
#8839 = SURFACE_SIDE_STYLE ('',( #10098 ) ) ;
#8840 = STYLED_ITEM ( 'NONE', ( #11248 ), #11017 ) ;
#8841 = ORIENTED_EDGE ( 'NONE', *, *, #3370, .F. ) ;
#8842 = ORIENTED_EDGE ( 'NONE', *, *, #2119, .T. ) ;
#8843 = ORIENTED_EDGE ( 'NONE', *, *, #8096, .T. ) ;
#8844 = COLOUR_RGB ( '',1.000000000000000000, 1.000000000000000000, 1.000000000000000000 ) ;
#8845 =( NAMED_UNIT ( * ) SI_UNIT ( $, .STERADIAN. ) SOLID_ANGLE_UNIT ( ) );
#8846 = CARTESIAN_POINT ( 'NONE',  ( 2.964999999999998970, 0.2787990747163040517, -1.581148123764847258 ) ) ;
#8847 = CARTESIAN_POINT ( 'NONE',  ( -3.599999999999997868, -2.153449832247069842E-15, -1.850000000000001865 ) ) ;
#8848 = SURFACE_STYLE_FILL_AREA ( #4777 ) ;
#8849 = VECTOR ( 'NONE', #8339, 1000.000000000000000 ) ;
#8850 = PRESENTATION_STYLE_ASSIGNMENT (( #10975 ) ) ;
#8851 = AXIS2_PLACEMENT_3D ( 'NONE', #11718, #7726, #4706 ) ;
#8853 =( NAMED_UNIT ( * ) SI_UNIT ( $, .STERADIAN. ) SOLID_ANGLE_UNIT ( ) );
#8852 = UNCERTAINTY_MEASURE_WITH_UNIT (LENGTH_MEASURE( 1.000000000000000082E-05 ), #10736, 'distance_accuracy_value', 'NONE');
#8854 = ADVANCED_FACE ( 'NONE', ( #634 ), #11740, .F. ) ;
#8855 = FILL_AREA_STYLE_COLOUR ( '', #2613 ) ;
#8856 = EDGE_CURVE ( 'NONE', #627, #5307, #3551, .T. ) ;
#8857 = SURFACE_STYLE_USAGE ( .BOTH. , #10612 ) ;
#8858 = MECHANICAL_DESIGN_GEOMETRIC_PRESENTATION_REPRESENTATION (  '', ( #9714 ), #792 ) ;
#8859 = ORIENTED_EDGE ( 'NONE', *, *, #9254, .F. ) ;
#8860 = ORIENTED_EDGE ( 'NONE', *, *, #4768, .F. ) ;
#8861 = FILL_AREA_STYLE ('',( #12655 ) ) ;
#8862 = AXIS2_PLACEMENT_3D ( 'NONE', #987, #6031, #3979 ) ;
#8863 = ORIENTED_EDGE ( 'NONE', *, *, #5750, .T. ) ;
#8864 = ORIENTED_EDGE ( 'NONE', *, *, #9791, .T. ) ;
#8866 = ADVANCED_FACE ( 'NONE', ( #7862 ), #3810, .F. ) ;
#8865 = VERTEX_POINT ( 'NONE', #10676 ) ;
#8867 = PRESENTATION_LAYER_ASSIGNMENT (  '', '', ( #6324 ) ) ;
#8868 = VECTOR ( 'NONE', #1425, 1000.000000000000000 ) ;
#8869 = SURFACE_STYLE_USAGE ( .BOTH. , #11807 ) ;
#8870 = CARTESIAN_POINT ( 'NONE',  ( 6.444999999999995843, 0.2999999999999999889, -1.849999999999996758 ) ) ;
#8871 = EDGE_CURVE ( 'NONE', #9819, #12209, #9991, .T. ) ;
#8872 =( GEOMETRIC_REPRESENTATION_CONTEXT ( 3 ) GLOBAL_UNCERTAINTY_ASSIGNED_CONTEXT ( ( #10175 ) ) GLOBAL_UNIT_ASSIGNED_CONTEXT ( ( #12033, #9499, #394 ) ) REPRESENTATION_CONTEXT ( 'NONE', 'WORKASPACE' ) );
#8873 = DIRECTION ( 'NONE',  ( 0.000000000000000000, -0.000000000000000000, 1.000000000000000000 ) ) ;
#8874 = LINE ( 'NONE', #12920, #110 ) ;
#8875 = MECHANICAL_DESIGN_GEOMETRIC_PRESENTATION_REPRESENTATION (  '', ( #9296 ), #4204 ) ;
#8876 = VERTEX_POINT ( 'NONE', #2798 ) ;
#8877 = LINE ( 'NONE', #12922, #5158 ) ;
#8878 = ORIENTED_EDGE ( 'NONE', *, *, #6661, .F. ) ;
#8879 = ORIENTED_EDGE ( 'NONE', *, *, #8979, .T. ) ;
#8880 = VERTEX_POINT ( 'NONE', #8870 ) ;
#8881 = PRESENTATION_STYLE_ASSIGNMENT (( #4993 ) ) ;
#8882 = PRESENTATION_STYLE_ASSIGNMENT (( #5810 ) ) ;
#8883 = CARTESIAN_POINT ( 'NONE',  ( 0.000000000000000000, 3.700000000000000178, 0.000000000000000000 ) ) ;
#8885 = STYLED_ITEM ( 'NONE', ( #1308 ), #5189 ) ;
#8884 = CARTESIAN_POINT ( 'NONE',  ( -6.174999999999998046, 2.600000000000006306, 0.6500000000000037970 ) ) ;
#8886 =( LENGTH_UNIT ( ) NAMED_UNIT ( * ) SI_UNIT ( .MILLI., .METRE. ) );
#8887 = EDGE_CURVE ( 'NONE', #11670, #4371, #6860, .T. ) ;
#8888 = DIRECTION ( 'NONE',  ( 0.000000000000000000, 0.000000000000000000, 1.000000000000000000 ) ) ;
#8889 = SURFACE_STYLE_USAGE ( .BOTH. , #5626 ) ;
#8890 = ORIENTED_EDGE ( 'NONE', *, *, #5077, .F. ) ;
#8891 = DIRECTION ( 'NONE',  ( -0.9762960071199339174, -0.2164396139381006001, -0.000000000000000000 ) ) ;
#8892 = VERTEX_POINT ( 'NONE', #7744 ) ;
#8893 = CARTESIAN_POINT ( 'NONE',  ( -3.900000000000000355, 3.250000000000005329, -1.850000000000001865 ) ) ;
#8894 = CARTESIAN_POINT ( 'NONE',  ( 6.094999999999994422, 1.199999999999998623, -1.849999999999996092 ) ) ;
#8895 = SURFACE_STYLE_USAGE ( .BOTH. , #848 ) ;
#8896 = EDGE_CURVE ( 'NONE', #4269, #7632, #5932, .T. ) ;
#8897 = FACE_OUTER_BOUND ( 'NONE', #10797, .T. ) ;
#8898 = SURFACE_STYLE_USAGE ( .BOTH. , #9766 ) ;
#8899 = COLOUR_RGB ( '',1.000000000000000000, 1.000000000000000000, 1.000000000000000000 ) ;
#8900 =( LENGTH_UNIT ( ) NAMED_UNIT ( * ) SI_UNIT ( .MILLI., .METRE. ) );
#8901 = ORIENTED_EDGE ( 'NONE', *, *, #7610, .F. ) ;
#8902 =( NAMED_UNIT ( * ) PLANE_ANGLE_UNIT ( ) SI_UNIT ( $, .RADIAN. ) );
#8903 = ADVANCED_FACE ( 'NONE', ( #10925 ), #12980, .F. ) ;
#8904 = EDGE_CURVE ( 'NONE', #6785, #6771, #5864, .T. ) ;
#8905 = ORIENTED_EDGE ( 'NONE', *, *, #6647, .F. ) ;
#8906 = ORIENTED_EDGE ( 'NONE', *, *, #8586, .F. ) ;
#8907 = DIRECTION ( 'NONE',  ( 0.000000000000000000, 0.000000000000000000, -1.000000000000000000 ) ) ;
#8908 = CARTESIAN_POINT ( 'NONE',  ( 5.875000000000001776, -0.9059928172283340242, -1.550000000000004929 ) ) ;
#8909 = SURFACE_STYLE_USAGE ( .BOTH. , #2482 ) ;
#8910 = LINE ( 'NONE', #7977, #12070 ) ;
#8911 = SURFACE_STYLE_FILL_AREA ( #5783 ) ;
#8912 = CARTESIAN_POINT ( 'NONE',  ( 5.392428449460732409, 4.517428449460706652, -0.6260801004721023855 ) ) ;
#8913 = CARTESIAN_POINT ( 'NONE',  ( 4.535000000000000142, 3.548929149633788249, 0.000000000000000000 ) ) ;
#8914 = EDGE_LOOP ( 'NONE', ( #4566, #9759, #8777, #10740, #12317, #11970, #11752, #4430 ) ) ;
#8915 = SURFACE_SIDE_STYLE ('',( #4969 ) ) ;
#8916 = VERTEX_POINT ( 'NONE', #4863 ) ;
#8917 = VERTEX_POINT ( 'NONE', #3750 ) ;
#8918 = SURFACE_STYLE_FILL_AREA ( #1082 ) ;
#8919 = LINE ( 'NONE', #7859, #6522 ) ;
#8920 = AXIS2_PLACEMENT_3D ( 'NONE', #13130, #3827, #905 ) ;
#8921 = SURFACE_SIDE_STYLE ('',( #5929 ) ) ;
#8922 = SURFACE_SIDE_STYLE ('',( #9788 ) ) ;
#8923 = DIRECTION ( 'NONE',  ( 2.710505431213767790E-15, 0.000000000000000000, 1.000000000000000000 ) ) ;
#8924 = DIRECTION ( 'NONE',  ( -1.000000000000000000, -0.000000000000000000, -0.000000000000000000 ) ) ;
#8925 = CLOSED_SHELL ( 'NONE', ( #10029, #1944, #4672, #3846, #6149, #6483, #1310, #4250, #7703, #258 ) ) ;
#8926 = DIRECTION ( 'NONE',  ( -1.000000000000000000, 0.000000000000000000, 2.282530889443210409E-16 ) ) ;
#8927 = VECTOR ( 'NONE', #12757, 1000.000000000000000 ) ;
#8928 = VERTEX_POINT ( 'NONE', #2930 ) ;
#8929 = CARTESIAN_POINT ( 'NONE',  ( -4.215000000000000746, 0.8750000000000022204, 0.8749999999999842348 ) ) ;
#8930 = EDGE_CURVE ( 'NONE', #7250, #9606, #7933, .T. ) ;
#8931 = EDGE_LOOP ( 'NONE', ( #1796, #4927, #7750, #1899 ) ) ;
#8932 = AXIS2_PLACEMENT_3D ( 'NONE', #11858, #2719, #4448 ) ;
#8933 = ORIENTED_EDGE ( 'NONE', *, *, #10741, .F. ) ;
#8934 = CARTESIAN_POINT ( 'NONE',  ( -4.435000000000000497, 4.000000000000000000, -0.5250000000000403233 ) ) ;
#8935 = ORIENTED_EDGE ( 'NONE', *, *, #8620, .T. ) ;
#8936 = DIRECTION ( 'NONE',  ( 0.000000000000000000, 1.000000000000000000, -4.858652729125647208E-17 ) ) ;
#8937 = VECTOR ( 'NONE', #3207, 1000.000000000000114 ) ;
#8938 = CARTESIAN_POINT ( 'NONE',  ( 1.714999999999999414, 1.749999999999999778, 0.000000000000000000 ) ) ;
#8939 = COLOUR_RGB ( '',1.000000000000000000, 1.000000000000000000, 1.000000000000000000 ) ;
#8940 =( NAMED_UNIT ( * ) PLANE_ANGLE_UNIT ( ) SI_UNIT ( $, .RADIAN. ) );
#8941 = EDGE_CURVE ( 'NONE', #1795, #11246, #10993, .T. ) ;
#8942 = DIRECTION ( 'NONE',  ( 0.000000000000000000, -1.000000000000000000, 0.000000000000000000 ) ) ;
#8943 = ORIENTED_EDGE ( 'NONE', *, *, #2404, .T. ) ;
#8944 = COLOUR_RGB ( '',1.000000000000000000, 1.000000000000000000, 1.000000000000000000 ) ;
#8945 = STYLED_ITEM ( 'NONE', ( #10899 ), #7020 ) ;
#8946 = ORIENTED_EDGE ( 'NONE', *, *, #5250, .T. ) ;
#8947 =( NAMED_UNIT ( * ) SI_UNIT ( $, .STERADIAN. ) SOLID_ANGLE_UNIT ( ) );
#8948 = AXIS2_PLACEMENT_3D ( 'NONE', #59, #1055, #9147 ) ;
#8949 = CARTESIAN_POINT ( 'NONE',  ( -3.185000000000000497, 3.999999999999999112, -0.5250000000000403233 ) ) ;
#8950 = CARTESIAN_POINT ( 'NONE',  ( -1.715000000000000746, 0.4499999999999999556, 2.250000000000004441 ) ) ;
#8951 = DIRECTION ( 'NONE',  ( 0.000000000000000000, 0.000000000000000000, -1.000000000000000000 ) ) ;
#8952 = UNCERTAINTY_MEASURE_WITH_UNIT (LENGTH_MEASURE( 1.000000000000000082E-05 ), #10438, 'distance_accuracy_value', 'NONE');
#8953 = VECTOR ( 'NONE', #8470, 1000.000000000000000 ) ;
#8954 = VECTOR ( 'NONE', #6302, 1000.000000000000000 ) ;
#8955 = FILL_AREA_STYLE_COLOUR ( '', #1 ) ;
#8956 = PRESENTATION_STYLE_ASSIGNMENT (( #4886 ) ) ;
#8957 = CARTESIAN_POINT ( 'NONE',  ( 5.275000000000025224, 4.399999999999999467, -0.6663591357563575235 ) ) ;
#8958 = FILL_AREA_STYLE ('',( #6039 ) ) ;
#8959 = ORIENTED_EDGE ( 'NONE', *, *, #8532, .F. ) ;
#8960 = DIRECTION ( 'NONE',  ( -0.000000000000000000, 0.000000000000000000, 1.000000000000000000 ) ) ;
#8961 = EDGE_CURVE ( 'NONE', #1633, #10914, #7814, .T. ) ;
#8962 = ADVANCED_FACE ( 'NONE', ( #6929 ), #12001, .T. ) ;
#8963 = ORIENTED_EDGE ( 'NONE', *, *, #10848, .F. ) ;
#8964 = ORIENTED_EDGE ( 'NONE', *, *, #2086, .T. ) ;
#8965 = DIRECTION ( 'NONE',  ( 0.000000000000000000, 1.000000000000000000, 0.000000000000000000 ) ) ;
#8966 = MECHANICAL_DESIGN_GEOMETRIC_PRESENTATION_REPRESENTATION (  '', ( #6612 ), #6643 ) ;
#8967 = SURFACE_SIDE_STYLE ('',( #4957 ) ) ;
#8968 = UNCERTAINTY_MEASURE_WITH_UNIT (LENGTH_MEASURE( 1.000000000000000082E-05 ), #5927, 'distance_accuracy_value', 'NONE');
#8969 = AXIS2_PLACEMENT_3D ( 'NONE', #8908, #7915, #11170 ) ;
#8970 = LINE ( 'NONE', #12179, #2490 ) ;
#8972 =( NAMED_UNIT ( * ) SI_UNIT ( $, .STERADIAN. ) SOLID_ANGLE_UNIT ( ) );
#8971 = UNCERTAINTY_MEASURE_WITH_UNIT (LENGTH_MEASURE( 1.000000000000000082E-05 ), #7755, 'distance_accuracy_value', 'NONE');
#8973 = DIRECTION ( 'NONE',  ( 0.000000000000000000, 0.000000000000000000, -1.000000000000000000 ) ) ;
#8974 =( NAMED_UNIT ( * ) SI_UNIT ( $, .STERADIAN. ) SOLID_ANGLE_UNIT ( ) );
#8975 = EDGE_CURVE ( 'NONE', #11476, #7656, #10864, .T. ) ;
#8976 = PRESENTATION_LAYER_ASSIGNMENT (  '', '', ( #11963 ) ) ;
#8977 = CARTESIAN_POINT ( 'NONE',  ( -5.275000000000024336, 1.749999999999999778, -1.450000000000039702 ) ) ;
#8978 = ORIENTED_EDGE ( 'NONE', *, *, #9568, .F. ) ;
#8979 = EDGE_CURVE ( 'NONE', #4, #8865, #8129, .T. ) ;
#8980 = VECTOR ( 'NONE', #1565, 1000.000000000000000 ) ;
#8981 = ORIENTED_EDGE ( 'NONE', *, *, #505, .T. ) ;
#8982 = CARTESIAN_POINT ( 'NONE',  ( 3.284999999999998810, 4.000000000000000000, 0.000000000000000000 ) ) ;
#8983 = AXIS2_PLACEMENT_3D ( 'NONE', #5704, #8951, #5017 ) ;
#8984 = VERTEX_POINT ( 'NONE', #5800 ) ;
#8985 = EDGE_LOOP ( 'NONE', ( #3021, #5938, #5043, #7141 ) ) ;
#8986 = FACE_OUTER_BOUND ( 'NONE', #1365, .T. ) ;
#8987 = FILL_AREA_STYLE_COLOUR ( '', #31 ) ;
#8988 = VECTOR ( 'NONE', #6732, 1000.000000000000000 ) ;
#8989 = CARTESIAN_POINT ( 'NONE',  ( -6.875000000000006217, 1.400000000000000133, 0.3500000000000039746 ) ) ;
#8990 =( NAMED_UNIT ( * ) PLANE_ANGLE_UNIT ( ) SI_UNIT ( $, .RADIAN. ) );
#8991 = PLANE ( 'NONE',  #1576 ) ;
#8992 = MECHANICAL_DESIGN_GEOMETRIC_PRESENTATION_REPRESENTATION (  '', ( #1588 ), #12408 ) ;
#8993 =( GEOMETRIC_REPRESENTATION_CONTEXT ( 3 ) GLOBAL_UNCERTAINTY_ASSIGNED_CONTEXT ( ( #9812 ) ) GLOBAL_UNIT_ASSIGNED_CONTEXT ( ( #5463, #8596, #2272 ) ) REPRESENTATION_CONTEXT ( 'NONE', 'WORKASPACE' ) );
#8994 = PRESENTATION_STYLE_ASSIGNMENT (( #4917 ) ) ;
#8995 = ADVANCED_FACE ( 'NONE', ( #3946 ), #12786, .F. ) ;
#8996 = ADVANCED_FACE ( 'NONE', ( #12918 ), #8991, .F. ) ;
#8997 = DIRECTION ( 'NONE',  ( -0.2133021165724272306, 0.9621436710723736407, -0.1696518885279461319 ) ) ;
#8998 = EDGE_CURVE ( 'NONE', #8571, #5671, #11318, .T. ) ;
#8999 = STYLED_ITEM ( 'NONE', ( #7386 ), #9475 ) ;
#9000 = EDGE_LOOP ( 'NONE', ( #5341, #3279, #8638, #11903 ) ) ;
#9001 = LINE ( 'NONE', #8929, #12622 ) ;
#9002 = EDGE_LOOP ( 'NONE', ( #8271, #10521, #6313, #4291 ) ) ;
#9003 = ORIENTED_EDGE ( 'NONE', *, *, #2687, .T. ) ;
#9004 = VECTOR ( 'NONE', #5767, 1000.000000000000000 ) ;
#9005 =( GEOMETRIC_REPRESENTATION_CONTEXT ( 3 ) GLOBAL_UNCERTAINTY_ASSIGNED_CONTEXT ( ( #6605 ) ) GLOBAL_UNIT_ASSIGNED_CONTEXT ( ( #10499, #1525, #12546 ) ) REPRESENTATION_CONTEXT ( 'NONE', 'WORKASPACE' ) );
#9006 = EDGE_LOOP ( 'NONE', ( #9073, #5905, #6853, #4889 ) ) ;
#9007 = ORIENTED_EDGE ( 'NONE', *, *, #415, .F. ) ;
#9008 = CARTESIAN_POINT ( 'NONE',  ( 4.535000000000000142, 0.4500000000000002331, 6.098637220230963674E-17 ) ) ;
#9009 = CARTESIAN_POINT ( 'NONE',  ( 5.400881904447568438, 1.749999999999999778, 0.1283451969090860234 ) ) ;
#9010 = LINE ( 'NONE', #13058, #7816 ) ;
#9011 = EDGE_CURVE ( 'NONE', #5307, #10183, #8130, .T. ) ;
#9012 = PLANE ( 'NONE',  #1432 ) ;
#9013 = EDGE_CURVE ( 'NONE', #7580, #3590, #10130, .T. ) ;
#9014 = VECTOR ( 'NONE', #2407, 1000.000000000000000 ) ;
#9015 = EDGE_CURVE ( 'NONE', #2823, #1200, #2019, .T. ) ;
#9016 = SURFACE_SIDE_STYLE ('',( #2042 ) ) ;
#9017 = ORIENTED_EDGE ( 'NONE', *, *, #8709, .F. ) ;
#9018 =( GEOMETRIC_REPRESENTATION_CONTEXT ( 3 ) GLOBAL_UNCERTAINTY_ASSIGNED_CONTEXT ( ( #4047 ) ) GLOBAL_UNIT_ASSIGNED_CONTEXT ( ( #107, #11261, #3136 ) ) REPRESENTATION_CONTEXT ( 'NONE', 'WORKASPACE' ) );
#9019 = CYLINDRICAL_SURFACE ( 'NONE', #149, 0.09999999995018464538 ) ;
#9020 = ORIENTED_EDGE ( 'NONE', *, *, #8438, .T. ) ;
#9021 =( NAMED_UNIT ( * ) SI_UNIT ( $, .STERADIAN. ) SOLID_ANGLE_UNIT ( ) );
#9022 = SURFACE_SIDE_STYLE ('',( #4943 ) ) ;
#9023 = CARTESIAN_POINT ( 'NONE',  ( 6.875000000000006217, 1.399999999999998579, -1.849999999999996092 ) ) ;
#9024 = LINE ( 'NONE', #9090, #786 ) ;
#9025 = EDGE_CURVE ( 'NONE', #5473, #12911, #5107, .T. ) ;
#9026 =( NAMED_UNIT ( * ) SI_UNIT ( $, .STERADIAN. ) SOLID_ANGLE_UNIT ( ) );
#9027 = PRESENTATION_STYLE_ASSIGNMENT (( #8092 ) ) ;
#9028 = FILL_AREA_STYLE_COLOUR ( '', #610 ) ;
#9029 = PRESENTATION_LAYER_ASSIGNMENT (  '', '', ( #7763 ) ) ;
#9030 =( NAMED_UNIT ( * ) PLANE_ANGLE_UNIT ( ) SI_UNIT ( $, .RADIAN. ) );
#9031 = SURFACE_STYLE_FILL_AREA ( #13078 ) ;
#9032 = COLOUR_RGB ( '',1.000000000000000000, 0.8117647058823529438, 0.5019607843137254832 ) ;
#9033 = CARTESIAN_POINT ( 'NONE',  ( 1.714999999999999414, 0.000000000000000000, 0.000000000000000000 ) ) ;
#9034 = CARTESIAN_POINT ( 'NONE',  ( 0.7849999999999992539, 0.000000000000000000, 2.350000000000004530 ) ) ;
#9035 = ORIENTED_EDGE ( 'NONE', *, *, #7074, .F. ) ;
#9036 = VECTOR ( 'NONE', #4115, 1000.000000000000000 ) ;
#9037 = EDGE_LOOP ( 'NONE', ( #8760, #8606, #8440, #10934 ) ) ;
#9038 = DIRECTION ( 'NONE',  ( -0.2133021165724272306, -0.9621436710723736407, 0.1696518885279461319 ) ) ;
#9039 = DIRECTION ( 'NONE',  ( 0.000000000000000000, -1.000000000000000000, 4.858652729125647824E-17 ) ) ;
#9040 = AXIS2_PLACEMENT_3D ( 'NONE', #2166, #11146, #908 ) ;
#9041 = PLANE ( 'NONE',  #4910 ) ;
#9042 = FILL_AREA_STYLE ('',( #7182 ) ) ;
#9043 = PRESENTATION_STYLE_ASSIGNMENT (( #4959 ) ) ;
#9044 = CARTESIAN_POINT ( 'NONE',  ( -1.715000000000000746, 4.000000000000000000, 0.000000000000000000 ) ) ;
#9045 = SURFACE_STYLE_FILL_AREA ( #7046 ) ;
#9046 = SURFACE_STYLE_USAGE ( .BOTH. , #10313 ) ;
#9047 = ADVANCED_FACE ( 'NONE', ( #6339 ), #229, .F. ) ;
#9048 = PRESENTATION_LAYER_ASSIGNMENT (  '', '', ( #8840 ) ) ;
#9049 = DIRECTION ( 'NONE',  ( 0.000000000000000000, 0.000000000000000000, 1.000000000000000000 ) ) ;
#9050 = DIRECTION ( 'NONE',  ( 0.000000000000000000, -1.000000000000000000, 0.000000000000000000 ) ) ;
#9051 = VERTEX_POINT ( 'NONE', #100 ) ;
#9052 =( GEOMETRIC_REPRESENTATION_CONTEXT ( 3 ) GLOBAL_UNCERTAINTY_ASSIGNED_CONTEXT ( ( #712 ) ) GLOBAL_UNIT_ASSIGNED_CONTEXT ( ( #11342, #10485, #11417 ) ) REPRESENTATION_CONTEXT ( 'NONE', 'WORKASPACE' ) );
#9053 = ORIENTED_EDGE ( 'NONE', *, *, #12526, .F. ) ;
#9054 = VERTEX_POINT ( 'NONE', #12204 ) ;
#9055 = VERTEX_POINT ( 'NONE', #11124 ) ;
#9056 = PLANE ( 'NONE',  #7366 ) ;
#9057 = ADVANCED_FACE ( 'NONE', ( #5179 ), #2147, .F. ) ;
#9058 = DIRECTION ( 'NONE',  ( 0.000000000000000000, -0.000000000000000000, 1.000000000000000000 ) ) ;
#9059 = SURFACE_STYLE_USAGE ( .BOTH. , #12322 ) ;
#9060 =( NAMED_UNIT ( * ) SI_UNIT ( $, .STERADIAN. ) SOLID_ANGLE_UNIT ( ) );
#9061 =( NAMED_UNIT ( * ) SI_UNIT ( $, .STERADIAN. ) SOLID_ANGLE_UNIT ( ) );
#9062 = AXIS2_PLACEMENT_3D ( 'NONE', #648, #6808, #10817 ) ;
#9063 = CARTESIAN_POINT ( 'NONE',  ( 6.344999999999994422, 0.4499999999999999001, 0.3500000000000039746 ) ) ;
#9064 = CARTESIAN_POINT ( 'NONE',  ( -3.285000000000000586, 1.749999999999999778, 0.000000000000000000 ) ) ;
#9065 = LINE ( 'NONE', #3574, #5815 ) ;
#9066 = COLOUR_RGB ( '',1.000000000000000000, 1.000000000000000000, 1.000000000000000000 ) ;
#9067 = VERTEX_POINT ( 'NONE', #1028 ) ;
#9068 = CARTESIAN_POINT ( 'NONE',  ( -6.544999999999994600, 1.400000000000000133, 0.3500000000000039746 ) ) ;
#9069 =( GEOMETRIC_REPRESENTATION_CONTEXT ( 3 ) GLOBAL_UNCERTAINTY_ASSIGNED_CONTEXT ( ( #1290 ) ) GLOBAL_UNIT_ASSIGNED_CONTEXT ( ( #622, #10845, #6537 ) ) REPRESENTATION_CONTEXT ( 'NONE', 'WORKASPACE' ) );
#9070 = ORIENTED_EDGE ( 'NONE', *, *, #10513, .F. ) ;
#9071 = ORIENTED_EDGE ( 'NONE', *, *, #1707, .F. ) ;
#9072 = EDGE_CURVE ( 'NONE', #12525, #10402, #29, .T. ) ;
#9073 = ORIENTED_EDGE ( 'NONE', *, *, #8067, .T. ) ;
#9074 = FACE_OUTER_BOUND ( 'NONE', #6510, .T. ) ;
#9075 = EDGE_CURVE ( 'NONE', #11112, #5456, #165, .T. ) ;
#9076 = ORIENTED_EDGE ( 'NONE', *, *, #2729, .F. ) ;
#9077 = VECTOR ( 'NONE', #10622, 999.9999999999998863 ) ;
#9078 = DIRECTION ( 'NONE',  ( -0.7071067811865474617, 0.7071067811865474617, 1.916616770854222529E-15 ) ) ;
#9079 = EDGE_CURVE ( 'NONE', #1238, #5039, #4594, .T. ) ;
#9080 =( NAMED_UNIT ( * ) SI_UNIT ( $, .STERADIAN. ) SOLID_ANGLE_UNIT ( ) );
#9081 = DIRECTION ( 'NONE',  ( 0.000000000000000000, -1.355252715606860081E-16, 1.000000000000000000 ) ) ;
#9082 = AXIS2_PLACEMENT_3D ( 'NONE', #11518, #11315, #2210 ) ;
#9083 =( NAMED_UNIT ( * ) SI_UNIT ( $, .STERADIAN. ) SOLID_ANGLE_UNIT ( ) );
#9084 = VERTEX_POINT ( 'NONE', #1494 ) ;
#9085 = DIRECTION ( 'NONE',  ( 0.000000000000000000, 0.000000000000000000, 1.000000000000000000 ) ) ;
#9086 = FILL_AREA_STYLE ('',( #8285 ) ) ;
#9087 = ORIENTED_EDGE ( 'NONE', *, *, #12758, .F. ) ;
#9088 = FILL_AREA_STYLE_COLOUR ( '', #5344 ) ;
#9089 = CARTESIAN_POINT ( 'NONE',  ( -5.575000000000018829, 1.749999999999999778, 0.1750000000000117295 ) ) ;
#9090 = CARTESIAN_POINT ( 'NONE',  ( 3.200000000000007727, 2.100000000000005862, -1.850000000000001865 ) ) ;
#9091 = DIRECTION ( 'NONE',  ( -0.2133021165724272306, -0.9621436710723736407, 0.1696518885279461319 ) ) ;
#9092 = LINE ( 'NONE', #6034, #11755 ) ;
#9093 = MECHANICAL_DESIGN_GEOMETRIC_PRESENTATION_REPRESENTATION (  '', ( #1669 ), #3139 ) ;
#9094 = CARTESIAN_POINT ( 'NONE',  ( 6.875000000000006217, 1.649999999999999023, -1.749999999999997558 ) ) ;
#9095 = LINE ( 'NONE', #5292, #136 ) ;
#9096 = FACE_OUTER_BOUND ( 'NONE', #6011, .T. ) ;
#9097 = ORIENTED_EDGE ( 'NONE', *, *, #11628, .F. ) ;
#9098 = FACE_OUTER_BOUND ( 'NONE', #11941, .T. ) ;
#9099 = VERTEX_POINT ( 'NONE', #8395 ) ;
#9100 = SURFACE_STYLE_USAGE ( .BOTH. , #12171 ) ;
#9101 = EDGE_CURVE ( 'NONE', #872, #4202, #11543, .T. ) ;
#9102 = FACE_OUTER_BOUND ( 'NONE', #11869, .T. ) ;
#9103 = SURFACE_STYLE_USAGE ( .BOTH. , #8108 ) ;
#9104 = SURFACE_STYLE_USAGE ( .BOTH. , #10108 ) ;
#9105 = UNCERTAINTY_MEASURE_WITH_UNIT (LENGTH_MEASURE( 1.000000000000000082E-05 ), #10174, 'distance_accuracy_value', 'NONE');
#9106 = DIRECTION ( 'NONE',  ( 0.000000000000000000, 0.000000000000000000, 1.000000000000000000 ) ) ;
#9107 = FACE_OUTER_BOUND ( 'NONE', #5888, .T. ) ;
#9108 = CARTESIAN_POINT ( 'NONE',  ( -2.965000000000000746, 0.1000000000000000056, 2.350000000000004530 ) ) ;
#9109 = CARTESIAN_POINT ( 'NONE',  ( -4.215000000000000746, 3.999999999999999112, -0.5250000000000403233 ) ) ;
#9110 = ORIENTED_EDGE ( 'NONE', *, *, #3570, .F. ) ;
#9111 = ORIENTED_EDGE ( 'NONE', *, *, #13035, .F. ) ;
#9112 = SURFACE_STYLE_USAGE ( .BOTH. , #8915 ) ;
#9113 = ORIENTED_EDGE ( 'NONE', *, *, #10146, .F. ) ;
#9114 = ORIENTED_EDGE ( 'NONE', *, *, #9630, .F. ) ;
#9115 = CARTESIAN_POINT ( 'NONE',  ( 5.374999999950209606, 1.749999999999999778, -0.6249377795396822144 ) ) ;
#9116 = SURFACE_STYLE_USAGE ( .BOTH. , #12195 ) ;
#9118 = PRESENTATION_STYLE_ASSIGNMENT (( #7131 ) ) ;
#9117 = UNCERTAINTY_MEASURE_WITH_UNIT (LENGTH_MEASURE( 1.000000000000000082E-05 ), #12808, 'distance_accuracy_value', 'NONE');
#9119 = DIRECTION ( 'NONE',  ( 0.000000000000000000, 0.000000000000000000, -1.000000000000000000 ) ) ;
#9120 = DIRECTION ( 'NONE',  ( 0.000000000000000000, 0.000000000000000000, 1.000000000000000000 ) ) ;
#9121 = CARTESIAN_POINT ( 'NONE',  ( 7.375000000000000888, 24.60698852501704437, -1.849999999999996980 ) ) ;
#9122 =( NAMED_UNIT ( * ) SI_UNIT ( $, .STERADIAN. ) SOLID_ANGLE_UNIT ( ) );
#9123 = ORIENTED_EDGE ( 'NONE', *, *, #976, .F. ) ;
#9124 = SURFACE_STYLE_FILL_AREA ( #13117 ) ;
#9125 = VERTEX_POINT ( 'NONE', #6593 ) ;
#9126 = ORIENTED_EDGE ( 'NONE', *, *, #4696, .F. ) ;
#9127 = COLOUR_RGB ( '',1.000000000000000000, 1.000000000000000000, 1.000000000000000000 ) ;
#9128 = ORIENTED_EDGE ( 'NONE', *, *, #7574, .F. ) ;
#9129 = EDGE_CURVE ( 'NONE', #8559, #11247, #12714, .T. ) ;
#9130 = CARTESIAN_POINT ( 'NONE',  ( 0.4649999999999992473, 0.3499999999999999223, 2.350000000000004530 ) ) ;
#9131 = FILL_AREA_STYLE_COLOUR ( '', #1567 ) ;
#9132 = FILL_AREA_STYLE ('',( #3822 ) ) ;
#9133 = DIRECTION ( 'NONE',  ( 0.000000000000000000, -1.000000000000000000, -1.355252715606880296E-16 ) ) ;
#9134 = CARTESIAN_POINT ( 'NONE',  ( 6.544999999999994600, 1.649999999999999023, -1.849999999999996092 ) ) ;
#9135 = DIRECTION ( 'NONE',  ( -0.7071067811865471286, -0.7071067811865479058, -0.000000000000000000 ) ) ;
#9136 = STYLED_ITEM ( 'NONE', ( #4782 ), #6319 ) ;
#9137 =( LENGTH_UNIT ( ) NAMED_UNIT ( * ) SI_UNIT ( .MILLI., .METRE. ) );
#9138 = EDGE_CURVE ( 'NONE', #10492, #12084, #3342, .T. ) ;
#9139 = ORIENTED_EDGE ( 'NONE', *, *, #11587, .F. ) ;
#9140 = COLOUR_RGB ( '',1.000000000000000000, 1.000000000000000000, 1.000000000000000000 ) ;
#9141 = EDGE_CURVE ( 'NONE', #2154, #4388, #12464, .T. ) ;
#9142 = CARTESIAN_POINT ( 'NONE',  ( 3.284999999999998810, 0.000000000000000000, 2.350000000000004530 ) ) ;
#9143 = CARTESIAN_POINT ( 'NONE',  ( 0.7849999999999992539, 2.865743636076471645, -0.3250000000000474731 ) ) ;
#9144 = ORIENTED_EDGE ( 'NONE', *, *, #7684, .T. ) ;
#9145 = AXIS2_PLACEMENT_3D ( 'NONE', #11618, #3366, #7426 ) ;
#9146 = CARTESIAN_POINT ( 'NONE',  ( -6.344999999999994422, 1.200000000000000178, -1.849999999999996092 ) ) ;
#9147 = DIRECTION ( 'NONE',  ( 0.000000000000000000, 0.000000000000000000, -1.000000000000000000 ) ) ;
#9148 = CARTESIAN_POINT ( 'NONE',  ( 3.064999999999999059, 4.000000000000000000, -0.5250000000000403233 ) ) ;
#9149 = DIRECTION ( 'NONE',  ( -1.000000000000000000, -0.000000000000000000, -0.000000000000000000 ) ) ;
#9150 = CARTESIAN_POINT ( 'NONE',  ( -0.4650000000000010236, -1.579062136966065191E-17, -0.3250000000000473066 ) ) ;
#9151 = STYLED_ITEM ( 'NONE', ( #2845 ), #401 ) ;
#9152 = CARTESIAN_POINT ( 'NONE',  ( 0.4649999999999992473, 0.3000000000000002665, 4.065758146820583696E-17 ) ) ;
#9153 = LINE ( 'NONE', #7169, #12628 ) ;
#9154 = EDGE_CURVE ( 'NONE', #1350, #9470, #12649, .T. ) ;
#9155 = MECHANICAL_DESIGN_GEOMETRIC_PRESENTATION_REPRESENTATION (  '', ( #2774 ), #3211 ) ;
#9156 = SURFACE_STYLE_FILL_AREA ( #8171 ) ;
#9157 = VECTOR ( 'NONE', #2065, 1000.000000000000000 ) ;
#9158 = DIRECTION ( 'NONE',  ( -0.000000000000000000, -0.000000000000000000, 1.000000000000000000 ) ) ;
#9159 = EDGE_CURVE ( 'NONE', #6707, #9866, #8597, .T. ) ;
#9160 = VERTEX_POINT ( 'NONE', #5590 ) ;
#9161 = FACE_OUTER_BOUND ( 'NONE', #12512, .T. ) ;
#9162 = VECTOR ( 'NONE', #1408, 1000.000000000000000 ) ;
#9163 = ORIENTED_EDGE ( 'NONE', *, *, #3047, .F. ) ;
#9164 = DIRECTION ( 'NONE',  ( 1.000000000000000000, 0.000000000000000000, 0.000000000000000000 ) ) ;
#9165 = CARTESIAN_POINT ( 'NONE',  ( 3.284999999999998810, 0.000000000000000000, 0.000000000000000000 ) ) ;
#9166 = DIRECTION ( 'NONE',  ( 1.000000000000000000, 0.000000000000000000, -1.233215741215733931E-16 ) ) ;
#9167 = VECTOR ( 'NONE', #9091, 1000.000000000000000 ) ;
#9168 = DIRECTION ( 'NONE',  ( -0.000000000000000000, 1.000000000000000000, -0.000000000000000000 ) ) ;
#9169 = EDGE_CURVE ( 'NONE', #8491, #12570, #6395, .T. ) ;
#9170 =( LENGTH_UNIT ( ) NAMED_UNIT ( * ) SI_UNIT ( .MILLI., .METRE. ) );
#9171 = COLOUR_RGB ( '',1.000000000000000000, 0.8117647058823529438, 0.5019607843137254832 ) ;
#9172 = CARTESIAN_POINT ( 'NONE',  ( -6.975000000000008527, 1.750000000000000444, -1.849999999999995204 ) ) ;
#9173 = EDGE_CURVE ( 'NONE', #4631, #5115, #9461, .T. ) ;
#9174 = CARTESIAN_POINT ( 'NONE',  ( -6.094999999999995310, 0.4500000000000013989, 0.3500000000000039746 ) ) ;
#9175 = DIRECTION ( 'NONE',  ( -0.000000000000000000, 0.000000000000000000, -1.000000000000000000 ) ) ;
#9176 = ORIENTED_EDGE ( 'NONE', *, *, #6557, .T. ) ;
#9177 = VECTOR ( 'NONE', #2944, 1000.000000000000000 ) ;
#9178 = ORIENTED_EDGE ( 'NONE', *, *, #3876, .F. ) ;
#9179 = ORIENTED_EDGE ( 'NONE', *, *, #4514, .F. ) ;
#9180 = ORIENTED_EDGE ( 'NONE', *, *, #4751, .F. ) ;
#9181 = LINE ( 'NONE', #91, #1215 ) ;
#9182 = VECTOR ( 'NONE', #6662, 1000.000000000000000 ) ;
#9183 = SURFACE_STYLE_USAGE ( .BOTH. , #11048 ) ;
#9184 = DIRECTION ( 'NONE',  ( -2.282530889443210409E-16, 0.000000000000000000, -1.000000000000000000 ) ) ;
#9185 = PRESENTATION_STYLE_ASSIGNMENT (( #226 ) ) ;
#9186 = EDGE_CURVE ( 'NONE', #7579, #7337, #558, .T. ) ;
#9187 = SURFACE_STYLE_USAGE ( .BOTH. , #3401 ) ;
#9188 = DIRECTION ( 'NONE',  ( 0.000000000000000000, 0.7071067811865469066, -0.7071067811865482389 ) ) ;
#9189 = SURFACE_STYLE_FILL_AREA ( #3066 ) ;
#9190 = CARTESIAN_POINT ( 'NONE',  ( -3.185000000000000497, 4.000000000000000000, -0.9250000000000404565 ) ) ;
#9191 = VECTOR ( 'NONE', #10205, 1000.000000000000000 ) ;
#9192 = ORIENTED_EDGE ( 'NONE', *, *, #6645, .T. ) ;
#9193 =( NAMED_UNIT ( * ) SI_UNIT ( $, .STERADIAN. ) SOLID_ANGLE_UNIT ( ) );
#9194 = VECTOR ( 'NONE', #7666, 1000.000000000000000 ) ;
#9195 = ORIENTED_EDGE ( 'NONE', *, *, #9268, .F. ) ;
#9196 = ORIENTED_EDGE ( 'NONE', *, *, #4065, .F. ) ;
#9197 = ORIENTED_EDGE ( 'NONE', *, *, #5091, .T. ) ;
#9198 = COLOUR_RGB ( '',1.000000000000000000, 1.000000000000000000, 1.000000000000000000 ) ;
#9199 = LINE ( 'NONE', #114, #9293 ) ;
#9200 = DIRECTION ( 'NONE',  ( 0.7071067811865497932, -0.000000000000000000, 0.7071067811865452413 ) ) ;
#9201 = CARTESIAN_POINT ( 'NONE',  ( 1.037573462385288803, 0.4932555058087333966, -1.543333668776806888 ) ) ;
#9202 = CIRCLE ( 'NONE', #10906, 0.1999999999999996503 ) ;
#9203 = DIRECTION ( 'NONE',  ( 0.000000000000000000, 0.000000000000000000, -1.000000000000000000 ) ) ;
#9204 = EDGE_CURVE ( 'NONE', #10667, #2411, #7408, .T. ) ;
#9205 = DIRECTION ( 'NONE',  ( -1.000000000000000000, 5.981805089575197183E-16, 0.000000000000000000 ) ) ;
#9206 = COLOUR_RGB ( '',1.000000000000000000, 0.8117647058823529438, 0.5019607843137254832 ) ;
#9207 = ORIENTED_EDGE ( 'NONE', *, *, #4184, .T. ) ;
#9208 = AXIS2_PLACEMENT_3D ( 'NONE', #398, #4561, #9753 ) ;
#9209 = CARTESIAN_POINT ( 'NONE',  ( 1.714999999999999414, 0.8750000000000022204, 0.8749999999999842348 ) ) ;
#9210 = ORIENTED_EDGE ( 'NONE', *, *, #5750, .F. ) ;
#9211 = FILL_AREA_STYLE ('',( #5134 ) ) ;
#9212 = VECTOR ( 'NONE', #10682, 1000.000000000000000 ) ;
#9213 = ORIENTED_EDGE ( 'NONE', *, *, #1436, .F. ) ;
#9214 = DIRECTION ( 'NONE',  ( -1.000000000000000000, -0.000000000000000000, -0.000000000000000000 ) ) ;
#9215 = DIRECTION ( 'NONE',  ( 0.7071067811865544561, -0.000000000000000000, -0.7071067811865405783 ) ) ;
#9216 = SURFACE_SIDE_STYLE ('',( #12158 ) ) ;
#9217 = CARTESIAN_POINT ( 'NONE',  ( 5.875000000000001776, 1.749999999999999778, 1.549999999999988942 ) ) ;
#9218 = CARTESIAN_POINT ( 'NONE',  ( 1.714999999999999414, 8.425943506694179847E-32, 1.750000000000004663 ) ) ;
#9219 = VECTOR ( 'NONE', #4866, 1000.000000000000000 ) ;
#9220 = CARTESIAN_POINT ( 'NONE',  ( -5.275000000000024336, 4.400000000000000355, 0.9499999999999868550 ) ) ;
#9221 = DIRECTION ( 'NONE',  ( 8.720152132796374123E-17, 0.7071067811865495711, 0.7071067811865454633 ) ) ;
#9222 = DIRECTION ( 'NONE',  ( -0.000000000000000000, 1.000000000000000000, -0.000000000000000000 ) ) ;
#9223 = STYLED_ITEM ( 'NONE', ( #9467 ), #9947 ) ;
#9224 = DIRECTION ( 'NONE',  ( 0.000000000000000000, 1.000000000000000000, 0.000000000000000000 ) ) ;
#9225 = COLOUR_RGB ( '',1.000000000000000000, 1.000000000000000000, 1.000000000000000000 ) ;
#9226 = ORIENTED_EDGE ( 'NONE', *, *, #9154, .T. ) ;
#9227 = DIRECTION ( 'NONE',  ( 0.000000000000000000, 0.7071067811865402453, -0.7071067811865547892 ) ) ;
#9228 = VERTEX_POINT ( 'NONE', #2333 ) ;
#9229 = FILL_AREA_STYLE ('',( #10374 ) ) ;
#9230 = EDGE_CURVE ( 'NONE', #5936, #7873, #3599, .T. ) ;
#9231 = CARTESIAN_POINT ( 'NONE',  ( 5.275000000000024336, 4.400000000000000355, -1.450000000000041034 ) ) ;
#9232 = STYLED_ITEM ( 'NONE', ( #8715 ), #10230 ) ;
#9233 = DIRECTION ( 'NONE',  ( 0.000000000000000000, 0.000000000000000000, -1.000000000000000000 ) ) ;
#9234 = CARTESIAN_POINT ( 'NONE',  ( 0.6849999999999989431, 4.000000000000000000, 0.000000000000000000 ) ) ;
#9235 = EDGE_CURVE ( 'NONE', #12602, #10984, #6441, .T. ) ;
#9236 = UNCERTAINTY_MEASURE_WITH_UNIT (LENGTH_MEASURE( 1.000000000000000082E-05 ), #2098, 'distance_accuracy_value', 'NONE');
#9237 = PLANE ( 'NONE',  #3696 ) ;
#9238 = COLOUR_RGB ( '',1.000000000000000000, 0.8117647058823529438, 0.5019607843137254832 ) ;
#9239 =( NAMED_UNIT ( * ) SI_UNIT ( $, .STERADIAN. ) SOLID_ANGLE_UNIT ( ) );
#9240 = FACE_OUTER_BOUND ( 'NONE', #35, .T. ) ;
#9241 = COLOUR_RGB ( '',1.000000000000000000, 1.000000000000000000, 1.000000000000000000 ) ;
#9242 = VECTOR ( 'NONE', #11698, 999.9999999999998863 ) ;
#9243 = ORIENTED_EDGE ( 'NONE', *, *, #5568, .F. ) ;
#9244 =( NAMED_UNIT ( * ) SI_UNIT ( $, .STERADIAN. ) SOLID_ANGLE_UNIT ( ) );
#9245 = ORIENTED_EDGE ( 'NONE', *, *, #4098, .F. ) ;
#9246 = VERTEX_POINT ( 'NONE', #3404 ) ;
#9247 = LINE ( 'NONE', #9318, #12042 ) ;
#9248 = STYLED_ITEM ( 'NONE', ( #260 ), #3610 ) ;
#9249 = PLANE ( 'NONE',  #11490 ) ;
#9250 = EDGE_CURVE ( 'NONE', #7268, #464, #7533, .T. ) ;
#9251 = CARTESIAN_POINT ( 'NONE',  ( 5.275000000000024336, 1.749999999999999778, -1.450000000000041034 ) ) ;
#9252 = AXIS2_PLACEMENT_3D ( 'NONE', #3832, #11959, #7832 ) ;
#9253 = LINE ( 'NONE', #9324, #3769 ) ;
#9254 = EDGE_CURVE ( 'NONE', #4176, #13102, #2469, .T. ) ;
#9255 = VECTOR ( 'NONE', #11566, 999.9999999999998863 ) ;
#9257 = LINE ( 'NONE', #8128, #13076 ) ;
#9256 = UNCERTAINTY_MEASURE_WITH_UNIT (LENGTH_MEASURE( 1.000000000000000082E-05 ), #8168, 'distance_accuracy_value', 'NONE');
#9258 = DIRECTION ( 'NONE',  ( -0.7071067811865471286, -0.7071067811865479058, 8.316167683706431825E-17 ) ) ;
#9259 = CARTESIAN_POINT ( 'NONE',  ( -4.387500000000002842, 4.387500000000002842, -1.850000000000001865 ) ) ;
#9260 = VECTOR ( 'NONE', #11316, 1000.000000000000000 ) ;
#9261 = ORIENTED_EDGE ( 'NONE', *, *, #8190, .F. ) ;
#9262 = FILL_AREA_STYLE ('',( #7468 ) ) ;
#9263 = AXIS2_PLACEMENT_3D ( 'NONE', #6420, #10488, #10555 ) ;
#9264 = ORIENTED_EDGE ( 'NONE', *, *, #1986, .F. ) ;
#9265 = EDGE_LOOP ( 'NONE', ( #7159, #9591, #9076, #519 ) ) ;
#9266 = ORIENTED_EDGE ( 'NONE', *, *, #11727, .F. ) ;
#9267 = CARTESIAN_POINT ( 'NONE',  ( -5.575000000000018829, 4.700000000000000178, 0.1750000000000117295 ) ) ;
#9268 = EDGE_CURVE ( 'NONE', #10984, #9620, #3895, .T. ) ;
#9269 =( NAMED_UNIT ( * ) SI_UNIT ( $, .STERADIAN. ) SOLID_ANGLE_UNIT ( ) );
#9270 = CARTESIAN_POINT ( 'NONE',  ( -1.715000000000000746, 0.4500000000000000111, 1.850000000000004530 ) ) ;
#9271 = CARTESIAN_POINT ( 'NONE',  ( -6.875000000000006217, 1.400000000000000133, -1.749999999999996003 ) ) ;
#9272 = FACE_OUTER_BOUND ( 'NONE', #10447, .T. ) ;
#9273 = AXIS2_PLACEMENT_3D ( 'NONE', #3333, #11453, #12514 ) ;
#9274 = STYLED_ITEM ( 'NONE', ( #3416 ), #4332 ) ;
#9275 = CARTESIAN_POINT ( 'NONE',  ( -0.4650000000000010236, 3.999999999999999112, -0.5250000000000403233 ) ) ;
#9276 = ORIENTED_EDGE ( 'NONE', *, *, #4490, .F. ) ;
#9277 = FILL_AREA_STYLE ('',( #10210 ) ) ;
#9278 = VECTOR ( 'NONE', #709, 1000.000000000000000 ) ;
#9279 = ORIENTED_EDGE ( 'NONE', *, *, #12751, .T. ) ;
#9280 = CARTESIAN_POINT ( 'NONE',  ( 5.875000000000004441, 0.000000000000000000, 0.9500000000000013989 ) ) ;
#9281 = ORIENTED_EDGE ( 'NONE', *, *, #6076, .T. ) ;
#9282 = CARTESIAN_POINT ( 'NONE',  ( 3.284999999999998810, 3.548929149633788693, -0.4454640388693684727 ) ) ;
#9283 =( NAMED_UNIT ( * ) SI_UNIT ( $, .STERADIAN. ) SOLID_ANGLE_UNIT ( ) );
#9284 = FILL_AREA_STYLE ('',( #8089 ) ) ;
#9285 = CARTESIAN_POINT ( 'NONE',  ( -0.5650000000000012790, 4.000000000000000000, 0.000000000000000000 ) ) ;
#9286 = PRESENTATION_LAYER_ASSIGNMENT (  '', '', ( #5462 ) ) ;
#9288 = VECTOR ( 'NONE', #5845, 1000.000000000000000 ) ;
#9287 = CARTESIAN_POINT ( 'NONE',  ( -2.965000000000000746, 3.548929149633788249, 0.000000000000000000 ) ) ;
#9289 = CARTESIAN_POINT ( 'NONE',  ( 3.184999999999998721, 3.999999999999999112, -0.5250000000000403233 ) ) ;
#9290 = DIRECTION ( 'NONE',  ( 0.000000000000000000, 1.000000000000000000, 0.000000000000000000 ) ) ;
#9291 = CARTESIAN_POINT ( 'NONE',  ( 4.535000000000000142, 1.350000000000001865, 1.350000000000004086 ) ) ;
#9292 = LINE ( 'NONE', #6435, #9859 ) ;
#9293 = VECTOR ( 'NONE', #4157, 1000.000000000000000 ) ;
#9294 = SURFACE_STYLE_FILL_AREA ( #8035 ) ;
#9295 = PRESENTATION_LAYER_ASSIGNMENT (  '', '', ( #1868 ) ) ;
#9296 = STYLED_ITEM ( 'NONE', ( #1340 ), #4982 ) ;
#9297 = EDGE_LOOP ( 'NONE', ( #4325, #7414, #5169, #11404 ) ) ;
#9298 =( NAMED_UNIT ( * ) SI_UNIT ( $, .STERADIAN. ) SOLID_ANGLE_UNIT ( ) );
#9299 = ORIENTED_EDGE ( 'NONE', *, *, #9578, .F. ) ;
#9300 = LINE ( 'NONE', #5296, #2864 ) ;
#9301 = DIRECTION ( 'NONE',  ( 0.000000000000000000, -1.355252715606880049E-16, 1.000000000000000000 ) ) ;
#9302 = EDGE_CURVE ( 'NONE', #10539, #6636, #7461, .T. ) ;
#9303 = EDGE_CURVE ( 'NONE', #10429, #6635, #11590, .T. ) ;
#9304 =( LENGTH_UNIT ( ) NAMED_UNIT ( * ) SI_UNIT ( .MILLI., .METRE. ) );
#9305 = CARTESIAN_POINT ( 'NONE',  ( -0.6850000000000007194, 4.000000000000000000, -0.5250000000000403233 ) ) ;
#9306 = VECTOR ( 'NONE', #4611, 1000.000000000000114 ) ;
#9307 = CARTESIAN_POINT ( 'NONE',  ( -6.544999999999994600, 0.4500000000000015099, -1.849999999999995204 ) ) ;
#9308 = FILL_AREA_STYLE_COLOUR ( '', #4320 ) ;
#9309 = CARTESIAN_POINT ( 'NONE',  ( -5.875000000000001776, 3.700000000000000178, 0.9499999999999869660 ) ) ;
#9310 = CARTESIAN_POINT ( 'NONE',  ( 3.284999999999998810, 0.4500000000000000111, 1.850000000000004530 ) ) ;
#9311 = ADVANCED_FACE ( 'NONE', ( #493 ), #1291, .T. ) ;
#9312 = EDGE_CURVE ( 'NONE', #12081, #4387, #744, .T. ) ;
#9313 = VERTEX_POINT ( 'NONE', #1679 ) ;
#9314 = DIRECTION ( 'NONE',  ( 3.157870405297586439E-16, 1.000000000000000000, 0.000000000000000000 ) ) ;
#9315 = EDGE_CURVE ( 'NONE', #3743, #10738, #7979, .T. ) ;
#9316 = ORIENTED_EDGE ( 'NONE', *, *, #9677, .T. ) ;
#9317 = EDGE_LOOP ( 'NONE', ( #9196, #3513, #5187, #11832 ) ) ;
#9318 = CARTESIAN_POINT ( 'NONE',  ( -6.344999999999994422, 1.200000000000000178, 0.3500000000000039746 ) ) ;
#9319 = LINE ( 'NONE', #11389, #2150 ) ;
#9320 = SURFACE_STYLE_FILL_AREA ( #5249 ) ;
#9321 = CARTESIAN_POINT ( 'NONE',  ( 6.094999999999994422, 1.649999999999999023, 0.3500000000000039746 ) ) ;
#9322 = LINE ( 'NONE', #11391, #10018 ) ;
#9323 = LINE ( 'NONE', #4063, #3428 ) ;
#9324 = CARTESIAN_POINT ( 'NONE',  ( 5.994999999999993889, 0.4499999999999999001, -1.849999999999996758 ) ) ;
#9325 = DIRECTION ( 'NONE',  ( 1.000000000000000000, -0.000000000000000000, 2.710505431213767790E-15 ) ) ;
#9326 = DIRECTION ( 'NONE',  ( 1.176083712526648949E-16, -0.000000000000000000, 1.000000000000000000 ) ) ;
#9327 =( NAMED_UNIT ( * ) SI_UNIT ( $, .STERADIAN. ) SOLID_ANGLE_UNIT ( ) );
#9328 = EDGE_CURVE ( 'NONE', #4135, #6282, #4846, .T. ) ;
#9329 = ORIENTED_EDGE ( 'NONE', *, *, #2908, .F. ) ;
#9330 =( NAMED_UNIT ( * ) PLANE_ANGLE_UNIT ( ) SI_UNIT ( $, .RADIAN. ) );
#9331 = VECTOR ( 'NONE', #12368, 999.9999999999998863 ) ;
#9332 = ORIENTED_EDGE ( 'NONE', *, *, #1397, .T. ) ;
#9333 = EDGE_LOOP ( 'NONE', ( #4165, #12136, #6331, #8085, #2430 ) ) ;
#9334 = VERTEX_POINT ( 'NONE', #4714 ) ;
#9335 = CARTESIAN_POINT ( 'NONE',  ( -5.875000000000001776, -0.9059928172283340242, 0.6500000000000039080 ) ) ;
#9336 = CARTESIAN_POINT ( 'NONE',  ( 4.535000000000000142, 0.3499999999999999223, 2.350000000000004530 ) ) ;
#9337 = FILL_AREA_STYLE_COLOUR ( '', #12684 ) ;
#9338 = LINE ( 'NONE', #11208, #4914 ) ;
#9339 = FACE_OUTER_BOUND ( 'NONE', #1239, .T. ) ;
#9340 = DIRECTION ( 'NONE',  ( -0.000000000000000000, -1.000000000000000000, -0.000000000000000000 ) ) ;
#9341 = ADVANCED_FACE ( 'NONE', ( #10907 ), #3797, .T. ) ;
#9342 = SURFACE_STYLE_FILL_AREA ( #12288 ) ;
#9343 = EDGE_CURVE ( 'NONE', #7768, #7580, #11914, .T. ) ;
#9344 = ORIENTED_EDGE ( 'NONE', *, *, #10169, .F. ) ;
#9345 = ORIENTED_EDGE ( 'NONE', *, *, #3047, .T. ) ;
#9346 = DIRECTION ( 'NONE',  ( -0.000000000000000000, 0.000000000000000000, -1.000000000000000000 ) ) ;
#9347 = ORIENTED_EDGE ( 'NONE', *, *, #10385, .F. ) ;
#9348 = LINE ( 'NONE', #252, #3953 ) ;
#9349 = DIRECTION ( 'NONE',  ( 0.000000000000000000, 1.000000000000000000, 0.000000000000000000 ) ) ;
#9350 =( NAMED_UNIT ( * ) PLANE_ANGLE_UNIT ( ) SI_UNIT ( $, .RADIAN. ) );
#9351 = LINE ( 'NONE', #4422, #6105 ) ;
#9352 = CARTESIAN_POINT ( 'NONE',  ( 4.535000000000000142, -1.579062136966065191E-17, -0.3250000000000473066 ) ) ;
#9353 = LINE ( 'NONE', #1190, #12584 ) ;
#9354 = UNCERTAINTY_MEASURE_WITH_UNIT (LENGTH_MEASURE( 1.000000000000000082E-05 ), #11448, 'distance_accuracy_value', 'NONE');
#9355 = VECTOR ( 'NONE', #6847, 1000.000000000000000 ) ;
#9356 = DIRECTION ( 'NONE',  ( 0.000000000000000000, 0.000000000000000000, -1.000000000000000000 ) ) ;
#9357 = ADVANCED_FACE ( 'NONE', ( #12770 ), #2777, .F. ) ;
#9358 = CARTESIAN_POINT ( 'NONE',  ( 3.523657060577910315E-15, 3.250000000000009326, -1.850000000000001865 ) ) ;
#9359 =( GEOMETRIC_REPRESENTATION_CONTEXT ( 3 ) GLOBAL_UNCERTAINTY_ASSIGNED_CONTEXT ( ( #8968 ) ) GLOBAL_UNIT_ASSIGNED_CONTEXT ( ( #5927, #6990, #1814 ) ) REPRESENTATION_CONTEXT ( 'NONE', 'WORKASPACE' ) );
#9360 = SURFACE_SIDE_STYLE ('',( #6368 ) ) ;
#9361 = ORIENTED_EDGE ( 'NONE', *, *, #6140, .T. ) ;
#9362 = DIRECTION ( 'NONE',  ( 0.000000000000000000, -1.000000000000000000, 0.000000000000000000 ) ) ;
#9363 = EDGE_LOOP ( 'NONE', ( #7984, #4432, #10356, #6296 ) ) ;
#9364 =( NAMED_UNIT ( * ) SI_UNIT ( $, .STERADIAN. ) SOLID_ANGLE_UNIT ( ) );
#9365 = LINE ( 'NONE', #11439, #10014 ) ;
#9366 = VECTOR ( 'NONE', #930, 999.9999999999998863 ) ;
#9367 = PLANE ( 'NONE',  #12965 ) ;
#9368 = PLANE ( 'NONE',  #11966 ) ;
#9369 = CARTESIAN_POINT ( 'NONE',  ( -2.965000000000000746, 1.749999999999999778, -1.125000000000033973 ) ) ;
#9370 = PRODUCT_DEFINITION_CONTEXT ( 'detailed design', #2678, 'design' ) ;
#9371 = AXIS2_PLACEMENT_3D ( 'NONE', #4555, #4420, #5551 ) ;
#9372 = DIRECTION ( 'NONE',  ( 0.000000000000000000, -1.000000000000000000, -1.355252715606860081E-16 ) ) ;
#9373 = PRESENTATION_LAYER_ASSIGNMENT (  '', '', ( #1941 ) ) ;
#9374 = PLANE ( 'NONE',  #12906 ) ;
#9375 = DIRECTION ( 'NONE',  ( 0.000000000000000000, 0.000000000000000000, -1.000000000000000000 ) ) ;
#9376 = PRESENTATION_STYLE_ASSIGNMENT (( #12510 ) ) ;
#9377 = CARTESIAN_POINT ( 'NONE',  ( -4.925000000000019362, 1.749999999999999778, 0.9499999999999868550 ) ) ;
#9378 = AXIS2_PLACEMENT_3D ( 'NONE', #4944, #3834, #5011 ) ;
#9379 = EDGE_CURVE ( 'NONE', #12968, #7106, #865, .T. ) ;
#9380 = ORIENTED_EDGE ( 'NONE', *, *, #4265, .F. ) ;
#9381 = PLANE ( 'NONE',  #12443 ) ;
#9382 = ORIENTED_EDGE ( 'NONE', *, *, #5513, .T. ) ;
#9383 = ORIENTED_EDGE ( 'NONE', *, *, #9802, .F. ) ;
#9384 = DIRECTION ( 'NONE',  ( 0.000000000000000000, -0.7071067811865482389, 0.7071067811865469066 ) ) ;
#9385 = MECHANICAL_DESIGN_GEOMETRIC_PRESENTATION_REPRESENTATION (  '', ( #10666 ), #6196 ) ;
#9386 = DIRECTION ( 'NONE',  ( 0.000000000000000000, -1.000000000000000000, 0.000000000000000000 ) ) ;
#9387 = DIRECTION ( 'NONE',  ( 0.000000000000000000, 0.000000000000000000, -1.000000000000000000 ) ) ;
#9388 = SURFACE_SIDE_STYLE ('',( #5312 ) ) ;
#9389 = PRESENTATION_LAYER_ASSIGNMENT (  '', '', ( #11082 ) ) ;
#9390 = EDGE_CURVE ( 'NONE', #5051, #10632, #2851, .T. ) ;
#9391 = FACE_OUTER_BOUND ( 'NONE', #5775, .T. ) ;
#9392 = UNCERTAINTY_MEASURE_WITH_UNIT (LENGTH_MEASURE( 1.000000000000000082E-05 ), #5003, 'distance_accuracy_value', 'NONE');
#9393 = DIRECTION ( 'NONE',  ( 0.000000000000000000, 0.000000000000000000, 1.000000000000000000 ) ) ;
#9394 = SURFACE_STYLE_FILL_AREA ( #12396 ) ;
#9395 = EDGE_CURVE ( 'NONE', #4853, #8876, #3855, .T. ) ;
#9396 =( GEOMETRIC_REPRESENTATION_CONTEXT ( 3 ) GLOBAL_UNCERTAINTY_ASSIGNED_CONTEXT ( ( #9535 ) ) GLOBAL_UNIT_ASSIGNED_CONTEXT ( ( #11392, #8392, #10656 ) ) REPRESENTATION_CONTEXT ( 'NONE', 'WORKASPACE' ) );
#9397 = AXIS2_PLACEMENT_3D ( 'NONE', #9761, #10510, #7585 ) ;
#9398 = SURFACE_STYLE_FILL_AREA ( #4074 ) ;
#9399 = VERTEX_POINT ( 'NONE', #1625 ) ;
#9400 = SURFACE_STYLE_FILL_AREA ( #12401 ) ;
#9401 = VECTOR ( 'NONE', #1491, 1000.000000000000000 ) ;
#9402 = ORIENTED_EDGE ( 'NONE', *, *, #9013, .T. ) ;
#9403 = VERTEX_POINT ( 'NONE', #11795 ) ;
#9404 = ORIENTED_EDGE ( 'NONE', *, *, #2709, .F. ) ;
#9405 = VECTOR ( 'NONE', #11411, 1000.000000000000000 ) ;
#9406 = LINE ( 'NONE', #7081, #7990 ) ;
#9407 = COLOUR_RGB ( '',1.000000000000000000, 0.8117647058823529438, 0.5019607843137254832 ) ;
#9408 = PLANE ( 'NONE',  #5333 ) ;
#9409 = CYLINDRICAL_SURFACE ( 'NONE', #2494, 0.09999999995018464538 ) ;
#9410 = EDGE_CURVE ( 'NONE', #7423, #8692, #13014, .T. ) ;
#9411 = VECTOR ( 'NONE', #2738, 1000.000000000000000 ) ;
#9412 = DIRECTION ( 'NONE',  ( 0.000000000000000000, -1.000000000000000000, 0.000000000000000000 ) ) ;
#9413 = DIRECTION ( 'NONE',  ( 0.000000000000000000, 0.1736481776669268617, -0.9848077530122086864 ) ) ;
#9414 = EDGE_CURVE ( 'NONE', #5369, #5049, #2723, .T. ) ;
#9415 = CARTESIAN_POINT ( 'NONE',  ( 6.412712434446764753, 0.2999999999999999889, -1.817712434446766778 ) ) ;
#9416 = CARTESIAN_POINT ( 'NONE',  ( 2.964999999999998970, -1.579062136966065191E-17, -0.3250000000000473066 ) ) ;
#9417 = ORIENTED_EDGE ( 'NONE', *, *, #5027, .F. ) ;
#9418 = LINE ( 'NONE', #10616, #3057 ) ;
#9419 = SURFACE_SIDE_STYLE ('',( #320 ) ) ;
#9420 = ORIENTED_EDGE ( 'NONE', *, *, #633, .T. ) ;
#9421 = DIRECTION ( 'NONE',  ( -1.807003620809178576E-16, 0.000000000000000000, -1.000000000000000000 ) ) ;
#9422 = VERTEX_POINT ( 'NONE', #6780 ) ;
#9423 = DIRECTION ( 'NONE',  ( -0.7071067811865471286, 0.000000000000000000, 0.7071067811865479058 ) ) ;
#9424 = PLANE ( 'NONE',  #8113 ) ;
#9425 = CARTESIAN_POINT ( 'NONE',  ( 2.964999999999998970, 3.548929149633788693, -0.4454640388693684727 ) ) ;
#9426 = CARTESIAN_POINT ( 'NONE',  ( -5.875000000000001776, -0.9059928172283340242, -1.550000000000001821 ) ) ;
#9428 = ADVANCED_FACE ( 'NONE', ( #1735 ), #2977, .T. ) ;
#9427 = VECTOR ( 'NONE', #1562, 1000.000000000000114 ) ;
#9429 = CARTESIAN_POINT ( 'NONE',  ( 3.600000000000004530, -2.153449832247073786E-15, -1.450000000000040812 ) ) ;
#9430 = EDGE_CURVE ( 'NONE', #5671, #2266, #5980, .T. ) ;
#9431 = ADVANCED_FACE ( 'NONE', ( #10310 ), #6119, .F. ) ;
#9432 = PRESENTATION_LAYER_ASSIGNMENT (  '', '', ( #1588 ) ) ;
#9433 = CARTESIAN_POINT ( 'NONE',  ( -5.875000000000001776, 2.100000000000005862, 0.6500000000000039080 ) ) ;
#9434 = VECTOR ( 'NONE', #12617, 1000.000000000000114 ) ;
#9435 = LINE ( 'NONE', #9358, #9649 ) ;
#9436 = ORIENTED_EDGE ( 'NONE', *, *, #8415, .F. ) ;
#9437 = AXIS2_PLACEMENT_3D ( 'NONE', #10040, #1927, #4961 ) ;
#9438 = EDGE_LOOP ( 'NONE', ( #2909, #10651, #12899, #8270 ) ) ;
#9439 = PLANE ( 'NONE',  #2867 ) ;
#9440 = EDGE_CURVE ( 'NONE', #8916, #12984, #13, .T. ) ;
#9441 = ORIENTED_EDGE ( 'NONE', *, *, #5717, .F. ) ;
#9442 = VECTOR ( 'NONE', #12237, 1000.000000000000000 ) ;
#9444 = STYLED_ITEM ( 'NONE', ( #7212 ), #1785 ) ;
#9443 = FACE_OUTER_BOUND ( 'NONE', #11993, .T. ) ;
#9445 = FACE_OUTER_BOUND ( 'NONE', #2203, .T. ) ;
#9446 =( NAMED_UNIT ( * ) PLANE_ANGLE_UNIT ( ) SI_UNIT ( $, .RADIAN. ) );
#9447 =( GEOMETRIC_REPRESENTATION_CONTEXT ( 3 ) GLOBAL_UNCERTAINTY_ASSIGNED_CONTEXT ( ( #7114 ) ) GLOBAL_UNIT_ASSIGNED_CONTEXT ( ( #6143, #2935, #12078 ) ) REPRESENTATION_CONTEXT ( 'NONE', 'WORKASPACE' ) );
#9448 = CARTESIAN_POINT ( 'NONE',  ( -2.965000000000000746, 0.3000000000000002665, 4.065758146820583696E-17 ) ) ;
#9449 = FILL_AREA_STYLE ('',( #12507 ) ) ;
#9450 = CARTESIAN_POINT ( 'NONE',  ( -2.035000000000000586, 0.2999999999999997113, 1.449999999999998623 ) ) ;
#9451 = CARTESIAN_POINT ( 'NONE',  ( 2.964999999999998970, 0.000000000000000000, 0.000000000000000000 ) ) ;
#9452 = PLANE ( 'NONE',  #126 ) ;
#9453 = ORIENTED_EDGE ( 'NONE', *, *, #12083, .F. ) ;
#9454 = CARTESIAN_POINT ( 'NONE',  ( -5.375000000000000888, 0.2999999999999999889, -0.9500000000000006217 ) ) ;
#9455 = ORIENTED_EDGE ( 'NONE', *, *, #1395, .F. ) ;
#9456 = ORIENTED_EDGE ( 'NONE', *, *, #11951, .F. ) ;
#9457 =( LENGTH_UNIT ( ) NAMED_UNIT ( * ) SI_UNIT ( .MILLI., .METRE. ) );
#9458 = LINE ( 'NONE', #7456, #462 ) ;
#9459 = PRESENTATION_LAYER_ASSIGNMENT (  '', '', ( #6477 ) ) ;
#9460 = FACE_OUTER_BOUND ( 'NONE', #8812, .T. ) ;
#9461 = LINE ( 'NONE', #9665, #7507 ) ;
#9462 =( NAMED_UNIT ( * ) PLANE_ANGLE_UNIT ( ) SI_UNIT ( $, .RADIAN. ) );
#9463 = COLOUR_RGB ( '',0.7921568627450980005, 0.8196078431372548767, 0.9333333333333333481 ) ;
#9464 = DIRECTION ( 'NONE',  ( -0.000000000000000000, 0.000000000000000000, 1.000000000000000000 ) ) ;
#9465 =( GEOMETRIC_REPRESENTATION_CONTEXT ( 3 ) GLOBAL_UNCERTAINTY_ASSIGNED_CONTEXT ( ( #12544 ) ) GLOBAL_UNIT_ASSIGNED_CONTEXT ( ( #12040, #611, #6716 ) ) REPRESENTATION_CONTEXT ( 'NONE', 'WORKASPACE' ) );
#9466 = ORIENTED_EDGE ( 'NONE', *, *, #3880, .T. ) ;
#9467 = PRESENTATION_STYLE_ASSIGNMENT (( #5400 ) ) ;
#9468 = ADVANCED_FACE ( 'NONE', ( #3177 ), #8048, .F. ) ;
#9469 = ORIENTED_EDGE ( 'NONE', *, *, #112, .T. ) ;
#9470 = VERTEX_POINT ( 'NONE', #1140 ) ;
#9471 = VECTOR ( 'NONE', #9905, 1000.000000000000000 ) ;
#9472 = ORIENTED_EDGE ( 'NONE', *, *, #7790, .F. ) ;
#9473 = MECHANICAL_DESIGN_GEOMETRIC_PRESENTATION_REPRESENTATION (  '', ( #3084 ), #12242 ) ;
#9474 = CARTESIAN_POINT ( 'NONE',  ( 0.7849999999999992539, 3.548929149633788693, -0.4454640388693684727 ) ) ;
#9475 = ADVANCED_FACE ( 'NONE', ( #10176 ), #9237, .T. ) ;
#9476 = PRESENTATION_STYLE_ASSIGNMENT (( #1866 ) ) ;
#9477 = DIRECTION ( 'NONE',  ( -0.7071067811865454633, 0.7071067811865495711, 8.458823937093295996E-16 ) ) ;
#9478 = UNCERTAINTY_MEASURE_WITH_UNIT (LENGTH_MEASURE( 1.000000000000000082E-05 ), #12177, 'distance_accuracy_value', 'NONE');
#9479 = CARTESIAN_POINT ( 'NONE',  ( 6.544999999999994600, 1.399999999999998579, 0.3500000000000039746 ) ) ;
#9480 = VECTOR ( 'NONE', #5178, 1000.000000000000000 ) ;
#9481 =( LENGTH_UNIT ( ) NAMED_UNIT ( * ) SI_UNIT ( .MILLI., .METRE. ) );
#9482 = CARTESIAN_POINT ( 'NONE',  ( -5.875000000000001776, 0.2999999999999999889, 0.9500000000000013989 ) ) ;
#9483 = VECTOR ( 'NONE', #6301, 999.9999999999998863 ) ;
#9484 = MECHANICAL_DESIGN_GEOMETRIC_PRESENTATION_REPRESENTATION (  '', ( #4374 ), #10764 ) ;
#9485 = DIRECTION ( 'NONE',  ( 1.000000000000000000, -0.000000000000000000, 0.000000000000000000 ) ) ;
#9486 = ORIENTED_EDGE ( 'NONE', *, *, #4142, .T. ) ;
#9487 = CARTESIAN_POINT ( 'NONE',  ( -5.875000000000001776, -1.029563014098701546, -0.9500000000000006217 ) ) ;
#9488 = EDGE_CURVE ( 'NONE', #2264, #12935, #11376, .T. ) ;
#9489 = EDGE_CURVE ( 'NONE', #11819, #6678, #11502, .T. ) ;
#9490 = AXIS2_PLACEMENT_3D ( 'NONE', #10496, #10421, #10623 ) ;
#9491 = CARTESIAN_POINT ( 'NONE',  ( -0.4650000000000010236, 0.4500000000000000111, 1.850000000000004530 ) ) ;
#9492 = VERTEX_POINT ( 'NONE', #6321 ) ;
#9493 = ADVANCED_FACE ( 'NONE', ( #7446 ), #10379, .F. ) ;
#9494 = VERTEX_POINT ( 'NONE', #11445 ) ;
#9495 = CARTESIAN_POINT ( 'NONE',  ( -5.400881904447568438, 1.749999999999999778, -0.6283451969090764200 ) ) ;
#9496 = SURFACE_STYLE_FILL_AREA ( #12489 ) ;
#9497 = VECTOR ( 'NONE', #10072, 1000.000000000000114 ) ;
#9498 = CARTESIAN_POINT ( 'NONE',  ( -6.344999999999994422, 1.199999999999998623, 0.3500000000000039746 ) ) ;
#9499 =( NAMED_UNIT ( * ) PLANE_ANGLE_UNIT ( ) SI_UNIT ( $, .RADIAN. ) );
#9500 = CYLINDRICAL_SURFACE ( 'NONE', #9062, 0.4499999999999999001 ) ;
#9501 = MECHANICAL_DESIGN_GEOMETRIC_PRESENTATION_REPRESENTATION (  '', ( #6089 ), #5220 ) ;
#9502 = SURFACE_STYLE_FILL_AREA ( #4558 ) ;
#9503 = UNCERTAINTY_MEASURE_WITH_UNIT (LENGTH_MEASURE( 1.000000000000000082E-05 ), #867, 'distance_accuracy_value', 'NONE');
#9504 = AXIS2_PLACEMENT_3D ( 'NONE', #5931, #8923, #7861 ) ;
#9505 = FILL_AREA_STYLE_COLOUR ( '', #1708 ) ;
#9506 = DIRECTION ( 'NONE',  ( 1.000000000000000000, -0.000000000000000000, 0.000000000000000000 ) ) ;
#9507 = VERTEX_POINT ( 'NONE', #9581 ) ;
#9508 = STYLED_ITEM ( 'NONE', ( #5252 ), #12402 ) ;
#9509 = VERTEX_POINT ( 'NONE', #4438 ) ;
#9510 = DIRECTION ( 'NONE',  ( -0.000000000000000000, -0.000000000000000000, -1.000000000000000000 ) ) ;
#9511 = EDGE_CURVE ( 'NONE', #7725, #10896, #9202, .T. ) ;
#9512 = VERTEX_POINT ( 'NONE', #8377 ) ;
#9513 = MECHANICAL_DESIGN_GEOMETRIC_PRESENTATION_REPRESENTATION (  '', ( #2699 ), #6747 ) ;
#9514 = CARTESIAN_POINT ( 'NONE',  ( -0.4650000000000010236, 2.865743636076471201, -1.125000000000033973 ) ) ;
#9515 = DIRECTION ( 'NONE',  ( 0.000000000000000000, 0.9848077530122086864, 0.1736481776669268617 ) ) ;
#9516 = LINE ( 'NONE', #2192, #1583 ) ;
#9517 = CIRCLE ( 'NONE', #12901, 0.1999999999999996503 ) ;
#9518 = CARTESIAN_POINT ( 'NONE',  ( 3.184999999999998721, 4.000000000000000000, -0.9250000000000404565 ) ) ;
#9519 = DIRECTION ( 'NONE',  ( 1.176083712526648949E-16, -0.000000000000000000, 1.000000000000000000 ) ) ;
#9520 = LINE ( 'NONE', #8311, #3901 ) ;
#9521 = AXIS2_PLACEMENT_3D ( 'NONE', #9234, #7313, #4124 ) ;
#9522 = DIRECTION ( 'NONE',  ( 0.000000000000000000, 0.000000000000000000, -1.000000000000000000 ) ) ;
#9523 = EDGE_CURVE ( 'NONE', #6942, #11868, #12632, .T. ) ;
#9524 = ADVANCED_FACE ( 'NONE', ( #7516 ), #3519, .F. ) ;
#9525 = ORIENTED_EDGE ( 'NONE', *, *, #4549, .T. ) ;
#9526 = DIRECTION ( 'NONE',  ( -1.196258353356355388E-15, 0.000000000000000000, -1.000000000000000000 ) ) ;
#9527 = PRESENTATION_LAYER_ASSIGNMENT (  '', '', ( #5243 ) ) ;
#9528 = VERTEX_POINT ( 'NONE', #5064 ) ;
#9529 = VERTEX_POINT ( 'NONE', #8084 ) ;
#9530 = LINE ( 'NONE', #3397, #4591 ) ;
#9531 =( GEOMETRIC_REPRESENTATION_CONTEXT ( 3 ) GLOBAL_UNCERTAINTY_ASSIGNED_CONTEXT ( ( #7637 ) ) GLOBAL_UNIT_ASSIGNED_CONTEXT ( ( #7133, #102, #6931 ) ) REPRESENTATION_CONTEXT ( 'NONE', 'WORKASPACE' ) );
#9532 = CARTESIAN_POINT ( 'NONE',  ( -4.535000000000001030, 0.000000000000000000, 0.000000000000000000 ) ) ;
#9533 = DIRECTION ( 'NONE',  ( 1.000000000000000000, 0.000000000000000000, 0.000000000000000000 ) ) ;
#9534 = PRESENTATION_STYLE_ASSIGNMENT (( #5461 ) ) ;
#9536 = SURFACE_STYLE_USAGE ( .BOTH. , #10392 ) ;
#9535 = UNCERTAINTY_MEASURE_WITH_UNIT (LENGTH_MEASURE( 1.000000000000000082E-05 ), #11392, 'distance_accuracy_value', 'NONE');
#9537 = DIRECTION ( 'NONE',  ( -0.000000000000000000, -0.000000000000000000, 1.000000000000000000 ) ) ;
#9538 = EDGE_CURVE ( 'NONE', #4687, #1727, #11349, .T. ) ;
#9539 = LINE ( 'NONE', #11728, #3928 ) ;
#9540 = VERTEX_POINT ( 'NONE', #7218 ) ;
#9541 = CARTESIAN_POINT ( 'NONE',  ( 4.535000000000000142, 0.3499999999999999223, 2.350000000000004530 ) ) ;
#9542 = ORIENTED_EDGE ( 'NONE', *, *, #4046, .F. ) ;
#9543 = ORIENTED_EDGE ( 'NONE', *, *, #11131, .T. ) ;
#9544 = ORIENTED_EDGE ( 'NONE', *, *, #3001, .T. ) ;
#9545 = PRESENTATION_STYLE_ASSIGNMENT (( #9611 ) ) ;
#9546 = UNCERTAINTY_MEASURE_WITH_UNIT (LENGTH_MEASURE( 1.000000000000000082E-05 ), #7369, 'distance_accuracy_value', 'NONE');
#9547 = DIRECTION ( 'NONE',  ( -1.000000000000000000, -0.000000000000000000, -0.000000000000000000 ) ) ;
#9548 =( LENGTH_UNIT ( ) NAMED_UNIT ( * ) SI_UNIT ( .MILLI., .METRE. ) );
#9549 = CARTESIAN_POINT ( 'NONE',  ( 4.214999999999999858, 0.000000000000000000, 2.350000000000004530 ) ) ;
#9550 =( NAMED_UNIT ( * ) SI_UNIT ( $, .STERADIAN. ) SOLID_ANGLE_UNIT ( ) );
#9551 = LINE ( 'NONE', #7421, #4259 ) ;
#9552 =( GEOMETRIC_REPRESENTATION_CONTEXT ( 3 ) GLOBAL_UNCERTAINTY_ASSIGNED_CONTEXT ( ( #11663 ) ) GLOBAL_UNIT_ASSIGNED_CONTEXT ( ( #727, #9030, #10094 ) ) REPRESENTATION_CONTEXT ( 'NONE', 'WORKASPACE' ) );
#9553 = ORIENTED_EDGE ( 'NONE', *, *, #12739, .F. ) ;
#9554 = DIRECTION ( 'NONE',  ( 0.000000000000000000, 1.000000000000000000, 0.000000000000000000 ) ) ;
#9555 = ORIENTED_EDGE ( 'NONE', *, *, #11039, .T. ) ;
#9556 = LINE ( 'NONE', #6422, #5966 ) ;
#9557 = ORIENTED_EDGE ( 'NONE', *, *, #8818, .F. ) ;
#9558 = CARTESIAN_POINT ( 'NONE',  ( 0.4649999999999992473, 0.000000000000000000, 0.000000000000000000 ) ) ;
#9559 = CARTESIAN_POINT ( 'NONE',  ( -1.715000000000000746, 2.865743636076471645, -0.3250000000000474731 ) ) ;
#9560 = CARTESIAN_POINT ( 'NONE',  ( -4.215000000000000746, 0.000000000000000000, 0.000000000000000000 ) ) ;
#9561 =( NAMED_UNIT ( * ) PLANE_ANGLE_UNIT ( ) SI_UNIT ( $, .RADIAN. ) );
#9562 = DIRECTION ( 'NONE',  ( 1.000000000000000000, 0.000000000000000000, 0.000000000000000000 ) ) ;
#9563 = EDGE_CURVE ( 'NONE', #11476, #5366, #3090, .T. ) ;
#9564 = DIRECTION ( 'NONE',  ( 0.000000000000000000, 0.7071067811865481278, -0.7071067811865470176 ) ) ;
#9565 = EDGE_CURVE ( 'NONE', #5871, #1298, #3224, .T. ) ;
#9566 = CARTESIAN_POINT ( 'NONE',  ( -3.285000000000000586, 0.3499999999999999223, 2.350000000000004530 ) ) ;
#9567 = SURFACE_STYLE_FILL_AREA ( #6507 ) ;
#9568 = EDGE_CURVE ( 'NONE', #8482, #4269, #10360, .T. ) ;
#9569 = CARTESIAN_POINT ( 'NONE',  ( 4.300000000000006040, 2.100000000000005418, -1.850000000000001865 ) ) ;
#9570 = ORIENTED_EDGE ( 'NONE', *, *, #3062, .F. ) ;
#9571 = VERTEX_POINT ( 'NONE', #4094 ) ;
#9572 =( LENGTH_UNIT ( ) NAMED_UNIT ( * ) SI_UNIT ( .MILLI., .METRE. ) );
#9573 = ORIENTED_EDGE ( 'NONE', *, *, #10411, .T. ) ;
#9574 = DIRECTION ( 'NONE',  ( 8.316167683706564945E-17, 0.7071067811865365815, 0.7071067811865584529 ) ) ;
#9575 = PLANE ( 'NONE',  #10026 ) ;
#9576 = DIRECTION ( 'NONE',  ( 0.000000000000000000, -0.7071067811865470176, -0.7071067811865481278 ) ) ;
#9577 = MECHANICAL_DESIGN_GEOMETRIC_PRESENTATION_REPRESENTATION (  '', ( #1090 ), #3829 ) ;
#9578 = EDGE_CURVE ( 'NONE', #13103, #3816, #11279, .T. ) ;
#9579 = SURFACE_SIDE_STYLE ('',( #7650 ) ) ;
#9580 = ADVANCED_FACE ( 'NONE', ( #3025 ), #2233, .F. ) ;
#9581 = CARTESIAN_POINT ( 'NONE',  ( -6.094999999999994422, 1.200000000000000178, -1.849999999999996092 ) ) ;
#9582 = SURFACE_STYLE_FILL_AREA ( #10776 ) ;
#9583 = SURFACE_STYLE_USAGE ( .BOTH. , #12562 ) ;
#9584 = EDGE_CURVE ( 'NONE', #7250, #8401, #6026, .T. ) ;
#9585 = LINE ( 'NONE', #10779, #4049 ) ;
#9586 = CARTESIAN_POINT ( 'NONE',  ( -5.875000000000001776, 2.078323961923568053, 0.8000000000000005995 ) ) ;
#9587 = VECTOR ( 'NONE', #11781, 1000.000000000000000 ) ;
#9588 = ORIENTED_EDGE ( 'NONE', *, *, #5994, .T. ) ;
#9589 =( NAMED_UNIT ( * ) SI_UNIT ( $, .STERADIAN. ) SOLID_ANGLE_UNIT ( ) );
#9590 = PRESENTATION_LAYER_ASSIGNMENT (  '', '', ( #860 ) ) ;
#9591 = ORIENTED_EDGE ( 'NONE', *, *, #3786, .F. ) ;
#9592 = EDGE_LOOP ( 'NONE', ( #10506, #4742, #7910, #403, #5417, #10450, #2498, #8521, #10343, #8403, #4240, #7324 ) ) ;
#9593 = SURFACE_STYLE_USAGE ( .BOTH. , #2588 ) ;
#9594 = SURFACE_STYLE_USAGE ( .BOTH. , #1490 ) ;
#9595 = VECTOR ( 'NONE', #8747, 1000.000000000000000 ) ;
#9596 = FACE_OUTER_BOUND ( 'NONE', #3480, .T. ) ;
#9597 = DIRECTION ( 'NONE',  ( 1.000000000000000000, -0.000000000000000000, 0.000000000000000000 ) ) ;
#9598 = LINE ( 'NONE', #7531, #383 ) ;
#9599 = EDGE_CURVE ( 'NONE', #4042, #9054, #12293, .T. ) ;
#9600 = CARTESIAN_POINT ( 'NONE',  ( -5.875000000000001776, 4.699999999999999289, 0.9500000000000035083 ) ) ;
#9601 = EDGE_CURVE ( 'NONE', #5099, #3393, #10086, .T. ) ;
#9602 = DIRECTION ( 'NONE',  ( -1.000000000000000000, -0.000000000000000000, -0.000000000000000000 ) ) ;
#9603 = CARTESIAN_POINT ( 'NONE',  ( 5.400881904447568438, 1.749999999999999778, -0.6283451969090776412 ) ) ;
#9604 = VECTOR ( 'NONE', #12917, 1000.000000000000000 ) ;
#9605 = ORIENTED_EDGE ( 'NONE', *, *, #4385, .T. ) ;
#9606 = VERTEX_POINT ( 'NONE', #12356 ) ;
#9607 = ORIENTED_EDGE ( 'NONE', *, *, #3257, .T. ) ;
#9608 = MECHANICAL_DESIGN_GEOMETRIC_PRESENTATION_REPRESENTATION (  '', ( #4064 ), #7891 ) ;
#9610 = ADVANCED_FACE ( 'NONE', ( #5008 ), #11090, .F. ) ;
#9609 = ORIENTED_EDGE ( 'NONE', *, *, #2993, .F. ) ;
#9611 = SURFACE_STYLE_USAGE ( .BOTH. , #10477 ) ;
#9612 = DIRECTION ( 'NONE',  ( -1.199542829132897993E-16, 0.000000000000000000, -1.000000000000000000 ) ) ;
#9613 =( GEOMETRIC_REPRESENTATION_CONTEXT ( 3 ) GLOBAL_UNCERTAINTY_ASSIGNED_CONTEXT ( ( #4451 ) ) GLOBAL_UNIT_ASSIGNED_CONTEXT ( ( #11895, #2760, #6891 ) ) REPRESENTATION_CONTEXT ( 'NONE', 'WORKASPACE' ) );
#9614 = DIRECTION ( 'NONE',  ( 0.000000000000000000, 0.000000000000000000, -1.000000000000000000 ) ) ;
#9615 = LINE ( 'NONE', #8488, #12533 ) ;
#9616 = ORIENTED_EDGE ( 'NONE', *, *, #11197, .T. ) ;
#9617 = PRESENTATION_LAYER_ASSIGNMENT (  '', '', ( #5118 ) ) ;
#9618 = COLOUR_RGB ( '',1.000000000000000000, 0.8117647058823529438, 0.5019607843137254832 ) ;
#9619 = FACE_OUTER_BOUND ( 'NONE', #4968, .T. ) ;
#9620 = VERTEX_POINT ( 'NONE', #7780 ) ;
#9621 = DIRECTION ( 'NONE',  ( -1.000000000000000000, 0.000000000000000000, 3.097720492815684271E-16 ) ) ;
#9622 = ORIENTED_EDGE ( 'NONE', *, *, #2343, .F. ) ;
#9623 = PLANE ( 'NONE',  #12658 ) ;
#9624 = CARTESIAN_POINT ( 'NONE',  ( 3.900000000000007017, 3.250000000000005329, -1.850000000000001865 ) ) ;
#9625 = COLOUR_RGB ( '',1.000000000000000000, 0.8117647058823529438, 0.5019607843137254832 ) ;
#9626 = PRESENTATION_STYLE_ASSIGNMENT (( #647 ) ) ;
#9627 = SURFACE_STYLE_USAGE ( .BOTH. , #12738 ) ;
#9628 = UNCERTAINTY_MEASURE_WITH_UNIT (LENGTH_MEASURE( 1.000000000000000082E-05 ), #12269, 'distance_accuracy_value', 'NONE');
#9629 = SURFACE_STYLE_FILL_AREA ( #10625 ) ;
#9630 = EDGE_CURVE ( 'NONE', #9470, #12951, #7031, .T. ) ;
#9631 = DIRECTION ( 'NONE',  ( 0.000000000000000000, -1.000000000000000000, 0.000000000000000000 ) ) ;
#9632 = LINE ( 'NONE', #10929, #4546 ) ;
#9633 = CARTESIAN_POINT ( 'NONE',  ( -6.094999999999995310, 1.200000000000000178, 0.3500000000000039746 ) ) ;
#9634 = AXIS2_PLACEMENT_3D ( 'NONE', #6670, #12908, #2852 ) ;
#9635 = ORIENTED_EDGE ( 'NONE', *, *, #11587, .T. ) ;
#9636 = VERTEX_POINT ( 'NONE', #10962 ) ;
#9637 = EDGE_CURVE ( 'NONE', #7802, #3634, #1856, .T. ) ;
#9638 = VECTOR ( 'NONE', #2401, 1000.000000000000000 ) ;
#9639 = ORIENTED_EDGE ( 'NONE', *, *, #16, .F. ) ;
#9640 = CARTESIAN_POINT ( 'NONE',  ( -1.715000000000000746, 1.350000000000001865, 1.350000000000004086 ) ) ;
#9641 = FILL_AREA_STYLE ('',( #4636 ) ) ;
#9642 = PRESENTATION_STYLE_ASSIGNMENT (( #5764 ) ) ;
#9643 = AXIS2_PLACEMENT_3D ( 'NONE', #6236, #10220, #12235 ) ;
#9644 = CARTESIAN_POINT ( 'NONE',  ( 1.714999999999999414, 0.03083447080518480002, 0.1748709736949816407 ) ) ;
#9645 = FILL_AREA_STYLE ('',( #10831 ) ) ;
#9646 = DIRECTION ( 'NONE',  ( 0.000000000000000000, 0.000000000000000000, -1.000000000000000000 ) ) ;
#9647 = STYLED_ITEM ( 'NONE', ( #5375 ), #9524 ) ;
#9648 = LINE ( 'NONE', #8580, #5311 ) ;
#9649 = VECTOR ( 'NONE', #3506, 1000.000000000000000 ) ;
#9650 = ORIENTED_EDGE ( 'NONE', *, *, #2582, .T. ) ;
#9651 = SURFACE_STYLE_FILL_AREA ( #11654 ) ;
#9652 = VECTOR ( 'NONE', #3235, 1000.000000000000000 ) ;
#9653 = EDGE_LOOP ( 'NONE', ( #5652, #1935, #4547, #11351 ) ) ;
#9654 = ORIENTED_EDGE ( 'NONE', *, *, #3572, .F. ) ;
#9655 = CARTESIAN_POINT ( 'NONE',  ( 6.344999999999994422, 1.199999999999998623, 0.3500000000000039746 ) ) ;
#9656 = CARTESIAN_POINT ( 'NONE',  ( -4.315000000000001279, 3.999999999999999112, -0.5250000000000403233 ) ) ;
#9657 = DIRECTION ( 'NONE',  ( -0.000000000000000000, -0.000000000000000000, 1.000000000000000000 ) ) ;
#9658 = EDGE_CURVE ( 'NONE', #7454, #6889, #13013, .T. ) ;
#9659 = PRESENTATION_LAYER_ASSIGNMENT (  '', '', ( #7747 ) ) ;
#9660 = CARTESIAN_POINT ( 'NONE',  ( 5.375000000000002665, 0.000000000000000000, -1.850000000000001865 ) ) ;
#9661 = LINE ( 'NONE', #424, #1958 ) ;
#9662 = CARTESIAN_POINT ( 'NONE',  ( 0.000000000000000000, 3.700000000000000178, 1.249999999999985567 ) ) ;
#9664 = DIRECTION ( 'NONE',  ( 0.000000000000000000, 0.9848077530122087975, -0.1736481776669264454 ) ) ;
#9663 = UNCERTAINTY_MEASURE_WITH_UNIT (LENGTH_MEASURE( 1.000000000000000082E-05 ), #11808, 'distance_accuracy_value', 'NONE');
#9665 = CARTESIAN_POINT ( 'NONE',  ( 1.714999999999999414, 0.000000000000000000, 1.850000000000004530 ) ) ;
#9666 = AXIS2_PLACEMENT_3D ( 'NONE', #1093, #104, #5321 ) ;
#9667 = SURFACE_STYLE_FILL_AREA ( #494 ) ;
#9668 = LINE ( 'NONE', #9603, #12430 ) ;
#9669 = COLOUR_RGB ( '',0.7921568627450980005, 0.8196078431372548767, 0.9333333333333333481 ) ;
#9670 = ORIENTED_EDGE ( 'NONE', *, *, #8023, .F. ) ;
#9671 = ADVANCED_FACE ( 'NONE', ( #11902 ), #12107, .F. ) ;
#9672 = VERTEX_POINT ( 'NONE', #11849 ) ;
#9673 = ORIENTED_EDGE ( 'NONE', *, *, #12751, .F. ) ;
#9674 = CIRCLE ( 'NONE', #3063, 0.4499999999999999001 ) ;
#9675 = ADVANCED_FACE ( 'NONE', ( #9096 ), #2712, .T. ) ;
#9676 = ORIENTED_EDGE ( 'NONE', *, *, #7631, .T. ) ;
#9677 = EDGE_CURVE ( 'NONE', #4371, #9403, #4952, .T. ) ;
#9678 = DIRECTION ( 'NONE',  ( 0.000000000000000000, -1.000000000000000000, -1.355252715606880296E-16 ) ) ;
#9679 = CARTESIAN_POINT ( 'NONE',  ( -6.094999999999995310, 1.200000000000000178, 0.3500000000000039746 ) ) ;
#9680 = LINE ( 'NONE', #635, #9306 ) ;
#9681 = PRESENTATION_LAYER_ASSIGNMENT (  '', '', ( #11152 ) ) ;
#9682 = ORIENTED_EDGE ( 'NONE', *, *, #1417, .T. ) ;
#9683 = COLOUR_RGB ( '',1.000000000000000000, 1.000000000000000000, 1.000000000000000000 ) ;
#9684 = AXIS2_PLACEMENT_3D ( 'NONE', #13016, #855, #4770 ) ;
#9685 = ADVANCED_FACE ( 'NONE', ( #5967 ), #2, .T. ) ;
#9686 = CARTESIAN_POINT ( 'NONE',  ( 6.544999999999994600, 1.199999999999998623, 0.3500000000000039746 ) ) ;
#9687 = ORIENTED_EDGE ( 'NONE', *, *, #5717, .T. ) ;
#9688 = PRESENTATION_STYLE_ASSIGNMENT (( #4417 ) ) ;
#9689 = VERTEX_POINT ( 'NONE', #7104 ) ;
#9690 = CARTESIAN_POINT ( 'NONE',  ( 0.000000000000000000, 2.078323961923568053, 0.8000000000000005995 ) ) ;
#9691 = VECTOR ( 'NONE', #2700, 1000.000000000000000 ) ;
#9692 = DIRECTION ( 'NONE',  ( -0.000000000000000000, 1.000000000000000000, 0.000000000000000000 ) ) ;
#9693 = LINE ( 'NONE', #12614, #7170 ) ;
#9694 = PLANE ( 'NONE',  #991 ) ;
#9695 =( GEOMETRIC_REPRESENTATION_CONTEXT ( 3 ) GLOBAL_UNCERTAINTY_ASSIGNED_CONTEXT ( ( #12959 ) ) GLOBAL_UNIT_ASSIGNED_CONTEXT ( ( #11423, #325, #10417 ) ) REPRESENTATION_CONTEXT ( 'NONE', 'WORKASPACE' ) );
#9696 = PLANE ( 'NONE',  #8155 ) ;
#9697 = AXIS2_PLACEMENT_3D ( 'NONE', #3560, #11749, #2617 ) ;
#9698 =( LENGTH_UNIT ( ) NAMED_UNIT ( * ) SI_UNIT ( .MILLI., .METRE. ) );
#9699 = VECTOR ( 'NONE', #6200, 1000.000000000000000 ) ;
#9700 = ORIENTED_EDGE ( 'NONE', *, *, #8856, .T. ) ;
#9701 = ORIENTED_EDGE ( 'NONE', *, *, #11380, .F. ) ;
#9702 = CARTESIAN_POINT ( 'NONE',  ( 7.074999999999998401, -0.9059928172283340242, 0.6500000000000005773 ) ) ;
#9703 = STYLED_ITEM ( 'NONE', ( #8406 ), #12127 ) ;
#9704 = VECTOR ( 'NONE', #10812, 1000.000000000000000 ) ;
#9705 = ORIENTED_EDGE ( 'NONE', *, *, #8222, .T. ) ;
#9706 = DIRECTION ( 'NONE',  ( -1.000000000000000000, 0.000000000000000000, 1.176083712526648949E-16 ) ) ;
#9707 = CARTESIAN_POINT ( 'NONE',  ( 5.275000000000024336, 4.400000000000000355, -1.450000000000041034 ) ) ;
#9708 = PRESENTATION_LAYER_ASSIGNMENT (  '', '', ( #9906 ) ) ;
#9709 = CARTESIAN_POINT ( 'NONE',  ( 2.034999999999999698, 1.083335593717822357E-31, 2.250000000000004441 ) ) ;
#9710 = SURFACE_STYLE_FILL_AREA ( #9645 ) ;
#9711 = DIRECTION ( 'NONE',  ( -0.000000000000000000, -1.000000000000000000, -0.000000000000000000 ) ) ;
#9712 = VECTOR ( 'NONE', #3808, 1000.000000000000000 ) ;
#9713 = DIRECTION ( 'NONE',  ( 0.000000000000000000, 0.000000000000000000, 1.000000000000000000 ) ) ;
#9714 = STYLED_ITEM ( 'NONE', ( #760 ), #4534 ) ;
#9715 = ORIENTED_EDGE ( 'NONE', *, *, #3778, .T. ) ;
#9716 = DIRECTION ( 'NONE',  ( -0.000000000000000000, 0.7071067811865549002, 0.7071067811865402453 ) ) ;
#9717 = EDGE_CURVE ( 'NONE', #3055, #7337, #10092, .T. ) ;
#9718 = ORIENTED_EDGE ( 'NONE', *, *, #6189, .T. ) ;
#9719 = ORIENTED_EDGE ( 'NONE', *, *, #9488, .F. ) ;
#9720 = CARTESIAN_POINT ( 'NONE',  ( 2.034999999999999698, -1.579062136966065191E-17, -0.3250000000000473066 ) ) ;
#9721 = DIRECTION ( 'NONE',  ( 0.000000000000000000, 0.000000000000000000, -1.000000000000000000 ) ) ;
#9722 = CARTESIAN_POINT ( 'NONE',  ( 0.4649999999999992473, -1.125000000000002442, 1.125000000000004663 ) ) ;
#9723 = DIRECTION ( 'NONE',  ( 0.000000000000000000, -1.000000000000000000, 0.000000000000000000 ) ) ;
#9724 =( NAMED_UNIT ( * ) PLANE_ANGLE_UNIT ( ) SI_UNIT ( $, .RADIAN. ) );
#9725 = VECTOR ( 'NONE', #288, 1000.000000000000000 ) ;
#9726 = CARTESIAN_POINT ( 'NONE',  ( -5.875000000000001776, 2.100000000000005862, -1.550000000000001821 ) ) ;
#9727 = CARTESIAN_POINT ( 'NONE',  ( 2.964999999999998970, -1.125000000000002442, 1.125000000000004663 ) ) ;
#9728 = VECTOR ( 'NONE', #2776, 1000.000000000000000 ) ;
#9729 = ORIENTED_EDGE ( 'NONE', *, *, #6241, .F. ) ;
#9730 = ORIENTED_EDGE ( 'NONE', *, *, #8082, .F. ) ;
#9731 = EDGE_LOOP ( 'NONE', ( #9781, #5792, #5669, #532 ) ) ;
#9732 = VERTEX_POINT ( 'NONE', #2355 ) ;
#9733 =( GEOMETRIC_REPRESENTATION_CONTEXT ( 3 ) GLOBAL_UNCERTAINTY_ASSIGNED_CONTEXT ( ( #8291 ) ) GLOBAL_UNIT_ASSIGNED_CONTEXT ( ( #8306, #4188, #8246 ) ) REPRESENTATION_CONTEXT ( 'NONE', 'WORKASPACE' ) );
#9734 = EDGE_LOOP ( 'NONE', ( #9783, #11094, #5712, #4579, #10615, #10605 ) ) ;
#9735 = FILL_AREA_STYLE_COLOUR ( '', #779 ) ;
#9736 = CARTESIAN_POINT ( 'NONE',  ( 6.412712434446764753, 0.2999999999999999889, -1.817712434446766778 ) ) ;
#9737 = CARTESIAN_POINT ( 'NONE',  ( 0.000000000000000000, 4.700000000000000178, 0.000000000000000000 ) ) ;
#9738 = FILL_AREA_STYLE_COLOUR ( '', #1258 ) ;
#9739 = DIRECTION ( 'NONE',  ( -1.000000000000000000, -0.000000000000000000, -0.000000000000000000 ) ) ;
#9740 = EDGE_CURVE ( 'NONE', #12921, #6389, #11614, .T. ) ;
#9741 = VECTOR ( 'NONE', #311, 1000.000000000000114 ) ;
#9742 = EDGE_CURVE ( 'NONE', #4803, #10342, #5414, .T. ) ;
#9743 = ORIENTED_EDGE ( 'NONE', *, *, #4689, .T. ) ;
#9744 = CARTESIAN_POINT ( 'NONE',  ( 4.535000000000000142, 0.000000000000000000, 2.350000000000004530 ) ) ;
#9745 = ORIENTED_EDGE ( 'NONE', *, *, #5230, .F. ) ;
#9746 = ORIENTED_EDGE ( 'NONE', *, *, #11093, .F. ) ;
#9747 = DIRECTION ( 'NONE',  ( -0.000000000000000000, 0.000000000000000000, 1.000000000000000000 ) ) ;
#9748 = PLANE ( 'NONE',  #9371 ) ;
#9749 = SURFACE_SIDE_STYLE ('',( #11824 ) ) ;
#9750 = PLANE ( 'NONE',  #6930 ) ;
#9751 = DIRECTION ( 'NONE',  ( 0.7071067811865479058, 0.7071067811865472397, 0.000000000000000000 ) ) ;
#9752 = UNCERTAINTY_MEASURE_WITH_UNIT (LENGTH_MEASURE( 1.000000000000000082E-05 ), #4471, 'distance_accuracy_value', 'NONE');
#9753 = DIRECTION ( 'NONE',  ( -1.000000000000000000, 0.000000000000000000, 0.000000000000000000 ) ) ;
#9754 = FILL_AREA_STYLE ('',( #7575 ) ) ;
#9755 = ORIENTED_EDGE ( 'NONE', *, *, #2152, .F. ) ;
#9756 = EDGE_LOOP ( 'NONE', ( #2507, #8609, #7080, #3622 ) ) ;
#9757 = SURFACE_SIDE_STYLE ('',( #12816 ) ) ;
#9758 = MECHANICAL_DESIGN_GEOMETRIC_PRESENTATION_REPRESENTATION (  '', ( #11030 ), #9552 ) ;
#9759 = ORIENTED_EDGE ( 'NONE', *, *, #9312, .T. ) ;
#9760 = DIRECTION ( 'NONE',  ( 1.000000000000000000, -0.000000000000000000, 0.000000000000000000 ) ) ;
#9761 = CARTESIAN_POINT ( 'NONE',  ( -5.575000000000018829, 1.749999999999999778, 0.1750000000000117295 ) ) ;
#9762 = CARTESIAN_POINT ( 'NONE',  ( -0.4650000000000010236, 0.2787990747163040517, -1.581148123764847258 ) ) ;
#9763 = EDGE_CURVE ( 'NONE', #1369, #3073, #12482, .T. ) ;
#9764 = LINE ( 'NONE', #1721, #9004 ) ;
#9765 = DIRECTION ( 'NONE',  ( 0.000000000000000000, -0.9848077530122087975, -0.1736481776669268895 ) ) ;
#9766 = SURFACE_SIDE_STYLE ('',( #7902 ) ) ;
#9767 = VECTOR ( 'NONE', #12021, 1000.000000000000000 ) ;
#9768 = ORIENTED_EDGE ( 'NONE', *, *, #8438, .F. ) ;
#9769 = ORIENTED_EDGE ( 'NONE', *, *, #770, .F. ) ;
#9770 = ORIENTED_EDGE ( 'NONE', *, *, #159, .F. ) ;
#9771 = FACE_OUTER_BOUND ( 'NONE', #2337, .T. ) ;
#9772 = DIRECTION ( 'NONE',  ( -1.000000000000000000, -0.000000000000000000, -0.000000000000000000 ) ) ;
#9773 = DIRECTION ( 'NONE',  ( -0.000000000000000000, 0.000000000000000000, 1.000000000000000000 ) ) ;
#9774 = LINE ( 'NONE', #556, #7165 ) ;
#9775 = UNCERTAINTY_MEASURE_WITH_UNIT (LENGTH_MEASURE( 1.000000000000000082E-05 ), #11, 'distance_accuracy_value', 'NONE');
#9776 = CARTESIAN_POINT ( 'NONE',  ( -5.875000000000001776, 24.60698852501704437, 1.850000000000001421 ) ) ;
#9777 = DIRECTION ( 'NONE',  ( 1.000000000000000000, 0.000000000000000000, -0.000000000000000000 ) ) ;
#9778 = EDGE_CURVE ( 'NONE', #4645, #6934, #4475, .T. ) ;
#9779 = CARTESIAN_POINT ( 'NONE',  ( -7.125000000000000888, 0.5500000000000022649, -1.850000000000001865 ) ) ;
#9780 = COLOUR_RGB ( '',1.000000000000000000, 1.000000000000000000, 1.000000000000000000 ) ;
#9781 = ORIENTED_EDGE ( 'NONE', *, *, #7537, .T. ) ;
#9782 =( NAMED_UNIT ( * ) SI_UNIT ( $, .STERADIAN. ) SOLID_ANGLE_UNIT ( ) );
#9783 = ORIENTED_EDGE ( 'NONE', *, *, #5078, .T. ) ;
#9784 = ORIENTED_EDGE ( 'NONE', *, *, #11026, .T. ) ;
#9785 = ORIENTED_EDGE ( 'NONE', *, *, #1561, .F. ) ;
#9786 = CARTESIAN_POINT ( 'NONE',  ( -6.544999999999994600, 1.399999999999999911, 0.3500000000000039746 ) ) ;
#9787 = LINE ( 'NONE', #4359, #2790 ) ;
#9788 = SURFACE_STYLE_FILL_AREA ( #7932 ) ;
#9789 = STYLED_ITEM ( 'NONE', ( #11977 ), #382 ) ;
#9790 = LINE ( 'NONE', #692, #8435 ) ;
#9791 = EDGE_CURVE ( 'NONE', #8823, #1534, #3363, .T. ) ;
#9792 = SURFACE_STYLE_FILL_AREA ( #2681 ) ;
#9793 = CARTESIAN_POINT ( 'NONE',  ( -3.900000000000000355, 4.700000000000004619, -1.750000000000041744 ) ) ;
#9794 = MECHANICAL_DESIGN_GEOMETRIC_PRESENTATION_REPRESENTATION (  '', ( #5088 ), #10216 ) ;
#9795 = ORIENTED_EDGE ( 'NONE', *, *, #1030, .F. ) ;
#9796 = CARTESIAN_POINT ( 'NONE',  ( -0.4650000000000010236, 1.749999999999999778, 0.000000000000000000 ) ) ;
#9797 = COLOUR_RGB ( '',1.000000000000000000, 0.8117647058823529438, 0.5019607843137254832 ) ;
#9798 = DIRECTION ( 'NONE',  ( 0.000000000000000000, 1.000000000000000000, -0.000000000000000000 ) ) ;
#9799 = EDGE_CURVE ( 'NONE', #11247, #6923, #9418, .T. ) ;
#9800 = ORIENTED_EDGE ( 'NONE', *, *, #3339, .F. ) ;
#9801 = LINE ( 'NONE', #6755, #675 ) ;
#9802 = EDGE_CURVE ( 'NONE', #11767, #10387, #69, .T. ) ;
#9803 = VECTOR ( 'NONE', #8234, 1000.000000000000000 ) ;
#9804 = ORIENTED_EDGE ( 'NONE', *, *, #175, .T. ) ;
#9805 = LINE ( 'NONE', #1461, #9278 ) ;
#9806 = CARTESIAN_POINT ( 'NONE',  ( 6.875000000000006217, 1.649999999999999023, 0.3500000000000039746 ) ) ;
#9807 = ADVANCED_FACE ( 'NONE', ( #3102 ), #2492, .F. ) ;
#9808 = CARTESIAN_POINT ( 'NONE',  ( 6.544999999999994600, 0.4499999999999999001, 0.3500000000000039746 ) ) ;
#9809 = AXIS2_PLACEMENT_3D ( 'NONE', #3869, #9988, #95 ) ;
#9810 = FILL_AREA_STYLE_COLOUR ( '', #10913 ) ;
#9811 = MANIFOLD_SOLID_BREP ( 'Cut-Extrude6[1]', #4045 ) ;
#9812 = UNCERTAINTY_MEASURE_WITH_UNIT (LENGTH_MEASURE( 1.000000000000000082E-05 ), #5463, 'distance_accuracy_value', 'NONE');
#9813 = CARTESIAN_POINT ( 'NONE',  ( -5.575000000000018829, 1.749999999999999778, -0.6750000000000004885 ) ) ;
#9814 =( GEOMETRIC_REPRESENTATION_CONTEXT ( 3 ) GLOBAL_UNCERTAINTY_ASSIGNED_CONTEXT ( ( #7130 ) ) GLOBAL_UNIT_ASSIGNED_CONTEXT ( ( #1407, #3642, #12629 ) ) REPRESENTATION_CONTEXT ( 'NONE', 'WORKASPACE' ) );
#9815 = EDGE_LOOP ( 'NONE', ( #7077, #1184, #10184, #7856, #7869 ) ) ;
#9816 = CARTESIAN_POINT ( 'NONE',  ( -2.035000000000000586, 8.425943506694179847E-32, 1.750000000000004663 ) ) ;
#9817 = VECTOR ( 'NONE', #1227, 1000.000000000000000 ) ;
#9818 = EDGE_CURVE ( 'NONE', #6405, #6013, #4548, .T. ) ;
#9819 = VERTEX_POINT ( 'NONE', #10811 ) ;
#9820 = CARTESIAN_POINT ( 'NONE',  ( -3.200000000000000622, 2.100000000000005862, -1.450000000000039924 ) ) ;
#9821 = ADVANCED_FACE ( 'NONE', ( #11938 ), #640, .T. ) ;
#9822 = LINE ( 'NONE', #10885, #4891 ) ;
#9823 = EDGE_CURVE ( 'NONE', #5562, #4645, #1759, .T. ) ;
#9824 = STYLED_ITEM ( 'NONE', ( #7132 ), #9057 ) ;
#9825 =( LENGTH_UNIT ( ) NAMED_UNIT ( * ) SI_UNIT ( .MILLI., .METRE. ) );
#9826 =( NAMED_UNIT ( * ) PLANE_ANGLE_UNIT ( ) SI_UNIT ( $, .RADIAN. ) );
#9827 = DIRECTION ( 'NONE',  ( 0.000000000000000000, 0.000000000000000000, -1.000000000000000000 ) ) ;
#9828 = STYLED_ITEM ( 'NONE', ( #5156 ), #1106 ) ;
#9829 = CARTESIAN_POINT ( 'NONE',  ( 6.544999999999994600, 1.399999999999998579, 0.3500000000000039746 ) ) ;
#9830 = EDGE_CURVE ( 'NONE', #12303, #2823, #8877, .T. ) ;
#9831 = CARTESIAN_POINT ( 'NONE',  ( -2.965000000000000746, 0.000000000000000000, 1.850000000000004530 ) ) ;
#9832 = ORIENTED_EDGE ( 'NONE', *, *, #6091, .F. ) ;
#9833 = SURFACE_STYLE_USAGE ( .BOTH. , #3458 ) ;
#9834 = EDGE_CURVE ( 'NONE', #8716, #5133, #12865, .T. ) ;
#9835 = ORIENTED_EDGE ( 'NONE', *, *, #5558, .F. ) ;
#9836 = ORIENTED_EDGE ( 'NONE', *, *, #9974, .F. ) ;
#9837 = CARTESIAN_POINT ( 'NONE',  ( 4.214999999999999858, 0.000000000000000000, -1.125000000000033973 ) ) ;
#9838 = MECHANICAL_DESIGN_GEOMETRIC_PRESENTATION_REPRESENTATION (  '', ( #8353 ), #1982 ) ;
#9839 = MECHANICAL_DESIGN_GEOMETRIC_PRESENTATION_REPRESENTATION (  '', ( #6447 ), #12206 ) ;
#9840 = SURFACE_SIDE_STYLE ('',( #5779 ) ) ;
#9841 = LINE ( 'NONE', #4649, #1571 ) ;
#9842 =( LENGTH_UNIT ( ) NAMED_UNIT ( * ) SI_UNIT ( .MILLI., .METRE. ) );
#9843 = CARTESIAN_POINT ( 'NONE',  ( -2.965000000000000746, 0.000000000000000000, -1.125000000000033973 ) ) ;
#9844 = CARTESIAN_POINT ( 'NONE',  ( -3.285000000000000586, 0.03083447080518480002, 0.1748709736949816407 ) ) ;
#9845 = MECHANICAL_DESIGN_GEOMETRIC_PRESENTATION_REPRESENTATION (  '', ( #8159 ), #8592 ) ;
#9846 = FACE_OUTER_BOUND ( 'NONE', #11325, .T. ) ;
#9847 = PRESENTATION_STYLE_ASSIGNMENT (( #8857 ) ) ;
#9848 = PRESENTATION_LAYER_ASSIGNMENT (  '', '', ( #10058 ) ) ;
#9849 = FACE_OUTER_BOUND ( 'NONE', #8588, .T. ) ;
#9850 = VECTOR ( 'NONE', #11037, 1000.000000000000000 ) ;
#9851 = VERTEX_POINT ( 'NONE', #2804 ) ;
#9852 = ORIENTED_EDGE ( 'NONE', *, *, #829, .F. ) ;
#9853 = DIRECTION ( 'NONE',  ( -1.000000000000000000, 0.000000000000000000, -0.000000000000000000 ) ) ;
#9854 = VERTEX_POINT ( 'NONE', #6868 ) ;
#9855 = ORIENTED_EDGE ( 'NONE', *, *, #9818, .F. ) ;
#9856 = EDGE_LOOP ( 'NONE', ( #1972, #625, #8964, #2322 ) ) ;
#9857 = EDGE_CURVE ( 'NONE', #10896, #4352, #1587, .T. ) ;
#9858 = LINE ( 'NONE', #757, #9712 ) ;
#9859 = VECTOR ( 'NONE', #10502, 1000.000000000000000 ) ;
#9860 = CARTESIAN_POINT ( 'NONE',  ( 4.535000000000000142, 0.000000000000000000, -1.125000000000033973 ) ) ;
#9861 = CARTESIAN_POINT ( 'NONE',  ( 5.275000000000024336, 1.749999999999999778, 0.9499999999999856337 ) ) ;
#9862 = FILL_AREA_STYLE ('',( #5607 ) ) ;
#9863 = DIRECTION ( 'NONE',  ( 0.7071067811865475727, 3.572722524310775916E-15, -0.7071067811865475727 ) ) ;
#9864 = DIRECTION ( 'NONE',  ( 0.000000000000000000, -1.355252715606880049E-16, 1.000000000000000000 ) ) ;
#9865 = VECTOR ( 'NONE', #2095, 1000.000000000000000 ) ;
#9866 = VERTEX_POINT ( 'NONE', #7940 ) ;
#9867 = EDGE_CURVE ( 'NONE', #8491, #3742, #9001, .T. ) ;
#9868 = ORIENTED_EDGE ( 'NONE', *, *, #11340, .F. ) ;
#9869 = CARTESIAN_POINT ( 'NONE',  ( 5.875000000000001776, 2.100000000000005862, 0.6500000000000039080 ) ) ;
#9870 = ADVANCED_FACE ( 'NONE', ( #10064 ), #4920, .F. ) ;
#9871 = MECHANICAL_DESIGN_GEOMETRIC_PRESENTATION_REPRESENTATION (  '', ( #1173 ), #4146 ) ;
#9872 = ORIENTED_EDGE ( 'NONE', *, *, #10021, .F. ) ;
#9873 = FACE_OUTER_BOUND ( 'NONE', #3545, .T. ) ;
#9874 = DIRECTION ( 'NONE',  ( 0.7071067811865475727, 3.572722524310775916E-15, 0.7071067811865475727 ) ) ;
#9875 = CARTESIAN_POINT ( 'NONE',  ( 1.714999999999999414, 0.3000000000000002665, 4.065758146820583696E-17 ) ) ;
#9876 = UNCERTAINTY_MEASURE_WITH_UNIT (LENGTH_MEASURE( 1.000000000000000082E-05 ), #5553, 'distance_accuracy_value', 'NONE');
#9877 = AXIS2_PLACEMENT_3D ( 'NONE', #1012, #11244, #5038 ) ;
#9878 =( LENGTH_UNIT ( ) NAMED_UNIT ( * ) SI_UNIT ( .MILLI., .METRE. ) );
#9879 = DIRECTION ( 'NONE',  ( 0.000000000000000000, 1.355252715606880296E-16, -1.000000000000000000 ) ) ;
#9880 = MANIFOLD_SOLID_BREP ( 'Cut-Extrude6[2]', #1718 ) ;
#9881 = AXIS2_PLACEMENT_3D ( 'NONE', #6708, #9760, #5761 ) ;
#9883 = ADVANCED_FACE ( 'NONE', ( #2026 ), #6078, .T. ) ;
#9882 = MECHANICAL_DESIGN_GEOMETRIC_PRESENTATION_REPRESENTATION (  '', ( #10307 ), #12012 ) ;
#9884 = CARTESIAN_POINT ( 'NONE',  ( 2.964999999999998970, 0.3499999999999999223, 2.350000000000004530 ) ) ;
#9885 = ORIENTED_EDGE ( 'NONE', *, *, #11843, .F. ) ;
#9886 = EDGE_CURVE ( 'NONE', #7802, #2635, #12588, .T. ) ;
#9887 = MECHANICAL_DESIGN_GEOMETRIC_PRESENTATION_REPRESENTATION (  '', ( #12444 ), #7577 ) ;
#9888 = ORIENTED_EDGE ( 'NONE', *, *, #12374, .T. ) ;
#9889 = DIRECTION ( 'NONE',  ( 0.000000000000000000, 0.000000000000000000, 1.000000000000000000 ) ) ;
#9890 = STYLED_ITEM ( 'NONE', ( #6757 ), #11890 ) ;
#9891 = DIRECTION ( 'NONE',  ( -0.000000000000000000, 0.7071067811865549002, 0.7071067811865402453 ) ) ;
#9892 = SURFACE_SIDE_STYLE ('',( #10159 ) ) ;
#9893 = VECTOR ( 'NONE', #1535, 1000.000000000000000 ) ;
#9894 = FILL_AREA_STYLE ('',( #846 ) ) ;
#9895 = DIRECTION ( 'NONE',  ( -1.000000000000000000, -0.000000000000000000, -0.000000000000000000 ) ) ;
#9896 = PRESENTATION_LAYER_ASSIGNMENT (  '', '', ( #4367 ) ) ;
#9897 = CARTESIAN_POINT ( 'NONE',  ( 6.344999999999994422, 0.4499999999999999001, 0.3500000000000039746 ) ) ;
#9898 = CARTESIAN_POINT ( 'NONE',  ( -2.035000000000000586, 0.000000000000000000, 0.000000000000000000 ) ) ;
#9899 = VECTOR ( 'NONE', #4661, 1000.000000000000114 ) ;
#9900 = DIRECTION ( 'NONE',  ( 0.000000000000000000, -1.000000000000000000, 0.000000000000000000 ) ) ;
#9901 = EDGE_LOOP ( 'NONE', ( #8336, #10705, #8809, #12882 ) ) ;
#9902 = FACE_OUTER_BOUND ( 'NONE', #8714, .T. ) ;
#9903 = ORIENTED_EDGE ( 'NONE', *, *, #8361, .F. ) ;
#9904 = ORIENTED_EDGE ( 'NONE', *, *, #11304, .F. ) ;
#9905 = DIRECTION ( 'NONE',  ( -0.7071067811865479058, -0.7071067811865472397, 0.000000000000000000 ) ) ;
#9906 = STYLED_ITEM ( 'NONE', ( #4557 ), #4215 ) ;
#9907 = SURFACE_STYLE_FILL_AREA ( #5841 ) ;
#9908 = CARTESIAN_POINT ( 'NONE',  ( 5.375000000000002665, 0.2999999999999999889, 1.850000000000001421 ) ) ;
#9909 = CARTESIAN_POINT ( 'NONE',  ( 8.364770460511929073, 0.3602469863822925222, -0.8602295394880605794 ) ) ;
#9910 = SURFACE_STYLE_FILL_AREA ( #5844 ) ;
#9911 = VECTOR ( 'NONE', #5995, 1000.000000000000000 ) ;
#9912 = CARTESIAN_POINT ( 'NONE',  ( 5.375000000000002665, -1.029563014098701546, 1.850000000000001421 ) ) ;
#9913 = VECTOR ( 'NONE', #13104, 1000.000000000000000 ) ;
#9915 = CARTESIAN_POINT ( 'NONE',  ( -5.374999999950209606, 1.749999999999999778, 0.2249377794898766436 ) ) ;
#9914 = UNCERTAINTY_MEASURE_WITH_UNIT (LENGTH_MEASURE( 1.000000000000000082E-05 ), #2143, 'distance_accuracy_value', 'NONE');
#9916 = DIRECTION ( 'NONE',  ( 0.000000000000000000, 0.7071067811865481278, -0.7071067811865470176 ) ) ;
#9917 = PRESENTATION_STYLE_ASSIGNMENT (( #5916 ) ) ;
#9918 = CARTESIAN_POINT ( 'NONE',  ( -5.400881904447568438, 1.749999999999999778, 0.1283451969090873557 ) ) ;
#9919 = ADVANCED_FACE ( 'NONE', ( #10471 ), #3348, .T. ) ;
#9920 =( NAMED_UNIT ( * ) PLANE_ANGLE_UNIT ( ) SI_UNIT ( $, .RADIAN. ) );
#9921 = STYLED_ITEM ( 'NONE', ( #10188 ), #4581 ) ;
#9922 = ORIENTED_EDGE ( 'NONE', *, *, #1030, .T. ) ;
#9923 = STYLED_ITEM ( 'NONE', ( #9626 ), #12723 ) ;
#9924 = ORIENTED_EDGE ( 'NONE', *, *, #5941, .F. ) ;
#9925 = ORIENTED_EDGE ( 'NONE', *, *, #1110, .F. ) ;
#9926 = STYLED_ITEM ( 'NONE', ( #9917 ), #5529 ) ;
#9927 = DIRECTION ( 'NONE',  ( -1.000000000000000000, -0.000000000000000000, -0.000000000000000000 ) ) ;
#9928 = AXIS2_PLACEMENT_3D ( 'NONE', #10459, #1289, #6464 ) ;
#9929 = SURFACE_STYLE_USAGE ( .BOTH. , #12264 ) ;
#9930 = FILL_AREA_STYLE ('',( #4727 ) ) ;
#9931 = ADVANCED_FACE ( 'NONE', ( #7542 ), #1366, .F. ) ;
#9932 = SURFACE_SIDE_STYLE ('',( #11930 ) ) ;
#9933 = CARTESIAN_POINT ( 'NONE',  ( -6.344999999999994422, 1.200000000000000178, 0.3500000000000039746 ) ) ;
#9934 = DIRECTION ( 'NONE',  ( -1.000000000000000000, 0.000000000000000000, 1.233215741215733931E-16 ) ) ;
#9935 = VECTOR ( 'NONE', #5407, 1000.000000000000114 ) ;
#9936 = CARTESIAN_POINT ( 'NONE',  ( -1.715000000000000746, 1.749999999999999778, -1.125000000000033973 ) ) ;
#9937 =( GEOMETRIC_REPRESENTATION_CONTEXT ( 3 ) GLOBAL_UNCERTAINTY_ASSIGNED_CONTEXT ( ( #12713 ) ) GLOBAL_UNIT_ASSIGNED_CONTEXT ( ( #81, #5847, #4191 ) ) REPRESENTATION_CONTEXT ( 'NONE', 'WORKASPACE' ) );
#9938 = ORIENTED_EDGE ( 'NONE', *, *, #3243, .F. ) ;
#9939 = ORIENTED_EDGE ( 'NONE', *, *, #5474, .T. ) ;
#9940 = EDGE_LOOP ( 'NONE', ( #5184, #4002, #3544, #7321 ) ) ;
#9941 = ORIENTED_EDGE ( 'NONE', *, *, #11878, .F. ) ;
#9942 = CARTESIAN_POINT ( 'NONE',  ( 4.214999999999999858, -1.579062136966065191E-17, -0.3250000000000473066 ) ) ;
#9943 = CARTESIAN_POINT ( 'NONE',  ( -5.875000000000001776, 0.000000000000000000, 1.850000000000001421 ) ) ;
#9944 = DIRECTION ( 'NONE',  ( -0.7071067811865452413, 0.000000000000000000, 0.7071067811865497932 ) ) ;
#9945 = PRESENTATION_STYLE_ASSIGNMENT (( #2818 ) ) ;
#9946 = CARTESIAN_POINT ( 'NONE',  ( 4.214999999999999858, 8.425943506694179847E-32, 1.750000000000004663 ) ) ;
#9947 = MANIFOLD_SOLID_BREP ( 'LPattern2[4]', #9993 ) ;
#9948 = EDGE_CURVE ( 'NONE', #1667, #960, #5185, .T. ) ;
#9949 = CARTESIAN_POINT ( 'NONE',  ( -2.035000000000000586, 0.4500000000000002331, 6.098637220230963674E-17 ) ) ;
#9950 = ORIENTED_EDGE ( 'NONE', *, *, #10587, .T. ) ;
#9951 = FACE_OUTER_BOUND ( 'NONE', #4152, .T. ) ;
#9952 = ORIENTED_EDGE ( 'NONE', *, *, #539, .F. ) ;
#9953 = CARTESIAN_POINT ( 'NONE',  ( 6.175000000000008704, 2.600000000000005862, 0.9500000000000016209 ) ) ;
#9954 = CARTESIAN_POINT ( 'NONE',  ( -4.215000000000000746, 3.548929149633788249, 0.000000000000000000 ) ) ;
#9955 = EDGE_CURVE ( 'NONE', #3135, #12010, #1295, .T. ) ;
#9956 = PRESENTATION_STYLE_ASSIGNMENT (( #2956 ) ) ;
#9957 = SURFACE_STYLE_USAGE ( .BOTH. , #9892 ) ;
#9958 = DIRECTION ( 'NONE',  ( 0.000000000000000000, -1.355252715606880049E-16, 1.000000000000000000 ) ) ;
#9959 = DIRECTION ( 'NONE',  ( -1.000000000000000000, 0.000000000000000000, 1.176083712526648949E-16 ) ) ;
#9960 = EDGE_CURVE ( 'NONE', #3137, #2153, #6474, .T. ) ;
#9961 = CARTESIAN_POINT ( 'NONE',  ( 3.600000000000007194, 4.700000000000000178, -1.750000000000039080 ) ) ;
#9962 = LINE ( 'NONE', #3913, #10715 ) ;
#9963 = AXIS2_PLACEMENT_3D ( 'NONE', #12432, #1328, #2122 ) ;
#9964 = ORIENTED_EDGE ( 'NONE', *, *, #1746, .T. ) ;
#9965 = ORIENTED_EDGE ( 'NONE', *, *, #2375, .F. ) ;
#9966 = ORIENTED_EDGE ( 'NONE', *, *, #5994, .F. ) ;
#9967 = CARTESIAN_POINT ( 'NONE',  ( 5.374999999950209606, 1.749999999999999778, -0.7249377794898669292 ) ) ;
#9968 = LINE ( 'NONE', #1799, #3213 ) ;
#9969 = EDGE_CURVE ( 'NONE', #10267, #8603, #372, .T. ) ;
#9970 = CARTESIAN_POINT ( 'NONE',  ( 2.964999999999998970, 0.1000000000000000056, 2.350000000000004530 ) ) ;
#9971 = EDGE_CURVE ( 'NONE', #8301, #10537, #4214, .T. ) ;
#9972 = DIRECTION ( 'NONE',  ( -0.6847910787717361725, -0.2492435693639494798, -0.6847910787717375047 ) ) ;
#9973 =( NAMED_UNIT ( * ) SI_UNIT ( $, .STERADIAN. ) SOLID_ANGLE_UNIT ( ) );
#9974 = EDGE_CURVE ( 'NONE', #4016, #6013, #6280, .T. ) ;
#9975 = DIRECTION ( 'NONE',  ( 0.000000000000000000, 0.000000000000000000, -1.000000000000000000 ) ) ;
#9976 = CARTESIAN_POINT ( 'NONE',  ( -6.544999999999994600, 1.200000000000000178, -1.849999999999996092 ) ) ;
#9977 = SURFACE_STYLE_FILL_AREA ( #4780 ) ;
#9978 = CARTESIAN_POINT ( 'NONE',  ( -5.374999999950209606, 1.749999999999999778, 0.2249377794898766436 ) ) ;
#9979 = ORIENTED_EDGE ( 'NONE', *, *, #10727, .F. ) ;
#9980 = ORIENTED_EDGE ( 'NONE', *, *, #7684, .F. ) ;
#9981 = EDGE_LOOP ( 'NONE', ( #3787, #10556, #9654, #4162 ) ) ;
#9982 = ORIENTED_EDGE ( 'NONE', *, *, #6138, .F. ) ;
#9983 =( NAMED_UNIT ( * ) PLANE_ANGLE_UNIT ( ) SI_UNIT ( $, .RADIAN. ) );
#9984 = EDGE_CURVE ( 'NONE', #12951, #11276, #11323, .T. ) ;
#9985 = LINE ( 'NONE', #2792, #10974 ) ;
#9986 = PRESENTATION_LAYER_ASSIGNMENT (  '', '', ( #19 ) ) ;
#9987 = ADVANCED_FACE ( 'NONE', ( #10338 ), #5263, .T. ) ;
#9988 = DIRECTION ( 'NONE',  ( 0.000000000000000000, 1.000000000000000000, 0.000000000000000000 ) ) ;
#9989 = SURFACE_STYLE_FILL_AREA ( #9930 ) ;
#9990 = CARTESIAN_POINT ( 'NONE',  ( -0.4650000000000010236, 2.865743636076471645, -0.3250000000000474731 ) ) ;
#9991 = LINE ( 'NONE', #9933, #72 ) ;
#9992 = DIRECTION ( 'NONE',  ( -0.000000000000000000, 0.000000000000000000, 1.000000000000000000 ) ) ;
#9993 = CLOSED_SHELL ( 'NONE', ( #7617, #5433, #6090, #3291, #1125, #430, #631, #8111, #1067, #4936 ) ) ;
#9994 = DIRECTION ( 'NONE',  ( 0.000000000000000000, -1.355252715606860081E-16, 1.000000000000000000 ) ) ;
#9995 = DIRECTION ( 'NONE',  ( 1.000000000000000000, 0.000000000000000000, -1.807003620809178576E-16 ) ) ;
#9996 = AXIS2_PLACEMENT_3D ( 'NONE', #935, #4849, #9049 ) ;
#9997 = ORIENTED_EDGE ( 'NONE', *, *, #12879, .T. ) ;
#9998 = ADVANCED_FACE ( 'NONE', ( #6675 ), #11867, .T. ) ;
#9999 = ORIENTED_EDGE ( 'NONE', *, *, #1019, .F. ) ;
#10000 = EDGE_LOOP ( 'NONE', ( #4357, #4001, #836, #9835 ) ) ;
#10001 = VERTEX_POINT ( 'NONE', #8604 ) ;
#10002 = EDGE_LOOP ( 'NONE', ( #2704, #5806, #10825, #2685 ) ) ;
#10003 = FACE_OUTER_BOUND ( 'NONE', #13124, .T. ) ;
#10004 = DIRECTION ( 'NONE',  ( 1.000000000000000000, 0.000000000000000000, 0.000000000000000000 ) ) ;
#10005 = LINE ( 'NONE', #11140, #13101 ) ;
#10006 = LINE ( 'NONE', #9943, #11408 ) ;
#10007 = UNCERTAINTY_MEASURE_WITH_UNIT (LENGTH_MEASURE( 1.000000000000000082E-05 ), #12071, 'distance_accuracy_value', 'NONE');
#10008 = LINE ( 'NONE', #2820, #12750 ) ;
#10009 = MANIFOLD_SOLID_BREP ( 'LPattern2[2]', #11269 ) ;
#10010 = STYLED_ITEM ( 'NONE', ( #2118 ), #631 ) ;
#10011 = LINE ( 'NONE', #8152, #7775 ) ;
#10012 = EDGE_LOOP ( 'NONE', ( #10603, #4941, #11716, #5857, #2044 ) ) ;
#10013 = STYLED_ITEM ( 'NONE', ( #8544 ), #7923 ) ;
#10014 = VECTOR ( 'NONE', #9301, 1000.000000000000000 ) ;
#10015 = ORIENTED_EDGE ( 'NONE', *, *, #10774, .F. ) ;
#10016 = PLANE ( 'NONE',  #8414 ) ;
#10017 = SURFACE_STYLE_USAGE ( .BOTH. , #13137 ) ;
#10018 = VECTOR ( 'NONE', #10456, 1000.000000000000000 ) ;
#10019 = DIRECTION ( 'NONE',  ( 0.000000000000000000, -0.7071067811865402453, 0.7071067811865549002 ) ) ;
#10020 = PLANE ( 'NONE',  #5458 ) ;
#10021 = EDGE_CURVE ( 'NONE', #6442, #12921, #10798, .T. ) ;
#10022 = CARTESIAN_POINT ( 'NONE',  ( -2.035000000000000586, 0.3499999999999999223, 2.350000000000004530 ) ) ;
#10023 = DIRECTION ( 'NONE',  ( -1.000000000000000000, -0.000000000000000000, -0.000000000000000000 ) ) ;
#10024 = PLANE ( 'NONE',  #8240 ) ;
#10025 = AXIS2_PLACEMENT_3D ( 'NONE', #1355, #2270, #1556 ) ;
#10026 = AXIS2_PLACEMENT_3D ( 'NONE', #3446, #8645, #603 ) ;
#10027 = SURFACE_SIDE_STYLE ('',( #5964 ) ) ;
#10028 = CIRCLE ( 'NONE', #4294, 0.4499999999999999001 ) ;
#10029 = ADVANCED_FACE ( 'NONE', ( #2728 ), #7854, .T. ) ;
#10030 = ORIENTED_EDGE ( 'NONE', *, *, #2801, .T. ) ;
#10031 = SURFACE_STYLE_USAGE ( .BOTH. , #8039 ) ;
#10032 = MECHANICAL_DESIGN_GEOMETRIC_PRESENTATION_REPRESENTATION (  '', ( #5998 ), #1752 ) ;
#10033 = ORIENTED_EDGE ( 'NONE', *, *, #12923, .T. ) ;
#10034 = VECTOR ( 'NONE', #6806, 1000.000000000000000 ) ;
#10035 = VECTOR ( 'NONE', #2684, 1000.000000000000000 ) ;
#10036 =( NAMED_UNIT ( * ) SI_UNIT ( $, .STERADIAN. ) SOLID_ANGLE_UNIT ( ) );
#10037 =( GEOMETRIC_REPRESENTATION_CONTEXT ( 3 ) GLOBAL_UNCERTAINTY_ASSIGNED_CONTEXT ( ( #6152 ) ) GLOBAL_UNIT_ASSIGNED_CONTEXT ( ( #1274, #9446, #2380 ) ) REPRESENTATION_CONTEXT ( 'NONE', 'WORKASPACE' ) );
#10038 = SURFACE_SIDE_STYLE ('',( #1802 ) ) ;
#10039 =( NAMED_UNIT ( * ) PLANE_ANGLE_UNIT ( ) SI_UNIT ( $, .RADIAN. ) );
#10040 = CARTESIAN_POINT ( 'NONE',  ( 0.7849999999999992539, 0.8750000000000022204, 0.8749999999999842348 ) ) ;
#10041 = PLANE ( 'NONE',  #101 ) ;
#10042 = COLOUR_RGB ( '',1.000000000000000000, 1.000000000000000000, 1.000000000000000000 ) ;
#10043 = LINE ( 'NONE', #8913, #10519 ) ;
#10044 = VERTEX_POINT ( 'NONE', #6921 ) ;
#10045 = VECTOR ( 'NONE', #1163, 1000.000000000000000 ) ;
#10046 = VERTEX_POINT ( 'NONE', #1874 ) ;
#10047 = CARTESIAN_POINT ( 'NONE',  ( -7.374999999999997335, 0.4499999999999973466, 0.3500000000000039746 ) ) ;
#10048 = VECTOR ( 'NONE', #2179, 1000.000000000000000 ) ;
#10049 = EDGE_CURVE ( 'NONE', #8643, #10429, #6128, .T. ) ;
#10050 = ORIENTED_EDGE ( 'NONE', *, *, #5914, .T. ) ;
#10051 = ORIENTED_EDGE ( 'NONE', *, *, #3570, .T. ) ;
#10052 = CARTESIAN_POINT ( 'NONE',  ( 7.125000000000005329, 0.5499999999999984901, 0.9500000000000003997 ) ) ;
#10053 = DIRECTION ( 'NONE',  ( 0.000000000000000000, -0.9848077530122087975, 0.1736481776669264454 ) ) ;
#10054 = MECHANICAL_DESIGN_GEOMETRIC_PRESENTATION_REPRESENTATION (  '', ( #6666 ), #10497 ) ;
#10055 = PLANE ( 'NONE',  #7699 ) ;
#10056 = FILL_AREA_STYLE ('',( #11050 ) ) ;
#10057 = CARTESIAN_POINT ( 'NONE',  ( 4.535000000000000142, 0.8750000000000022204, 0.8749999999999842348 ) ) ;
#10058 = STYLED_ITEM ( 'NONE', ( #10444 ), #2478 ) ;
#10059 = VECTOR ( 'NONE', #6697, 1000.000000000000000 ) ;
#10060 = DIRECTION ( 'NONE',  ( -1.000000000000000000, -0.000000000000000000, -0.000000000000000000 ) ) ;
#10062 = EDGE_CURVE ( 'NONE', #2968, #5205, #8055, .T. ) ;
#10061 = PRESENTATION_LAYER_ASSIGNMENT (  '', '', ( #526 ) ) ;
#10063 = VERTEX_POINT ( 'NONE', #5988 ) ;
#10064 = FACE_OUTER_BOUND ( 'NONE', #843, .T. ) ;
#10065 = ORIENTED_EDGE ( 'NONE', *, *, #6980, .T. ) ;
#10066 = ORIENTED_EDGE ( 'NONE', *, *, #7587, .F. ) ;
#10067 = VECTOR ( 'NONE', #6104, 1000.000000000000000 ) ;
#10068 = VECTOR ( 'NONE', #2487, 1000.000000000000000 ) ;
#10069 = VERTEX_POINT ( 'NONE', #5041 ) ;
#10070 = DIRECTION ( 'NONE',  ( 0.000000000000000000, 0.7071067811865469066, -0.7071067811865482389 ) ) ;
#10071 = VERTEX_POINT ( 'NONE', #7122 ) ;
#10072 = DIRECTION ( 'NONE',  ( 0.7071067811865474617, -2.232951577694234948E-16, 0.7071067811865474617 ) ) ;
#10073 = DIRECTION ( 'NONE',  ( -0.000000000000000000, 1.000000000000000000, -0.000000000000000000 ) ) ;
#10074 = LINE ( 'NONE', #2814, #3119 ) ;
#10075 = CARTESIAN_POINT ( 'NONE',  ( 5.575000000000018829, 1.749999999999999778, -0.6750000000000019318 ) ) ;
#10076 = VECTOR ( 'NONE', #7557, 1000.000000000000000 ) ;
#10077 = DIRECTION ( 'NONE',  ( 0.000000000000000000, 0.000000000000000000, -1.000000000000000000 ) ) ;
#10078 = CARTESIAN_POINT ( 'NONE',  ( 4.214999999999999858, 1.749999999999999778, -0.3250000000000474176 ) ) ;
#10079 = AXIS2_PLACEMENT_3D ( 'NONE', #3671, #3931, #8791 ) ;
#10080 = MANIFOLD_SOLID_BREP ( 'LPattern1[4]', #12548 ) ;
#10081 = CARTESIAN_POINT ( 'NONE',  ( 4.300000000000006928, 3.250000000000005329, -1.850000000000001865 ) ) ;
#10082 = EDGE_CURVE ( 'NONE', #11003, #629, #11044, .T. ) ;
#10083 = ORIENTED_EDGE ( 'NONE', *, *, #8361, .T. ) ;
#10084 =( GEOMETRIC_REPRESENTATION_CONTEXT ( 3 ) GLOBAL_UNCERTAINTY_ASSIGNED_CONTEXT ( ( #6730 ) ) GLOBAL_UNIT_ASSIGNED_CONTEXT ( ( #10852, #626, #499 ) ) REPRESENTATION_CONTEXT ( 'NONE', 'WORKASPACE' ) );
#10085 = DIRECTION ( 'NONE',  ( 0.000000000000000000, -1.000000000000000000, -1.355252715606860081E-16 ) ) ;
#10086 = LINE ( 'NONE', #9280, #2207 ) ;
#10087 = VERTEX_POINT ( 'NONE', #12121 ) ;
#10088 =( LENGTH_UNIT ( ) NAMED_UNIT ( * ) SI_UNIT ( .MILLI., .METRE. ) );
#10089 = DIRECTION ( 'NONE',  ( -0.000000000000000000, 1.000000000000000000, -0.000000000000000000 ) ) ;
#10090 = PRESENTATION_STYLE_ASSIGNMENT (( #13139 ) ) ;
#10091 = CARTESIAN_POINT ( 'NONE',  ( 0.7849999999999992539, 2.865743636076471201, -1.125000000000033973 ) ) ;
#10092 =( BOUNDED_CURVE ( )  B_SPLINE_CURVE ( 3, ( #11160, #10165, #5484, #3422 ),
 .UNSPECIFIED., .F., .T. ) 
 B_SPLINE_CURVE_WITH_KNOTS ( ( 4, 4 ),
 ( 3.141592653589792228, 4.712388980384688786 ),
 .UNSPECIFIED. ) 
 CURVE ( )  GEOMETRIC_REPRESENTATION_ITEM ( )  RATIONAL_B_SPLINE_CURVE ( ( 1.000000000000000000, 0.8047378541243649375, 0.8047378541243649375, 1.000000000000000000 ) ) 
 REPRESENTATION_ITEM ( '' )  );
#10093 = AXIS2_PLACEMENT_3D ( 'NONE', #7723, #6653, #5772 ) ;
#10094 =( NAMED_UNIT ( * ) SI_UNIT ( $, .STERADIAN. ) SOLID_ANGLE_UNIT ( ) );
#10095 = DIRECTION ( 'NONE',  ( 0.000000000000000000, 0.000000000000000000, -1.000000000000000000 ) ) ;
#10096 = VECTOR ( 'NONE', #11491, 1000.000000000000000 ) ;
#10097 = LINE ( 'NONE', #994, #2657 ) ;
#10098 = SURFACE_STYLE_FILL_AREA ( #8958 ) ;
#10099 = EDGE_LOOP ( 'NONE', ( #7957, #10103, #7265, #8122 ) ) ;
#10100 = MANIFOLD_SOLID_BREP ( 'LPattern1[5]', #7670 ) ;
#10101 = AXIS2_PLACEMENT_3D ( 'NONE', #8243, #10304, #7379 ) ;
#10102 = STYLED_ITEM ( 'NONE', ( #7907 ), #10344 ) ;
#10103 = ORIENTED_EDGE ( 'NONE', *, *, #6631, .T. ) ;
#10104 = CARTESIAN_POINT ( 'NONE',  ( -3.185000000000000497, 4.000000000000000000, -0.5250000000000403233 ) ) ;
#10105 = FILL_AREA_STYLE_COLOUR ( '', #6413 ) ;
#10106 = DIRECTION ( 'NONE',  ( 0.000000000000000000, 0.000000000000000000, -1.000000000000000000 ) ) ;
#10107 = VECTOR ( 'NONE', #6295, 1000.000000000000000 ) ;
#10108 = SURFACE_SIDE_STYLE ('',( #1996 ) ) ;
#10109 = DIRECTION ( 'NONE',  ( 8.145842444645514311E-16, 0.9063077870366520461, 0.4226182617406949449 ) ) ;
#10110 = LINE ( 'NONE', #11106, #10279 ) ;
#10111 = STYLED_ITEM ( 'NONE', ( #3157 ), #11699 ) ;
#10112 = AXIS2_PLACEMENT_3D ( 'NONE', #10950, #10085, #12027 ) ;
#10113 = DIRECTION ( 'NONE',  ( 0.000000000000000000, 0.9848077530122086864, 0.1736481776669268617 ) ) ;
#10114 = DIRECTION ( 'NONE',  ( 0.000000000000000000, 1.000000000000000000, 0.000000000000000000 ) ) ;
#10115 = ORIENTED_EDGE ( 'NONE', *, *, #10243, .F. ) ;
#10116 = MECHANICAL_DESIGN_GEOMETRIC_PRESENTATION_REPRESENTATION (  '', ( #3971 ), #6084 ) ;
#10117 = VERTEX_POINT ( 'NONE', #10448 ) ;
#10118 = FILL_AREA_STYLE ('',( #820 ) ) ;
#10119 = ORIENTED_EDGE ( 'NONE', *, *, #5437, .T. ) ;
#10120 = ORIENTED_EDGE ( 'NONE', *, *, #7706, .T. ) ;
#10121 = LINE ( 'NONE', #5044, #8642 ) ;
#10122 = PRESENTATION_LAYER_ASSIGNMENT (  '', '', ( #7582 ) ) ;
#10123 = FACE_OUTER_BOUND ( 'NONE', #9265, .T. ) ;
#10124 = VECTOR ( 'NONE', #7989, 1000.000000000000000 ) ;
#10125 = CARTESIAN_POINT ( 'NONE',  ( 0.000000000000000000, 0.2999999999999999889, 0.3500000000000039746 ) ) ;
#10126 =( NAMED_UNIT ( * ) PLANE_ANGLE_UNIT ( ) SI_UNIT ( $, .RADIAN. ) );
#10127 = FILL_AREA_STYLE_COLOUR ( '', #10234 ) ;
#10128 = DIRECTION ( 'NONE',  ( 0.000000000000000000, -1.355252715606860081E-16, 1.000000000000000000 ) ) ;
#10129 = EDGE_CURVE ( 'NONE', #4255, #6457, #10986, .T. ) ;
#10130 = LINE ( 'NONE', #8263, #12395 ) ;
#10131 = VECTOR ( 'NONE', #10544, 1000.000000000000000 ) ;
#10132 =( NAMED_UNIT ( * ) PLANE_ANGLE_UNIT ( ) SI_UNIT ( $, .RADIAN. ) );
#10133 = FILL_AREA_STYLE ('',( #6278 ) ) ;
#10134 = PRESENTATION_LAYER_ASSIGNMENT (  '', '', ( #5869 ) ) ;
#10135 = EDGE_LOOP ( 'NONE', ( #11920, #6172, #2216, #5225 ) ) ;
#10136 = FILL_AREA_STYLE ('',( #1095 ) ) ;
#10137 = ORIENTED_EDGE ( 'NONE', *, *, #8998, .T. ) ;
#10138 = ORIENTED_EDGE ( 'NONE', *, *, #8279, .F. ) ;
#10139 = AXIS2_PLACEMENT_3D ( 'NONE', #9843, #6976, #11911 ) ;
#10140 = ORIENTED_EDGE ( 'NONE', *, *, #565, .F. ) ;
#10141 = LINE ( 'NONE', #177, #5210 ) ;
#10142 = FILL_AREA_STYLE ('',( #2287 ) ) ;
#10143 = LINE ( 'NONE', #12143, #387 ) ;
#10144 = DIRECTION ( 'NONE',  ( -0.000000000000000000, 0.000000000000000000, -1.000000000000000000 ) ) ;
#10145 = EDGE_CURVE ( 'NONE', #3297, #7055, #1528, .T. ) ;
#10146 = EDGE_CURVE ( 'NONE', #10800, #5500, #6454, .T. ) ;
#10147 = VECTOR ( 'NONE', #2135, 999.9999999999998863 ) ;
#10148 = STYLED_ITEM ( 'NONE', ( #11965 ), #5162 ) ;
#10149 = CARTESIAN_POINT ( 'NONE',  ( 7.375000000000000888, 4.699999999999999289, -1.849999999999996980 ) ) ;
#10150 = DIRECTION ( 'NONE',  ( -0.2133021165724272306, 0.9621436710723736407, -0.1696518885279461319 ) ) ;
#10151 = ORIENTED_EDGE ( 'NONE', *, *, #11918, .F. ) ;
#10152 = CARTESIAN_POINT ( 'NONE',  ( 5.275000000000024336, 1.749999999999999778, 0.9499999999999856337 ) ) ;
#10153 = DIRECTION ( 'NONE',  ( 0.000000000000000000, 0.000000000000000000, 1.000000000000000000 ) ) ;
#10154 = ORIENTED_EDGE ( 'NONE', *, *, #1450, .F. ) ;
#10155 = FILL_AREA_STYLE ('',( #1849 ) ) ;
#10156 = VECTOR ( 'NONE', #4949, 1000.000000000000000 ) ;
#10157 = LINE ( 'NONE', #7221, #11945 ) ;
#10158 = FILL_AREA_STYLE ('',( #11222 ) ) ;
#10159 = SURFACE_STYLE_FILL_AREA ( #1904 ) ;
#10160 = EDGE_CURVE ( 'NONE', #1795, #5531, #10249, .T. ) ;
#10161 =( NAMED_UNIT ( * ) SI_UNIT ( $, .STERADIAN. ) SOLID_ANGLE_UNIT ( ) );
#10162 = FILL_AREA_STYLE ('',( #8166 ) ) ;
#10163 = SURFACE_STYLE_USAGE ( .BOTH. , #8295 ) ;
#10164 = DIRECTION ( 'NONE',  ( 1.000000000000000000, -0.000000000000000000, 0.000000000000000000 ) ) ;
#10165 = CARTESIAN_POINT ( 'NONE',  ( -5.275000000000025224, 4.399999999999999467, -0.6663591357563563022 ) ) ;
#10166 = EDGE_LOOP ( 'NONE', ( #1013, #11161, #7985, #5838 ) ) ;
#10167 = CARTESIAN_POINT ( 'NONE',  ( 3.200000000000007727, 3.250000000000005773, -1.850000000000001865 ) ) ;
#10168 = MANIFOLD_SOLID_BREP ( 'LPattern1[1]', #10427 ) ;
#10169 = EDGE_CURVE ( 'NONE', #12502, #448, #1348, .T. ) ;
#10170 = ORIENTED_EDGE ( 'NONE', *, *, #9763, .F. ) ;
#10171 = FILL_AREA_STYLE_COLOUR ( '', #10565 ) ;
#10172 = PLANE ( 'NONE',  #2576 ) ;
#10173 = FACE_OUTER_BOUND ( 'NONE', #1934, .T. ) ;
#10174 =( LENGTH_UNIT ( ) NAMED_UNIT ( * ) SI_UNIT ( .MILLI., .METRE. ) );
#10175 = UNCERTAINTY_MEASURE_WITH_UNIT (LENGTH_MEASURE( 1.000000000000000082E-05 ), #12033, 'distance_accuracy_value', 'NONE');
#10176 = FACE_OUTER_BOUND ( 'NONE', #9856, .T. ) ;
#10177 = DIRECTION ( 'NONE',  ( 0.000000000000000000, 1.355252715606860081E-16, -1.000000000000000000 ) ) ;
#10178 =( GEOMETRIC_REPRESENTATION_CONTEXT ( 3 ) GLOBAL_UNCERTAINTY_ASSIGNED_CONTEXT ( ( #11396 ) ) GLOBAL_UNIT_ASSIGNED_CONTEXT ( ( #135, #7372, #6103 ) ) REPRESENTATION_CONTEXT ( 'NONE', 'WORKASPACE' ) );
#10179 = DIRECTION ( 'NONE',  ( -0.000000000000000000, 1.000000000000000000, -0.000000000000000000 ) ) ;
#10180 = CARTESIAN_POINT ( 'NONE',  ( -1.715000000000000746, 0.000000000000000000, 0.000000000000000000 ) ) ;
#10181 = ORIENTED_EDGE ( 'NONE', *, *, #7452, .T. ) ;
#10182 = VERTEX_POINT ( 'NONE', #9454 ) ;
#10183 = VERTEX_POINT ( 'NONE', #12316 ) ;
#10184 = ORIENTED_EDGE ( 'NONE', *, *, #4755, .T. ) ;
#10185 = FILL_AREA_STYLE_COLOUR ( '', #9140 ) ;
#10186 = SURFACE_STYLE_FILL_AREA ( #2085 ) ;
#10187 =( NAMED_UNIT ( * ) SI_UNIT ( $, .STERADIAN. ) SOLID_ANGLE_UNIT ( ) );
#10188 = PRESENTATION_STYLE_ASSIGNMENT (( #3809 ) ) ;
#10190 = CARTESIAN_POINT ( 'NONE',  ( 0.4649999999999992473, 3.548929149633788249, -1.004535961130712751 ) ) ;
#10189 = UNCERTAINTY_MEASURE_WITH_UNIT (LENGTH_MEASURE( 1.000000000000000082E-05 ), #2646, 'distance_accuracy_value', 'NONE');
#10191 =( NAMED_UNIT ( * ) SI_UNIT ( $, .STERADIAN. ) SOLID_ANGLE_UNIT ( ) );
#10192 = DIRECTION ( 'NONE',  ( 0.000000000000000000, 1.000000000000000000, 0.000000000000000000 ) ) ;
#10193 = FACE_OUTER_BOUND ( 'NONE', #7546, .T. ) ;
#10194 = ORIENTED_EDGE ( 'NONE', *, *, #562, .T. ) ;
#10195 = ADVANCED_FACE ( 'NONE', ( #2388 ), #12257, .T. ) ;
#10196 = ORIENTED_EDGE ( 'NONE', *, *, #11747, .T. ) ;
#10197 = VERTEX_POINT ( 'NONE', #279 ) ;
#10198 = STYLED_ITEM ( 'NONE', ( #6760 ), #6101 ) ;
#10199 = EDGE_LOOP ( 'NONE', ( #9332, #10897, #4989, #9316, #5631, #11786 ) ) ;
#10200 = CARTESIAN_POINT ( 'NONE',  ( 3.284999999999998810, 0.4499999999999999556, 2.250000000000004441 ) ) ;
#10201 =( NAMED_UNIT ( * ) PLANE_ANGLE_UNIT ( ) SI_UNIT ( $, .RADIAN. ) );
#10202 = CARTESIAN_POINT ( 'NONE',  ( -0.4650000000000010236, 1.749999999999999778, -1.125000000000033973 ) ) ;
#10203 = DIRECTION ( 'NONE',  ( 0.000000000000000000, 4.814824860968090180E-32, 1.000000000000000000 ) ) ;
#10204 = SURFACE_STYLE_USAGE ( .BOTH. , #8149 ) ;
#10205 = DIRECTION ( 'NONE',  ( -1.196258353356355388E-15, -0.000000000000000000, -1.000000000000000000 ) ) ;
#10206 = FACE_OUTER_BOUND ( 'NONE', #11322, .T. ) ;
#10207 = ORIENTED_EDGE ( 'NONE', *, *, #404, .F. ) ;
#10208 = VECTOR ( 'NONE', #9387, 1000.000000000000000 ) ;
#10209 = EDGE_CURVE ( 'NONE', #2111, #6370, #4199, .T. ) ;
#10210 = FILL_AREA_STYLE_COLOUR ( '', #11395 ) ;
#10211 = ORIENTED_EDGE ( 'NONE', *, *, #1076, .T. ) ;
#10212 = DIRECTION ( 'NONE',  ( -1.000000000000000000, 0.000000000000000000, 0.000000000000000000 ) ) ;
#10213 = EDGE_CURVE ( 'NONE', #2218, #1312, #7249, .T. ) ;
#10214 = VERTEX_POINT ( 'NONE', #3259 ) ;
#10215 = DIRECTION ( 'NONE',  ( -1.000000000000000000, -0.000000000000000000, -0.000000000000000000 ) ) ;
#10216 =( GEOMETRIC_REPRESENTATION_CONTEXT ( 3 ) GLOBAL_UNCERTAINTY_ASSIGNED_CONTEXT ( ( #2211 ) ) GLOBAL_UNIT_ASSIGNED_CONTEXT ( ( #12011, #12797, #3691 ) ) REPRESENTATION_CONTEXT ( 'NONE', 'WORKASPACE' ) );
#10217 = CARTESIAN_POINT ( 'NONE',  ( 2.034999999999999698, 0.000000000000000000, 1.850000000000004530 ) ) ;
#10218 = SURFACE_STYLE_USAGE ( .BOTH. , #4295 ) ;
#10219 = DIRECTION ( 'NONE',  ( -1.000000000000000000, 0.000000000000000000, 1.176083712526648949E-16 ) ) ;
#10220 = DIRECTION ( 'NONE',  ( 0.000000000000000000, 0.000000000000000000, -1.000000000000000000 ) ) ;
#10221 = COLOUR_RGB ( '',1.000000000000000000, 1.000000000000000000, 1.000000000000000000 ) ;
#10222 = LINE ( 'NONE', #3100, #7942 ) ;
#10223 = COLOUR_RGB ( '',1.000000000000000000, 1.000000000000000000, 1.000000000000000000 ) ;
#10224 = DIRECTION ( 'NONE',  ( 0.2133021165724272028, 0.9621436710723735297, 0.1696518885279465483 ) ) ;
#10225 = MECHANICAL_DESIGN_GEOMETRIC_PRESENTATION_REPRESENTATION (  '', ( #8107 ), #2162 ) ;
#10226 = EDGE_CURVE ( 'NONE', #1131, #1109, #11386, .T. ) ;
#10227 = ADVANCED_FACE ( 'NONE', ( #8383 ), #9381, .F. ) ;
#10228 = ORIENTED_EDGE ( 'NONE', *, *, #8330, .F. ) ;
#10229 = DIRECTION ( 'NONE',  ( 0.000000000000000000, 0.7071067811865481278, -0.7071067811865470176 ) ) ;
#10230 = MANIFOLD_SOLID_BREP ( 'LPattern2[3]', #5084 ) ;
#10231 = ORIENTED_EDGE ( 'NONE', *, *, #1544, .F. ) ;
#10232 = FACE_OUTER_BOUND ( 'NONE', #2188, .T. ) ;
#10233 = SURFACE_SIDE_STYLE ('',( #1207 ) ) ;
#10234 = COLOUR_RGB ( '',1.000000000000000000, 1.000000000000000000, 1.000000000000000000 ) ;
#10235 = PRESENTATION_LAYER_ASSIGNMENT (  '', '', ( #7263 ) ) ;
#10236 = CARTESIAN_POINT ( 'NONE',  ( -0.5650000000000012790, 4.000000000000000000, -0.9250000000000404565 ) ) ;
#10237 = SURFACE_STYLE_USAGE ( .BOTH. , #8109 ) ;
#10238 = SURFACE_STYLE_FILL_AREA ( #4314 ) ;
#10239 = DIRECTION ( 'NONE',  ( 0.000000000000000000, -0.000000000000000000, 1.000000000000000000 ) ) ;
#10240 =( NAMED_UNIT ( * ) SI_UNIT ( $, .STERADIAN. ) SOLID_ANGLE_UNIT ( ) );
#10241 = VECTOR ( 'NONE', #453, 1000.000000000000000 ) ;
#10242 = DIRECTION ( 'NONE',  ( -1.000000000000000000, -0.000000000000000000, -0.000000000000000000 ) ) ;
#10243 = EDGE_CURVE ( 'NONE', #12937, #5293, #6525, .T. ) ;
#10244 = PLANE ( 'NONE',  #5739 ) ;
#10245 = LINE ( 'NONE', #7246, #6900 ) ;
#10246 = ADVANCED_FACE ( 'NONE', ( #10834 ), #3656, .T. ) ;
#10247 = EDGE_CURVE ( 'NONE', #10402, #2586, #4644, .T. ) ;
#10248 = ORIENTED_EDGE ( 'NONE', *, *, #11921, .F. ) ;
#10249 = LINE ( 'NONE', #2201, #8614 ) ;
#10250 = VERTEX_POINT ( 'NONE', #547 ) ;
#10251 = EDGE_LOOP ( 'NONE', ( #10734, #3219, #7035, #70 ) ) ;
#10252 = LINE ( 'NONE', #9115, #10124 ) ;
#10253 = CARTESIAN_POINT ( 'NONE',  ( 5.875000000000003553, 24.60698852501704437, 1.849999999999999867 ) ) ;
#10254 = SURFACE_SIDE_STYLE ('',( #1084 ) ) ;
#10255 = FACE_OUTER_BOUND ( 'NONE', #11387, .T. ) ;
#10256 =( NAMED_UNIT ( * ) SI_UNIT ( $, .STERADIAN. ) SOLID_ANGLE_UNIT ( ) );
#10257 =( NAMED_UNIT ( * ) PLANE_ANGLE_UNIT ( ) SI_UNIT ( $, .RADIAN. ) );
#10258 = CARTESIAN_POINT ( 'NONE',  ( -5.875000000000001776, 2.100000000000005862, -1.550000000000001821 ) ) ;
#10259 = AXIS2_PLACEMENT_3D ( 'NONE', #3358, #11743, #2612 ) ;
#10260 = DIRECTION ( 'NONE',  ( -1.000000000000000000, 0.000000000000000000, -1.196258353356355388E-15 ) ) ;
#10261 = AXIS2_PLACEMENT_3D ( 'NONE', #3175, #411, #8305 ) ;
#10262 = ORIENTED_EDGE ( 'NONE', *, *, #11229, .F. ) ;
#10263 = CARTESIAN_POINT ( 'NONE',  ( -4.387500000000002842, 4.387500000000002842, -1.550000000000002043 ) ) ;
#10264 = AXIS2_PLACEMENT_3D ( 'NONE', #529, #12685, #10626 ) ;
#10265 =( GEOMETRIC_REPRESENTATION_CONTEXT ( 3 ) GLOBAL_UNCERTAINTY_ASSIGNED_CONTEXT ( ( #5526 ) ) GLOBAL_UNIT_ASSIGNED_CONTEXT ( ( #12055, #9724, #5719 ) ) REPRESENTATION_CONTEXT ( 'NONE', 'WORKASPACE' ) );
#10266 = ORIENTED_EDGE ( 'NONE', *, *, #1397, .F. ) ;
#10267 = VERTEX_POINT ( 'NONE', #2584 ) ;
#10268 = VERTEX_POINT ( 'NONE', #10717 ) ;
#10269 = CARTESIAN_POINT ( 'NONE',  ( -5.875000000000001776, 0.2999999999999999889, 0.9500000000000005107 ) ) ;
#10270 = AXIS2_PLACEMENT_3D ( 'NONE', #7536, #2535, #6538 ) ;
#10271 = VECTOR ( 'NONE', #5142, 1000.000000000000000 ) ;
#10272 = CARTESIAN_POINT ( 'NONE',  ( -5.374999999950209606, 1.749999999999999778, -0.7249377794898655969 ) ) ;
#10273 = SURFACE_STYLE_FILL_AREA ( #8409 ) ;
#10274 = CARTESIAN_POINT ( 'NONE',  ( -3.900000000000000355, 3.250000000000005329, -1.450000000000039924 ) ) ;
#10275 = LINE ( 'NONE', #1175, #8770 ) ;
#10276 = VECTOR ( 'NONE', #12154, 1000.000000000000000 ) ;
#10277 = CARTESIAN_POINT ( 'NONE',  ( 6.368987041127390114, 0.3385621722338523765, -1.773987041127390585 ) ) ;
#10278 = LINE ( 'NONE', #4875, #11399 ) ;
#10279 = VECTOR ( 'NONE', #213, 1000.000000000000000 ) ;
#10280 = ORIENTED_EDGE ( 'NONE', *, *, #11362, .T. ) ;
#10281 = VECTOR ( 'NONE', #11105, 1000.000000000000000 ) ;
#10282 = CARTESIAN_POINT ( 'NONE',  ( 3.284999999999998810, 0.2999999999999999889, 1.850000000000004530 ) ) ;
#10283 = VERTEX_POINT ( 'NONE', #4702 ) ;
#10284 = CARTESIAN_POINT ( 'NONE',  ( -0.7850000000000010303, -1.125000000000002442, 1.125000000000004663 ) ) ;
#10285 = COLOUR_RGB ( '',1.000000000000000000, 0.8117647058823529438, 0.5019607843137254832 ) ;
#10286 = EDGE_LOOP ( 'NONE', ( #7544, #857, #4985, #8139, #12187, #7505, #8425, #321 ) ) ;
#10287 = DIRECTION ( 'NONE',  ( 1.000000000000000000, 0.000000000000000000, -0.000000000000000000 ) ) ;
#10288 = CARTESIAN_POINT ( 'NONE',  ( 7.574999999999970868, 4.700000000000089884, 0.1500000000000088485 ) ) ;
#10289 = LINE ( 'NONE', #6361, #12781 ) ;
#10290 = FACE_OUTER_BOUND ( 'NONE', #2512, .T. ) ;
#10291 = DIRECTION ( 'NONE',  ( -0.000000000000000000, -0.000000000000000000, 1.000000000000000000 ) ) ;
#10292 = PRESENTATION_LAYER_ASSIGNMENT (  '', '', ( #5392 ) ) ;
#10293 = PLANE ( 'NONE',  #9643 ) ;
#10294 = CARTESIAN_POINT ( 'NONE',  ( 2.034999999999999698, 0.8750000000000022204, 0.8749999999999842348 ) ) ;
#10295 = DIRECTION ( 'NONE',  ( -1.000000000000000000, -0.000000000000000000, -0.000000000000000000 ) ) ;
#10296 = SURFACE_STYLE_FILL_AREA ( #6239 ) ;
#10297 = EDGE_CURVE ( 'NONE', #5369, #4075, #8658, .T. ) ;
#10298 = MECHANICAL_DESIGN_GEOMETRIC_PRESENTATION_REPRESENTATION (  '', ( #2645 ), #10084 ) ;
#10299 = SURFACE_STYLE_USAGE ( .BOTH. , #7029 ) ;
#10300 = MECHANICAL_DESIGN_GEOMETRIC_PRESENTATION_REPRESENTATION (  '', ( #12843 ), #1176 ) ;
#10301 = ORIENTED_EDGE ( 'NONE', *, *, #2840, .F. ) ;
#10302 = CARTESIAN_POINT ( 'NONE',  ( 6.175000000000008704, 2.600000000000005862, -1.850000000000001865 ) ) ;
#10303 = VERTEX_POINT ( 'NONE', #5649 ) ;
#10304 = DIRECTION ( 'NONE',  ( 0.000000000000000000, 1.000000000000000000, 0.000000000000000000 ) ) ;
#10305 = PLANE ( 'NONE',  #9397 ) ;
#10306 = LINE ( 'NONE', #7180, #3632 ) ;
#10307 = STYLED_ITEM ( 'NONE', ( #10589 ), #10246 ) ;
#10308 =( NAMED_UNIT ( * ) SI_UNIT ( $, .STERADIAN. ) SOLID_ANGLE_UNIT ( ) );
#10309 = UNCERTAINTY_MEASURE_WITH_UNIT (LENGTH_MEASURE( 1.000000000000000082E-05 ), #7057, 'distance_accuracy_value', 'NONE');
#10310 = FACE_OUTER_BOUND ( 'NONE', #889, .T. ) ;
#10311 = CONICAL_SURFACE ( 'NONE', #2236, 0.4499999999999999001, 0.7853981633974591592 ) ;
#10312 = DIRECTION ( 'NONE',  ( -1.000000000000000000, 0.000000000000000000, 0.000000000000000000 ) ) ;
#10313 = SURFACE_SIDE_STYLE ('',( #15 ) ) ;
#10314 = DIRECTION ( 'NONE',  ( 0.000000000000000000, 0.1736481776669268617, -0.9848077530122086864 ) ) ;
#10315 = CARTESIAN_POINT ( 'NONE',  ( -1.715000000000000746, 4.000000000000000000, -0.9250000000000404565 ) ) ;
#10316 = AXIS2_PLACEMENT_3D ( 'NONE', #9967, #5840, #1991 ) ;
#10317 = COLOUR_RGB ( '',1.000000000000000000, 1.000000000000000000, 1.000000000000000000 ) ;
#10318 = ORIENTED_EDGE ( 'NONE', *, *, #7522, .F. ) ;
#10319 = EDGE_LOOP ( 'NONE', ( #1591, #9017, #10120, #7671 ) ) ;
#10320 = ORIENTED_EDGE ( 'NONE', *, *, #3042, .F. ) ;
#10321 = PLANE ( 'NONE',  #9273 ) ;
#10322 = STYLED_ITEM ( 'NONE', ( #11230 ), #3504 ) ;
#10323 = PLANE ( 'NONE',  #7879 ) ;
#10324 = FACE_OUTER_BOUND ( 'NONE', #3937, .T. ) ;
#10325 = FACE_OUTER_BOUND ( 'NONE', #1641, .T. ) ;
#10326 = SURFACE_STYLE_FILL_AREA ( #11314 ) ;
#10327 = VECTOR ( 'NONE', #9747, 1000.000000000000000 ) ;
#10328 = LINE ( 'NONE', #1230, #1023 ) ;
#10329 = VECTOR ( 'NONE', #5204, 1000.000000000000000 ) ;
#10331 = CARTESIAN_POINT ( 'NONE',  ( 2.964999999999998970, 0.000000000000000000, -1.125000000000033973 ) ) ;
#10330 = UNCERTAINTY_MEASURE_WITH_UNIT (LENGTH_MEASURE( 1.000000000000000082E-05 ), #12528, 'distance_accuracy_value', 'NONE');
#10332 = DIRECTION ( 'NONE',  ( 3.097720492815684271E-16, 0.000000000000000000, 1.000000000000000000 ) ) ;
#10333 = DIRECTION ( 'NONE',  ( 0.000000000000000000, -0.9848077530122087975, 0.1736481776669264454 ) ) ;
#10334 = FILL_AREA_STYLE ('',( #7202 ) ) ;
#10335 = VECTOR ( 'NONE', #10150, 1000.000000000000000 ) ;
#10336 = SURFACE_STYLE_USAGE ( .BOTH. , #7335 ) ;
#10337 = ORIENTED_EDGE ( 'NONE', *, *, #2184, .F. ) ;
#10338 = FACE_OUTER_BOUND ( 'NONE', #8717, .T. ) ;
#10339 = PRESENTATION_LAYER_ASSIGNMENT (  '', '', ( #9703 ) ) ;
#10340 = VECTOR ( 'NONE', #12795, 1000.000000000000114 ) ;
#10341 = EDGE_LOOP ( 'NONE', ( #11328, #3817, #8541, #5925 ) ) ;
#10342 = VERTEX_POINT ( 'NONE', #11785 ) ;
#10344 = ADVANCED_FACE ( 'NONE', ( #1668 ), #3723, .F. ) ;
#10343 = ORIENTED_EDGE ( 'NONE', *, *, #12970, .T. ) ;
#10345 = SURFACE_STYLE_USAGE ( .BOTH. , #12474 ) ;
#10346 = COLOUR_RGB ( '',1.000000000000000000, 1.000000000000000000, 1.000000000000000000 ) ;
#10347 = DIRECTION ( 'NONE',  ( -0.7071067811865495711, -0.7071067811865454633, 8.482048688035705761E-17 ) ) ;
#10348 = DIRECTION ( 'NONE',  ( -0.000000000000000000, 1.000000000000000000, -0.000000000000000000 ) ) ;
#10349 = PLANE ( 'NONE',  #6938 ) ;
#10350 = DIRECTION ( 'NONE',  ( 0.000000000000000000, 1.000000000000000000, -0.000000000000000000 ) ) ;
#10351 = CARTESIAN_POINT ( 'NONE',  ( -4.535000000000001030, 0.000000000000000000, -1.125000000000033973 ) ) ;
#10352 = STYLED_ITEM ( 'NONE', ( #5439 ), #11425 ) ;
#10353 = COLOUR_RGB ( '',1.000000000000000000, 0.8117647058823529438, 0.5019607843137254832 ) ;
#10354 = VECTOR ( 'NONE', #571, 1000.000000000000000 ) ;
#10355 = CARTESIAN_POINT ( 'NONE',  ( -0.7850000000000010303, 0.000000000000000000, 0.000000000000000000 ) ) ;
#10356 = ORIENTED_EDGE ( 'NONE', *, *, #7868, .F. ) ;
#10357 = FACE_OUTER_BOUND ( 'NONE', #4789, .T. ) ;
#10358 = AXIS2_PLACEMENT_3D ( 'NONE', #2499, #524, #6498 ) ;
#10359 = ORIENTED_EDGE ( 'NONE', *, *, #10752, .F. ) ;
#10360 = LINE ( 'NONE', #10284, #4940 ) ;
#10361 = ORIENTED_EDGE ( 'NONE', *, *, #11805, .T. ) ;
#10362 = LINE ( 'NONE', #2361, #10954 ) ;
#10363 = LINE ( 'NONE', #1259, #3221 ) ;
#10364 = CARTESIAN_POINT ( 'NONE',  ( -4.535000000000001030, 8.425943506694179847E-32, 1.750000000000004663 ) ) ;
#10366 = COLOUR_RGB ( '',1.000000000000000000, 0.8117647058823529438, 0.5019607843137254832 ) ;
#10365 = CARTESIAN_POINT ( 'NONE',  ( 5.331766902759298432, 4.456766902759275339, 0.1098258880218383193 ) ) ;
#10367 = ADVANCED_FACE ( 'NONE', ( #9098 ), #11904, .T. ) ;
#10368 = DIRECTION ( 'NONE',  ( -0.000000000000000000, -1.000000000000000000, -0.000000000000000000 ) ) ;
#10369 = FACE_OUTER_BOUND ( 'NONE', #6920, .T. ) ;
#10370 = DIRECTION ( 'NONE',  ( -1.000000000000000000, -0.000000000000000000, -0.000000000000000000 ) ) ;
#10371 = VECTOR ( 'NONE', #607, 1000.000000000000000 ) ;
#10372 = ORIENTED_EDGE ( 'NONE', *, *, #9204, .F. ) ;
#10373 = ORIENTED_EDGE ( 'NONE', *, *, #1979, .F. ) ;
#10374 = FILL_AREA_STYLE_COLOUR ( '', #12449 ) ;
#10375 = ADVANCED_FACE ( 'NONE', ( #3918 ), #4835, .F. ) ;
#10376 = SURFACE_SIDE_STYLE ('',( #7445 ) ) ;
#10377 =( NAMED_UNIT ( * ) SI_UNIT ( $, .STERADIAN. ) SOLID_ANGLE_UNIT ( ) );
#10378 = PLANE ( 'NONE',  #3995 ) ;
#10379 = PLANE ( 'NONE',  #13026 ) ;
#10380 = VECTOR ( 'NONE', #7349, 1000.000000000000000 ) ;
#10381 = CARTESIAN_POINT ( 'NONE',  ( 5.875000000000003553, 2.078323961923569385, 0.8000000000000005995 ) ) ;
#10382 = FILL_AREA_STYLE ('',( #7316 ) ) ;
#10383 = LINE ( 'NONE', #5302, #11584 ) ;
#10384 = VERTEX_POINT ( 'NONE', #10894 ) ;
#10385 = EDGE_CURVE ( 'NONE', #3743, #7580, #1917, .T. ) ;
#10386 = ORIENTED_EDGE ( 'NONE', *, *, #3568, .F. ) ;
#10387 = VERTEX_POINT ( 'NONE', #5 ) ;
#10388 = CARTESIAN_POINT ( 'NONE',  ( 5.875000000000001776, 3.700000000000000178, 1.549999999999988942 ) ) ;
#10389 = ADVANCED_FACE ( 'NONE', ( #9902 ), #12949, .F. ) ;
#10390 = CARTESIAN_POINT ( 'NONE',  ( 0.7849999999999992539, 0.2999999999999997113, 1.449999999999998623 ) ) ;
#10391 = DIRECTION ( 'NONE',  ( -1.000000000000000000, -0.000000000000000000, -0.000000000000000000 ) ) ;
#10392 = SURFACE_SIDE_STYLE ('',( #2532 ) ) ;
#10393 =( LENGTH_UNIT ( ) NAMED_UNIT ( * ) SI_UNIT ( .MILLI., .METRE. ) );
#10394 = LINE ( 'NONE', #4595, #12605 ) ;
#10395 = FACE_OUTER_BOUND ( 'NONE', #2553, .T. ) ;
#10396 = ORIENTED_EDGE ( 'NONE', *, *, #6387, .F. ) ;
#10397 =( NAMED_UNIT ( * ) SI_UNIT ( $, .STERADIAN. ) SOLID_ANGLE_UNIT ( ) );
#10398 = VECTOR ( 'NONE', #1265, 1000.000000000000000 ) ;
#10399 = EDGE_CURVE ( 'NONE', #9067, #10044, #11436, .T. ) ;
#10400 = ORIENTED_EDGE ( 'NONE', *, *, #12175, .T. ) ;
#10401 = ORIENTED_EDGE ( 'NONE', *, *, #6751, .T. ) ;
#10402 = VERTEX_POINT ( 'NONE', #6371 ) ;
#10403 = CARTESIAN_POINT ( 'NONE',  ( 7.375000000000000888, 0.2999999999999999889, -1.849999999999996980 ) ) ;
#10404 = LINE ( 'NONE', #1303, #3850 ) ;
#10405 = SURFACE_STYLE_USAGE ( .BOTH. , #8408 ) ;
#10406 = SURFACE_STYLE_USAGE ( .BOTH. , #5193 ) ;
#10407 = LINE ( 'NONE', #7211, #12383 ) ;
#10408 = FACE_OUTER_BOUND ( 'NONE', #4704, .T. ) ;
#10409 =( NAMED_UNIT ( * ) SI_UNIT ( $, .STERADIAN. ) SOLID_ANGLE_UNIT ( ) );
#10410 = SURFACE_STYLE_FILL_AREA ( #2291 ) ;
#10411 = EDGE_CURVE ( 'NONE', #22, #10893, #2186, .T. ) ;
#10412 = CARTESIAN_POINT ( 'NONE',  ( -0.7850000000000010303, 0.000000000000000000, 2.350000000000004530 ) ) ;
#10413 = VERTEX_POINT ( 'NONE', #2373 ) ;
#10414 = ORIENTED_EDGE ( 'NONE', *, *, #9565, .F. ) ;
#10415 = FACE_OUTER_BOUND ( 'NONE', #13017, .T. ) ;
#10416 = ORIENTED_EDGE ( 'NONE', *, *, #939, .T. ) ;
#10417 =( NAMED_UNIT ( * ) SI_UNIT ( $, .STERADIAN. ) SOLID_ANGLE_UNIT ( ) );
#10418 = LINE ( 'NONE', #8088, #6634 ) ;
#10419 = SURFACE_STYLE_USAGE ( .BOTH. , #12362 ) ;
#10420 = PRESENTATION_STYLE_ASSIGNMENT (( #8290 ) ) ;
#10421 = DIRECTION ( 'NONE',  ( 0.3420201433256629953, 0.9396926207859105373, 0.000000000000000000 ) ) ;
#10422 = DIRECTION ( 'NONE',  ( -1.000000000000000000, 0.000000000000000000, 1.807003620809178576E-16 ) ) ;
#10423 = UNCERTAINTY_MEASURE_WITH_UNIT (LENGTH_MEASURE( 1.000000000000000082E-05 ), #380, 'distance_accuracy_value', 'NONE');
#10424 = CARTESIAN_POINT ( 'NONE',  ( 6.344999999999994422, 0.4499999999999999001, 0.3500000000000039746 ) ) ;
#10425 = CARTESIAN_POINT ( 'NONE',  ( 5.275000000000024336, 4.400000000000000355, -1.450000000000041034 ) ) ;
#10426 = CARTESIAN_POINT ( 'NONE',  ( -0.2124265376147113638, 0.4932555058087333966, -1.543333668776806888 ) ) ;
#10427 = CLOSED_SHELL ( 'NONE', ( #4197, #4840, #1211, #8866, #7820, #575, #9493, #9671, #3807, #7226 ) ) ;
#10428 = SURFACE_STYLE_USAGE ( .BOTH. , #9360 ) ;
#10429 = VERTEX_POINT ( 'NONE', #2249 ) ;
#10430 =( GEOMETRIC_REPRESENTATION_CONTEXT ( 3 ) GLOBAL_UNCERTAINTY_ASSIGNED_CONTEXT ( ( #2467 ) ) GLOBAL_UNIT_ASSIGNED_CONTEXT ( ( #11473, #9920, #6124 ) ) REPRESENTATION_CONTEXT ( 'NONE', 'WORKASPACE' ) );
#10431 = ORIENTED_EDGE ( 'NONE', *, *, #2840, .T. ) ;
#10432 = DIRECTION ( 'NONE',  ( -0.000000000000000000, -0.000000000000000000, 1.000000000000000000 ) ) ;
#10433 = EDGE_CURVE ( 'NONE', #6388, #10604, #5367, .T. ) ;
#10434 = ORIENTED_EDGE ( 'NONE', *, *, #6020, .T. ) ;
#10435 = FACE_OUTER_BOUND ( 'NONE', #12594, .T. ) ;
#10436 = CARTESIAN_POINT ( 'NONE',  ( -0.4650000000000010236, 3.548929149633788693, -0.4454640388693684727 ) ) ;
#10437 = VECTOR ( 'NONE', #6044, 1000.000000000000000 ) ;
#10438 =( LENGTH_UNIT ( ) NAMED_UNIT ( * ) SI_UNIT ( .MILLI., .METRE. ) );
#10439 = CARTESIAN_POINT ( 'NONE',  ( 4.434999999999999609, 4.000000000000000000, 0.000000000000000000 ) ) ;
#10440 = SURFACE_SIDE_STYLE ('',( #209 ) ) ;
#10441 = VECTOR ( 'NONE', #8198, 1000.000000000000000 ) ;
#10442 = SURFACE_STYLE_FILL_AREA ( #5298 ) ;
#10443 = SURFACE_SIDE_STYLE ('',( #6379 ) ) ;
#10444 = PRESENTATION_STYLE_ASSIGNMENT (( #9583 ) ) ;
#10445 = ADVANCED_FACE ( 'NONE', ( #6246 ), #9439, .F. ) ;
#10446 = CARTESIAN_POINT ( 'NONE',  ( 0.4649999999999992473, 0.000000000000000000, 1.850000000000004530 ) ) ;
#10447 = EDGE_LOOP ( 'NONE', ( #4616, #1549, #4386, #502, #1315, #4605 ) ) ;
#10448 = CARTESIAN_POINT ( 'NONE',  ( 1.714999999999999414, 1.083335593717822357E-31, 2.250000000000004441 ) ) ;
#10449 = AXIS2_PLACEMENT_3D ( 'NONE', #5103, #2996, #2146 ) ;
#10450 = ORIENTED_EDGE ( 'NONE', *, *, #323, .T. ) ;
#10451 = ORIENTED_EDGE ( 'NONE', *, *, #4733, .F. ) ;
#10452 = LINE ( 'NONE', #1351, #5449 ) ;
#10453 = VECTOR ( 'NONE', #11658, 1000.000000000000227 ) ;
#10454 = SURFACE_SIDE_STYLE ('',( #6391 ) ) ;
#10455 = FILL_AREA_STYLE ('',( #8389 ) ) ;
#10456 = DIRECTION ( 'NONE',  ( 0.000000000000000000, 0.000000000000000000, -1.000000000000000000 ) ) ;
#10457 = DIRECTION ( 'NONE',  ( 0.000000000000000000, -4.814824860968089633E-32, -1.000000000000000000 ) ) ;
#10458 = AXIS2_PLACEMENT_3D ( 'NONE', #11927, #10804, #6857 ) ;
#10459 = CARTESIAN_POINT ( 'NONE',  ( 3.284999999999998810, -1.579062136966065191E-17, -0.3250000000000473066 ) ) ;
#10461 = DIRECTION ( 'NONE',  ( 1.000000000000000000, -6.570922257487672349E-16, -1.176083712526648949E-16 ) ) ;
#10460 = UNCERTAINTY_MEASURE_WITH_UNIT (LENGTH_MEASURE( 1.000000000000000082E-05 ), #12016, 'distance_accuracy_value', 'NONE');
#10462 = CARTESIAN_POINT ( 'NONE',  ( -4.215000000000000746, 0.2787990747163040517, -1.581148123764847258 ) ) ;
#10463 = PLANE ( 'NONE',  #6534 ) ;
#10464 = DIRECTION ( 'NONE',  ( 1.000000000000000000, 0.000000000000000000, -0.000000000000000000 ) ) ;
#10465 = EDGE_CURVE ( 'NONE', #12079, #1794, #1269, .T. ) ;
#10466 = EDGE_CURVE ( 'NONE', #3771, #390, #11495, .T. ) ;
#10467 = VECTOR ( 'NONE', #1320, 1000.000000000000000 ) ;
#10468 = LINE ( 'NONE', #11525, #9014 ) ;
#10469 = ADVANCED_FACE ( 'NONE', ( #9161 ), #7305, .F. ) ;
#10470 = ORIENTED_EDGE ( 'NONE', *, *, #6375, .F. ) ;
#10471 = FACE_OUTER_BOUND ( 'NONE', #7705, .T. ) ;
#10472 = STYLED_ITEM ( 'NONE', ( #5231 ), #1067 ) ;
#10473 = ORIENTED_EDGE ( 'NONE', *, *, #2906, .F. ) ;
#10474 = ORIENTED_EDGE ( 'NONE', *, *, #6240, .T. ) ;
#10475 = ORIENTED_EDGE ( 'NONE', *, *, #9075, .T. ) ;
#10476 = VECTOR ( 'NONE', #13111, 1000.000000000000000 ) ;
#10477 = SURFACE_SIDE_STYLE ('',( #7417 ) ) ;
#10478 = FILL_AREA_STYLE ('',( #6606 ) ) ;
#10479 = CARTESIAN_POINT ( 'NONE',  ( -6.344999999999994422, 1.199999999999998623, 0.3500000000000039746 ) ) ;
#10480 =( NAMED_UNIT ( * ) PLANE_ANGLE_UNIT ( ) SI_UNIT ( $, .RADIAN. ) );
#10481 = MECHANICAL_DESIGN_GEOMETRIC_PRESENTATION_REPRESENTATION (  '', ( #76 ), #8345 ) ;
#10482 = FACE_OUTER_BOUND ( 'NONE', #4136, .T. ) ;
#10483 = PRESENTATION_LAYER_ASSIGNMENT (  '', '', ( #4092 ) ) ;
#10484 = AXIS2_PLACEMENT_3D ( 'NONE', #1821, #828, #5999 ) ;
#10485 =( NAMED_UNIT ( * ) PLANE_ANGLE_UNIT ( ) SI_UNIT ( $, .RADIAN. ) );
#10486 = EDGE_LOOP ( 'NONE', ( #7614, #5873, #10119, #8188 ) ) ;
#10487 = CARTESIAN_POINT ( 'NONE',  ( 4.925000000000019362, 1.749999999999999778, 0.9499999999999856337 ) ) ;
#10488 = DIRECTION ( 'NONE',  ( -0.000000000000000000, 0.7071067811865549002, 0.7071067811865402453 ) ) ;
#10489 = VECTOR ( 'NONE', #5846, 999.9999999999998863 ) ;
#10490 = VERTEX_POINT ( 'NONE', #8300 ) ;
#10491 = LINE ( 'NONE', #389, #3198 ) ;
#10492 = VERTEX_POINT ( 'NONE', #3241 ) ;
#10493 = DIRECTION ( 'NONE',  ( -1.000000000000000000, -0.000000000000000000, -0.000000000000000000 ) ) ;
#10494 = PLANE ( 'NONE',  #10458 ) ;
#10495 = CARTESIAN_POINT ( 'NONE',  ( 6.544999999999994600, 1.199999999999998623, 0.3500000000000039746 ) ) ;
#10496 = CARTESIAN_POINT ( 'NONE',  ( -7.374999999999995559, 3.281777730845507692E-15, -1.850000000000001865 ) ) ;
#10497 =( GEOMETRIC_REPRESENTATION_CONTEXT ( 3 ) GLOBAL_UNCERTAINTY_ASSIGNED_CONTEXT ( ( #8595 ) ) GLOBAL_UNIT_ASSIGNED_CONTEXT ( ( #13091, #2194, #3994 ) ) REPRESENTATION_CONTEXT ( 'NONE', 'WORKASPACE' ) );
#10498 = CARTESIAN_POINT ( 'NONE',  ( -6.344999999999994422, 0.4500000000000014544, 0.3500000000000039746 ) ) ;
#10499 =( LENGTH_UNIT ( ) NAMED_UNIT ( * ) SI_UNIT ( .MILLI., .METRE. ) );
#10500 = ADVANCED_FACE ( 'NONE', ( #4113 ), #11233, .F. ) ;
#10501 = MECHANICAL_DESIGN_GEOMETRIC_PRESENTATION_REPRESENTATION (  '', ( #12823 ), #3912 ) ;
#10502 = DIRECTION ( 'NONE',  ( -1.000000000000000000, -0.000000000000000000, -0.000000000000000000 ) ) ;
#10503 = CARTESIAN_POINT ( 'NONE',  ( 0.7849999999999992539, 8.425943506694179847E-32, 1.750000000000004663 ) ) ;
#10504 = ORIENTED_EDGE ( 'NONE', *, *, #9011, .F. ) ;
#10505 = VECTOR ( 'NONE', #7840, 1000.000000000000000 ) ;
#10506 = ORIENTED_EDGE ( 'NONE', *, *, #1451, .F. ) ;
#10507 = CARTESIAN_POINT ( 'NONE',  ( -6.094999999999995310, 0.4500000000000013989, -1.849999999999996092 ) ) ;
#10508 = ORIENTED_EDGE ( 'NONE', *, *, #11794, .T. ) ;
#10509 =( NAMED_UNIT ( * ) PLANE_ANGLE_UNIT ( ) SI_UNIT ( $, .RADIAN. ) );
#10511 = VECTOR ( 'NONE', #9994, 1000.000000000000000 ) ;
#10510 = DIRECTION ( 'NONE',  ( 0.2588190451025218497, 0.000000000000000000, 0.9659258262890679791 ) ) ;
#10512 = LINE ( 'NONE', #2516, #9162 ) ;
#10513 = EDGE_CURVE ( 'NONE', #5627, #4673, #5294, .T. ) ;
#10514 = LINE ( 'NONE', #8179, #8124 ) ;
#10515 = CARTESIAN_POINT ( 'NONE',  ( 0.000000000000000000, 4.700000000000000178, 0.000000000000000000 ) ) ;
#10516 = AXIS2_PLACEMENT_3D ( 'NONE', #6770, #4833, #4767 ) ;
#10517 = DIRECTION ( 'NONE',  ( -0.5773502691896265082, -0.5773502691896342798, 0.5773502691896165162 ) ) ;
#10518 = DIRECTION ( 'NONE',  ( 0.000000000000000000, 0.9848077530122086864, 0.1736481776669268617 ) ) ;
#10519 = VECTOR ( 'NONE', #7801, 1000.000000000000000 ) ;
#10520 = DIRECTION ( 'NONE',  ( -1.000000000000000000, 0.000000000000000000, 0.000000000000000000 ) ) ;
#10521 = ORIENTED_EDGE ( 'NONE', *, *, #11794, .F. ) ;
#10522 = SURFACE_STYLE_FILL_AREA ( #8255 ) ;
#10523 = VECTOR ( 'NONE', #11527, 1000.000000000000000 ) ;
#10524 = ORIENTED_EDGE ( 'NONE', *, *, #6617, .T. ) ;
#10525 = ORIENTED_EDGE ( 'NONE', *, *, #10145, .F. ) ;
#10526 = LINE ( 'NONE', #11249, #2149 ) ;
#10527 = SURFACE_STYLE_USAGE ( .BOTH. , #6336 ) ;
#10528 = FACE_OUTER_BOUND ( 'NONE', #10647, .T. ) ;
#10529 = LINE ( 'NONE', #5313, #9725 ) ;
#10530 = CYLINDRICAL_SURFACE ( 'NONE', #1778, 0.09999999995018507559 ) ;
#10531 = CARTESIAN_POINT ( 'NONE',  ( 6.875000000000006217, 1.649999999999999023, 0.3500000000000039746 ) ) ;
#10532 = CARTESIAN_POINT ( 'NONE',  ( -5.375000000000000888, 0.000000000000000000, -0.9500000000000006217 ) ) ;
#10533 =( NAMED_UNIT ( * ) SI_UNIT ( $, .STERADIAN. ) SOLID_ANGLE_UNIT ( ) );
#10534 = EDGE_CURVE ( 'NONE', #12062, #9055, #2636, .T. ) ;
#10535 = CARTESIAN_POINT ( 'NONE',  ( -6.544999999999994600, 0.4500000000000015099, -1.849999999999996092 ) ) ;
#10536 = AXIS2_PLACEMENT_3D ( 'NONE', #6170, #5021, #8239 ) ;
#10537 = VERTEX_POINT ( 'NONE', #7644 ) ;
#10538 = VERTEX_POINT ( 'NONE', #600 ) ;
#10539 = VERTEX_POINT ( 'NONE', #8640 ) ;
#10541 = EDGE_CURVE ( 'NONE', #10537, #6636, #6512, .T. ) ;
#10540 = STYLED_ITEM ( 'NONE', ( #7890 ), #11673 ) ;
#10542 = ORIENTED_EDGE ( 'NONE', *, *, #329, .T. ) ;
#10543 = STYLED_ITEM ( 'NONE', ( #923 ), #10389 ) ;
#10544 = DIRECTION ( 'NONE',  ( 0.000000000000000000, -1.355252715606860081E-16, 1.000000000000000000 ) ) ;
#10545 = ADVANCED_FACE ( 'NONE', ( #5563 ), #10770, .F. ) ;
#10546 = PLANE ( 'NONE',  #4087 ) ;
#10547 = STYLED_ITEM ( 'NONE', ( #2353 ), #3964 ) ;
#10548 = LINE ( 'NONE', #8346, #10380 ) ;
#10549 = SURFACE_SIDE_STYLE ('',( #312 ) ) ;
#10550 = MECHANICAL_DESIGN_GEOMETRIC_PRESENTATION_REPRESENTATION (  '', ( #11611 ), #5859 ) ;
#10551 = AXIS2_PLACEMENT_3D ( 'NONE', #1452, #11616, #6688 ) ;
#10552 = ORIENTED_EDGE ( 'NONE', *, *, #2671, .F. ) ;
#10553 =( LENGTH_UNIT ( ) NAMED_UNIT ( * ) SI_UNIT ( .MILLI., .METRE. ) );
#10554 = AXIS2_PLACEMENT_3D ( 'NONE', #10075, #13059, #10144 ) ;
#10555 = DIRECTION ( 'NONE',  ( 0.000000000000000000, -0.7071067811865402453, 0.7071067811865549002 ) ) ;
#10556 = ORIENTED_EDGE ( 'NONE', *, *, #6093, .F. ) ;
#10557 =( NAMED_UNIT ( * ) SI_UNIT ( $, .STERADIAN. ) SOLID_ANGLE_UNIT ( ) );
#10558 = ADVANCED_FACE ( 'NONE', ( #10703 ), #3579, .F. ) ;
#10559 = VERTEX_POINT ( 'NONE', #8508 ) ;
#10560 = CARTESIAN_POINT ( 'NONE',  ( 0.4649999999999992473, 2.865743636076471201, -1.125000000000033973 ) ) ;
#10561 = MECHANICAL_DESIGN_GEOMETRIC_PRESENTATION_REPRESENTATION (  '', ( #7582 ), #2058 ) ;
#10562 = CARTESIAN_POINT ( 'NONE',  ( 5.875000000000004441, 0.000000000000000000, 1.850000000000001421 ) ) ;
#10563 =( LENGTH_UNIT ( ) NAMED_UNIT ( * ) SI_UNIT ( .MILLI., .METRE. ) );
#10564 = EDGE_CURVE ( 'NONE', #8337, #1182, #4496, .T. ) ;
#10565 = COLOUR_RGB ( '',1.000000000000000000, 1.000000000000000000, 1.000000000000000000 ) ;
#10566 = PLANE ( 'NONE',  #11953 ) ;
#10567 = UNCERTAINTY_MEASURE_WITH_UNIT (LENGTH_MEASURE( 1.000000000000000082E-05 ), #3048, 'distance_accuracy_value', 'NONE');
#10568 = SURFACE_SIDE_STYLE ('',( #9629 ) ) ;
#10569 = FACE_OUTER_BOUND ( 'NONE', #56, .T. ) ;
#10570 = CARTESIAN_POINT ( 'NONE',  ( 3.284999999999998810, 0.4500000000000002331, 6.098637220230963674E-17 ) ) ;
#10571 = ORIENTED_EDGE ( 'NONE', *, *, #1696, .T. ) ;
#10572 = EDGE_LOOP ( 'NONE', ( #9195, #9784, #1439, #9245 ) ) ;
#10573 = CARTESIAN_POINT ( 'NONE',  ( -5.275000000000024336, 1.749999999999999778, 0.2249377794898766436 ) ) ;
#10574 =( GEOMETRIC_REPRESENTATION_CONTEXT ( 3 ) GLOBAL_UNCERTAINTY_ASSIGNED_CONTEXT ( ( #12580 ) ) GLOBAL_UNIT_ASSIGNED_CONTEXT ( ( #7850, #2917, #1006 ) ) REPRESENTATION_CONTEXT ( 'NONE', 'WORKASPACE' ) );
#10575 = ORIENTED_EDGE ( 'NONE', *, *, #385, .F. ) ;
#10576 = DIRECTION ( 'NONE',  ( 0.000000000000000000, 0.9848077530122087975, -0.1736481776669264454 ) ) ;
#10577 = PRESENTATION_LAYER_ASSIGNMENT (  '', '', ( #4615 ) ) ;
#10578 = FILL_AREA_STYLE ('',( #3173 ) ) ;
#10579 = PLANE ( 'NONE',  #1538 ) ;
#10580 =( LENGTH_UNIT ( ) NAMED_UNIT ( * ) SI_UNIT ( .MILLI., .METRE. ) );
#10581 =( GEOMETRIC_REPRESENTATION_CONTEXT ( 3 ) GLOBAL_UNCERTAINTY_ASSIGNED_CONTEXT ( ( #10977 ) ) GLOBAL_UNIT_ASSIGNED_CONTEXT ( ( #3763, #11947, #967 ) ) REPRESENTATION_CONTEXT ( 'NONE', 'WORKASPACE' ) );
#10582 = LINE ( 'NONE', #2643, #3359 ) ;
#10583 = CARTESIAN_POINT ( 'NONE',  ( 4.535000000000000142, 1.749999999999999778, 0.000000000000000000 ) ) ;
#10584 = CARTESIAN_POINT ( 'NONE',  ( -5.275000000000024336, 3.400000000000002132, 0.9499999999999869660 ) ) ;
#10585 = PLANE ( 'NONE',  #1714 ) ;
#10586 = CARTESIAN_POINT ( 'NONE',  ( 3.572985690226534515E-15, 3.250000000000009326, -1.450000000000040368 ) ) ;
#10587 = EDGE_CURVE ( 'NONE', #4151, #5116, #2569, .T. ) ;
#10588 = ORIENTED_EDGE ( 'NONE', *, *, #7646, .T. ) ;
#10589 = PRESENTATION_STYLE_ASSIGNMENT (( #2457 ) ) ;
#10590 = VECTOR ( 'NONE', #3144, 1000.000000000000000 ) ;
#10591 = ORIENTED_EDGE ( 'NONE', *, *, #5062, .T. ) ;
#10592 = EDGE_LOOP ( 'NONE', ( #12240, #12924, #11564, #6148 ) ) ;
#10593 = CARTESIAN_POINT ( 'NONE',  ( 4.535000000000000142, 2.865743636076471201, -1.125000000000033973 ) ) ;
#10594 = FILL_AREA_STYLE ('',( #1553 ) ) ;
#10595 = VECTOR ( 'NONE', #1029, 1000.000000000000000 ) ;
#10596 = DIRECTION ( 'NONE',  ( 1.000000000000000000, 8.260587980841922016E-16, 0.000000000000000000 ) ) ;
#10597 = PRESENTATION_STYLE_ASSIGNMENT (( #1558 ) ) ;
#10599 =( LENGTH_UNIT ( ) NAMED_UNIT ( * ) SI_UNIT ( .MILLI., .METRE. ) );
#10598 = UNCERTAINTY_MEASURE_WITH_UNIT (LENGTH_MEASURE( 1.000000000000000082E-05 ), #10982, 'distance_accuracy_value', 'NONE');
#10600 = CARTESIAN_POINT ( 'NONE',  ( 6.244999999999998330, 1.499999999999994893, -1.599999999999997868 ) ) ;
#10601 = DIRECTION ( 'NONE',  ( -0.000000000000000000, -0.000000000000000000, 1.000000000000000000 ) ) ;
#10602 = VERTEX_POINT ( 'NONE', #8570 ) ;
#10603 = ORIENTED_EDGE ( 'NONE', *, *, #4278, .F. ) ;
#10604 = VERTEX_POINT ( 'NONE', #10507 ) ;
#10605 = ORIENTED_EDGE ( 'NONE', *, *, #1544, .T. ) ;
#10606 = DIRECTION ( 'NONE',  ( -0.000000000000000000, 1.000000000000000000, 0.000000000000000000 ) ) ;
#10607 =( NAMED_UNIT ( * ) SI_UNIT ( $, .STERADIAN. ) SOLID_ANGLE_UNIT ( ) );
#10608 = DIRECTION ( 'NONE',  ( 0.000000000000000000, 0.4226182617406951114, -0.9063077870366520461 ) ) ;
#10609 = FACE_OUTER_BOUND ( 'NONE', #2476, .T. ) ;
#10610 = SURFACE_STYLE_FILL_AREA ( #10745 ) ;
#10611 = PLANE ( 'NONE',  #4719 ) ;
#10612 = SURFACE_SIDE_STYLE ('',( #5541 ) ) ;
#10614 = EDGE_CURVE ( 'NONE', #4202, #6388, #5699, .T. ) ;
#10613 =( GEOMETRIC_REPRESENTATION_CONTEXT ( 3 ) GLOBAL_UNCERTAINTY_ASSIGNED_CONTEXT ( ( #12325 ) ) GLOBAL_UNIT_ASSIGNED_CONTEXT ( ( #2834, #5897, #1910 ) ) REPRESENTATION_CONTEXT ( 'NONE', 'WORKASPACE' ) );
#10615 = ORIENTED_EDGE ( 'NONE', *, *, #8532, .T. ) ;
#10616 = CARTESIAN_POINT ( 'NONE',  ( -5.875000000000001776, 2.900000000000003020, -1.850000000000001865 ) ) ;
#10617 = LINE ( 'NONE', #1513, #7352 ) ;
#10618 = ORIENTED_EDGE ( 'NONE', *, *, #6505, .T. ) ;
#10619 = CARTESIAN_POINT ( 'NONE',  ( 4.535000000000000142, 2.865743636076471201, -1.125000000000033973 ) ) ;
#10620 = EDGE_LOOP ( 'NONE', ( #2312, #10853, #5968, #833, #11418, #6983, #8863, #2005 ) ) ;
#10621 = DIRECTION ( 'NONE',  ( 1.000000000000000000, -0.000000000000000000, 0.000000000000000000 ) ) ;
#10622 = DIRECTION ( 'NONE',  ( 0.000000000000000000, -0.9848077530122087975, -0.1736481776669268895 ) ) ;
#10623 = DIRECTION ( 'NONE',  ( -0.9396926207859105373, 0.3420201433256629953, 0.000000000000000000 ) ) ;
#10624 = PLANE ( 'NONE',  #7908 ) ;
#10625 = FILL_AREA_STYLE ('',( #12806 ) ) ;
#10626 = DIRECTION ( 'NONE',  ( 0.000000000000000000, 0.000000000000000000, 1.000000000000000000 ) ) ;
#10627 = DIRECTION ( 'NONE',  ( -0.000000000000000000, 0.000000000000000000, 1.000000000000000000 ) ) ;
#10628 = EDGE_CURVE ( 'NONE', #6358, #12971, #8761, .T. ) ;
#10629 = LINE ( 'NONE', #531, #10096 ) ;
#10630 = VERTEX_POINT ( 'NONE', #12624 ) ;
#10631 = EDGE_CURVE ( 'NONE', #11787, #3771, #1403, .T. ) ;
#10632 = VERTEX_POINT ( 'NONE', #7581 ) ;
#10633 = LINE ( 'NONE', #2952, #4790 ) ;
#10634 = VERTEX_POINT ( 'NONE', #11637 ) ;
#10635 = MECHANICAL_DESIGN_GEOMETRIC_PRESENTATION_REPRESENTATION (  '', ( #19 ), #2137 ) ;
#10636 = CARTESIAN_POINT ( 'NONE',  ( -4.215000000000000746, 3.548929149633788249, -1.004535961130712751 ) ) ;
#10637 =( LENGTH_UNIT ( ) NAMED_UNIT ( * ) SI_UNIT ( .MILLI., .METRE. ) );
#10638 = FILL_AREA_STYLE ('',( #270 ) ) ;
#10639 = VECTOR ( 'NONE', #12974, 1000.000000000000000 ) ;
#10640 = LINE ( 'NONE', #1477, #2706 ) ;
#10641 = LINE ( 'NONE', #1543, #12618 ) ;
#10642 = EDGE_CURVE ( 'NONE', #6354, #2842, #2445, .T. ) ;
#10643 = PRESENTATION_STYLE_ASSIGNMENT (( #4508 ) ) ;
#10644 = DIRECTION ( 'NONE',  ( -6.570922257487672349E-16, -1.000000000000000000, 0.000000000000000000 ) ) ;
#10645 = VECTOR ( 'NONE', #4247, 1000.000000000000000 ) ;
#10646 = EDGE_CURVE ( 'NONE', #2234, #4016, #10633, .T. ) ;
#10647 = EDGE_LOOP ( 'NONE', ( #11291, #11326, #5502, #7473, #1886, #4321, #7143, #6057, #4293, #5324, #1599, #300 ) ) ;
#10648 =( NAMED_UNIT ( * ) PLANE_ANGLE_UNIT ( ) SI_UNIT ( $, .RADIAN. ) );
#10649 = STYLED_ITEM ( 'NONE', ( #7789 ), #258 ) ;
#10650 = ORIENTED_EDGE ( 'NONE', *, *, #6783, .F. ) ;
#10651 = ORIENTED_EDGE ( 'NONE', *, *, #5833, .T. ) ;
#10652 = CARTESIAN_POINT ( 'NONE',  ( 2.034999999999999698, 1.749999999999999778, -0.3250000000000474176 ) ) ;
#10653 =( NAMED_UNIT ( * ) PLANE_ANGLE_UNIT ( ) SI_UNIT ( $, .RADIAN. ) );
#10654 = STYLED_ITEM ( 'NONE', ( #12736 ), #7617 ) ;
#10655 = SURFACE_SIDE_STYLE ('',( #10724 ) ) ;
#10656 =( NAMED_UNIT ( * ) SI_UNIT ( $, .STERADIAN. ) SOLID_ANGLE_UNIT ( ) );
#10657 = LINE ( 'NONE', #4590, #1448 ) ;
#10658 = CARTESIAN_POINT ( 'NONE',  ( -4.215000000000000746, 0.000000000000000000, 2.350000000000004530 ) ) ;
#10659 = CARTESIAN_POINT ( 'NONE',  ( -4.215000000000000746, 0.03083447080518480002, 0.1748709736949816407 ) ) ;
#10660 = PRESENTATION_LAYER_ASSIGNMENT (  '', '', ( #4271 ) ) ;
#10661 = LINE ( 'NONE', #7609, #8980 ) ;
#10662 = ADVANCED_FACE ( 'NONE', ( #1845 ), #10881, .F. ) ;
#10663 = CARTESIAN_POINT ( 'NONE',  ( -4.535000000000001030, 0.2999999999999999889, 1.850000000000004530 ) ) ;
#10664 = EDGE_CURVE ( 'NONE', #5042, #9228, #7016, .T. ) ;
#10665 = COLOUR_RGB ( '',1.000000000000000000, 0.8117647058823529438, 0.5019607843137254832 ) ;
#10666 = STYLED_ITEM ( 'NONE', ( #4838 ), #7044 ) ;
#10667 = VERTEX_POINT ( 'NONE', #9816 ) ;
#10668 = ORIENTED_EDGE ( 'NONE', *, *, #6894, .T. ) ;
#10669 = ORIENTED_EDGE ( 'NONE', *, *, #4692, .F. ) ;
#10670 = PRESENTATION_LAYER_ASSIGNMENT (  '', '', ( #1557 ) ) ;
#10671 = ORIENTED_EDGE ( 'NONE', *, *, #1943, .F. ) ;
#10672 = PLANE ( 'NONE',  #4807 ) ;
#10673 = CARTESIAN_POINT ( 'NONE',  ( -5.575000000000025935, 4.700000000000000178, 0.9499999999999869660 ) ) ;
#10674 = DIRECTION ( 'NONE',  ( 0.000000000000000000, 1.000000000000000000, 0.000000000000000000 ) ) ;
#10675 = MECHANICAL_DESIGN_GEOMETRIC_PRESENTATION_REPRESENTATION (  '', ( #5343 ), #9396 ) ;
#10676 = CARTESIAN_POINT ( 'NONE',  ( 6.544999999999994600, 0.2500000000000001110, -1.849999999999996092 ) ) ;
#10677 = VECTOR ( 'NONE', #11283, 1000.000000000000000 ) ;
#10678 =( NAMED_UNIT ( * ) PLANE_ANGLE_UNIT ( ) SI_UNIT ( $, .RADIAN. ) );
#10679 = DIRECTION ( 'NONE',  ( 1.000000000000000000, 0.000000000000000000, 0.000000000000000000 ) ) ;
#10680 =( GEOMETRIC_REPRESENTATION_CONTEXT ( 3 ) GLOBAL_UNCERTAINTY_ASSIGNED_CONTEXT ( ( #9478 ) ) GLOBAL_UNIT_ASSIGNED_CONTEXT ( ( #12177, #1923, #10036 ) ) REPRESENTATION_CONTEXT ( 'NONE', 'WORKASPACE' ) );
#10681 = ORIENTED_EDGE ( 'NONE', *, *, #1451, .T. ) ;
#10682 = DIRECTION ( 'NONE',  ( 0.000000000000000000, 0.000000000000000000, 1.000000000000000000 ) ) ;
#10683 = VECTOR ( 'NONE', #6351, 1000.000000000000000 ) ;
#10684 = VECTOR ( 'NONE', #11620, 1000.000000000000000 ) ;
#10685 = PLANE ( 'NONE',  #9697 ) ;
#10686 = ORIENTED_EDGE ( 'NONE', *, *, #9169, .T. ) ;
#10687 = PLANE ( 'NONE',  #7030 ) ;
#10688 = EDGE_LOOP ( 'NONE', ( #8776, #6787, #1645, #7485 ) ) ;
#10689 = FILL_AREA_STYLE_COLOUR ( '', #1202 ) ;
#10690 = CARTESIAN_POINT ( 'NONE',  ( 0.7849999999999992539, 4.000000000000000000, 0.000000000000000000 ) ) ;
#10691 = COLOUR_RGB ( '',0.7921568627450980005, 0.8196078431372548767, 0.9333333333333333481 ) ;
#10692 = UNCERTAINTY_MEASURE_WITH_UNIT (LENGTH_MEASURE( 1.000000000000000082E-05 ), #6202, 'distance_accuracy_value', 'NONE');
#10693 = SURFACE_STYLE_FILL_AREA ( #2561 ) ;
#10694 = VECTOR ( 'NONE', #3872, 1000.000000000000000 ) ;
#10695 = ADVANCED_FACE ( 'NONE', ( #9951 ), #2892, .F. ) ;
#10696 = FACE_OUTER_BOUND ( 'NONE', #5756, .T. ) ;
#10697 = ADVANCED_FACE ( 'NONE', ( #7830 ), #9019, .T. ) ;
#10698 = SURFACE_STYLE_FILL_AREA ( #6633 ) ;
#10699 = AXIS2_PLACEMENT_3D ( 'NONE', #3537, #10464, #1496 ) ;
#10700 = ORIENTED_EDGE ( 'NONE', *, *, #7905, .T. ) ;
#10701 =( GEOMETRIC_REPRESENTATION_CONTEXT ( 3 ) GLOBAL_UNCERTAINTY_ASSIGNED_CONTEXT ( ( #3703 ) ) GLOBAL_UNIT_ASSIGNED_CONTEXT ( ( #9825, #5638, #5572 ) ) REPRESENTATION_CONTEXT ( 'NONE', 'WORKASPACE' ) );
#10702 = ORIENTED_EDGE ( 'NONE', *, *, #4522, .F. ) ;
#10703 = FACE_OUTER_BOUND ( 'NONE', #10883, .T. ) ;
#10704 = AXIS2_PLACEMENT_3D ( 'NONE', #9976, #11863, #5660 ) ;
#10705 = ORIENTED_EDGE ( 'NONE', *, *, #7537, .F. ) ;
#10706 = DIRECTION ( 'NONE',  ( -1.000000000000000000, 0.000000000000000000, 2.710505431213767790E-15 ) ) ;
#10707 = CARTESIAN_POINT ( 'NONE',  ( 5.875000000000004441, 0.000000000000000000, 1.850000000000001421 ) ) ;
#10708 =( NAMED_UNIT ( * ) PLANE_ANGLE_UNIT ( ) SI_UNIT ( $, .RADIAN. ) );
#10709 = VECTOR ( 'NONE', #7166, 1000.000000000000000 ) ;
#10710 = CARTESIAN_POINT ( 'NONE',  ( 6.567346999254249695, 1.346049571322038396, -1.803950428677957962 ) ) ;
#10711 = EDGE_CURVE ( 'NONE', #9866, #4474, #5890, .T. ) ;
#10712 = CARTESIAN_POINT ( 'NONE',  ( 6.050660588106660853, 0.3000000000000000444, -1.816508780773701259 ) ) ;
#10713 = LINE ( 'NONE', #9829, #12822 ) ;
#10714 = LINE ( 'NONE', #3915, #7554 ) ;
#10715 = VECTOR ( 'NONE', #3167, 1000.000000000000000 ) ;
#10716 = ORIENTED_EDGE ( 'NONE', *, *, #8605, .T. ) ;
#10717 = CARTESIAN_POINT ( 'NONE',  ( 6.015849737787076101, 0.2999999999999999889, -1.849999999999996758 ) ) ;
#10718 = COLOUR_RGB ( '',1.000000000000000000, 1.000000000000000000, 1.000000000000000000 ) ;
#10719 = ORIENTED_EDGE ( 'NONE', *, *, #3413, .T. ) ;
#10720 = ORIENTED_EDGE ( 'NONE', *, *, #5732, .F. ) ;
#10721 = FILL_AREA_STYLE ('',( #2526 ) ) ;
#10722 = CARTESIAN_POINT ( 'NONE',  ( -1.715000000000000746, 1.749999999999999778, -0.3250000000000474176 ) ) ;
#10723 = CARTESIAN_POINT ( 'NONE',  ( -5.400881904447568438, 4.525881904447542681, -0.6283451969090768641 ) ) ;
#10724 = SURFACE_STYLE_FILL_AREA ( #12838 ) ;
#10725 = CARTESIAN_POINT ( 'NONE',  ( -3.285000000000000586, 0.4500000000000002331, 6.098637220230963674E-17 ) ) ;
#10726 = CARTESIAN_POINT ( 'NONE',  ( 6.344999999999994422, 1.199999999999998623, -1.849999999999996092 ) ) ;
#10727 = EDGE_CURVE ( 'NONE', #1876, #11653, #13133, .T. ) ;
#10729 =( LENGTH_UNIT ( ) NAMED_UNIT ( * ) SI_UNIT ( .MILLI., .METRE. ) );
#10728 = UNCERTAINTY_MEASURE_WITH_UNIT (LENGTH_MEASURE( 1.000000000000000082E-05 ), #11676, 'distance_accuracy_value', 'NONE');
#10730 = CARTESIAN_POINT ( 'NONE',  ( 3.284999999999998810, 0.3000000000000002665, 4.065758146820583696E-17 ) ) ;
#10731 = AXIS2_PLACEMENT_3D ( 'NONE', #561, #10601, #8672 ) ;
#10732 = DIRECTION ( 'NONE',  ( -1.291815354450813185E-16, 0.000000000000000000, -1.000000000000000000 ) ) ;
#10733 = DIRECTION ( 'NONE',  ( 0.000000000000000000, 0.000000000000000000, 1.000000000000000000 ) ) ;
#10734 = ORIENTED_EDGE ( 'NONE', *, *, #2993, .T. ) ;
#10735 = VERTEX_POINT ( 'NONE', #8083 ) ;
#10736 =( LENGTH_UNIT ( ) NAMED_UNIT ( * ) SI_UNIT ( .MILLI., .METRE. ) );
#10737 = ORIENTED_EDGE ( 'NONE', *, *, #4260, .F. ) ;
#10738 = VERTEX_POINT ( 'NONE', #10282 ) ;
#10739 = MECHANICAL_DESIGN_GEOMETRIC_PRESENTATION_REPRESENTATION (  '', ( #5412 ), #12229 ) ;
#10740 = ORIENTED_EDGE ( 'NONE', *, *, #7628, .T. ) ;
#10741 = EDGE_CURVE ( 'NONE', #10342, #4604, #247, .T. ) ;
#10742 =( NAMED_UNIT ( * ) SI_UNIT ( $, .STERADIAN. ) SOLID_ANGLE_UNIT ( ) );
#10743 = FACE_OUTER_BOUND ( 'NONE', #5600, .T. ) ;
#10744 = COLOUR_RGB ( '',0.7921568627450980005, 0.8196078431372548767, 0.9333333333333333481 ) ;
#10745 = FILL_AREA_STYLE ('',( #5676 ) ) ;
#10746 = FACE_OUTER_BOUND ( 'NONE', #4564, .T. ) ;
#10747 = FACE_OUTER_BOUND ( 'NONE', #8553, .T. ) ;
#10748 = AXIS2_PLACEMENT_3D ( 'NONE', #11634, #9506, #402 ) ;
#10749 = ORIENTED_EDGE ( 'NONE', *, *, #10631, .F. ) ;
#10750 = CARTESIAN_POINT ( 'NONE',  ( -3.599999999999997868, -2.153449832247069842E-15, -1.450000000000039924 ) ) ;
#10751 = VECTOR ( 'NONE', #4759, 1000.000000000000114 ) ;
#10752 = EDGE_CURVE ( 'NONE', #5040, #10413, #1112, .T. ) ;
#10753 = VECTOR ( 'NONE', #10432, 1000.000000000000000 ) ;
#10754 = LINE ( 'NONE', #1643, #5647 ) ;
#10755 = ORIENTED_EDGE ( 'NONE', *, *, #13035, .T. ) ;
#10756 = EDGE_LOOP ( 'NONE', ( #10248, #8626, #8010, #8176, #10228, #6902 ) ) ;
#10757 = FACE_OUTER_BOUND ( 'NONE', #4009, .T. ) ;
#10758 = PRESENTATION_LAYER_ASSIGNMENT (  '', '', ( #144 ) ) ;
#10759 = LINE ( 'NONE', #9624, #3449 ) ;
#10760 = DIRECTION ( 'NONE',  ( 0.000000000000000000, 1.000000000000000000, 0.000000000000000000 ) ) ;
#10761 = CARTESIAN_POINT ( 'NONE',  ( -7.074999999999998401, 2.600000000000005862, -1.550000000000001599 ) ) ;
#10762 = VECTOR ( 'NONE', #4029, 1000.000000000000000 ) ;
#10763 = CARTESIAN_POINT ( 'NONE',  ( 5.275000000000024336, 1.749999999999999778, 0.9499999999999856337 ) ) ;
#10764 =( GEOMETRIC_REPRESENTATION_CONTEXT ( 3 ) GLOBAL_UNCERTAINTY_ASSIGNED_CONTEXT ( ( #1276 ) ) GLOBAL_UNIT_ASSIGNED_CONTEXT ( ( #13004, #6887, #12094 ) ) REPRESENTATION_CONTEXT ( 'NONE', 'WORKASPACE' ) );
#10765 = CARTESIAN_POINT ( 'NONE',  ( -5.875000000000001776, 0.000000000000000000, -1.850000000000001865 ) ) ;
#10766 = COLOUR_RGB ( '',1.000000000000000000, 1.000000000000000000, 1.000000000000000000 ) ;
#10767 = CARTESIAN_POINT ( 'NONE',  ( 6.412712434446764753, 0.2999999999999999889, 0.3500000000000039746 ) ) ;
#10768 = ORIENTED_EDGE ( 'NONE', *, *, #1038, .F. ) ;
#10769 = ORIENTED_EDGE ( 'NONE', *, *, #2545, .T. ) ;
#10770 = CYLINDRICAL_SURFACE ( 'NONE', #1820, 0.4499999999999999001 ) ;
#10771 = MECHANICAL_DESIGN_GEOMETRIC_PRESENTATION_REPRESENTATION (  '', ( #12883 ), #4382 ) ;
#10772 = ORIENTED_EDGE ( 'NONE', *, *, #11643, .F. ) ;
#10773 = CARTESIAN_POINT ( 'NONE',  ( 7.375000000000001776, 2.600000000000005862, -1.850000000000001865 ) ) ;
#10774 = EDGE_CURVE ( 'NONE', #10071, #265, #12421, .T. ) ;
#10775 = CARTESIAN_POINT ( 'NONE',  ( 4.925000000000019362, 1.749999999999999778, 1.549999999999988942 ) ) ;
#10776 = FILL_AREA_STYLE ('',( #11647 ) ) ;
#10777 = SURFACE_STYLE_FILL_AREA ( #6830 ) ;
#10778 = STYLED_ITEM ( 'NONE', ( #25 ), #12364 ) ;
#10779 = CARTESIAN_POINT ( 'NONE',  ( 2.034999999999999698, 0.2787990747163040517, -1.581148123764847258 ) ) ;
#10780 = VECTOR ( 'NONE', #9325, 1000.000000000000000 ) ;
#10781 = ORIENTED_EDGE ( 'NONE', *, *, #8456, .F. ) ;
#10782 = EDGE_LOOP ( 'NONE', ( #151, #11079, #752, #5006, #6080, #3116, #5545, #8282 ) ) ;
#10783 = ORIENTED_EDGE ( 'NONE', *, *, #829, .T. ) ;
#10784 =( GEOMETRIC_REPRESENTATION_CONTEXT ( 3 ) GLOBAL_UNCERTAINTY_ASSIGNED_CONTEXT ( ( #7918 ) ) GLOBAL_UNIT_ASSIGNED_CONTEXT ( ( #7364, #12541, #5353 ) ) REPRESENTATION_CONTEXT ( 'NONE', 'WORKASPACE' ) );
#10785 = DIRECTION ( 'NONE',  ( 0.000000000000000000, -1.000000000000000000, 4.858652729125647824E-17 ) ) ;
#10786 = CARTESIAN_POINT ( 'NONE',  ( 6.120735931288066034, 0.2999999999999999889, 0.3500000000000039746 ) ) ;
#10787 = SURFACE_STYLE_FILL_AREA ( #6664 ) ;
#10788 = VECTOR ( 'NONE', #5160, 1000.000000000000000 ) ;
#10789 = CARTESIAN_POINT ( 'NONE',  ( 7.125000000000003553, 2.078323961923572494, 0.8000000000000019318 ) ) ;
#10790 = CARTESIAN_POINT ( 'NONE',  ( 4.932862964862459449E-17, 3.250000000000005329, -1.450000000000040368 ) ) ;
#10791 = PRESENTATION_LAYER_ASSIGNMENT (  '', '', ( #8669 ) ) ;
#10792 = DIRECTION ( 'NONE',  ( 1.000000000000000000, 0.000000000000000000, -1.233215741215733931E-16 ) ) ;
#10793 = FACE_OUTER_BOUND ( 'NONE', #3592, .T. ) ;
#10794 = EDGE_CURVE ( 'NONE', #1951, #3169, #1253, .T. ) ;
#10795 = ORIENTED_EDGE ( 'NONE', *, *, #10646, .T. ) ;
#10796 = ADVANCED_FACE ( 'NONE', ( #4289 ), #5345, .F. ) ;
#10797 = EDGE_LOOP ( 'NONE', ( #9573, #8333, #1240, #895 ) ) ;
#10798 = LINE ( 'NONE', #685, #11578 ) ;
#10799 = ADVANCED_FACE ( 'NONE', ( #10357 ), #2112, .F. ) ;
#10800 = VERTEX_POINT ( 'NONE', #1050 ) ;
#10801 = ORIENTED_EDGE ( 'NONE', *, *, #2796, .F. ) ;
#10802 = ORIENTED_EDGE ( 'NONE', *, *, #924, .T. ) ;
#10803 = CARTESIAN_POINT ( 'NONE',  ( 6.875000000000006217, 0.2999999999999999889, -1.849999999999996980 ) ) ;
#10804 = DIRECTION ( 'NONE',  ( 0.000000000000000000, 0.000000000000000000, -1.000000000000000000 ) ) ;
#10805 = FACE_OUTER_BOUND ( 'NONE', #6875, .T. ) ;
#10806 = FACE_OUTER_BOUND ( 'NONE', #6492, .T. ) ;
#10807 = CARTESIAN_POINT ( 'NONE',  ( 7.574999999999993960, 0.000000000000000000, 0.3500000000000039746 ) ) ;
#10808 = PLANE ( 'NONE',  #7099 ) ;
#10809 = EDGE_CURVE ( 'NONE', #4095, #10813, #11419, .T. ) ;
#10810 = VERTEX_POINT ( 'NONE', #1314 ) ;
#10811 = CARTESIAN_POINT ( 'NONE',  ( -6.344999999999994422, 1.200000000000000178, 0.3500000000000039746 ) ) ;
#10812 = DIRECTION ( 'NONE',  ( -0.000000000000000000, 1.000000000000000000, -0.000000000000000000 ) ) ;
#10813 = VERTEX_POINT ( 'NONE', #8283 ) ;
#10814 = FACE_OUTER_BOUND ( 'NONE', #5535, .T. ) ;
#10815 = ORIENTED_EDGE ( 'NONE', *, *, #10209, .T. ) ;
#10816 = PLANE ( 'NONE',  #8641 ) ;
#10817 = DIRECTION ( 'NONE',  ( -1.000000000000000000, 0.000000000000000000, 0.000000000000000000 ) ) ;
#10818 = UNCERTAINTY_MEASURE_WITH_UNIT (LENGTH_MEASURE( 1.000000000000000082E-05 ), #11710, 'distance_accuracy_value', 'NONE');
#10819 = EDGE_CURVE ( 'NONE', #8352, #9689, #12354, .T. ) ;
#10820 = DIRECTION ( 'NONE',  ( 0.000000000000000000, 0.000000000000000000, 1.000000000000000000 ) ) ;
#10821 = VERTEX_POINT ( 'NONE', #7285 ) ;
#10822 = ORIENTED_EDGE ( 'NONE', *, *, #3239, .T. ) ;
#10823 = CARTESIAN_POINT ( 'NONE',  ( -5.575000000000025935, 4.700000000000000178, -1.450000000000040146 ) ) ;
#10824 = AXIS2_PLACEMENT_3D ( 'NONE', #10425, #9221, #4106 ) ;
#10825 = ORIENTED_EDGE ( 'NONE', *, *, #5933, .F. ) ;
#10826 = FACE_OUTER_BOUND ( 'NONE', #8230, .T. ) ;
#10827 = SURFACE_SIDE_STYLE ('',( #7959 ) ) ;
#10828 = CARTESIAN_POINT ( 'NONE',  ( 6.175000000000007816, 2.600000000000005862, 0.6500000000000029088 ) ) ;
#10829 =( LENGTH_UNIT ( ) NAMED_UNIT ( * ) SI_UNIT ( .MILLI., .METRE. ) );
#10830 = CARTESIAN_POINT ( 'NONE',  ( -2.035000000000000586, 0.2999999999999999889, 1.850000000000004530 ) ) ;
#10831 = FILL_AREA_STYLE_COLOUR ( '', #4820 ) ;
#10832 = CARTESIAN_POINT ( 'NONE',  ( 6.875000000000006217, 1.399999999999998579, 0.3500000000000039746 ) ) ;
#10833 = ORIENTED_EDGE ( 'NONE', *, *, #8623, .F. ) ;
#10834 = FACE_OUTER_BOUND ( 'NONE', #5082, .T. ) ;
#10835 = ORIENTED_EDGE ( 'NONE', *, *, #323, .F. ) ;
#10836 = ORIENTED_EDGE ( 'NONE', *, *, #2390, .T. ) ;
#10837 = DIRECTION ( 'NONE',  ( -1.000000000000000000, 0.000000000000000000, 3.097720492815684271E-16 ) ) ;
#10838 = DIRECTION ( 'NONE',  ( -0.000000000000000000, 1.000000000000000000, -0.000000000000000000 ) ) ;
#10839 = FACE_OUTER_BOUND ( 'NONE', #6145, .T. ) ;
#10840 =( LENGTH_UNIT ( ) NAMED_UNIT ( * ) SI_UNIT ( .MILLI., .METRE. ) );
#10841 = EDGE_CURVE ( 'NONE', #11855, #9851, #7156, .T. ) ;
#10842 = SURFACE_SIDE_STYLE ('',( #6778 ) ) ;
#10843 = UNCERTAINTY_MEASURE_WITH_UNIT (LENGTH_MEASURE( 1.000000000000000082E-05 ), #10088, 'distance_accuracy_value', 'NONE');
#10844 = DIRECTION ( 'NONE',  ( 0.000000000000000000, -1.355252715606860081E-16, 1.000000000000000000 ) ) ;
#10845 =( NAMED_UNIT ( * ) PLANE_ANGLE_UNIT ( ) SI_UNIT ( $, .RADIAN. ) );
#10846 = CARTESIAN_POINT ( 'NONE',  ( 2.034999999999999698, 0.4499999999999999556, 2.250000000000004441 ) ) ;
#10847 = CARTESIAN_POINT ( 'NONE',  ( -7.125000000000001776, 2.400000000000005684, 0.9500000000000005107 ) ) ;
#10848 = EDGE_CURVE ( 'NONE', #8401, #11697, #122, .T. ) ;
#10849 = CLOSED_SHELL ( 'NONE', ( #4453, #10500, #6008, #8775, #3210, #3899, #10662, #5396, #8511, #3133 ) ) ;
#10850 = EDGE_CURVE ( 'NONE', #9529, #11075, #6298, .T. ) ;
#10851 = ORIENTED_EDGE ( 'NONE', *, *, #10021, .T. ) ;
#10852 =( LENGTH_UNIT ( ) NAMED_UNIT ( * ) SI_UNIT ( .MILLI., .METRE. ) );
#10853 = ORIENTED_EDGE ( 'NONE', *, *, #9763, .T. ) ;
#10854 = ORIENTED_EDGE ( 'NONE', *, *, #5668, .F. ) ;
#10855 = VECTOR ( 'NONE', #8560, 1000.000000000000114 ) ;
#10856 = ORIENTED_EDGE ( 'NONE', *, *, #1909, .T. ) ;
#10857 = CARTESIAN_POINT ( 'NONE',  ( 3.600000000000007194, 4.700000000000005507, -1.850000000000001865 ) ) ;
#10858 =( NAMED_UNIT ( * ) SI_UNIT ( $, .STERADIAN. ) SOLID_ANGLE_UNIT ( ) );
#10859 = DIRECTION ( 'NONE',  ( 6.570922257487672349E-16, 1.000000000000000000, -0.000000000000000000 ) ) ;
#10860 = COLOUR_RGB ( '',1.000000000000000000, 0.8117647058823529438, 0.5019607843137254832 ) ;
#10861 = EDGE_CURVE ( 'NONE', #5116, #582, #54, .T. ) ;
#10862 = DIRECTION ( 'NONE',  ( -1.000000000000000000, -0.000000000000000000, -0.000000000000000000 ) ) ;
#10863 = EDGE_CURVE ( 'NONE', #13054, #7873, #6157, .T. ) ;
#10864 = LINE ( 'NONE', #1881, #11107 ) ;
#10865 = LINE ( 'NONE', #884, #6002 ) ;
#10866 = EDGE_CURVE ( 'NONE', #11463, #12209, #11548, .T. ) ;
#10867 = VECTOR ( 'NONE', #5371, 1000.000000000000000 ) ;
#10868 = VERTEX_POINT ( 'NONE', #3425 ) ;
#10869 = DIRECTION ( 'NONE',  ( 5.981805089575197183E-16, -1.000000000000000000, -7.376856197348526375E-32 ) ) ;
#10870 = ORIENTED_EDGE ( 'NONE', *, *, #12526, .T. ) ;
#10871 = MECHANICAL_DESIGN_GEOMETRIC_PRESENTATION_REPRESENTATION (  '', ( #7477 ), #2585 ) ;
#10872 = ORIENTED_EDGE ( 'NONE', *, *, #9343, .F. ) ;
#10873 = LINE ( 'NONE', #12928, #8209 ) ;
#10874 = CARTESIAN_POINT ( 'NONE',  ( 0.5649999999999995026, 4.000000000000000000, -0.5250000000000403233 ) ) ;
#10875 = LINE ( 'NONE', #7758, #2263 ) ;
#10876 = CARTESIAN_POINT ( 'NONE',  ( 4.535000000000000142, 0.000000000000000000, 0.000000000000000000 ) ) ;
#10877 = LINE ( 'NONE', #3898, #7667 ) ;
#10878 = PRESENTATION_LAYER_ASSIGNMENT (  '', '', ( #8117 ) ) ;
#10879 = DIRECTION ( 'NONE',  ( -1.000000000000000000, 0.000000000000000000, 0.000000000000000000 ) ) ;
#10880 = ORIENTED_EDGE ( 'NONE', *, *, #6273, .T. ) ;
#10881 = PLANE ( 'NONE',  #10112 ) ;
#10882 =( GEOMETRIC_REPRESENTATION_CONTEXT ( 3 ) GLOBAL_UNCERTAINTY_ASSIGNED_CONTEXT ( ( #5479 ) ) GLOBAL_UNIT_ASSIGNED_CONTEXT ( ( #8530, #8391, #361 ) ) REPRESENTATION_CONTEXT ( 'NONE', 'WORKASPACE' ) );
#10883 = EDGE_LOOP ( 'NONE', ( #5348, #1569, #6971, #8465 ) ) ;
#10884 = SURFACE_STYLE_USAGE ( .BOTH. , #9022 ) ;
#10885 = CARTESIAN_POINT ( 'NONE',  ( 7.074999999999998401, 2.100000000000005862, -1.550000000000001599 ) ) ;
#10886 = PRESENTATION_LAYER_ASSIGNMENT (  '', '', ( #4307 ) ) ;
#10887 = CARTESIAN_POINT ( 'NONE',  ( -3.900000000000000355, 4.700000000000004619, -1.850000000000001865 ) ) ;
#10888 = DIRECTION ( 'NONE',  ( -0.000000000000000000, 1.000000000000000000, -0.000000000000000000 ) ) ;
#10889 = PRESENTATION_LAYER_ASSIGNMENT (  '', '', ( #9828 ) ) ;
#10890 = PRESENTATION_STYLE_ASSIGNMENT (( #4641 ) ) ;
#10891 = CARTESIAN_POINT ( 'NONE',  ( 4.535000000000000142, 0.000000000000000000, 2.350000000000004530 ) ) ;
#10892 = VECTOR ( 'NONE', #3927, 1000.000000000000000 ) ;
#10893 = VERTEX_POINT ( 'NONE', #5615 ) ;
#10894 = CARTESIAN_POINT ( 'NONE',  ( -3.285000000000000586, 0.1000000000000000056, 2.350000000000004530 ) ) ;
#10895 = EDGE_CURVE ( 'NONE', #534, #10634, #7583, .T. ) ;
#10896 = VERTEX_POINT ( 'NONE', #447 ) ;
#10897 = ORIENTED_EDGE ( 'NONE', *, *, #4119, .T. ) ;
#10898 = SURFACE_SIDE_STYLE ('',( #926 ) ) ;
#10900 = COLOUR_RGB ( '',1.000000000000000000, 0.8117647058823529438, 0.5019607843137254832 ) ;
#10899 = PRESENTATION_STYLE_ASSIGNMENT (( #1992 ) ) ;
#10901 = FILL_AREA_STYLE_COLOUR ( '', #10221 ) ;
#10902 = FACE_OUTER_BOUND ( 'NONE', #9940, .T. ) ;
#10903 = PLANE ( 'NONE',  #12496 ) ;
#10904 = FILL_AREA_STYLE ('',( #5978 ) ) ;
#10905 = DIRECTION ( 'NONE',  ( -0.000000000000000000, 1.000000000000000000, -0.000000000000000000 ) ) ;
#10906 = AXIS2_PLACEMENT_3D ( 'NONE', #4505, #5445, #8577 ) ;
#10907 = FACE_OUTER_BOUND ( 'NONE', #10952, .T. ) ;
#10908 = DIRECTION ( 'NONE',  ( -0.000000000000000000, 4.858652729125647824E-17, 1.000000000000000000 ) ) ;
#10909 =( NAMED_UNIT ( * ) SI_UNIT ( $, .STERADIAN. ) SOLID_ANGLE_UNIT ( ) );
#10910 =( LENGTH_UNIT ( ) NAMED_UNIT ( * ) SI_UNIT ( .MILLI., .METRE. ) );
#10911 = VECTOR ( 'NONE', #10242, 1000.000000000000000 ) ;
#10912 =( NAMED_UNIT ( * ) PLANE_ANGLE_UNIT ( ) SI_UNIT ( $, .RADIAN. ) );
#10913 = COLOUR_RGB ( '',1.000000000000000000, 1.000000000000000000, 1.000000000000000000 ) ;
#10914 = VERTEX_POINT ( 'NONE', #7488 ) ;
#10915 = CARTESIAN_POINT ( 'NONE',  ( -6.412712434446766530, 0.2999999999999999889, 0.3500000000000039746 ) ) ;
#10916 = VECTOR ( 'NONE', #318, 1000.000000000000000 ) ;
#10917 = EDGE_LOOP ( 'NONE', ( #8797, #8674, #584, #4494 ) ) ;
#10918 = ORIENTED_EDGE ( 'NONE', *, *, #12814, .F. ) ;
#10919 =( LENGTH_UNIT ( ) NAMED_UNIT ( * ) SI_UNIT ( .MILLI., .METRE. ) );
#10920 = CARTESIAN_POINT ( 'NONE',  ( -1.715000000000000746, 0.1000000000000000056, 2.350000000000004530 ) ) ;
#10921 = VECTOR ( 'NONE', #3037, 1000.000000000000000 ) ;
#10922 = PLANE ( 'NONE',  #5977 ) ;
#10923 = LINE ( 'NONE', #3064, #7800 ) ;
#10924 = ADVANCED_FACE ( 'NONE', ( #7424 ), #10685, .F. ) ;
#10925 = FACE_OUTER_BOUND ( 'NONE', #9981, .T. ) ;
#10926 =( NAMED_UNIT ( * ) PLANE_ANGLE_UNIT ( ) SI_UNIT ( $, .RADIAN. ) );
#10927 = CARTESIAN_POINT ( 'NONE',  ( -3.200000000000000622, 2.100000000000005862, -1.850000000000001865 ) ) ;
#10928 = MECHANICAL_DESIGN_GEOMETRIC_PRESENTATION_REPRESENTATION (  '', ( #3287 ), #11148 ) ;
#10929 = CARTESIAN_POINT ( 'NONE',  ( -4.315000000000001279, 4.000000000000000000, 0.000000000000000000 ) ) ;
#10930 = MECHANICAL_DESIGN_GEOMETRIC_PRESENTATION_REPRESENTATION (  '', ( #8173 ), #7958 ) ;
#10931 = ORIENTED_EDGE ( 'NONE', *, *, #5173, .T. ) ;
#10932 = EDGE_CURVE ( 'NONE', #10069, #3883, #11478, .T. ) ;
#10933 = ORIENTED_EDGE ( 'NONE', *, *, #637, .F. ) ;
#10934 = ORIENTED_EDGE ( 'NONE', *, *, #4290, .F. ) ;
#10935 = DIRECTION ( 'NONE',  ( 0.000000000000000000, -0.000000000000000000, 1.000000000000000000 ) ) ;
#10936 = ADVANCED_FACE ( 'NONE', ( #8422 ), #641, .F. ) ;
#10937 = VERTEX_POINT ( 'NONE', #8625 ) ;
#10938 = PLANE ( 'NONE',  #11835 ) ;
#10939 = DIRECTION ( 'NONE',  ( 0.000000000000000000, -0.000000000000000000, -1.000000000000000000 ) ) ;
#10940 = SURFACE_STYLE_FILL_AREA ( #3145 ) ;
#10941 = UNCERTAINTY_MEASURE_WITH_UNIT (LENGTH_MEASURE( 1.000000000000000082E-05 ), #1624, 'distance_accuracy_value', 'NONE');
#10942 = AXIS2_PLACEMENT_3D ( 'NONE', #12253, #9175, #5240 ) ;
#10943 = DIRECTION ( 'NONE',  ( -0.000000000000000000, 0.000000000000000000, 1.000000000000000000 ) ) ;
#10944 = DIRECTION ( 'NONE',  ( -0.000000000000000000, -1.000000000000000000, -0.000000000000000000 ) ) ;
#10945 = AXIS2_PLACEMENT_3D ( 'NONE', #7309, #2253, #8447 ) ;
#10946 =( GEOMETRIC_REPRESENTATION_CONTEXT ( 3 ) GLOBAL_UNCERTAINTY_ASSIGNED_CONTEXT ( ( #6049 ) ) GLOBAL_UNIT_ASSIGNED_CONTEXT ( ( #12110, #2310, #6173 ) ) REPRESENTATION_CONTEXT ( 'NONE', 'WORKASPACE' ) );
#10947 = CARTESIAN_POINT ( 'NONE',  ( -0.7850000000000010303, 0.000000000000000000, 0.000000000000000000 ) ) ;
#10948 = ORIENTED_EDGE ( 'NONE', *, *, #8682, .F. ) ;
#10949 = EDGE_CURVE ( 'NONE', #12373, #2097, #12535, .T. ) ;
#10950 = CARTESIAN_POINT ( 'NONE',  ( -1.715000000000000746, 0.3000000000000002665, 4.065758146820583696E-17 ) ) ;
#10951 = ADVANCED_FACE ( 'NONE', ( #3493 ), #2357, .F. ) ;
#10952 = EDGE_LOOP ( 'NONE', ( #503, #6704, #10396, #11922, #12672, #1593 ) ) ;
#10953 = DIRECTION ( 'NONE',  ( 0.000000000000000000, -0.000000000000000000, 1.000000000000000000 ) ) ;
#10954 = VECTOR ( 'NONE', #9214, 1000.000000000000000 ) ;
#10955 = SURFACE_STYLE_USAGE ( .BOTH. , #5012 ) ;
#10956 =( GEOMETRIC_REPRESENTATION_CONTEXT ( 3 ) GLOBAL_UNCERTAINTY_ASSIGNED_CONTEXT ( ( #7240 ) ) GLOBAL_UNIT_ASSIGNED_CONTEXT ( ( #4225, #8156, #3154 ) ) REPRESENTATION_CONTEXT ( 'NONE', 'WORKASPACE' ) );
#10957 = LINE ( 'NONE', #3032, #9167 ) ;
#10958 = UNCERTAINTY_MEASURE_WITH_UNIT (LENGTH_MEASURE( 1.000000000000000082E-05 ), #10919, 'distance_accuracy_value', 'NONE');
#10959 = LINE ( 'NONE', #9961, #12312 ) ;
#10960 = EDGE_CURVE ( 'NONE', #893, #2940, #11682, .T. ) ;
#10961 = COLOUR_RGB ( '',1.000000000000000000, 1.000000000000000000, 1.000000000000000000 ) ;
#10962 = CARTESIAN_POINT ( 'NONE',  ( -1.815000000000001057, 4.000000000000000000, -0.9250000000000404565 ) ) ;
#10963 = AXIS2_PLACEMENT_3D ( 'NONE', #12124, #8193, #6064 ) ;
#10964 = ADVANCED_FACE ( 'NONE', ( #7627 ), #2549, .T. ) ;
#10965 = EDGE_CURVE ( 'NONE', #12209, #3686, #10754, .T. ) ;
#10966 = VERTEX_POINT ( 'NONE', #12607 ) ;
#10967 = DIRECTION ( 'NONE',  ( 0.000000000000000000, 0.000000000000000000, -1.000000000000000000 ) ) ;
#10968 = ORIENTED_EDGE ( 'NONE', *, *, #9563, .F. ) ;
#10969 = EDGE_LOOP ( 'NONE', ( #281, #8154, #12358, #10140 ) ) ;
#10970 = DIRECTION ( 'NONE',  ( -0.2588190451025147443, 0.000000000000000000, 0.9659258262890699775 ) ) ;
#10971 = FACE_OUTER_BOUND ( 'NONE', #2538, .T. ) ;
#10972 = DIRECTION ( 'NONE',  ( 0.000000000000000000, -0.7071067811865482389, 0.7071067811865469066 ) ) ;
#10973 = SURFACE_SIDE_STYLE ('',( #8848 ) ) ;
#10974 = VECTOR ( 'NONE', #8799, 1000.000000000000000 ) ;
#10975 = SURFACE_STYLE_USAGE ( .BOTH. , #1924 ) ;
#10976 = PRESENTATION_LAYER_ASSIGNMENT (  '', '', ( #12883 ) ) ;
#10978 = SURFACE_STYLE_USAGE ( .BOTH. , #6912 ) ;
#10977 = UNCERTAINTY_MEASURE_WITH_UNIT (LENGTH_MEASURE( 1.000000000000000082E-05 ), #3763, 'distance_accuracy_value', 'NONE');
#10979 = DIRECTION ( 'NONE',  ( -1.000000000000000000, 0.000000000000000000, -0.000000000000000000 ) ) ;
#10980 = PLANE ( 'NONE',  #7284 ) ;
#10981 = EDGE_CURVE ( 'NONE', #6635, #5366, #5486, .T. ) ;
#10982 =( LENGTH_UNIT ( ) NAMED_UNIT ( * ) SI_UNIT ( .MILLI., .METRE. ) );
#10983 = PLANE ( 'NONE',  #10079 ) ;
#10984 = VERTEX_POINT ( 'NONE', #5416 ) ;
#10985 = ORIENTED_EDGE ( 'NONE', *, *, #12606, .F. ) ;
#10986 = LINE ( 'NONE', #11450, #11371 ) ;
#10987 = VECTOR ( 'NONE', #8631, 1000.000000000000000 ) ;
#10988 = VERTEX_POINT ( 'NONE', #9491 ) ;
#10989 = ORIENTED_EDGE ( 'NONE', *, *, #8003, .F. ) ;
#10990 =( GEOMETRIC_REPRESENTATION_CONTEXT ( 3 ) GLOBAL_UNCERTAINTY_ASSIGNED_CONTEXT ( ( #10692 ) ) GLOBAL_UNIT_ASSIGNED_CONTEXT ( ( #6202, #9462, #2148 ) ) REPRESENTATION_CONTEXT ( 'NONE', 'WORKASPACE' ) );
#10991 = DIRECTION ( 'NONE',  ( -0.000000000000000000, -0.000000000000000000, 1.000000000000000000 ) ) ;
#10992 =( NAMED_UNIT ( * ) SI_UNIT ( $, .STERADIAN. ) SOLID_ANGLE_UNIT ( ) );
#10993 = LINE ( 'NONE', #8804, #7921 ) ;
#10994 = DIRECTION ( 'NONE',  ( 0.000000000000000000, -0.000000000000000000, 1.000000000000000000 ) ) ;
#10995 = MECHANICAL_DESIGN_GEOMETRIC_PRESENTATION_REPRESENTATION (  '', ( #3561 ), #1662 ) ;
#10996 = LINE ( 'NONE', #1822, #1384 ) ;
#10997 = CARTESIAN_POINT ( 'NONE',  ( 6.586421356237307734, 1.299999999999999822, -1.849999999999996980 ) ) ;
#10998 = MECHANICAL_DESIGN_GEOMETRIC_PRESENTATION_REPRESENTATION (  '', ( #396 ), #6956 ) ;
#10999 = VECTOR ( 'NONE', #8181, 1000.000000000000000 ) ;
#11000 = EDGE_LOOP ( 'NONE', ( #9402, #4369, #5419, #3244 ) ) ;
#11001 = EDGE_CURVE ( 'NONE', #8880, #12303, #6619, .T. ) ;
#11002 = ORIENTED_EDGE ( 'NONE', *, *, #5822, .T. ) ;
#11003 = VERTEX_POINT ( 'NONE', #6558 ) ;
#11004 = FILL_AREA_STYLE_COLOUR ( '', #465 ) ;
#11005 = ORIENTED_EDGE ( 'NONE', *, *, #4039, .T. ) ;
#11006 =( NAMED_UNIT ( * ) PLANE_ANGLE_UNIT ( ) SI_UNIT ( $, .RADIAN. ) );
#11007 = DIRECTION ( 'NONE',  ( 0.000000000000000000, 0.000000000000000000, 1.000000000000000000 ) ) ;
#11008 = FILL_AREA_STYLE ('',( #3891 ) ) ;
#11009 = PLANE ( 'NONE',  #12047 ) ;
#11011 =( GEOMETRIC_REPRESENTATION_CONTEXT ( 3 ) GLOBAL_UNCERTAINTY_ASSIGNED_CONTEXT ( ( #12680 ) ) GLOBAL_UNIT_ASSIGNED_CONTEXT ( ( #11812, #10926, #5736 ) ) REPRESENTATION_CONTEXT ( 'NONE', 'WORKASPACE' ) );
#11010 = CARTESIAN_POINT ( 'NONE',  ( 4.535000000000000142, 1.749999999999999778, -1.125000000000033973 ) ) ;
#11012 = EDGE_CURVE ( 'NONE', #6754, #4660, #10617, .T. ) ;
#11013 =( NAMED_UNIT ( * ) PLANE_ANGLE_UNIT ( ) SI_UNIT ( $, .RADIAN. ) );
#11014 = PLANE ( 'NONE',  #4034 ) ;
#11015 = CARTESIAN_POINT ( 'NONE',  ( 6.544999999999994600, 1.649999999999999023, 0.3500000000000039746 ) ) ;
#11016 = ORIENTED_EDGE ( 'NONE', *, *, #888, .F. ) ;
#11017 = ADVANCED_FACE ( 'NONE', ( #9619 ), #4415, .F. ) ;
#11018 = FILL_AREA_STYLE_COLOUR ( '', #12660 ) ;
#11019 = VERTEX_POINT ( 'NONE', #10052 ) ;
#11020 = LINE ( 'NONE', #1902, #11297 ) ;
#11021 =( NAMED_UNIT ( * ) SI_UNIT ( $, .STERADIAN. ) SOLID_ANGLE_UNIT ( ) );
#11022 = FACE_OUTER_BOUND ( 'NONE', #8914, .T. ) ;
#11023 = CARTESIAN_POINT ( 'NONE',  ( 2.034999999999999698, -1.125000000000002442, 1.125000000000004663 ) ) ;
#11024 = CARTESIAN_POINT ( 'NONE',  ( 7.125000000000005329, 0.5499999999999984901, 0.8000000000000004885 ) ) ;
#11025 = SURFACE_STYLE_USAGE ( .BOTH. , #8832 ) ;
#11026 = EDGE_CURVE ( 'NONE', #10984, #10283, #10252, .T. ) ;
#11027 = CARTESIAN_POINT ( 'NONE',  ( 7.574999999999993960, 0.2499999999999997780, 0.3500000000000039746 ) ) ;
#11028 = PLANE ( 'NONE',  #8165 ) ;
#11029 = EDGE_CURVE ( 'NONE', #9540, #4371, #6752, .T. ) ;
#11030 = STYLED_ITEM ( 'NONE', ( #5829 ), #5848 ) ;
#11031 = ORIENTED_EDGE ( 'NONE', *, *, #2127, .T. ) ;
#11032 = ORIENTED_EDGE ( 'NONE', *, *, #7189, .F. ) ;
#11033 = SURFACE_SIDE_STYLE ('',( #11096 ) ) ;
#11034 = FILL_AREA_STYLE ('',( #7038 ) ) ;
#11035 = FACE_OUTER_BOUND ( 'NONE', #2938, .T. ) ;
#11036 = PLANE ( 'NONE',  #9521 ) ;
#11037 = DIRECTION ( 'NONE',  ( 0.000000000000000000, 0.9848077530122087975, -0.1736481776669264454 ) ) ;
#11038 = CARTESIAN_POINT ( 'NONE',  ( -1.715000000000000746, -1.579062136966065191E-17, -0.3250000000000473066 ) ) ;
#11039 = EDGE_CURVE ( 'NONE', #106, #4673, #944, .T. ) ;
#11040 = DIRECTION ( 'NONE',  ( -1.000000000000000000, 0.000000000000000000, 0.000000000000000000 ) ) ;
#11041 = CARTESIAN_POINT ( 'NONE',  ( -3.900000000000000355, 4.400000000000000355, -1.450000000000039924 ) ) ;
#11042 = ORIENTED_EDGE ( 'NONE', *, *, #3861, .T. ) ;
#11043 = ORIENTED_EDGE ( 'NONE', *, *, #5933, .T. ) ;
#11044 = LINE ( 'NONE', #10047, #5837 ) ;
#11045 = ORIENTED_EDGE ( 'NONE', *, *, #48, .T. ) ;
#11046 = ORIENTED_EDGE ( 'NONE', *, *, #3778, .F. ) ;
#11047 = CARTESIAN_POINT ( 'NONE',  ( -4.215000000000000746, 2.865743636076471645, -0.3250000000000474731 ) ) ;
#11048 = SURFACE_SIDE_STYLE ('',( #8918 ) ) ;
#11049 = LINE ( 'NONE', #10857, #6310 ) ;
#11050 = FILL_AREA_STYLE_COLOUR ( '', #12775 ) ;
#11051 = DIRECTION ( 'NONE',  ( 0.000000000000000000, -0.9848077530122087975, 0.1736481776669264454 ) ) ;
#11052 =( NAMED_UNIT ( * ) PLANE_ANGLE_UNIT ( ) SI_UNIT ( $, .RADIAN. ) );
#11053 = PRESENTATION_STYLE_ASSIGNMENT (( #4729 ) ) ;
#11054 = EDGE_CURVE ( 'NONE', #1876, #12061, #9181, .T. ) ;
#11055 = PLANE ( 'NONE',  #5480 ) ;
#11056 = SURFACE_STYLE_FILL_AREA ( #3811 ) ;
#11057 = CARTESIAN_POINT ( 'NONE',  ( -0.4650000000000010236, 1.749999999999999778, 0.000000000000000000 ) ) ;
#11058 = COLOUR_RGB ( '',1.000000000000000000, 0.8117647058823529438, 0.5019607843137254832 ) ;
#11059 = ORIENTED_EDGE ( 'NONE', *, *, #1696, .F. ) ;
#11060 = ORIENTED_EDGE ( 'NONE', *, *, #10466, .T. ) ;
#11061 = EDGE_LOOP ( 'NONE', ( #12868, #8731, #11598, #7710 ) ) ;
#11062 = COLOUR_RGB ( '',1.000000000000000000, 1.000000000000000000, 1.000000000000000000 ) ;
#11063 = ORIENTED_EDGE ( 'NONE', *, *, #11878, .T. ) ;
#11064 = CARTESIAN_POINT ( 'NONE',  ( 2.964999999999998970, 2.865743636076471645, -0.3250000000000474731 ) ) ;
#11065 = ORIENTED_EDGE ( 'NONE', *, *, #1032, .T. ) ;
#11066 = LINE ( 'NONE', #9008, #7362 ) ;
#11067 = CARTESIAN_POINT ( 'NONE',  ( -4.535000000000001030, 0.8750000000000022204, 0.8749999999999842348 ) ) ;
#11068 = SURFACE_STYLE_USAGE ( .BOTH. , #7009 ) ;
#11069 = PRESENTATION_STYLE_ASSIGNMENT (( #5880 ) ) ;
#11070 = VECTOR ( 'NONE', #8492, 1000.000000000000000 ) ;
#11071 = SURFACE_SIDE_STYLE ('',( #10693 ) ) ;
#11072 = FACE_OUTER_BOUND ( 'NONE', #1433, .T. ) ;
#11073 = COLOUR_RGB ( '',1.000000000000000000, 0.8117647058823529438, 0.5019607843137254832 ) ;
#11074 = CARTESIAN_POINT ( 'NONE',  ( -0.7850000000000010303, 1.749999999999999778, 0.000000000000000000 ) ) ;
#11075 = VERTEX_POINT ( 'NONE', #2990 ) ;
#11076 = MECHANICAL_DESIGN_GEOMETRIC_PRESENTATION_REPRESENTATION (  '', ( #11501 ), #11289 ) ;
#11077 =( GEOMETRIC_REPRESENTATION_CONTEXT ( 3 ) GLOBAL_UNCERTAINTY_ASSIGNED_CONTEXT ( ( #6592 ) ) GLOBAL_UNIT_ASSIGNED_CONTEXT ( ( #3990, #2844, #6043 ) ) REPRESENTATION_CONTEXT ( 'NONE', 'WORKASPACE' ) );
#11078 =( LENGTH_UNIT ( ) NAMED_UNIT ( * ) SI_UNIT ( .MILLI., .METRE. ) );
#11079 = ORIENTED_EDGE ( 'NONE', *, *, #7610, .T. ) ;
#11080 = CARTESIAN_POINT ( 'NONE',  ( -5.575000000000025935, 4.700000000000000178, -1.750000000000041522 ) ) ;
#11081 = FILL_AREA_STYLE ('',( #7019 ) ) ;
#11082 = STYLED_ITEM ( 'NONE', ( #225 ), #810 ) ;
#11083 = DIRECTION ( 'NONE',  ( -3.097720492815727659E-16, 0.000000000000000000, -1.000000000000000000 ) ) ;
#11084 = FILL_AREA_STYLE_COLOUR ( '', #8441 ) ;
#11085 = EDGE_CURVE ( 'NONE', #342, #12534, #12066, .T. ) ;
#11086 = MECHANICAL_DESIGN_GEOMETRIC_PRESENTATION_REPRESENTATION (  '', ( #6632 ), #1740 ) ;
#11087 = VECTOR ( 'NONE', #12693, 1000.000000000000000 ) ;
#11088 = DIRECTION ( 'NONE',  ( 1.000000000000000000, -3.157870405297586439E-16, 0.000000000000000000 ) ) ;
#11089 = COLOUR_RGB ( '',1.000000000000000000, 0.8117647058823529438, 0.5019607843137254832 ) ;
#11090 = PLANE ( 'NONE',  #5599 ) ;
#11091 = ORIENTED_EDGE ( 'NONE', *, *, #9568, .T. ) ;
#11092 = ADVANCED_FACE ( 'NONE', ( #1698 ), #12261, .F. ) ;
#11093 = EDGE_CURVE ( 'NONE', #12418, #8716, #5742, .T. ) ;
#11094 = ORIENTED_EDGE ( 'NONE', *, *, #9328, .T. ) ;
#11095 = STYLED_ITEM ( 'NONE', ( #3078 ), #7839 ) ;
#11096 = SURFACE_STYLE_FILL_AREA ( #8042 ) ;
#11097 = LINE ( 'NONE', #6838, #870 ) ;
#11098 = EDGE_CURVE ( 'NONE', #4255, #6570, #12470, .T. ) ;
#11099 = MECHANICAL_DESIGN_GEOMETRIC_PRESENTATION_REPRESENTATION (  '', ( #9444 ), #4090 ) ;
#11100 = CARTESIAN_POINT ( 'NONE',  ( 2.034999999999999698, 1.749999999999999778, 0.000000000000000000 ) ) ;
#11101 =( LENGTH_UNIT ( ) NAMED_UNIT ( * ) SI_UNIT ( .MILLI., .METRE. ) );
#11102 =( GEOMETRIC_REPRESENTATION_CONTEXT ( 3 ) GLOBAL_UNCERTAINTY_ASSIGNED_CONTEXT ( ( #3970 ) ) GLOBAL_UNIT_ASSIGNED_CONTEXT ( ( #10829, #3450, #5508 ) ) REPRESENTATION_CONTEXT ( 'NONE', 'WORKASPACE' ) );
#11103 = DIRECTION ( 'NONE',  ( -1.000000000000000000, 0.000000000000000000, -0.000000000000000000 ) ) ;
#11105 = DIRECTION ( 'NONE',  ( 5.052592648476138302E-15, -1.000000000000000000, 0.000000000000000000 ) ) ;
#11104 = UNCERTAINTY_MEASURE_WITH_UNIT (LENGTH_MEASURE( 1.000000000000000082E-05 ), #7876, 'distance_accuracy_value', 'NONE');
#11106 = CARTESIAN_POINT ( 'NONE',  ( -1.935000000000000497, 4.000000000000000000, -0.5250000000000403233 ) ) ;
#11107 = VECTOR ( 'NONE', #3683, 1000.000000000000000 ) ;
#11108 = FILL_AREA_STYLE_COLOUR ( '', #12962 ) ;
#11109 = LINE ( 'NONE', #2002, #7116 ) ;
#11110 = ORIENTED_EDGE ( 'NONE', *, *, #11199, .T. ) ;
#11111 = MECHANICAL_DESIGN_GEOMETRIC_PRESENTATION_REPRESENTATION (  '', ( #4311 ), #6225 ) ;
#11112 = VERTEX_POINT ( 'NONE', #11047 ) ;
#11113 = COLOUR_RGB ( '',1.000000000000000000, 0.8117647058823529438, 0.5019607843137254832 ) ;
#11114 = EDGE_CURVE ( 'NONE', #1534, #1888, #10121, .T. ) ;
#11115 = ORIENTED_EDGE ( 'NONE', *, *, #4015, .T. ) ;
#11116 = ORIENTED_EDGE ( 'NONE', *, *, #1829, .T. ) ;
#11117 = DIRECTION ( 'NONE',  ( 0.000000000000000000, 0.000000000000000000, 1.000000000000000000 ) ) ;
#11118 = PLANE ( 'NONE',  #6386 ) ;
#11119 = EDGE_CURVE ( 'NONE', #12454, #10602, #2142, .T. ) ;
#11120 = VECTOR ( 'NONE', #5391, 1000.000000000000000 ) ;
#11121 = DIRECTION ( 'NONE',  ( -1.000000000000000000, 6.570922257487672349E-16, 0.000000000000000000 ) ) ;
#11122 = CARTESIAN_POINT ( 'NONE',  ( -4.535000000000001030, 3.548929149633788693, -0.4454640388693684727 ) ) ;
#11123 = DIRECTION ( 'NONE',  ( 0.000000000000000000, 0.000000000000000000, -1.000000000000000000 ) ) ;
#11124 = CARTESIAN_POINT ( 'NONE',  ( -5.275000000000024336, 1.749999999999999778, 0.9499999999999869660 ) ) ;
#11125 = MECHANICAL_DESIGN_GEOMETRIC_PRESENTATION_REPRESENTATION (  '', ( #11987 ), #5805 ) ;
#11126 = FILL_AREA_STYLE ('',( #3002 ) ) ;
#11127 = PRESENTATION_LAYER_ASSIGNMENT (  '', '', ( #1372 ) ) ;
#11128 = SURFACE_STYLE_USAGE ( .BOTH. , #2093 ) ;
#11129 = CARTESIAN_POINT ( 'NONE',  ( -4.535000000000001030, 0.2999999999999997113, 1.449999999999998623 ) ) ;
#11130 = ORIENTED_EDGE ( 'NONE', *, *, #1575, .T. ) ;
#11131 = EDGE_CURVE ( 'NONE', #10735, #1794, #4972, .T. ) ;
#11132 = ORIENTED_EDGE ( 'NONE', *, *, #8459, .T. ) ;
#11133 = ORIENTED_EDGE ( 'NONE', *, *, #9235, .T. ) ;
#11134 = VECTOR ( 'NONE', #7501, 1000.000000000000000 ) ;
#11135 = ORIENTED_EDGE ( 'NONE', *, *, #2894, .F. ) ;
#11136 = SURFACE_SIDE_STYLE ('',( #6268 ) ) ;
#11137 = ORIENTED_EDGE ( 'NONE', *, *, #7123, .T. ) ;
#11138 = LINE ( 'NONE', #3206, #5448 ) ;
#11139 = CARTESIAN_POINT ( 'NONE',  ( 0.000000000000000000, 2.100000000000005862, -1.850000000000001865 ) ) ;
#11140 = CARTESIAN_POINT ( 'NONE',  ( 3.284999999999998810, 0.000000000000000000, -1.125000000000033973 ) ) ;
#11141 = CARTESIAN_POINT ( 'NONE',  ( 6.875000000000006217, 1.399999999999998579, 0.3500000000000039746 ) ) ;
#11142 = CARTESIAN_POINT ( 'NONE',  ( 6.875000000000006217, 1.399999999999998579, -1.749999999999997558 ) ) ;
#11143 = VECTOR ( 'NONE', #6982, 1000.000000000000000 ) ;
#11144 = DIRECTION ( 'NONE',  ( -1.000000000000000000, 0.000000000000000000, -0.000000000000000000 ) ) ;
#11145 = EDGE_CURVE ( 'NONE', #1200, #1473, #8058, .T. ) ;
#11146 = DIRECTION ( 'NONE',  ( -0.000000000000000000, 0.7071067811865549002, 0.7071067811865402453 ) ) ;
#11147 = ORIENTED_EDGE ( 'NONE', *, *, #1484, .T. ) ;
#11148 =( GEOMETRIC_REPRESENTATION_CONTEXT ( 3 ) GLOBAL_UNCERTAINTY_ASSIGNED_CONTEXT ( ( #9236 ) ) GLOBAL_UNIT_ASSIGNED_CONTEXT ( ( #2098, #12210, #9193 ) ) REPRESENTATION_CONTEXT ( 'NONE', 'WORKASPACE' ) );
#11149 = DIRECTION ( 'NONE',  ( -1.000000000000000000, 0.000000000000000000, 0.000000000000000000 ) ) ;
#11150 =( LENGTH_UNIT ( ) NAMED_UNIT ( * ) SI_UNIT ( .MILLI., .METRE. ) );
#11151 = ORIENTED_EDGE ( 'NONE', *, *, #8623, .T. ) ;
#11152 = STYLED_ITEM ( 'NONE', ( #4131 ), #3291 ) ;
#11153 = CARTESIAN_POINT ( 'NONE',  ( -5.374999999950209606, 1.749999999999999778, -0.6249377795396809931 ) ) ;
#11154 = DIRECTION ( 'NONE',  ( -1.000000000000000000, -0.000000000000000000, -0.000000000000000000 ) ) ;
#11155 = FILL_AREA_STYLE ('',( #13074 ) ) ;
#11156 = VECTOR ( 'NONE', #3118, 1000.000000000000000 ) ;
#11157 = FILL_AREA_STYLE ('',( #13077 ) ) ;
#11158 = LINE ( 'NONE', #2056, #10067 ) ;
#11159 = VECTOR ( 'NONE', #4563, 1000.000000000000000 ) ;
#11160 = CARTESIAN_POINT ( 'NONE',  ( -5.275000000000025224, 4.400000000000000355, -0.7249377794898655969 ) ) ;
#11161 = ORIENTED_EDGE ( 'NONE', *, *, #11415, .F. ) ;
#11162 =( NAMED_UNIT ( * ) PLANE_ANGLE_UNIT ( ) SI_UNIT ( $, .RADIAN. ) );
#11163 = VECTOR ( 'NONE', #7711, 999.9999999999998863 ) ;
#11164 = MECHANICAL_DESIGN_GEOMETRIC_PRESENTATION_REPRESENTATION (  '', ( #12450 ), #560 ) ;
#11165 = ORIENTED_EDGE ( 'NONE', *, *, #3897, .F. ) ;
#11166 = LINE ( 'NONE', #5083, #9471 ) ;
#11167 =( LENGTH_UNIT ( ) NAMED_UNIT ( * ) SI_UNIT ( .MILLI., .METRE. ) );
#11168 = DIRECTION ( 'NONE',  ( -0.000000000000000000, -0.000000000000000000, -1.000000000000000000 ) ) ;
#11169 = VECTOR ( 'NONE', #6951, 1000.000000000000000 ) ;
#11170 = DIRECTION ( 'NONE',  ( -1.000000000000000000, 0.000000000000000000, -2.710505431213767790E-15 ) ) ;
#11171 = PRESENTATION_STYLE_ASSIGNMENT (( #9104 ) ) ;
#11172 = DIRECTION ( 'NONE',  ( 0.000000000000000000, -1.000000000000000000, 0.000000000000000000 ) ) ;
#11173 = CARTESIAN_POINT ( 'NONE',  ( 6.344999999999994422, 0.4499999999999999001, 0.3500000000000039746 ) ) ;
#11174 = CARTESIAN_POINT ( 'NONE',  ( 5.375000000000002665, -1.029563014098701546, -0.9500000000000006217 ) ) ;
#11176 = ADVANCED_FACE ( 'NONE', ( #8986 ), #9056, .T. ) ;
#11175 = VECTOR ( 'NONE', #5620, 1000.000000000000000 ) ;
#11177 = VECTOR ( 'NONE', #3617, 1000.000000000000000 ) ;
#11178 = LINE ( 'NONE', #6981, #243 ) ;
#11179 =( NAMED_UNIT ( * ) PLANE_ANGLE_UNIT ( ) SI_UNIT ( $, .RADIAN. ) );
#11180 = ORIENTED_EDGE ( 'NONE', *, *, #11373, .T. ) ;
#11181 = EDGE_CURVE ( 'NONE', #10267, #12500, #3061, .T. ) ;
#11182 = VECTOR ( 'NONE', #9200, 1000.000000000000227 ) ;
#11183 = ORIENTED_EDGE ( 'NONE', *, *, #244, .T. ) ;
#11184 = ORIENTED_EDGE ( 'NONE', *, *, #12028, .F. ) ;
#11185 = ORIENTED_EDGE ( 'NONE', *, *, #6813, .T. ) ;
#11186 = VECTOR ( 'NONE', #3284, 1000.000000000000000 ) ;
#11187 = CARTESIAN_POINT ( 'NONE',  ( 3.200000000000007727, 3.250000000000005773, -1.850000000000001865 ) ) ;
#11188 =( GEOMETRIC_REPRESENTATION_CONTEXT ( 3 ) GLOBAL_UNCERTAINTY_ASSIGNED_CONTEXT ( ( #10309 ) ) GLOBAL_UNIT_ASSIGNED_CONTEXT ( ( #7057, #11818, #3938 ) ) REPRESENTATION_CONTEXT ( 'NONE', 'WORKASPACE' ) );
#11189 =( LENGTH_UNIT ( ) NAMED_UNIT ( * ) SI_UNIT ( .MILLI., .METRE. ) );
#11190 = LINE ( 'NONE', #12265, #885 ) ;
#11191 = FILL_AREA_STYLE_COLOUR ( '', #3548 ) ;
#11192 = LINE ( 'NONE', #8262, #9699 ) ;
#11193 = DIRECTION ( 'NONE',  ( -1.000000000000000000, -3.469446951953613203E-16, 0.000000000000000000 ) ) ;
#11194 = MECHANICAL_DESIGN_GEOMETRIC_PRESENTATION_REPRESENTATION (  '', ( #2274 ), #12888 ) ;
#11195 = DIRECTION ( 'NONE',  ( 1.000000000000000000, 0.000000000000000000, -0.000000000000000000 ) ) ;
#11196 = DIRECTION ( 'NONE',  ( 0.000000000000000000, 0.000000000000000000, -1.000000000000000000 ) ) ;
#11197 = EDGE_CURVE ( 'NONE', #340, #2218, #9530, .T. ) ;
#11198 = VECTOR ( 'NONE', #11250, 1000.000000000000000 ) ;
#11199 = EDGE_CURVE ( 'NONE', #5049, #7423, #9247, .T. ) ;
#11200 = ORIENTED_EDGE ( 'NONE', *, *, #2511, .F. ) ;
#11201 = DIRECTION ( 'NONE',  ( 0.000000000000000000, 0.7071067811865402453, -0.7071067811865547892 ) ) ;
#11202 = EDGE_LOOP ( 'NONE', ( #9804, #2896, #819, #6156, #2601, #7001 ) ) ;
#11203 = ORIENTED_EDGE ( 'NONE', *, *, #8620, .F. ) ;
#11204 =( GEOMETRIC_REPRESENTATION_CONTEXT ( 3 ) GLOBAL_UNCERTAINTY_ASSIGNED_CONTEXT ( ( #2817 ) ) GLOBAL_UNIT_ASSIGNED_CONTEXT ( ( #2398, #8200, #10256 ) ) REPRESENTATION_CONTEXT ( 'NONE', 'WORKASPACE' ) );
#11205 = ORIENTED_EDGE ( 'NONE', *, *, #3907, .T. ) ;
#11206 = DIRECTION ( 'NONE',  ( 0.000000000000000000, 4.814824860968090180E-32, 1.000000000000000000 ) ) ;
#11207 = FACE_OUTER_BOUND ( 'NONE', #686, .T. ) ;
#11208 = CARTESIAN_POINT ( 'NONE',  ( -4.299999999999999822, 3.250000000000005329, -1.850000000000001865 ) ) ;
#11209 = PLANE ( 'NONE',  #5789 ) ;
#11210 = VECTOR ( 'NONE', #10312, 1000.000000000000000 ) ;
#11211 = EDGE_CURVE ( 'NONE', #12155, #1129, #8525, .T. ) ;
#11212 =( GEOMETRIC_REPRESENTATION_CONTEXT ( 3 ) GLOBAL_UNCERTAINTY_ASSIGNED_CONTEXT ( ( #6566 ) ) GLOBAL_UNIT_ASSIGNED_CONTEXT ( ( #6646, #475, #5573 ) ) REPRESENTATION_CONTEXT ( 'NONE', 'WORKASPACE' ) );
#11213 = EDGE_CURVE ( 'NONE', #5564, #12487, #4256, .T. ) ;
#11214 = CARTESIAN_POINT ( 'NONE',  ( -5.375000000000000888, 0.2999999999999999889, -0.9500000000000006217 ) ) ;
#11215 = ORIENTED_EDGE ( 'NONE', *, *, #2641, .F. ) ;
#11216 =( GEOMETRIC_REPRESENTATION_CONTEXT ( 3 ) GLOBAL_UNCERTAINTY_ASSIGNED_CONTEXT ( ( #5912 ) ) GLOBAL_UNIT_ASSIGNED_CONTEXT ( ( #11101, #12178, #7239 ) ) REPRESENTATION_CONTEXT ( 'NONE', 'WORKASPACE' ) );
#11217 = DIRECTION ( 'NONE',  ( -1.000000000000000000, 0.000000000000000000, 2.710505431213767790E-15 ) ) ;
#11218 = VERTEX_POINT ( 'NONE', #10388 ) ;
#11219 = VERTEX_POINT ( 'NONE', #4326 ) ;
#11220 = LINE ( 'NONE', #12295, #2454 ) ;
#11221 = CARTESIAN_POINT ( 'NONE',  ( -3.200000000000000622, 3.250000000000005773, -1.450000000000039924 ) ) ;
#11222 = FILL_AREA_STYLE_COLOUR ( '', #11073 ) ;
#11223 = LINE ( 'NONE', #5423, #2277 ) ;
#11224 = EDGE_CURVE ( 'NONE', #4075, #7423, #2326, .T. ) ;
#11225 = DIRECTION ( 'NONE',  ( -1.000000000000000000, 0.000000000000000000, 1.233215741215733931E-16 ) ) ;
#11226 = LINE ( 'NONE', #2121, #6238 ) ;
#11227 = UNCERTAINTY_MEASURE_WITH_UNIT (LENGTH_MEASURE( 1.000000000000000082E-05 ), #725, 'distance_accuracy_value', 'NONE');
#11228 = PRESENTATION_LAYER_ASSIGNMENT (  '', '', ( #1669 ) ) ;
#11229 = EDGE_CURVE ( 'NONE', #6282, #997, #4389, .T. ) ;
#11230 = PRESENTATION_STYLE_ASSIGNMENT (( #10299 ) ) ;
#11231 = SURFACE_STYLE_FILL_AREA ( #8419 ) ;
#11232 = ORIENTED_EDGE ( 'NONE', *, *, #3489, .T. ) ;
#11233 = PLANE ( 'NONE',  #2040 ) ;
#11234 = VERTEX_POINT ( 'NONE', #8466 ) ;
#11235 = DIRECTION ( 'NONE',  ( 1.000000000000000000, -6.570922257487672349E-16, 0.000000000000000000 ) ) ;
#11236 = FILL_AREA_STYLE_COLOUR ( '', #8028 ) ;
#11237 = UNCERTAINTY_MEASURE_WITH_UNIT (LENGTH_MEASURE( 1.000000000000000082E-05 ), #11639, 'distance_accuracy_value', 'NONE');
#11238 = FILL_AREA_STYLE ('',( #1212 ) ) ;
#11239 = DIRECTION ( 'NONE',  ( 0.000000000000000000, 0.000000000000000000, -1.000000000000000000 ) ) ;
#11240 = DIRECTION ( 'NONE',  ( -1.000000000000000000, 0.000000000000000000, -0.000000000000000000 ) ) ;
#11241 = PRESENTATION_LAYER_ASSIGNMENT (  '', '', ( #3805 ) ) ;
#11242 = ADVANCED_FACE ( 'NONE', ( #5171 ), #10321, .F. ) ;
#11243 = CARTESIAN_POINT ( 'NONE',  ( -5.375000000000000888, 0.2999999999999999889, 1.850000000000001421 ) ) ;
#11244 = DIRECTION ( 'NONE',  ( -2.022548278026049936E-15, -1.000000000000000000, 0.000000000000000000 ) ) ;
#11245 = ORIENTED_EDGE ( 'NONE', *, *, #8744, .T. ) ;
#11246 = VERTEX_POINT ( 'NONE', #420 ) ;
#11247 = VERTEX_POINT ( 'NONE', #156 ) ;
#11248 = PRESENTATION_STYLE_ASSIGNMENT (( #701 ) ) ;
#11249 = CARTESIAN_POINT ( 'NONE',  ( -3.600000000000000533, 4.700000000000005507, -1.850000000000001865 ) ) ;
#11250 = DIRECTION ( 'NONE',  ( 0.000000000000000000, 1.000000000000000000, -4.858652729125647208E-17 ) ) ;
#11251 = FACE_OUTER_BOUND ( 'NONE', #3936, .T. ) ;
#11252 =( LENGTH_UNIT ( ) NAMED_UNIT ( * ) SI_UNIT ( .MILLI., .METRE. ) );
#11253 =( NAMED_UNIT ( * ) PLANE_ANGLE_UNIT ( ) SI_UNIT ( $, .RADIAN. ) );
#11255 = SURFACE_STYLE_FILL_AREA ( #4209 ) ;
#11254 = UNCERTAINTY_MEASURE_WITH_UNIT (LENGTH_MEASURE( 1.000000000000000082E-05 ), #7475, 'distance_accuracy_value', 'NONE');
#11256 = SURFACE_SIDE_STYLE ('',( #8326 ) ) ;
#11257 = DIRECTION ( 'NONE',  ( -0.2133021165724272306, 0.9621436710723736407, -0.1696518885279461319 ) ) ;
#11258 = ADVANCED_FACE ( 'NONE', ( #282 ), #7525, .T. ) ;
#11259 = CARTESIAN_POINT ( 'NONE',  ( 2.034999999999999698, 8.425943506694179847E-32, 1.750000000000004663 ) ) ;
#11260 = EDGE_LOOP ( 'NONE', ( #10033, #5028, #8026, #418 ) ) ;
#11261 =( NAMED_UNIT ( * ) PLANE_ANGLE_UNIT ( ) SI_UNIT ( $, .RADIAN. ) );
#11262 = ORIENTED_EDGE ( 'NONE', *, *, #159, .T. ) ;
#11263 = ORIENTED_EDGE ( 'NONE', *, *, #2285, .T. ) ;
#11264 = VECTOR ( 'NONE', #4086, 1000.000000000000000 ) ;
#11265 = EDGE_CURVE ( 'NONE', #7106, #12602, #6528, .T. ) ;
#11266 = ORIENTED_EDGE ( 'NONE', *, *, #3034, .F. ) ;
#11267 = CARTESIAN_POINT ( 'NONE',  ( 7.574999999999993960, 0.000000000000000000, -1.849999999999996092 ) ) ;
#11268 = CARTESIAN_POINT ( 'NONE',  ( 7.074999999999998401, 2.100000000000005862, -1.550000000000001599 ) ) ;
#11269 = CLOSED_SHELL ( 'NONE', ( #1442, #794, #5529, #4816, #9998, #6404, #10246, #3424, #6058, #9807 ) ) ;
#11270 = CARTESIAN_POINT ( 'NONE',  ( -0.7850000000000010303, 1.749999999999999778, -1.125000000000033973 ) ) ;
#11271 = EDGE_CURVE ( 'NONE', #6354, #10384, #10452, .T. ) ;
#11272 = DIRECTION ( 'NONE',  ( 0.000000000000000000, -4.814824860968089633E-32, -1.000000000000000000 ) ) ;
#11273 =( LENGTH_UNIT ( ) NAMED_UNIT ( * ) SI_UNIT ( .MILLI., .METRE. ) );
#11274 = DIRECTION ( 'NONE',  ( -1.000000000000000000, -0.000000000000000000, -0.000000000000000000 ) ) ;
#11275 = DIRECTION ( 'NONE',  ( 0.000000000000000000, 0.000000000000000000, -1.000000000000000000 ) ) ;
#11276 = VERTEX_POINT ( 'NONE', #1221 ) ;
#11277 = COLOUR_RGB ( '',1.000000000000000000, 1.000000000000000000, 1.000000000000000000 ) ;
#11278 = ORIENTED_EDGE ( 'NONE', *, *, #7762, .T. ) ;
#11279 = LINE ( 'NONE', #7288, #11982 ) ;
#11280 = ORIENTED_EDGE ( 'NONE', *, *, #9025, .T. ) ;
#11281 = LINE ( 'NONE', #1116, #3521 ) ;
#11282 = AXIS2_PLACEMENT_3D ( 'NONE', #896, #6941, #10935 ) ;
#11283 = DIRECTION ( 'NONE',  ( 0.000000000000000000, -1.000000000000000000, 0.000000000000000000 ) ) ;
#11284 = CARTESIAN_POINT ( 'NONE',  ( -4.215000000000000746, 4.000000000000000000, 0.000000000000000000 ) ) ;
#11285 = DIRECTION ( 'NONE',  ( -0.2133021165724272306, -0.9621436710723736407, 0.1696518885279461319 ) ) ;
#11286 = CARTESIAN_POINT ( 'NONE',  ( -4.215000000000000746, 0.2999999999999999889, 1.850000000000004530 ) ) ;
#11287 = DIRECTION ( 'NONE',  ( -0.000000000000000000, -0.000000000000000000, 1.000000000000000000 ) ) ;
#11288 = LINE ( 'NONE', #9094, #10921 ) ;
#11289 =( GEOMETRIC_REPRESENTATION_CONTEXT ( 3 ) GLOBAL_UNCERTAINTY_ASSIGNED_CONTEXT ( ( #11254 ) ) GLOBAL_UNIT_ASSIGNED_CONTEXT ( ( #7475, #5605, #2346 ) ) REPRESENTATION_CONTEXT ( 'NONE', 'WORKASPACE' ) );
#11290 = PRESENTATION_STYLE_ASSIGNMENT (( #7231 ) ) ;
#11291 = ORIENTED_EDGE ( 'NONE', *, *, #3257, .F. ) ;
#11292 = STYLED_ITEM ( 'NONE', ( #9956 ), #579 ) ;
#11293 = ADVANCED_FACE ( 'NONE', ( #358 ), #5384, .F. ) ;
#11294 = ORIENTED_EDGE ( 'NONE', *, *, #9971, .F. ) ;
#11295 = FACE_OUTER_BOUND ( 'NONE', #4201, .T. ) ;
#11296 = COLOUR_RGB ( '',1.000000000000000000, 0.8117647058823529438, 0.5019607843137254832 ) ;
#11297 = VECTOR ( 'NONE', #5010, 1000.000000000000000 ) ;
#11298 = PLANE ( 'NONE',  #4721 ) ;
#11299 = DIRECTION ( 'NONE',  ( 0.000000000000000000, 0.000000000000000000, 1.000000000000000000 ) ) ;
#11300 = CARTESIAN_POINT ( 'NONE',  ( -4.215000000000000746, -1.125000000000002442, 1.125000000000004663 ) ) ;
#11301 = PRESENTATION_LAYER_ASSIGNMENT (  '', '', ( #11950 ) ) ;
#11302 = DIRECTION ( 'NONE',  ( -0.000000000000000000, -1.000000000000000000, -0.000000000000000000 ) ) ;
#11303 = DIRECTION ( 'NONE',  ( 0.000000000000000000, 4.814824860968090180E-32, 1.000000000000000000 ) ) ;
#11304 = EDGE_CURVE ( 'NONE', #6389, #10810, #5776, .T. ) ;
#11305 = VECTOR ( 'NONE', #3824, 1000.000000000000000 ) ;
#11306 = VECTOR ( 'NONE', #2432, 1000.000000000000000 ) ;
#11307 = EDGE_LOOP ( 'NONE', ( #236, #821, #3277, #12216 ) ) ;
#11308 = ORIENTED_EDGE ( 'NONE', *, *, #8904, .T. ) ;
#11309 = ORIENTED_EDGE ( 'NONE', *, *, #10247, .F. ) ;
#11310 = CARTESIAN_POINT ( 'NONE',  ( 5.400881904447568438, 1.749999999999999778, -0.6283451969090776412 ) ) ;
#11311 = MECHANICAL_DESIGN_GEOMETRIC_PRESENTATION_REPRESENTATION (  '', ( #11744 ), #7709 ) ;
#11312 = SURFACE_SIDE_STYLE ('',( #6269 ) ) ;
#11313 =( NAMED_UNIT ( * ) PLANE_ANGLE_UNIT ( ) SI_UNIT ( $, .RADIAN. ) );
#11314 = FILL_AREA_STYLE ('',( #10127 ) ) ;
#11315 = DIRECTION ( 'NONE',  ( 1.000000000000000000, -0.000000000000000000, 0.000000000000000000 ) ) ;
#11316 = DIRECTION ( 'NONE',  ( -0.000000000000000000, 1.000000000000000000, -0.000000000000000000 ) ) ;
#11317 = VECTOR ( 'NONE', #8924, 1000.000000000000000 ) ;
#11318 = LINE ( 'NONE', #5258, #3242 ) ;
#11319 = SURFACE_SIDE_STYLE ('',( #3193 ) ) ;
#11320 = STYLED_ITEM ( 'NONE', ( #3345 ), #2109 ) ;
#11321 = PLANE ( 'NONE',  #332 ) ;
#11322 = EDGE_LOOP ( 'NONE', ( #1301, #1765, #3494, #4324 ) ) ;
#11323 = LINE ( 'NONE', #8334, #751 ) ;
#11324 = VECTOR ( 'NONE', #8668, 1000.000000000000000 ) ;
#11325 = EDGE_LOOP ( 'NONE', ( #6489, #3526, #9795, #8796 ) ) ;
#11326 = ORIENTED_EDGE ( 'NONE', *, *, #10082, .T. ) ;
#11327 = EDGE_CURVE ( 'NONE', #9246, #4801, #8589, .T. ) ;
#11328 = ORIENTED_EDGE ( 'NONE', *, *, #11951, .T. ) ;
#11329 = EDGE_CURVE ( 'NONE', #5891, #5987, #7600, .T. ) ;
#11330 = CARTESIAN_POINT ( 'NONE',  ( 6.175000000000008704, 2.600000000000005862, -1.850000000000001865 ) ) ;
#11331 = COLOUR_RGB ( '',1.000000000000000000, 0.8117647058823529438, 0.5019607843137254832 ) ;
#11332 = LINE ( 'NONE', #13126, #3873 ) ;
#11333 = VECTOR ( 'NONE', #8394, 1000.000000000000000 ) ;
#11334 = LINE ( 'NONE', #8273, #10590 ) ;
#11335 = DIRECTION ( 'NONE',  ( -1.000000000000000000, -0.000000000000000000, -0.000000000000000000 ) ) ;
#11336 =( NAMED_UNIT ( * ) PLANE_ANGLE_UNIT ( ) SI_UNIT ( $, .RADIAN. ) );
#11337 = DIRECTION ( 'NONE',  ( 0.000000000000000000, 1.000000000000000000, 0.000000000000000000 ) ) ;
#11338 =( GEOMETRIC_REPRESENTATION_CONTEXT ( 3 ) GLOBAL_UNCERTAINTY_ASSIGNED_CONTEXT ( ( #7795 ) ) GLOBAL_UNIT_ASSIGNED_CONTEXT ( ( #8900, #5902, #2966 ) ) REPRESENTATION_CONTEXT ( 'NONE', 'WORKASPACE' ) );
#11339 = DIRECTION ( 'NONE',  ( 1.000000000000000000, 0.000000000000000000, 0.000000000000000000 ) ) ;
#11340 = EDGE_CURVE ( 'NONE', #12611, #9571, #12835, .T. ) ;
#11341 = ADVANCED_FACE ( 'NONE', ( #1550 ), #671, .T. ) ;
#11342 =( LENGTH_UNIT ( ) NAMED_UNIT ( * ) SI_UNIT ( .MILLI., .METRE. ) );
#11343 = STYLED_ITEM ( 'NONE', ( #1985 ), #2642 ) ;
#11344 = ORIENTED_EDGE ( 'NONE', *, *, #2043, .T. ) ;
#11345 = AXIS2_PLACEMENT_3D ( 'NONE', #10424, #13025, #9975 ) ;
#11346 = ADVANCED_FACE ( 'NONE', ( #3789 ), #11908, .T. ) ;
#11347 = DIRECTION ( 'NONE',  ( -1.000000000000000000, 0.000000000000000000, 3.469446951953615372E-15 ) ) ;
#11348 = ORIENTED_EDGE ( 'NONE', *, *, #6582, .F. ) ;
#11349 = LINE ( 'NONE', #6096, #10276 ) ;
#11350 = PRESENTATION_LAYER_ASSIGNMENT (  '', '', ( #3914 ) ) ;
#11351 = ORIENTED_EDGE ( 'NONE', *, *, #1128, .T. ) ;
#11352 = PLANE ( 'NONE',  #8828 ) ;
#11353 = LINE ( 'NONE', #10217, #8757 ) ;
#11354 = DIRECTION ( 'NONE',  ( 0.000000000000000000, 0.000000000000000000, -1.000000000000000000 ) ) ;
#11355 = CARTESIAN_POINT ( 'NONE',  ( 1.714999999999999414, 1.749999999999999778, -0.3250000000000474176 ) ) ;
#11356 = SURFACE_STYLE_USAGE ( .BOTH. , #2240 ) ;
#11357 = UNCERTAINTY_MEASURE_WITH_UNIT (LENGTH_MEASURE( 1.000000000000000082E-05 ), #6218, 'distance_accuracy_value', 'NONE');
#11358 = VECTOR ( 'NONE', #5920, 1000.000000000000000 ) ;
#11359 = FACE_OUTER_BOUND ( 'NONE', #12720, .T. ) ;
#11360 = PRESENTATION_STYLE_ASSIGNMENT (( #7837 ) ) ;
#11361 =( NAMED_UNIT ( * ) PLANE_ANGLE_UNIT ( ) SI_UNIT ( $, .RADIAN. ) );
#11362 = EDGE_CURVE ( 'NONE', #6009, #10384, #11788, .T. ) ;
#11363 = ADVANCED_FACE ( 'NONE', ( #9771 ), #7786, .T. ) ;
#11364 = PLANE ( 'NONE',  #10748 ) ;
#11365 = EDGE_CURVE ( 'NONE', #1148, #11234, #11166, .T. ) ;
#11366 = COLOUR_RGB ( '',1.000000000000000000, 0.8117647058823529438, 0.5019607843137254832 ) ;
#11367 = VERTEX_POINT ( 'NONE', #1919 ) ;
#11368 = DIRECTION ( 'NONE',  ( 0.000000000000000000, -0.7071067811865470176, -0.7071067811865481278 ) ) ;
#11369 = ORIENTED_EDGE ( 'NONE', *, *, #4856, .F. ) ;
#11370 = CARTESIAN_POINT ( 'NONE',  ( 1.714999999999999414, 0.4500000000000002331, 6.098637220230963674E-17 ) ) ;
#11371 = VECTOR ( 'NONE', #7395, 1000.000000000000000 ) ;
#11372 = DIRECTION ( 'NONE',  ( 0.000000000000000000, 0.000000000000000000, 1.000000000000000000 ) ) ;
#11373 = EDGE_CURVE ( 'NONE', #940, #10268, #1818, .T. ) ;
#11374 = LINE ( 'NONE', #78, #10999 ) ;
#11375 = UNCERTAINTY_MEASURE_WITH_UNIT (LENGTH_MEASURE( 1.000000000000000082E-05 ), #8090, 'distance_accuracy_value', 'NONE');
#11376 = LINE ( 'NONE', #271, #5148 ) ;
#11377 =( GEOMETRIC_REPRESENTATION_CONTEXT ( 3 ) GLOBAL_UNCERTAINTY_ASSIGNED_CONTEXT ( ( #8433 ) ) GLOBAL_UNIT_ASSIGNED_CONTEXT ( ( #8713, #3652, #7719 ) ) REPRESENTATION_CONTEXT ( 'NONE', 'WORKASPACE' ) );
#11378 =( NAMED_UNIT ( * ) PLANE_ANGLE_UNIT ( ) SI_UNIT ( $, .RADIAN. ) );
#11379 = SURFACE_STYLE_FILL_AREA ( #7388 ) ;
#11380 = EDGE_CURVE ( 'NONE', #2011, #12500, #74, .T. ) ;
#11381 = PRESENTATION_STYLE_ASSIGNMENT (( #6451 ) ) ;
#11382 = EDGE_CURVE ( 'NONE', #3089, #12921, #11973, .T. ) ;
#11383 = VECTOR ( 'NONE', #724, 1000.000000000000000 ) ;
#11384 = AXIS2_PLACEMENT_3D ( 'NONE', #7107, #6972, #8960 ) ;
#11385 = EDGE_LOOP ( 'NONE', ( #1887, #3580, #3745, #7685 ) ) ;
#11386 = LINE ( 'NONE', #1282, #6277 ) ;
#11387 = EDGE_LOOP ( 'NONE', ( #9670, #7524, #2140, #173 ) ) ;
#11388 = EDGE_LOOP ( 'NONE', ( #5304, #12818, #3576, #6478, #3559, #8978, #12437, #4305 ) ) ;
#11389 = CARTESIAN_POINT ( 'NONE',  ( 0.7849999999999992539, 0.2999999999999999889, 1.850000000000004530 ) ) ;
#11390 = LINE ( 'NONE', #4203, #10208 ) ;
#11391 = CARTESIAN_POINT ( 'NONE',  ( 0.4649999999999992473, 3.548929149633788249, -0.9250000000000404565 ) ) ;
#11392 =( LENGTH_UNIT ( ) NAMED_UNIT ( * ) SI_UNIT ( .MILLI., .METRE. ) );
#11393 = MECHANICAL_DESIGN_GEOMETRIC_PRESENTATION_REPRESENTATION (  '', ( #10111 ), #9695 ) ;
#11394 = ADVANCED_FACE ( 'NONE', ( #8177 ), #2971, .F. ) ;
#11395 = COLOUR_RGB ( '',1.000000000000000000, 1.000000000000000000, 1.000000000000000000 ) ;
#11396 = UNCERTAINTY_MEASURE_WITH_UNIT (LENGTH_MEASURE( 1.000000000000000082E-05 ), #135, 'distance_accuracy_value', 'NONE');
#11397 = DIRECTION ( 'NONE',  ( 1.000000000000000000, 0.000000000000000000, -3.097720492815684271E-16 ) ) ;
#11398 = LINE ( 'NONE', #3130, #3035 ) ;
#11399 = VECTOR ( 'NONE', #8942, 1000.000000000000000 ) ;
#11400 = PRESENTATION_STYLE_ASSIGNMENT (( #10336 ) ) ;
#11401 = EDGE_LOOP ( 'NONE', ( #4908, #11449, #9650, #6572 ) ) ;
#11402 = PRESENTATION_LAYER_ASSIGNMENT (  '', '', ( #11611 ) ) ;
#11403 = VECTOR ( 'NONE', #2205, 1000.000000000000114 ) ;
#11404 = ORIENTED_EDGE ( 'NONE', *, *, #6798, .T. ) ;
#11405 = EDGE_LOOP ( 'NONE', ( #7722, #12139, #6762, #9111 ) ) ;
#11406 = VERTEX_POINT ( 'NONE', #7036 ) ;
#11407 = CARTESIAN_POINT ( 'NONE',  ( -2.965000000000000746, 1.749999999999999778, -1.125000000000033973 ) ) ;
#11408 = VECTOR ( 'NONE', #12087, 1000.000000000000000 ) ;
#11409 = LINE ( 'NONE', #8341, #8937 ) ;
#11410 = CARTESIAN_POINT ( 'NONE',  ( 5.875000000000001776, 3.700000000000000178, 0.9499999999999855227 ) ) ;
#11411 = DIRECTION ( 'NONE',  ( 0.000000000000000000, 0.000000000000000000, 1.000000000000000000 ) ) ;
#11412 = LINE ( 'NONE', #6291, #4411 ) ;
#11413 = VECTOR ( 'NONE', #5795, 1000.000000000000114 ) ;
#11414 = LINE ( 'NONE', #6353, #11264 ) ;
#11415 = EDGE_CURVE ( 'NONE', #12334, #8569, #7972, .T. ) ;
#11416 = AXIS2_PLACEMENT_3D ( 'NONE', #9776, #10732, #2534 ) ;
#11417 =( NAMED_UNIT ( * ) SI_UNIT ( $, .STERADIAN. ) SOLID_ANGLE_UNIT ( ) );
#11418 = ORIENTED_EDGE ( 'NONE', *, *, #6400, .T. ) ;
#11419 = LINE ( 'NONE', #6226, #10329 ) ;
#11420 = AXIS2_PLACEMENT_3D ( 'NONE', #454, #7696, #1519 ) ;
#11421 = ORIENTED_EDGE ( 'NONE', *, *, #8328, .T. ) ;
#11422 = ORIENTED_EDGE ( 'NONE', *, *, #3948, .T. ) ;
#11423 =( LENGTH_UNIT ( ) NAMED_UNIT ( * ) SI_UNIT ( .MILLI., .METRE. ) );
#11424 = DIRECTION ( 'NONE',  ( -1.000000000000000000, -0.000000000000000000, -0.000000000000000000 ) ) ;
#11425 = ADVANCED_FACE ( 'NONE', ( #5973 ), #8041, .F. ) ;
#11426 = PLANE ( 'NONE',  #7145 ) ;
#11427 = MECHANICAL_DESIGN_GEOMETRIC_PRESENTATION_REPRESENTATION (  '', ( #1868 ), #3349 ) ;
#11428 = CARTESIAN_POINT ( 'NONE',  ( -0.4650000000000010236, 0.1000000000000000056, 2.350000000000004530 ) ) ;
#11429 = LINE ( 'NONE', #12431, #10281 ) ;
#11430 = PLANE ( 'NONE',  #9963 ) ;
#11431 = AXIS2_PLACEMENT_3D ( 'NONE', #5476, #10608, #6607 ) ;
#11432 = DIRECTION ( 'NONE',  ( 0.000000000000000000, -0.7071067811865402453, 0.7071067811865549002 ) ) ;
#11433 = ORIENTED_EDGE ( 'NONE', *, *, #6261, .T. ) ;
#11434 = STYLED_ITEM ( 'NONE', ( #2575 ), #5065 ) ;
#11435 = ORIENTED_EDGE ( 'NONE', *, *, #8686, .F. ) ;
#11436 = LINE ( 'NONE', #138, #12653 ) ;
#11437 = ORIENTED_EDGE ( 'NONE', *, *, #7140, .T. ) ;
#11438 = CARTESIAN_POINT ( 'NONE',  ( -7.375000000000000888, 24.60698852501704437, -1.849999999999995204 ) ) ;
#11439 = CARTESIAN_POINT ( 'NONE',  ( 0.4649999999999992473, 0.4500000000000002331, 6.098637220230963674E-17 ) ) ;
#11440 = PRODUCT_DEFINITION_FORMATION_WITH_SPECIFIED_SOURCE ( 'ANY', '', #3525, .NOT_KNOWN. ) ;
#11441 = EDGE_CURVE ( 'NONE', #10197, #5987, #4433, .T. ) ;
#11442 = EDGE_CURVE ( 'NONE', #12388, #9819, #6175, .T. ) ;
#11443 = CARTESIAN_POINT ( 'NONE',  ( -4.215000000000000746, 1.749999999999999778, -0.3250000000000474176 ) ) ;
#11444 = ADVANCED_FACE ( 'NONE', ( #6314 ), #1132, .F. ) ;
#11445 = CARTESIAN_POINT ( 'NONE',  ( 6.544999999999994600, 1.399999999999998579, -1.749999999999997113 ) ) ;
#11446 = LINE ( 'NONE', #4439, #1248 ) ;
#11447 = SURFACE_SIDE_STYLE ('',( #1278 ) ) ;
#11448 =( LENGTH_UNIT ( ) NAMED_UNIT ( * ) SI_UNIT ( .MILLI., .METRE. ) );
#11449 = ORIENTED_EDGE ( 'NONE', *, *, #9599, .F. ) ;
#11450 = CARTESIAN_POINT ( 'NONE',  ( -6.094999999999995310, 0.4500000000000013989, 0.3500000000000039746 ) ) ;
#11451 = EDGE_LOOP ( 'NONE', ( #6835, #8946, #1487, #111, #6081, #3934, #4213, #2387 ) ) ;
#11452 = ORIENTED_EDGE ( 'NONE', *, *, #3639, .F. ) ;
#11453 = DIRECTION ( 'NONE',  ( 0.000000000000000000, -1.000000000000000000, -1.355252715606860081E-16 ) ) ;
#11454 = FILL_AREA_STYLE_COLOUR ( '', #12146 ) ;
#11455 = LINE ( 'NONE', #10253, #2762 ) ;
#11456 = CARTESIAN_POINT ( 'NONE',  ( -2.035000000000000586, 2.865743636076471645, -0.3250000000000474731 ) ) ;
#11457 = LINE ( 'NONE', #2331, #11851 ) ;
#11458 = PLANE ( 'NONE',  #8781 ) ;
#11459 = CARTESIAN_POINT ( 'NONE',  ( -2.035000000000000586, 0.8750000000000022204, 0.8749999999999842348 ) ) ;
#11460 = FILL_AREA_STYLE_COLOUR ( '', #13094 ) ;
#11461 = FACE_OUTER_BOUND ( 'NONE', #4769, .T. ) ;
#11462 = CARTESIAN_POINT ( 'NONE',  ( 5.575000000000025935, 4.700000000000000178, 0.9499999999999855227 ) ) ;
#11463 = VERTEX_POINT ( 'NONE', #12304 ) ;
#11464 = DIRECTION ( 'NONE',  ( 0.000000000000000000, 0.000000000000000000, -1.000000000000000000 ) ) ;
#11465 = COLOUR_RGB ( '',0.7921568627450980005, 0.8196078431372548767, 0.9333333333333333481 ) ;
#11466 = EDGE_LOOP ( 'NONE', ( #2673, #1843, #9144, #4925 ) ) ;
#11467 = VERTEX_POINT ( 'NONE', #2189 ) ;
#11468 = ORIENTED_EDGE ( 'NONE', *, *, #2328, .T. ) ;
#11469 = EDGE_CURVE ( 'NONE', #875, #3955, #9300, .T. ) ;
#11470 = DIRECTION ( 'NONE',  ( -0.000000000000000000, 0.000000000000000000, -1.000000000000000000 ) ) ;
#11471 = SURFACE_SIDE_STYLE ('',( #6553 ) ) ;
#11472 = CARTESIAN_POINT ( 'NONE',  ( 5.275000000000024336, 3.400000000000000355, 0.9499999999999856337 ) ) ;
#11473 =( LENGTH_UNIT ( ) NAMED_UNIT ( * ) SI_UNIT ( .MILLI., .METRE. ) );
#11474 = CARTESIAN_POINT ( 'NONE',  ( 5.875000000000001776, 2.100000000000005862, -1.550000000000004929 ) ) ;
#11475 = COLOUR_RGB ( '',1.000000000000000000, 1.000000000000000000, 1.000000000000000000 ) ;
#11476 = VERTEX_POINT ( 'NONE', #8371 ) ;
#11477 = DIRECTION ( 'NONE',  ( -1.000000000000000000, 0.000000000000000000, 0.000000000000000000 ) ) ;
#11478 = LINE ( 'NONE', #7560, #5436 ) ;
#11479 = ORIENTED_EDGE ( 'NONE', *, *, #2404, .F. ) ;
#11480 = VERTEX_POINT ( 'NONE', #12440 ) ;
#11481 = DIRECTION ( 'NONE',  ( 0.000000000000000000, -0.7071067811865482389, 0.7071067811865469066 ) ) ;
#11482 = PLANE ( 'NONE',  #4285 ) ;
#11483 = DIRECTION ( 'NONE',  ( -1.000000000000000000, -0.000000000000000000, -0.000000000000000000 ) ) ;
#11484 = DIRECTION ( 'NONE',  ( -0.7071067811865475727, -0.7071067811865475727, 0.000000000000000000 ) ) ;
#11485 = DIRECTION ( 'NONE',  ( 0.000000000000000000, -1.000000000000000000, 0.000000000000000000 ) ) ;
#11486 = UNCERTAINTY_MEASURE_WITH_UNIT (LENGTH_MEASURE( 1.000000000000000082E-05 ), #3609, 'distance_accuracy_value', 'NONE');
#11487 = VECTOR ( 'NONE', #8518, 1000.000000000000000 ) ;
#11488 = DIRECTION ( 'NONE',  ( 0.000000000000000000, -1.000000000000000000, 0.000000000000000000 ) ) ;
#11489 = PRESENTATION_STYLE_ASSIGNMENT (( #10163 ) ) ;
#11490 = AXIS2_PLACEMENT_3D ( 'NONE', #7195, #5172, #360 ) ;
#11491 = DIRECTION ( 'NONE',  ( -0.000000000000000000, 1.000000000000000000, -0.000000000000000000 ) ) ;
#11492 = EDGE_LOOP ( 'NONE', ( #8730, #11893, #10359, #2278 ) ) ;
#11493 = VECTOR ( 'NONE', #3620, 1000.000000000000114 ) ;
#11494 = ORIENTED_EDGE ( 'NONE', *, *, #2552, .T. ) ;
#11495 = LINE ( 'NONE', #4241, #11817 ) ;
#11496 = VERTEX_POINT ( 'NONE', #204 ) ;
#11497 = PRESENTATION_STYLE_ASSIGNMENT (( #7178 ) ) ;
#11498 = CARTESIAN_POINT ( 'NONE',  ( -4.435000000000000497, 3.999999999999999112, -0.5250000000000403233 ) ) ;
#11499 = EDGE_CURVE ( 'NONE', #6160, #6635, #4243, .T. ) ;
#11500 = DIRECTION ( 'NONE',  ( -5.059610138265694590E-16, 0.000000000000000000, -1.000000000000000000 ) ) ;
#11501 = STYLED_ITEM ( 'NONE', ( #6481 ), #7864 ) ;
#11502 = LINE ( 'NONE', #8516, #2625 ) ;
#11503 = CARTESIAN_POINT ( 'NONE',  ( 4.214999999999999858, 0.2999999999999997113, 1.449999999999998623 ) ) ;
#11504 = DIRECTION ( 'NONE',  ( -1.000000000000000000, 0.000000000000000000, -0.000000000000000000 ) ) ;
#11505 =( NAMED_UNIT ( * ) SI_UNIT ( $, .STERADIAN. ) SOLID_ANGLE_UNIT ( ) );
#11506 = ADVANCED_FACE ( 'NONE', ( #10435 ), #1335, .F. ) ;
#11507 = ORIENTED_EDGE ( 'NONE', *, *, #892, .T. ) ;
#11508 =( NAMED_UNIT ( * ) PLANE_ANGLE_UNIT ( ) SI_UNIT ( $, .RADIAN. ) );
#11509 = ADVANCED_FACE ( 'NONE', ( #5505 ), #8644, .F. ) ;
#11510 = COLOUR_RGB ( '',1.000000000000000000, 0.8117647058823529438, 0.5019607843137254832 ) ;
#11511 = ORIENTED_EDGE ( 'NONE', *, *, #9948, .F. ) ;
#11512 = ORIENTED_EDGE ( 'NONE', *, *, #2043, .F. ) ;
#11513 = SURFACE_SIDE_STYLE ('',( #8387 ) ) ;
#11514 = VECTOR ( 'NONE', #8303, 1000.000000000000000 ) ;
#11515 = PRESENTATION_STYLE_ASSIGNMENT (( #223 ) ) ;
#11516 = DIRECTION ( 'NONE',  ( -0.000000000000000000, -0.000000000000000000, 1.000000000000000000 ) ) ;
#11517 = MECHANICAL_DESIGN_GEOMETRIC_PRESENTATION_REPRESENTATION (  '', ( #1333 ), #12996 ) ;
#11518 = CARTESIAN_POINT ( 'NONE',  ( 4.214999999999999858, 0.000000000000000000, 0.000000000000000000 ) ) ;
#11519 = UNCERTAINTY_MEASURE_WITH_UNIT (LENGTH_MEASURE( 1.000000000000000082E-05 ), #4383, 'distance_accuracy_value', 'NONE');
#11520 = CARTESIAN_POINT ( 'NONE',  ( -1.715000000000000746, 1.083335593717822357E-31, 2.250000000000004441 ) ) ;
#11521 = CARTESIAN_POINT ( 'NONE',  ( -4.215000000000000746, 3.548929149633788693, -0.4454640388693684727 ) ) ;
#11522 = CARTESIAN_POINT ( 'NONE',  ( -5.375000000000000888, 0.000000000000000000, 1.850000000000001421 ) ) ;
#11523 = VECTOR ( 'NONE', #3764, 1000.000000000000000 ) ;
#11524 = PRESENTATION_LAYER_ASSIGNMENT (  '', '', ( #12991 ) ) ;
#11525 = CARTESIAN_POINT ( 'NONE',  ( 4.029457136363785885, 0.1909000140257115508, 0.1466470997434465018 ) ) ;
#11526 = ORIENTED_EDGE ( 'NONE', *, *, #7267, .T. ) ;
#11527 = DIRECTION ( 'NONE',  ( -1.000000000000000000, -0.000000000000000000, -0.000000000000000000 ) ) ;
#11528 = MECHANICAL_DESIGN_GEOMETRIC_PRESENTATION_REPRESENTATION (  '', ( #1127 ), #10882 ) ;
#11529 = EDGE_CURVE ( 'NONE', #7337, #278, #3800, .T. ) ;
#11530 = EDGE_LOOP ( 'NONE', ( #10681, #8568, #4551, #11907 ) ) ;
#11531 = ORIENTED_EDGE ( 'NONE', *, *, #8871, .F. ) ;
#11532 = ORIENTED_EDGE ( 'NONE', *, *, #8460, .T. ) ;
#11533 = VECTOR ( 'NONE', #5410, 1000.000000000000000 ) ;
#11534 =( NAMED_UNIT ( * ) PLANE_ANGLE_UNIT ( ) SI_UNIT ( $, .RADIAN. ) );
#11535 = SURFACE_STYLE_FILL_AREA ( #8484 ) ;
#11536 =( BOUNDED_CURVE ( )  B_SPLINE_CURVE ( 3, ( #3721, #7778, #8957, #2766 ),
 .UNSPECIFIED., .F., .T. ) 
 B_SPLINE_CURVE_WITH_KNOTS ( ( 4, 4 ),
 ( 1.570796326794897224, 3.141592653589794004 ),
 .UNSPECIFIED. ) 
 CURVE ( )  GEOMETRIC_REPRESENTATION_ITEM ( )  RATIONAL_B_SPLINE_CURVE ( ( 1.000000000000000000, 0.8047378541243649375, 0.8047378541243649375, 1.000000000000000000 ) ) 
 REPRESENTATION_ITEM ( '' )  );
#11537 = DIRECTION ( 'NONE',  ( -1.000000000000000000, 0.000000000000000000, -0.000000000000000000 ) ) ;
#11538 = CARTESIAN_POINT ( 'NONE',  ( 4.925000000000019362, 3.700000000000000178, 1.249999999999985567 ) ) ;
#11539 = VECTOR ( 'NONE', #4222, 1000.000000000000000 ) ;
#11540 = DIRECTION ( 'NONE',  ( 0.000000000000000000, 1.355252715606880296E-16, -1.000000000000000000 ) ) ;
#11541 = VECTOR ( 'NONE', #12630, 1000.000000000000000 ) ;
#11542 = LINE ( 'NONE', #4613, #12176 ) ;
#11544 = EDGE_CURVE ( 'NONE', #767, #4618, #12556, .T. ) ;
#11543 = CIRCLE ( 'NONE', #2819, 0.4499999999999999001 ) ;
#11545 = VERTEX_POINT ( 'NONE', #9820 ) ;
#11546 =( LENGTH_UNIT ( ) NAMED_UNIT ( * ) SI_UNIT ( .MILLI., .METRE. ) );
#11547 = AXIS2_PLACEMENT_3D ( 'NONE', #9121, #9326, #3067 ) ;
#11548 = LINE ( 'NONE', #4550, #11612 ) ;
#11549 = ORIENTED_EDGE ( 'NONE', *, *, #37, .T. ) ;
#11550 = DIRECTION ( 'NONE',  ( 1.000000000000000000, -6.570922257487672349E-16, 0.000000000000000000 ) ) ;
#11551 = EDGE_LOOP ( 'NONE', ( #8621, #1701, #8524, #7489 ) ) ;
#11552 = SURFACE_SIDE_STYLE ('',( #4620 ) ) ;
#11553 =( NAMED_UNIT ( * ) PLANE_ANGLE_UNIT ( ) SI_UNIT ( $, .RADIAN. ) );
#11554 = CARTESIAN_POINT ( 'NONE',  ( -6.085588248252449262, 0.2999999999999999889, -1.783137553356635596 ) ) ;
#11555 = COLOUR_RGB ( '',1.000000000000000000, 1.000000000000000000, 1.000000000000000000 ) ;
#11556 =( NAMED_UNIT ( * ) SI_UNIT ( $, .STERADIAN. ) SOLID_ANGLE_UNIT ( ) );
#11557 = LINE ( 'NONE', #591, #2832 ) ;
#11558 = EDGE_CURVE ( 'NONE', #7612, #11767, #11701, .T. ) ;
#11559 = PRESENTATION_LAYER_ASSIGNMENT (  '', '', ( #11987 ) ) ;
#11560 = SURFACE_STYLE_USAGE ( .BOTH. , #2366 ) ;
#11561 = AXIS2_PLACEMENT_3D ( 'NONE', #5753, #8016, #10943 ) ;
#11562 = FACE_OUTER_BOUND ( 'NONE', #3844, .T. ) ;
#11563 = PLANE ( 'NONE',  #4775 ) ;
#11564 = ORIENTED_EDGE ( 'NONE', *, *, #11544, .F. ) ;
#11565 = ORIENTED_EDGE ( 'NONE', *, *, #7289, .T. ) ;
#11566 = DIRECTION ( 'NONE',  ( 0.000000000000000000, -0.7071067811865482389, 0.7071067811865469066 ) ) ;
#11567 = ORIENTED_EDGE ( 'NONE', *, *, #1529, .T. ) ;
#11568 = VECTOR ( 'NONE', #766, 1000.000000000000000 ) ;
#11569 = FACE_OUTER_BOUND ( 'NONE', #7626, .T. ) ;
#11570 = PRESENTATION_STYLE_ASSIGNMENT (( #8708 ) ) ;
#11571 = DIRECTION ( 'NONE',  ( 0.9659258262890698665, -0.000000000000000000, 0.2588190451025146888 ) ) ;
#11572 = VECTOR ( 'NONE', #11464, 1000.000000000000000 ) ;
#11573 = CARTESIAN_POINT ( 'NONE',  ( 0.6849999999999989431, 3.999999999999999112, -0.5250000000000403233 ) ) ;
#11574 = FILL_AREA_STYLE_COLOUR ( '', #4462 ) ;
#11575 = AXIS2_PLACEMENT_3D ( 'NONE', #296, #10260, #7072 ) ;
#11576 = EDGE_CURVE ( 'NONE', #7656, #6923, #12627, .T. ) ;
#11577 = ORIENTED_EDGE ( 'NONE', *, *, #516, .F. ) ;
#11578 = VECTOR ( 'NONE', #1570, 1000.000000000000000 ) ;
#11579 = ORIENTED_EDGE ( 'NONE', *, *, #6257, .T. ) ;
#11580 = ORIENTED_EDGE ( 'NONE', *, *, #6649, .T. ) ;
#11581 = DIRECTION ( 'NONE',  ( 0.000000000000000000, 0.000000000000000000, -1.000000000000000000 ) ) ;
#11582 = LINE ( 'NONE', #10593, #12372 ) ;
#11583 = SURFACE_STYLE_USAGE ( .BOTH. , #488 ) ;
#11584 = VECTOR ( 'NONE', #3455, 1000.000000000000000 ) ;
#11585 = LINE ( 'NONE', #5780, #3228 ) ;
#11586 = CARTESIAN_POINT ( 'NONE',  ( 8.772648340921045176E-16, 2.100000000000007194, -1.450000000000040368 ) ) ;
#11587 = EDGE_CURVE ( 'NONE', #5207, #629, #4691, .T. ) ;
#11588 = CARTESIAN_POINT ( 'NONE',  ( -0.5650000000000012790, 3.999999999999999112, -0.5250000000000403233 ) ) ;
#11589 = FACE_OUTER_BOUND ( 'NONE', #1762, .T. ) ;
#11590 = LINE ( 'NONE', #4454, #3467 ) ;
#11591 = PRESENTATION_STYLE_ASSIGNMENT (( #7608 ) ) ;
#11592 = SURFACE_SIDE_STYLE ('',( #4339 ) ) ;
#11593 = CARTESIAN_POINT ( 'NONE',  ( -1.715000000000000746, 0.03083447080518480002, 0.1748709736949816407 ) ) ;
#11594 = VERTEX_POINT ( 'NONE', #5565 ) ;
#11595 = ORIENTED_EDGE ( 'NONE', *, *, #6907, .T. ) ;
#11596 = VERTEX_POINT ( 'NONE', #12692 ) ;
#11597 = PRESENTATION_LAYER_ASSIGNMENT (  '', '', ( #10111 ) ) ;
#11598 = ORIENTED_EDGE ( 'NONE', *, *, #1484, .F. ) ;
#11599 = STYLED_ITEM ( 'NONE', ( #1657 ), #10545 ) ;
#11600 = CARTESIAN_POINT ( 'NONE',  ( 3.284999999999998810, 0.4500000000000002331, 6.098637220230963674E-17 ) ) ;
#11601 = CARTESIAN_POINT ( 'NONE',  ( 4.535000000000000142, 0.2787990747163040517, -1.581148123764847258 ) ) ;
#11602 = EDGE_CURVE ( 'NONE', #12290, #12452, #2638, .T. ) ;
#11603 =( NAMED_UNIT ( * ) PLANE_ANGLE_UNIT ( ) SI_UNIT ( $, .RADIAN. ) );
#11604 = DIRECTION ( 'NONE',  ( 0.7071067811865472397, 0.7071067811865479058, 0.000000000000000000 ) ) ;
#11605 = EDGE_CURVE ( 'NONE', #4151, #6736, #12819, .T. ) ;
#11606 = COLOUR_RGB ( '',1.000000000000000000, 0.8117647058823529438, 0.5019607843137254832 ) ;
#11607 = FILL_AREA_STYLE_COLOUR ( '', #10353 ) ;
#11608 = LINE ( 'NONE', #9482, #10068 ) ;
#11609 = EDGE_CURVE ( 'NONE', #12950, #6009, #4634, .T. ) ;
#11610 = DIRECTION ( 'NONE',  ( 0.000000000000000000, -1.000000000000000000, 0.000000000000000000 ) ) ;
#11611 = STYLED_ITEM ( 'NONE', ( #2608 ), #12180 ) ;
#11612 = VECTOR ( 'NONE', #3364, 1000.000000000000000 ) ;
#11613 = EDGE_LOOP ( 'NONE', ( #4629, #2284, #4772, #734 ) ) ;
#11614 = LINE ( 'NONE', #7486, #10076 ) ;
#11615 = AXIS2_PLACEMENT_3D ( 'NONE', #4361, #11623, #9562 ) ;
#11616 = DIRECTION ( 'NONE',  ( 1.000000000000000000, 0.000000000000000000, 0.000000000000000000 ) ) ;
#11617 = ORIENTED_EDGE ( 'NONE', *, *, #12254, .F. ) ;
#11618 = CARTESIAN_POINT ( 'NONE',  ( 0.7849999999999992539, 0.000000000000000000, 0.000000000000000000 ) ) ;
#11619 = ORIENTED_EDGE ( 'NONE', *, *, #6669, .F. ) ;
#11620 = DIRECTION ( 'NONE',  ( 0.000000000000000000, 0.9063077870366520461, 0.4226182617406951114 ) ) ;
#11621 = COLOUR_RGB ( '',1.000000000000000000, 1.000000000000000000, 1.000000000000000000 ) ;
#11622 = CARTESIAN_POINT ( 'NONE',  ( -4.215000000000000746, 0.3499999999999999223, 2.350000000000004530 ) ) ;
#11623 = DIRECTION ( 'NONE',  ( -0.000000000000000000, 0.000000000000000000, -1.000000000000000000 ) ) ;
#11624 = VECTOR ( 'NONE', #3528, 1000.000000000000000 ) ;
#11625 = EDGE_CURVE ( 'NONE', #10087, #1601, #3445, .T. ) ;
#11626 = SURFACE_SIDE_STYLE ('',( #9502 ) ) ;
#11627 = UNCERTAINTY_MEASURE_WITH_UNIT (LENGTH_MEASURE( 1.000000000000000082E-05 ), #12944, 'distance_accuracy_value', 'NONE');
#11628 = EDGE_CURVE ( 'NONE', #9507, #10604, #11771, .T. ) ;
#11629 = PLANE ( 'NONE',  #3273 ) ;
#11630 = ADVANCED_FACE ( 'NONE', ( #10826 ), #602, .F. ) ;
#11631 = VECTOR ( 'NONE', #7065, 1000.000000000000000 ) ;
#11632 = SURFACE_STYLE_FILL_AREA ( #7639 ) ;
#11633 = DIRECTION ( 'NONE',  ( 0.000000000000000000, 0.000000000000000000, -1.000000000000000000 ) ) ;
#11634 = CARTESIAN_POINT ( 'NONE',  ( 4.535000000000000142, 0.000000000000000000, 0.000000000000000000 ) ) ;
#11635 = ORIENTED_EDGE ( 'NONE', *, *, #954, .T. ) ;
#11636 = ORIENTED_EDGE ( 'NONE', *, *, #4868, .T. ) ;
#11637 = CARTESIAN_POINT ( 'NONE',  ( 6.544999999999994600, 1.649999999999999023, 0.3500000000000039746 ) ) ;
#11638 = ORIENTED_EDGE ( 'NONE', *, *, #4626, .F. ) ;
#11639 =( LENGTH_UNIT ( ) NAMED_UNIT ( * ) SI_UNIT ( .MILLI., .METRE. ) );
#11640 = VECTOR ( 'NONE', #2531, 1000.000000000000000 ) ;
#11641 = CARTESIAN_POINT ( 'NONE',  ( 7.375000000000000888, 0.2999999999999999889, -1.849999999999996980 ) ) ;
#11642 = FILL_AREA_STYLE_COLOUR ( '', #9797 ) ;
#11643 = EDGE_CURVE ( 'NONE', #12422, #5098, #13136, .T. ) ;
#11644 = UNCERTAINTY_MEASURE_WITH_UNIT (LENGTH_MEASURE( 1.000000000000000082E-05 ), #5032, 'distance_accuracy_value', 'NONE');
#11645 = VECTOR ( 'NONE', #2224, 1000.000000000000000 ) ;
#11646 = CARTESIAN_POINT ( 'NONE',  ( 5.375000000000002665, 0.2999999999999999889, 0.9500000000000013989 ) ) ;
#11647 = FILL_AREA_STYLE_COLOUR ( '', #6108 ) ;
#11648 = CARTESIAN_POINT ( 'NONE',  ( 3.284999999999998810, 0.8750000000000022204, 0.8749999999999842348 ) ) ;
#11649 = AXIS2_PLACEMENT_3D ( 'NONE', #3929, #5981, #13092 ) ;
#11650 = SURFACE_SIDE_STYLE ('',( #665 ) ) ;
#11651 = VECTOR ( 'NONE', #1609, 1000.000000000000114 ) ;
#11652 = DIRECTION ( 'NONE',  ( -1.000000000000000000, -0.000000000000000000, -0.000000000000000000 ) ) ;
#11653 = VERTEX_POINT ( 'NONE', #11080 ) ;
#11654 = FILL_AREA_STYLE ('',( #12704 ) ) ;
#11655 = ORIENTED_EDGE ( 'NONE', *, *, #6595, .F. ) ;
#11656 = ORIENTED_EDGE ( 'NONE', *, *, #1909, .F. ) ;
#11657 = DIRECTION ( 'NONE',  ( 0.000000000000000000, -1.000000000000000000, 0.000000000000000000 ) ) ;
#11658 = DIRECTION ( 'NONE',  ( 0.000000000000000000, 0.7071067811865454633, -0.7071067811865495711 ) ) ;
#11659 =( NAMED_UNIT ( * ) SI_UNIT ( $, .STERADIAN. ) SOLID_ANGLE_UNIT ( ) );
#11660 = MECHANICAL_DESIGN_GEOMETRIC_PRESENTATION_REPRESENTATION (  '', ( #2299 ), #9531 ) ;
#11661 = CARTESIAN_POINT ( 'NONE',  ( -6.174999999999998046, 2.600000000000006306, -1.550000000000001821 ) ) ;
#11662 = LINE ( 'NONE', #3664, #3114 ) ;
#11663 = UNCERTAINTY_MEASURE_WITH_UNIT (LENGTH_MEASURE( 1.000000000000000082E-05 ), #727, 'distance_accuracy_value', 'NONE');
#11664 = DIRECTION ( 'NONE',  ( 0.000000000000000000, 1.000000000000000000, 0.000000000000000000 ) ) ;
#11665 = FACE_OUTER_BOUND ( 'NONE', #5306, .T. ) ;
#11666 = CARTESIAN_POINT ( 'NONE',  ( 4.214999999999999858, 3.548929149633788249, 0.000000000000000000 ) ) ;
#11667 = ORIENTED_EDGE ( 'NONE', *, *, #2631, .F. ) ;
#11668 = ORIENTED_EDGE ( 'NONE', *, *, #3293, .T. ) ;
#11669 = ORIENTED_EDGE ( 'NONE', *, *, #4700, .F. ) ;
#11670 = VERTEX_POINT ( 'NONE', #3027 ) ;
#11671 = FACE_OUTER_BOUND ( 'NONE', #6638, .T. ) ;
#11672 = CARTESIAN_POINT ( 'NONE',  ( -5.875000000000001776, 4.700000000000000178, 0.9499999999999869660 ) ) ;
#11673 = ADVANCED_FACE ( 'NONE', ( #4942 ), #13070, .F. ) ;
#11674 = PLANE ( 'NONE',  #2688 ) ;
#11675 = ADVANCED_FACE ( 'NONE', ( #2049 ), #13006, .T. ) ;
#11676 =( LENGTH_UNIT ( ) NAMED_UNIT ( * ) SI_UNIT ( .MILLI., .METRE. ) );
#11677 = FACE_OUTER_BOUND ( 'NONE', #11971, .T. ) ;
#11678 =( LENGTH_UNIT ( ) NAMED_UNIT ( * ) SI_UNIT ( .MILLI., .METRE. ) );
#11679 = SURFACE_STYLE_FILL_AREA ( #3556 ) ;
#11680 = ORIENTED_EDGE ( 'NONE', *, *, #8009, .T. ) ;
#11681 = EDGE_CURVE ( 'NONE', #962, #8676, #4822, .T. ) ;
#11682 = LINE ( 'NONE', #4477, #6294 ) ;
#11683 = ORIENTED_EDGE ( 'NONE', *, *, #5277, .F. ) ;
#11684 = DIRECTION ( 'NONE',  ( 0.000000000000000000, -1.000000000000000000, 0.000000000000000000 ) ) ;
#11685 = ORIENTED_EDGE ( 'NONE', *, *, #11760, .T. ) ;
#11686 = PLANE ( 'NONE',  #5655 ) ;
#11687 = SURFACE_STYLE_USAGE ( .BOTH. , #452 ) ;
#11688 = LINE ( 'NONE', #6625, #1855 ) ;
#11689 = FILL_AREA_STYLE ('',( #1704 ) ) ;
#11690 = PLANE ( 'NONE',  #4703 ) ;
#11691 = FACE_OUTER_BOUND ( 'NONE', #9653, .T. ) ;
#11692 = LINE ( 'NONE', #1654, #8496 ) ;
#11693 = CARTESIAN_POINT ( 'NONE',  ( 6.094999999999995310, 1.199999999999998623, -1.749999999999997558 ) ) ;
#11694 = CYLINDRICAL_SURFACE ( 'NONE', #6495, 0.4499999999999999001 ) ;
#11695 = ORIENTED_EDGE ( 'NONE', *, *, #10564, .F. ) ;
#11696 = EDGE_CURVE ( 'NONE', #2111, #2358, #6098, .T. ) ;
#11697 = VERTEX_POINT ( 'NONE', #9953 ) ;
#11698 = DIRECTION ( 'NONE',  ( 0.000000000000000000, -0.9848077530122087975, -0.1736481776669268895 ) ) ;
#11699 = ADVANCED_FACE ( 'NONE', ( #5954 ), #10016, .T. ) ;
#11700 = ORIENTED_EDGE ( 'NONE', *, *, #5131, .F. ) ;
#11701 = LINE ( 'NONE', #7769, #3735 ) ;
#11702 = STYLED_ITEM ( 'NONE', ( #9847 ), #6243 ) ;
#11703 = PLANE ( 'NONE',  #6419 ) ;
#11704 = PRESENTATION_STYLE_ASSIGNMENT (( #8646 ) ) ;
#11705 = CLOSED_SHELL ( 'NONE', ( #7864, #5114, #1871, #9675, #4922, #6482, #2517, #13123, #4121, #2478 ) ) ;
#11706 = FACE_OUTER_BOUND ( 'NONE', #3956, .T. ) ;
#11707 = LINE ( 'NONE', #479, #214 ) ;
#11708 = SURFACE_SIDE_STYLE ('',( #10777 ) ) ;
#11709 = FACE_OUTER_BOUND ( 'NONE', #11769, .T. ) ;
#11710 =( LENGTH_UNIT ( ) NAMED_UNIT ( * ) SI_UNIT ( .MILLI., .METRE. ) );
#11711 = AXIS2_PLACEMENT_3D ( 'NONE', #2853, #2982, #11040 ) ;
#11712 = EDGE_CURVE ( 'NONE', #3788, #9334, #191, .T. ) ;
#11713 = ORIENTED_EDGE ( 'NONE', *, *, #12374, .F. ) ;
#11714 = DIRECTION ( 'NONE',  ( -1.000000000000000000, 0.000000000000000000, 1.199542829132897993E-16 ) ) ;
#11715 = STYLED_ITEM ( 'NONE', ( #3174 ), #413 ) ;
#11716 = ORIENTED_EDGE ( 'NONE', *, *, #8575, .F. ) ;
#11717 = ORIENTED_EDGE ( 'NONE', *, *, #8210, .T. ) ;
#11718 = CARTESIAN_POINT ( 'NONE',  ( 0.000000000000000000, 2.100000000000005862, -1.850000000000001865 ) ) ;
#11719 = DIRECTION ( 'NONE',  ( -1.000000000000000000, 0.000000000000000000, 1.927470528863124078E-15 ) ) ;
#11720 = STYLED_ITEM ( 'NONE', ( #3818 ), #6727 ) ;
#11721 = SURFACE_STYLE_USAGE ( .BOTH. , #1555 ) ;
#11722 = LINE ( 'NONE', #8950, #8106 ) ;
#11723 = FACE_OUTER_BOUND ( 'NONE', #2230, .T. ) ;
#11724 = FILL_AREA_STYLE_COLOUR ( '', #11113 ) ;
#11725 = DIRECTION ( 'NONE',  ( -0.000000000000000000, -1.000000000000000000, 0.000000000000000000 ) ) ;
#11726 = PRESENTATION_STYLE_ASSIGNMENT (( #3857 ) ) ;
#11727 = EDGE_CURVE ( 'NONE', #3590, #9512, #5208, .T. ) ;
#11728 = CARTESIAN_POINT ( 'NONE',  ( -4.215000000000000746, 4.000000000000000000, -0.9250000000000404565 ) ) ;
#11729 = STYLED_ITEM ( 'NONE', ( #4793 ), #7960 ) ;
#11730 = MECHANICAL_DESIGN_GEOMETRIC_PRESENTATION_REPRESENTATION (  '', ( #261 ), #53 ) ;
#11731 = ORIENTED_EDGE ( 'NONE', *, *, #6147, .T. ) ;
#11732 = ORIENTED_EDGE ( 'NONE', *, *, #1450, .T. ) ;
#11733 = ORIENTED_EDGE ( 'NONE', *, *, #2004, .F. ) ;
#11734 =( GEOMETRIC_REPRESENTATION_CONTEXT ( 3 ) GLOBAL_UNCERTAINTY_ASSIGNED_CONTEXT ( ( #6433 ) ) GLOBAL_UNIT_ASSIGNED_CONTEXT ( ( #1460, #6742, #10858 ) ) REPRESENTATION_CONTEXT ( 'NONE', 'WORKASPACE' ) );
#11735 = EDGE_LOOP ( 'NONE', ( #5434, #7738, #8906, #3225, #12277, #1168, #9456, #10768 ) ) ;
#11736 = SURFACE_SIDE_STYLE ('',( #1577 ) ) ;
#11737 = LINE ( 'NONE', #6349, #12144 ) ;
#11738 = CARTESIAN_POINT ( 'NONE',  ( 2.964999999999998970, 1.749999999999999778, -0.3250000000000474176 ) ) ;
#11739 = CIRCLE ( 'NONE', #7704, 0.4499999999999999001 ) ;
#11740 = PLANE ( 'NONE',  #7721 ) ;
#11741 = AXIS2_PLACEMENT_3D ( 'NONE', #470, #3582, #4693 ) ;
#11742 = SURFACE_SIDE_STYLE ('',( #7745 ) ) ;
#11743 = DIRECTION ( 'NONE',  ( -0.000000000000000000, 4.858652729125647824E-17, 1.000000000000000000 ) ) ;
#11744 = STYLED_ITEM ( 'NONE', ( #4776 ), #956 ) ;
#11745 = ORIENTED_EDGE ( 'NONE', *, *, #6797, .F. ) ;
#11746 = ADVANCED_FACE ( 'NONE', ( #7360 ), #8287, .F. ) ;
#11747 = EDGE_CURVE ( 'NONE', #2953, #3073, #8231, .T. ) ;
#11748 = MECHANICAL_DESIGN_GEOMETRIC_PRESENTATION_REPRESENTATION (  '', ( #12160 ), #3871 ) ;
#11749 = DIRECTION ( 'NONE',  ( 0.000000000000000000, -0.7071067811865470176, -0.7071067811865481278 ) ) ;
#11750 = ORIENTED_EDGE ( 'NONE', *, *, #7457, .T. ) ;
#11751 = LINE ( 'NONE', #2620, #34 ) ;
#11752 = ORIENTED_EDGE ( 'NONE', *, *, #9315, .T. ) ;
#11753 =( LENGTH_UNIT ( ) NAMED_UNIT ( * ) SI_UNIT ( .MILLI., .METRE. ) );
#11754 = CARTESIAN_POINT ( 'NONE',  ( 4.535000000000000142, 4.000000000000000000, -0.9250000000000404565 ) ) ;
#11755 = VECTOR ( 'NONE', #10023, 1000.000000000000000 ) ;
#11756 = CARTESIAN_POINT ( 'NONE',  ( 3.284999999999998810, 0.2787990747163040517, -1.581148123764847258 ) ) ;
#11757 = CARTESIAN_POINT ( 'NONE',  ( 5.275000000000024336, 1.749999999999999778, -1.450000000000041034 ) ) ;
#11758 = FILL_AREA_STYLE ('',( #5493 ) ) ;
#11759 = UNCERTAINTY_MEASURE_WITH_UNIT (LENGTH_MEASURE( 1.000000000000000082E-05 ), #3344, 'distance_accuracy_value', 'NONE');
#11760 = EDGE_CURVE ( 'NONE', #8337, #7871, #7428, .T. ) ;
#11761 = LINE ( 'NONE', #4625, #5154 ) ;
#11762 = MECHANICAL_DESIGN_GEOMETRIC_PRESENTATION_REPRESENTATION (  '', ( #9824 ), #5140 ) ;
#11763 = DIRECTION ( 'NONE',  ( -0.5773502691896263972, -0.5773502691896237327, 0.5773502691896271743 ) ) ;
#11764 = EDGE_CURVE ( 'NONE', #2048, #10538, #10362, .T. ) ;
#11765 = CARTESIAN_POINT ( 'NONE',  ( -4.215000000000000746, 0.2999999999999997113, 1.449999999999998623 ) ) ;
#11766 = VECTOR ( 'NONE', #10792, 1000.000000000000000 ) ;
#11767 = VERTEX_POINT ( 'NONE', #7220 ) ;
#11768 = VECTOR ( 'NONE', #9958, 1000.000000000000000 ) ;
#11769 = EDGE_LOOP ( 'NONE', ( #7563, #10918, #9382, #9207, #6677 ) ) ;
#11770 = ORIENTED_EDGE ( 'NONE', *, *, #505, .F. ) ;
#11771 = LINE ( 'NONE', #2705, #12867 ) ;
#11772 = DIRECTION ( 'NONE',  ( 0.000000000000000000, -0.7071067811865482389, 0.7071067811865469066 ) ) ;
#11773 = VECTOR ( 'NONE', #3110, 1000.000000000000000 ) ;
#11774 = VECTOR ( 'NONE', #1837, 1000.000000000000000 ) ;
#11775 = LINE ( 'NONE', #12697, #7173 ) ;
#11776 = EDGE_CURVE ( 'NONE', #10738, #3282, #11220, .T. ) ;
#11777 = PRESENTATION_STYLE_ASSIGNMENT (( #6578 ) ) ;
#11778 = CARTESIAN_POINT ( 'NONE',  ( 0.7849999999999992539, 0.03083447080518480002, 0.1748709736949816407 ) ) ;
#11779 = EDGE_CURVE ( 'NONE', #10738, #3590, #6424, .T. ) ;
#11780 = MECHANICAL_DESIGN_GEOMETRIC_PRESENTATION_REPRESENTATION (  '', ( #7096 ), #11338 ) ;
#11781 = DIRECTION ( 'NONE',  ( 0.000000000000000000, -4.814824860968089633E-32, -1.000000000000000000 ) ) ;
#11782 = PLANE ( 'NONE',  #12436 ) ;
#11783 = COLOUR_RGB ( '',1.000000000000000000, 0.8117647058823529438, 0.5019607843137254832 ) ;
#11784 = ORIENTED_EDGE ( 'NONE', *, *, #11093, .T. ) ;
#11785 = CARTESIAN_POINT ( 'NONE',  ( 4.925000000000019362, 1.749999999999999778, 0.9499999999999856337 ) ) ;
#11786 = ORIENTED_EDGE ( 'NONE', *, *, #10628, .T. ) ;
#11787 = VERTEX_POINT ( 'NONE', #57 ) ;
#11788 = LINE ( 'NONE', #2653, #3103 ) ;
#11789 = CARTESIAN_POINT ( 'NONE',  ( -5.875000000000001776, 2.078323961923568053, 0.8000000000000005995 ) ) ;
#11790 = DIRECTION ( 'NONE',  ( -0.000000000000000000, 4.858652729125647824E-17, 1.000000000000000000 ) ) ;
#11791 = LINE ( 'NONE', #490, #4195 ) ;
#11793 = FILL_AREA_STYLE ('',( #11724 ) ) ;
#11792 = UNCERTAINTY_MEASURE_WITH_UNIT (LENGTH_MEASURE( 1.000000000000000082E-05 ), #11150, 'distance_accuracy_value', 'NONE');
#11794 = EDGE_CURVE ( 'NONE', #3726, #6440, #8161, .T. ) ;
#11795 = CARTESIAN_POINT ( 'NONE',  ( -3.285000000000000586, 1.749999999999999778, -1.125000000000033973 ) ) ;
#11796 = VECTOR ( 'NONE', #12773, 1000.000000000000000 ) ;
#11797 = EDGE_CURVE ( 'NONE', #4990, #13102, #11281, .T. ) ;
#11798 = DIRECTION ( 'NONE',  ( 1.000000000000000000, 0.000000000000000000, -0.000000000000000000 ) ) ;
#11799 = ADVANCED_FACE ( 'NONE', ( #2175 ), #11352, .F. ) ;
#11800 = CARTESIAN_POINT ( 'NONE',  ( -6.444999999999994955, 1.158578643762690819, -1.849999999999995426 ) ) ;
#11801 = ORIENTED_EDGE ( 'NONE', *, *, #2744, .F. ) ;
#11802 = VERTEX_POINT ( 'NONE', #1185 ) ;
#11803 = VERTEX_POINT ( 'NONE', #9282 ) ;
#11805 = EDGE_CURVE ( 'NONE', #10490, #2082, #3226, .T. ) ;
#11804 = EDGE_LOOP ( 'NONE', ( #2732, #3917, #4606, #1812 ) ) ;
#11806 = CARTESIAN_POINT ( 'NONE',  ( 2.034999999999999698, 0.3499999999999999223, 2.350000000000004530 ) ) ;
#11807 = SURFACE_SIDE_STYLE ('',( #3371 ) ) ;
#11808 =( LENGTH_UNIT ( ) NAMED_UNIT ( * ) SI_UNIT ( .MILLI., .METRE. ) );
#11809 = CARTESIAN_POINT ( 'NONE',  ( -1.715000000000000746, 0.4500000000000002331, 6.098637220230963674E-17 ) ) ;
#11810 = VECTOR ( 'NONE', #5581, 1000.000000000000000 ) ;
#11811 = CARTESIAN_POINT ( 'NONE',  ( -0.7850000000000010303, 0.000000000000000000, 0.000000000000000000 ) ) ;
#11812 =( LENGTH_UNIT ( ) NAMED_UNIT ( * ) SI_UNIT ( .MILLI., .METRE. ) );
#11813 = PLANE ( 'NONE',  #4749 ) ;
#11814 =( GEOMETRIC_REPRESENTATION_CONTEXT ( 3 ) GLOBAL_UNCERTAINTY_ASSIGNED_CONTEXT ( ( #4299 ) ) GLOBAL_UNIT_ASSIGNED_CONTEXT ( ( #2904, #6106, #6242 ) ) REPRESENTATION_CONTEXT ( 'NONE', 'WORKASPACE' ) );
#11815 = ORIENTED_EDGE ( 'NONE', *, *, #3083, .T. ) ;
#11816 = VECTOR ( 'NONE', #3710, 1000.000000000000000 ) ;
#11817 = VECTOR ( 'NONE', #5080, 1000.000000000000000 ) ;
#11818 =( NAMED_UNIT ( * ) PLANE_ANGLE_UNIT ( ) SI_UNIT ( $, .RADIAN. ) );
#11819 = VERTEX_POINT ( 'NONE', #5283 ) ;
#11820 = SURFACE_SIDE_STYLE ('',( #7945 ) ) ;
#11821 = ORIENTED_EDGE ( 'NONE', *, *, #3572, .T. ) ;
#11822 = CARTESIAN_POINT ( 'NONE',  ( -4.299999999999998934, 2.100000000000005418, -1.450000000000039702 ) ) ;
#11823 = LINE ( 'NONE', #3821, #5358 ) ;
#11824 = SURFACE_STYLE_FILL_AREA ( #2693 ) ;
#11825 = DIRECTION ( 'NONE',  ( -0.000000000000000000, 1.000000000000000000, -0.000000000000000000 ) ) ;
#11826 =( GEOMETRIC_REPRESENTATION_CONTEXT ( 3 ) GLOBAL_UNCERTAINTY_ASSIGNED_CONTEXT ( ( #11237 ) ) GLOBAL_UNIT_ASSIGNED_CONTEXT ( ( #11639, #5701, #2513 ) ) REPRESENTATION_CONTEXT ( 'NONE', 'WORKASPACE' ) );
#11827 = AXIS2_PLACEMENT_3D ( 'NONE', #9142, #3295, #8226 ) ;
#11828 = CARTESIAN_POINT ( 'NONE',  ( -0.4650000000000010236, 0.4500000000000000111, 1.850000000000004530 ) ) ;
#11829 = UNCERTAINTY_MEASURE_WITH_UNIT (LENGTH_MEASURE( 1.000000000000000082E-05 ), #13075, 'distance_accuracy_value', 'NONE');
#11830 = AXIS2_PLACEMENT_3D ( 'NONE', #3892, #12219, #4997 ) ;
#11831 = DIRECTION ( 'NONE',  ( 0.000000000000000000, 0.000000000000000000, -1.000000000000000000 ) ) ;
#11832 = ORIENTED_EDGE ( 'NONE', *, *, #7615, .T. ) ;
#11833 = ORIENTED_EDGE ( 'NONE', *, *, #10848, .T. ) ;
#11834 = DIRECTION ( 'NONE',  ( 0.000000000000000000, 1.000000000000000000, -4.858652729125647208E-17 ) ) ;
#11836 = EDGE_CURVE ( 'NONE', #9636, #10071, #9348, .T. ) ;
#11835 = AXIS2_PLACEMENT_3D ( 'NONE', #2883, #1766, #5944 ) ;
#11837 = VECTOR ( 'NONE', #6195, 1000.000000000000000 ) ;
#11838 = ORIENTED_EDGE ( 'NONE', *, *, #6273, .F. ) ;
#11839 = CARTESIAN_POINT ( 'NONE',  ( -7.374999999999995559, 3.281777730845507692E-15, -1.850000000000001865 ) ) ;
#11840 = PRESENTATION_STYLE_ASSIGNMENT (( #10017 ) ) ;
#11841 = DIRECTION ( 'NONE',  ( -0.000000000000000000, -1.000000000000000000, 0.000000000000000000 ) ) ;
#11842 = SURFACE_SIDE_STYLE ('',( #7713 ) ) ;
#11843 = EDGE_CURVE ( 'NONE', #11881, #4990, #8750, .T. ) ;
#11844 = CARTESIAN_POINT ( 'NONE',  ( 0.4649999999999992473, 0.000000000000000000, 0.000000000000000000 ) ) ;
#11845 = EDGE_CURVE ( 'NONE', #10214, #2838, #6693, .T. ) ;
#11846 = PRESENTATION_STYLE_ASSIGNMENT (( #1542 ) ) ;
#11847 = AXIS2_PLACEMENT_3D ( 'NONE', #12125, #9184, #2014 ) ;
#11848 = FACE_OUTER_BOUND ( 'NONE', #10000, .T. ) ;
#11849 = CARTESIAN_POINT ( 'NONE',  ( 3.284999999999998810, 1.749999999999999778, -0.3250000000000474176 ) ) ;
#11850 = COLOUR_RGB ( '',0.7921568627450980005, 0.8196078431372548767, 0.9333333333333333481 ) ;
#11851 = VECTOR ( 'NONE', #5389, 1000.000000000000000 ) ;
#11852 = VERTEX_POINT ( 'NONE', #1517 ) ;
#11853 = FILL_AREA_STYLE ('',( #7783 ) ) ;
#11854 = EDGE_CURVE ( 'NONE', #2842, #11480, #5490, .T. ) ;
#11855 = VERTEX_POINT ( 'NONE', #11822 ) ;
#11856 = ORIENTED_EDGE ( 'NONE', *, *, #8222, .F. ) ;
#11857 = DIRECTION ( 'NONE',  ( 0.000000000000000000, -1.000000000000000000, 0.000000000000000000 ) ) ;
#11858 = CARTESIAN_POINT ( 'NONE',  ( 2.034999999999999698, 0.000000000000000000, 0.000000000000000000 ) ) ;
#11859 = ADVANCED_FACE ( 'NONE', ( #10757 ), #9623, .F. ) ;
#11860 = LINE ( 'NONE', #6590, #5351 ) ;
#11861 = PRESENTATION_LAYER_ASSIGNMENT (  '', '', ( #2074 ) ) ;
#11862 = FILL_AREA_STYLE ('',( #11981 ) ) ;
#11863 = DIRECTION ( 'NONE',  ( 0.000000000000000000, -0.000000000000000000, 1.000000000000000000 ) ) ;
#11864 =( LENGTH_UNIT ( ) NAMED_UNIT ( * ) SI_UNIT ( .MILLI., .METRE. ) );
#11865 = LINE ( 'NONE', #817, #11143 ) ;
#11866 = VERTEX_POINT ( 'NONE', #12675 ) ;
#11867 = PLANE ( 'NONE',  #3716 ) ;
#11868 = VERTEX_POINT ( 'NONE', #1594 ) ;
#11869 = EDGE_LOOP ( 'NONE', ( #702, #10400, #4705, #8890 ) ) ;
#11870 = AXIS2_PLACEMENT_3D ( 'NONE', #4543, #12861, #9614 ) ;
#11871 = EDGE_LOOP ( 'NONE', ( #4270, #1099, #12255, #3008, #12424, #1990 ) ) ;
#11872 = DIRECTION ( 'NONE',  ( 0.000000000000000000, -0.7071067811865482389, -0.7071067811865469066 ) ) ;
#11873 = DIRECTION ( 'NONE',  ( 1.000000000000000000, -0.000000000000000000, 0.000000000000000000 ) ) ;
#11874 =( NAMED_UNIT ( * ) PLANE_ANGLE_UNIT ( ) SI_UNIT ( $, .RADIAN. ) );
#11875 = CARTESIAN_POINT ( 'NONE',  ( -2.965000000000000746, 0.3499999999999999223, 2.350000000000004530 ) ) ;
#11876 = DIRECTION ( 'NONE',  ( 0.000000000000000000, -0.9848077530122087975, -0.1736481776669268895 ) ) ;
#11877 = ORIENTED_EDGE ( 'NONE', *, *, #1110, .T. ) ;
#11878 = EDGE_CURVE ( 'NONE', #10303, #10490, #7492, .T. ) ;
#11879 = EDGE_CURVE ( 'NONE', #6922, #2371, #645, .T. ) ;
#11880 = VERTEX_POINT ( 'NONE', #3430 ) ;
#11881 = VERTEX_POINT ( 'NONE', #3498 ) ;
#11882 = CARTESIAN_POINT ( 'NONE',  ( 6.094999999999995310, 0.4499999999999999001, 0.3500000000000039746 ) ) ;
#11883 =( NAMED_UNIT ( * ) SI_UNIT ( $, .STERADIAN. ) SOLID_ANGLE_UNIT ( ) );
#11884 = PRESENTATION_STYLE_ASSIGNMENT (( #11068 ) ) ;
#11885 = FILL_AREA_STYLE ('',( #7826 ) ) ;
#11886 = UNCERTAINTY_MEASURE_WITH_UNIT (LENGTH_MEASURE( 1.000000000000000082E-05 ), #10563, 'distance_accuracy_value', 'NONE');
#11887 = VECTOR ( 'NONE', #9631, 1000.000000000000000 ) ;
#11888 = FACE_OUTER_BOUND ( 'NONE', #2713, .T. ) ;
#11889 = CARTESIAN_POINT ( 'NONE',  ( 4.214999999999999858, 1.083335593717822357E-31, 2.250000000000004441 ) ) ;
#11890 = ADVANCED_FACE ( 'NONE', ( #391 ), #5420, .F. ) ;
#11891 = DIRECTION ( 'NONE',  ( 0.000000000000000000, -1.355252715606880049E-16, 1.000000000000000000 ) ) ;
#11892 = ORIENTED_EDGE ( 'NONE', *, *, #2752, .T. ) ;
#11893 = ORIENTED_EDGE ( 'NONE', *, *, #5130, .F. ) ;
#11894 =( NAMED_UNIT ( * ) PLANE_ANGLE_UNIT ( ) SI_UNIT ( $, .RADIAN. ) );
#11895 =( LENGTH_UNIT ( ) NAMED_UNIT ( * ) SI_UNIT ( .MILLI., .METRE. ) );
#11896 = FILL_AREA_STYLE ('',( #7833 ) ) ;
#11897 = CARTESIAN_POINT ( 'NONE',  ( -2.965000000000000746, 0.2999999999999997113, 1.449999999999998623 ) ) ;
#11898 = LINE ( 'NONE', #7026, #6959 ) ;
#11899 = SURFACE_SIDE_STYLE ('',( #7900 ) ) ;
#11900 = FILL_AREA_STYLE_COLOUR ( '', #7091 ) ;
#11901 = DIRECTION ( 'NONE',  ( 0.7071067811865474617, -0.7071067811865474617, 0.000000000000000000 ) ) ;
#11902 = FACE_OUTER_BOUND ( 'NONE', #4771, .T. ) ;
#11903 = ORIENTED_EDGE ( 'NONE', *, *, #7303, .T. ) ;
#11904 = PLANE ( 'NONE',  #8624 ) ;
#11905 = ADVANCED_FACE ( 'NONE', ( #8494 ), #11686, .F. ) ;
#11906 = EDGE_LOOP ( 'NONE', ( #1284, #5265, #6476, #6077 ) ) ;
#11907 = ORIENTED_EDGE ( 'NONE', *, *, #7834, .T. ) ;
#11908 = PLANE ( 'NONE',  #8851 ) ;
#11909 = CARTESIAN_POINT ( 'NONE',  ( 3.284999999999998810, 1.749999999999999778, -1.125000000000033973 ) ) ;
#11910 = DIRECTION ( 'NONE',  ( -0.000000000000000000, -0.000000000000000000, 1.000000000000000000 ) ) ;
#11911 = DIRECTION ( 'NONE',  ( -1.000000000000000000, 0.000000000000000000, -0.000000000000000000 ) ) ;
#11913 = SURFACE_STYLE_USAGE ( .BOTH. , #2594 ) ;
#11912 = UNCERTAINTY_MEASURE_WITH_UNIT (LENGTH_MEASURE( 1.000000000000000082E-05 ), #13125, 'distance_accuracy_value', 'NONE');
#11914 = LINE ( 'NONE', #7797, #2400 ) ;
#11915 = MECHANICAL_DESIGN_GEOMETRIC_PRESENTATION_REPRESENTATION (  '', ( #5955 ), #4040 ) ;
#11916 =( NAMED_UNIT ( * ) PLANE_ANGLE_UNIT ( ) SI_UNIT ( $, .RADIAN. ) );
#11917 = EDGE_CURVE ( 'NONE', #2376, #417, #11066, .T. ) ;
#11918 = EDGE_CURVE ( 'NONE', #2842, #767, #1960, .T. ) ;
#11919 = VECTOR ( 'NONE', #7253, 1000.000000000000000 ) ;
#11920 = ORIENTED_EDGE ( 'NONE', *, *, #2961, .T. ) ;
#11921 = EDGE_CURVE ( 'NONE', #419, #3395, #4017, .T. ) ;
#11922 = ORIENTED_EDGE ( 'NONE', *, *, #12715, .F. ) ;
#11923 = ORIENTED_EDGE ( 'NONE', *, *, #9584, .T. ) ;
#11924 = ORIENTED_EDGE ( 'NONE', *, *, #4637, .F. ) ;
#11925 = DIRECTION ( 'NONE',  ( 0.000000000000000000, 0.9848077530122087975, -0.1736481776669264454 ) ) ;
#11926 = DIRECTION ( 'NONE',  ( -1.000000000000000000, -0.000000000000000000, -0.000000000000000000 ) ) ;
#11927 = CARTESIAN_POINT ( 'NONE',  ( 5.375000000000002665, -1.029563014098701546, -0.9500000000000006217 ) ) ;
#11928 = DIRECTION ( 'NONE',  ( 0.000000000000000000, 1.000000000000000000, 0.000000000000000000 ) ) ;
#11929 =( GEOMETRIC_REPRESENTATION_CONTEXT ( 3 ) GLOBAL_UNCERTAINTY_ASSIGNED_CONTEXT ( ( #5639 ) ) GLOBAL_UNIT_ASSIGNED_CONTEXT ( ( #7974, #268, #2255 ) ) REPRESENTATION_CONTEXT ( 'NONE', 'WORKASPACE' ) );
#11930 = SURFACE_STYLE_FILL_AREA ( #2087 ) ;
#11931 = CARTESIAN_POINT ( 'NONE',  ( -3.285000000000000586, 0.2787990747163040517, -1.581148123764847258 ) ) ;
#11932 = DIRECTION ( 'NONE',  ( 0.000000000000000000, -0.9848077530122087975, 0.1736481776669264454 ) ) ;
#11933 = ADVANCED_FACE ( 'NONE', ( #1891 ), #10938, .F. ) ;
#11934 = MECHANICAL_DESIGN_GEOMETRIC_PRESENTATION_REPRESENTATION (  '', ( #8945 ), #11077 ) ;
#11935 = DIRECTION ( 'NONE',  ( 1.807003620809178576E-16, 0.000000000000000000, 1.000000000000000000 ) ) ;
#11936 = ADVANCED_FACE ( 'NONE', ( #10003 ), #10816, .F. ) ;
#11937 = ORIENTED_EDGE ( 'NONE', *, *, #8709, .T. ) ;
#11938 = FACE_OUTER_BOUND ( 'NONE', #324, .T. ) ;
#11939 = COLOUR_RGB ( '',1.000000000000000000, 1.000000000000000000, 1.000000000000000000 ) ;
#11940 = ORIENTED_EDGE ( 'NONE', *, *, #2644, .F. ) ;
#11941 = EDGE_LOOP ( 'NONE', ( #6788, #3848, #753, #7599, #7287, #11147, #2372, #10181 ) ) ;
#11942 = CARTESIAN_POINT ( 'NONE',  ( 6.544999999999994600, 1.399999999999998579, -1.749999999999997558 ) ) ;
#11943 = ORIENTED_EDGE ( 'NONE', *, *, #7720, .T. ) ;
#11944 = DIRECTION ( 'NONE',  ( -0.2810846377148067954, -0.6785983445458554364, -0.6785983445458442231 ) ) ;
#11945 = VECTOR ( 'NONE', #7361, 1000.000000000000000 ) ;
#11946 = CARTESIAN_POINT ( 'NONE',  ( 7.074999999999998401, -0.9059928172283340242, -1.550000000000001599 ) ) ;
#11947 =( NAMED_UNIT ( * ) PLANE_ANGLE_UNIT ( ) SI_UNIT ( $, .RADIAN. ) );
#11948 = CARTESIAN_POINT ( 'NONE',  ( -0.4650000000000010236, 0.000000000000000000, 0.000000000000000000 ) ) ;
#11949 = DIRECTION ( 'NONE',  ( -0.000000000000000000, 0.000000000000000000, 1.000000000000000000 ) ) ;
#11950 = STYLED_ITEM ( 'NONE', ( #12916 ), #693 ) ;
#11951 = EDGE_CURVE ( 'NONE', #12452, #3331, #705, .T. ) ;
#11952 = PLANE ( 'NONE',  #3182 ) ;
#11953 = AXIS2_PLACEMENT_3D ( 'NONE', #4424, #1464, #9751 ) ;
#11954 = DIRECTION ( 'NONE',  ( -1.000000000000000000, 0.000000000000000000, 0.000000000000000000 ) ) ;
#11955 = AXIS2_PLACEMENT_3D ( 'NONE', #3962, #8012, #5945 ) ;
#11956 = ORIENTED_EDGE ( 'NONE', *, *, #9523, .F. ) ;
#11957 = AXIS2_PLACEMENT_3D ( 'NONE', #5910, #6975, #7976 ) ;
#11958 = ORIENTED_EDGE ( 'NONE', *, *, #1361, .F. ) ;
#11959 = DIRECTION ( 'NONE',  ( 0.000000000000000000, -1.000000000000000000, 0.000000000000000000 ) ) ;
#11960 = FACE_OUTER_BOUND ( 'NONE', #3755, .T. ) ;
#11961 = FILL_AREA_STYLE_COLOUR ( '', #7687 ) ;
#11962 = EDGE_CURVE ( 'NONE', #6265, #8119, #7824, .T. ) ;
#11963 = STYLED_ITEM ( 'NONE', ( #310 ), #8759 ) ;
#11964 = LINE ( 'NONE', #6895, #6411 ) ;
#11965 = PRESENTATION_STYLE_ASSIGNMENT (( #8895 ) ) ;
#11966 = AXIS2_PLACEMENT_3D ( 'NONE', #8513, #540, #474 ) ;
#11967 = DIRECTION ( 'NONE',  ( -1.000000000000000000, -0.000000000000000000, -0.000000000000000000 ) ) ;
#11968 = DIRECTION ( 'NONE',  ( -1.000000000000000000, 0.000000000000000000, 0.000000000000000000 ) ) ;
#11969 = VECTOR ( 'NONE', #13027, 1000.000000000000000 ) ;
#11970 = ORIENTED_EDGE ( 'NONE', *, *, #2497, .T. ) ;
#11971 = EDGE_LOOP ( 'NONE', ( #5698, #4937, #5548, #12779, #2950, #8072 ) ) ;
#11972 = ORIENTED_EDGE ( 'NONE', *, *, #9971, .T. ) ;
#11973 = LINE ( 'NONE', #998, #5836 ) ;
#11974 = STYLED_ITEM ( 'NONE', ( #8994 ), #2006 ) ;
#11976 = MECHANICAL_DESIGN_GEOMETRIC_PRESENTATION_REPRESENTATION (  '', ( #4107 ), #8993 ) ;
#11975 = DIRECTION ( 'NONE',  ( 0.000000000000000000, 0.7071067811865482389, 0.7071067811865469066 ) ) ;
#11977 = PRESENTATION_STYLE_ASSIGNMENT (( #8105 ) ) ;
#11978 = CARTESIAN_POINT ( 'NONE',  ( -4.535000000000001030, 0.3000000000000002665, 4.065758146820583696E-17 ) ) ;
#11979 = FILL_AREA_STYLE_COLOUR ( '', #4407 ) ;
#11980 = DIRECTION ( 'NONE',  ( 0.000000000000000000, -0.9848077530122087975, -0.1736481776669268895 ) ) ;
#11981 = FILL_AREA_STYLE_COLOUR ( '', #12191 ) ;
#11982 = VECTOR ( 'NONE', #8158, 1000.000000000000000 ) ;
#11983 = CARTESIAN_POINT ( 'NONE',  ( 2.034999999999999698, 0.000000000000000000, 0.000000000000000000 ) ) ;
#11984 = FILL_AREA_STYLE ('',( #7798 ) ) ;
#11985 = FACE_OUTER_BOUND ( 'NONE', #7782, .T. ) ;
#11986 = CARTESIAN_POINT ( 'NONE',  ( 4.214999999999999858, 3.548929149633788249, -1.004535961130712751 ) ) ;
#11987 = STYLED_ITEM ( 'NONE', ( #2073 ), #2323 ) ;
#11988 = DIRECTION ( 'NONE',  ( 0.000000000000000000, 0.000000000000000000, 1.000000000000000000 ) ) ;
#11989 = STYLED_ITEM ( 'NONE', ( #13061 ), #1682 ) ;
#11990 = ORIENTED_EDGE ( 'NONE', *, *, #8167, .T. ) ;
#11991 = MECHANICAL_DESIGN_GEOMETRIC_PRESENTATION_REPRESENTATION (  '', ( #3276 ), #7949 ) ;
#11992 = ORIENTED_EDGE ( 'NONE', *, *, #4862, .T. ) ;
#11993 = EDGE_LOOP ( 'NONE', ( #6300, #11266, #8191, #8842 ) ) ;
#11994 = EDGE_CURVE ( 'NONE', #3686, #9160, #3960, .T. ) ;
#11995 = DIRECTION ( 'NONE',  ( 8.720152132796400008E-17, 0.7071067811865475727, 0.7071067811865475727 ) ) ;
#11996 = CARTESIAN_POINT ( 'NONE',  ( -6.875000000000006217, 1.650000000000000799, -1.849999999999996092 ) ) ;
#11997 = MECHANICAL_DESIGN_GEOMETRIC_PRESENTATION_REPRESENTATION (  '', ( #5604 ), #8372 ) ;
#11998 = FILL_AREA_STYLE_COLOUR ( '', #4076 ) ;
#11999 = PRESENTATION_STYLE_ASSIGNMENT (( #759 ) ) ;
#12000 = CARTESIAN_POINT ( 'NONE',  ( 4.535000000000000142, 0.03083447080518480002, 0.1748709736949816407 ) ) ;
#12001 = PLANE ( 'NONE',  #1760 ) ;
#12002 = FILL_AREA_STYLE ('',( #3875 ) ) ;
#12003 = EDGE_CURVE ( 'NONE', #2539, #1080, #10873, .T. ) ;
#12004 = VECTOR ( 'NONE', #2338, 1000.000000000000000 ) ;
#12005 = CARTESIAN_POINT ( 'NONE',  ( 5.275000000000024336, 4.400000000000000355, 0.2249377794898753391 ) ) ;
#12006 = VECTOR ( 'NONE', #497, 1000.000000000000000 ) ;
#12007 = ORIENTED_EDGE ( 'NONE', *, *, #7654, .T. ) ;
#12008 = PRESENTATION_STYLE_ASSIGNMENT (( #8208 ) ) ;
#12009 = ORIENTED_EDGE ( 'NONE', *, *, #1155, .F. ) ;
#12010 = VERTEX_POINT ( 'NONE', #8011 ) ;
#12011 =( LENGTH_UNIT ( ) NAMED_UNIT ( * ) SI_UNIT ( .MILLI., .METRE. ) );
#12013 = EDGE_CURVE ( 'NONE', #9055, #3380, #6876, .T. ) ;
#12012 =( GEOMETRIC_REPRESENTATION_CONTEXT ( 3 ) GLOBAL_UNCERTAINTY_ASSIGNED_CONTEXT ( ( #6181 ) ) GLOBAL_UNIT_ASSIGNED_CONTEXT ( ( #7597, #10648, #9589 ) ) REPRESENTATION_CONTEXT ( 'NONE', 'WORKASPACE' ) );
#12014 = EDGE_LOOP ( 'NONE', ( #12170, #7125, #9924, #9210 ) ) ;
#12015 = DIRECTION ( 'NONE',  ( 0.000000000000000000, 0.000000000000000000, -1.000000000000000000 ) ) ;
#12016 =( LENGTH_UNIT ( ) NAMED_UNIT ( * ) SI_UNIT ( .MILLI., .METRE. ) );
#12017 = DIRECTION ( 'NONE',  ( -0.000000000000000000, -0.000000000000000000, -1.000000000000000000 ) ) ;
#12018 =( LENGTH_UNIT ( ) NAMED_UNIT ( * ) SI_UNIT ( .MILLI., .METRE. ) );
#12019 = ADVANCED_FACE ( 'NONE', ( #3887 ), #7947, .F. ) ;
#12020 = FACE_OUTER_BOUND ( 'NONE', #10012, .T. ) ;
#12021 = DIRECTION ( 'NONE',  ( 1.000000000000000000, 0.000000000000000000, -1.291815354450813432E-16 ) ) ;
#12022 = PRESENTATION_LAYER_ASSIGNMENT (  '', '', ( #4363 ) ) ;
#12023 = VECTOR ( 'NONE', #5026, 1000.000000000000000 ) ;
#12024 = CARTESIAN_POINT ( 'NONE',  ( -4.215000000000000746, 0.4500000000000000111, 1.850000000000004530 ) ) ;
#12025 = ORIENTED_EDGE ( 'NONE', *, *, #9823, .T. ) ;
#12026 = PRESENTATION_LAYER_ASSIGNMENT (  '', '', ( #3290 ) ) ;
#12027 = DIRECTION ( 'NONE',  ( 0.000000000000000000, 1.355252715606860081E-16, -1.000000000000000000 ) ) ;
#12028 = EDGE_CURVE ( 'NONE', #5858, #11247, #7343, .T. ) ;
#12029 = ORIENTED_EDGE ( 'NONE', *, *, #6517, .T. ) ;
#12030 = DIRECTION ( 'NONE',  ( -0.000000000000000000, 4.858652729125647824E-17, 1.000000000000000000 ) ) ;
#12031 = EDGE_CURVE ( 'NONE', #6228, #5760, #9406, .T. ) ;
#12032 =( NAMED_UNIT ( * ) PLANE_ANGLE_UNIT ( ) SI_UNIT ( $, .RADIAN. ) );
#12033 =( LENGTH_UNIT ( ) NAMED_UNIT ( * ) SI_UNIT ( .MILLI., .METRE. ) );
#12034 = EDGE_CURVE ( 'NONE', #10268, #6678, #303, .T. ) ;
#12035 = VECTOR ( 'NONE', #6491, 1000.000000000000000 ) ;
#12036 = PLANE ( 'NONE',  #8748 ) ;
#12037 = PRESENTATION_LAYER_ASSIGNMENT (  '', '', ( #12246 ) ) ;
#12038 = LINE ( 'NONE', #6035, #1695 ) ;
#12039 = DIRECTION ( 'NONE',  ( 1.000000000000000000, 0.000000000000000000, 0.000000000000000000 ) ) ;
#12040 =( LENGTH_UNIT ( ) NAMED_UNIT ( * ) SI_UNIT ( .MILLI., .METRE. ) );
#12041 = VECTOR ( 'NONE', #1833, 1000.000000000000000 ) ;
#12042 = VECTOR ( 'NONE', #12319, 1000.000000000000000 ) ;
#12043 = ORIENTED_EDGE ( 'NONE', *, *, #1064, .T. ) ;
#12044 = SURFACE_STYLE_USAGE ( .BOTH. , #735 ) ;
#12045 = ORIENTED_EDGE ( 'NONE', *, *, #2597, .F. ) ;
#12046 = DIRECTION ( 'NONE',  ( 1.176083712526648949E-16, -0.000000000000000000, 1.000000000000000000 ) ) ;
#12047 = AXIS2_PLACEMENT_3D ( 'NONE', #12994, #6151, #10203 ) ;
#12048 = EDGE_CURVE ( 'NONE', #4971, #9403, #7144, .T. ) ;
#12049 = LINE ( 'NONE', #9908, #5754 ) ;
#12050 = LINE ( 'NONE', #5085, #6219 ) ;
#12051 = PRESENTATION_LAYER_ASSIGNMENT (  '', '', ( #4602 ) ) ;
#12052 = PRESENTATION_LAYER_ASSIGNMENT (  '', '', ( #7968 ) ) ;
#12054 = LINE ( 'NONE', #2914, #937 ) ;
#12053 = UNCERTAINTY_MEASURE_WITH_UNIT (LENGTH_MEASURE( 1.000000000000000082E-05 ), #9572, 'distance_accuracy_value', 'NONE');
#12055 =( LENGTH_UNIT ( ) NAMED_UNIT ( * ) SI_UNIT ( .MILLI., .METRE. ) );
#12056 = DIRECTION ( 'NONE',  ( 0.000000000000000000, 0.000000000000000000, 1.000000000000000000 ) ) ;
#12057 = MECHANICAL_DESIGN_GEOMETRIC_PRESENTATION_REPRESENTATION (  '', ( #5462 ), #10990 ) ;
#12058 =( NAMED_UNIT ( * ) PLANE_ANGLE_UNIT ( ) SI_UNIT ( $, .RADIAN. ) );
#12059 = VECTOR ( 'NONE', #7743, 1000.000000000000000 ) ;
#12060 = FILL_AREA_STYLE ('',( #3860 ) ) ;
#12061 = VERTEX_POINT ( 'NONE', #9267 ) ;
#12062 = VERTEX_POINT ( 'NONE', #113 ) ;
#12063 =( NAMED_UNIT ( * ) PLANE_ANGLE_UNIT ( ) SI_UNIT ( $, .RADIAN. ) );
#12064 = ORIENTED_EDGE ( 'NONE', *, *, #6224, .F. ) ;
#12065 = ORIENTED_EDGE ( 'NONE', *, *, #1684, .F. ) ;
#12066 = LINE ( 'NONE', #24, #5870 ) ;
#12067 = CARTESIAN_POINT ( 'NONE',  ( 2.034999999999999698, 0.03083447080518480002, 0.1748709736949816407 ) ) ;
#12068 = AXIS2_PLACEMENT_3D ( 'NONE', #9259, #7260, #2402 ) ;
#12069 = CARTESIAN_POINT ( 'NONE',  ( -4.299999999999998934, 2.100000000000005418, -1.850000000000001865 ) ) ;
#12070 = VECTOR ( 'NONE', #6911, 1000.000000000000114 ) ;
#12071 =( LENGTH_UNIT ( ) NAMED_UNIT ( * ) SI_UNIT ( .MILLI., .METRE. ) );
#12072 = FILL_AREA_STYLE_COLOUR ( '', #11606 ) ;
#12073 = DIRECTION ( 'NONE',  ( 0.000000000000000000, 0.7071067811865482389, 0.7071067811865469066 ) ) ;
#12074 = LINE ( 'NONE', #6745, #12832 ) ;
#12075 = PRESENTATION_STYLE_ASSIGNMENT (( #887 ) ) ;
#12076 = VECTOR ( 'NONE', #5444, 1000.000000000000000 ) ;
#12077 = ORIENTED_EDGE ( 'NONE', *, *, #11760, .F. ) ;
#12078 =( NAMED_UNIT ( * ) SI_UNIT ( $, .STERADIAN. ) SOLID_ANGLE_UNIT ( ) );
#12079 = VERTEX_POINT ( 'NONE', #11330 ) ;
#12080 = ORIENTED_EDGE ( 'NONE', *, *, #11962, .F. ) ;
#12081 = VERTEX_POINT ( 'NONE', #10200 ) ;
#12082 = DIRECTION ( 'NONE',  ( 1.000000000000000000, -0.000000000000000000, -0.000000000000000000 ) ) ;
#12083 = EDGE_CURVE ( 'NONE', #6511, #629, #11138, .T. ) ;
#12084 = VERTEX_POINT ( 'NONE', #10269 ) ;
#12085 = SURFACE_SIDE_STYLE ('',( #6943 ) ) ;
#12086 = FACE_OUTER_BOUND ( 'NONE', #6344, .T. ) ;
#12087 = DIRECTION ( 'NONE',  ( 0.000000000000000000, 0.000000000000000000, 1.000000000000000000 ) ) ;
#12089 = PRESENTATION_LAYER_ASSIGNMENT (  '', '', ( #4630 ) ) ;
#12088 = DIRECTION ( 'NONE',  ( -0.000000000000000000, -0.000000000000000000, 1.000000000000000000 ) ) ;
#12090 = SURFACE_STYLE_FILL_AREA ( #8019 ) ;
#12091 = EDGE_CURVE ( 'NONE', #767, #4375, #10141, .T. ) ;
#12092 = FILL_AREA_STYLE ('',( #4935 ) ) ;
#12093 = ORIENTED_EDGE ( 'NONE', *, *, #662, .T. ) ;
#12094 =( NAMED_UNIT ( * ) SI_UNIT ( $, .STERADIAN. ) SOLID_ANGLE_UNIT ( ) );
#12095 = ORIENTED_EDGE ( 'NONE', *, *, #8437, .T. ) ;
#12096 = CARTESIAN_POINT ( 'NONE',  ( -0.2648978426248198015, 0.2565727441013923582, 0.1350672255343199901 ) ) ;
#12097 = SURFACE_STYLE_USAGE ( .BOTH. , #10827 ) ;
#12098 = SURFACE_STYLE_FILL_AREA ( #7021 ) ;
#12099 = CARTESIAN_POINT ( 'NONE',  ( 0.5649999999999995026, 4.000000000000000000, -0.9250000000000404565 ) ) ;
#12100 = SURFACE_STYLE_FILL_AREA ( #9894 ) ;
#12101 = LINE ( 'NONE', #2959, #2603 ) ;
#12102 = DIRECTION ( 'NONE',  ( -0.000000000000000000, 0.1736481776669264454, 0.9848077530122087975 ) ) ;
#12103 =( NAMED_UNIT ( * ) PLANE_ANGLE_UNIT ( ) SI_UNIT ( $, .RADIAN. ) );
#12104 = EDGE_CURVE ( 'NONE', #4166, #12084, #3141, .T. ) ;
#12105 = LINE ( 'NONE', #4109, #5843 ) ;
#12106 = VECTOR ( 'NONE', #3631, 1000.000000000000000 ) ;
#12107 = PLANE ( 'NONE',  #6460 ) ;
#12108 = EDGE_CURVE ( 'NONE', #10117, #8352, #1170, .T. ) ;
#12109 = VERTEX_POINT ( 'NONE', #9130 ) ;
#12110 =( LENGTH_UNIT ( ) NAMED_UNIT ( * ) SI_UNIT ( .MILLI., .METRE. ) );
#12111 = EDGE_LOOP ( 'NONE', ( #7217, #2174, #9114, #3866 ) ) ;
#12112 = DIRECTION ( 'NONE',  ( -0.9762960071199339174, -0.2164396139381006001, -0.000000000000000000 ) ) ;
#12113 = CARTESIAN_POINT ( 'NONE',  ( -0.4650000000000010236, -1.579062136966065191E-17, -0.3250000000000473066 ) ) ;
#12114 = PRESENTATION_STYLE_ASSIGNMENT (( #4364 ) ) ;
#12115 = FILL_AREA_STYLE ('',( #12309 ) ) ;
#12116 = SURFACE_STYLE_FILL_AREA ( #12182 ) ;
#12117 = CARTESIAN_POINT ( 'NONE',  ( -4.215000000000000746, 0.2999999999999997113, 1.449999999999998623 ) ) ;
#12118 = CARTESIAN_POINT ( 'NONE',  ( 6.544999999999994600, 1.399999999999998579, 0.3500000000000039746 ) ) ;
#12119 = VERTEX_POINT ( 'NONE', #7208 ) ;
#12120 = ORIENTED_EDGE ( 'NONE', *, *, #6260, .T. ) ;
#12121 = CARTESIAN_POINT ( 'NONE',  ( -5.875000000000001776, 1.749999999999999778, 1.850000000000001421 ) ) ;
#12122 = ORIENTED_EDGE ( 'NONE', *, *, #7469, .T. ) ;
#12123 = ORIENTED_EDGE ( 'NONE', *, *, #5050, .F. ) ;
#12124 = CARTESIAN_POINT ( 'NONE',  ( -6.544999999999994600, 0.4500000000000015099, 0.3500000000000039746 ) ) ;
#12125 = CARTESIAN_POINT ( 'NONE',  ( -4.925000000000019362, 1.749999999999999778, 1.549999999999990274 ) ) ;
#12126 = COLOUR_RGB ( '',1.000000000000000000, 0.8117647058823529438, 0.5019607843137254832 ) ;
#12127 = ADVANCED_FACE ( 'NONE', ( #6286 ), #5190, .T. ) ;
#12128 = LINE ( 'NONE', #2998, #11631 ) ;
#12129 = CARTESIAN_POINT ( 'NONE',  ( -3.285000000000000586, 3.548929149633788249, 0.000000000000000000 ) ) ;
#12130 = CARTESIAN_POINT ( 'NONE',  ( 0.7849999999999992539, -1.125000000000002442, 1.125000000000004663 ) ) ;
#12131 = DIRECTION ( 'NONE',  ( 0.000000000000000000, 0.000000000000000000, -1.000000000000000000 ) ) ;
#12132 =( GEOMETRIC_REPRESENTATION_CONTEXT ( 3 ) GLOBAL_UNCERTAINTY_ASSIGNED_CONTEXT ( ( #6965 ) ) GLOBAL_UNIT_ASSIGNED_CONTEXT ( ( #4328, #8527, #11659 ) ) REPRESENTATION_CONTEXT ( 'NONE', 'WORKASPACE' ) );
#12133 = STYLED_ITEM ( 'NONE', ( #4051 ), #6404 ) ;
#12134 = ORIENTED_EDGE ( 'NONE', *, *, #3907, .F. ) ;
#12135 = SURFACE_STYLE_USAGE ( .BOTH. , #7002 ) ;
#12136 = ORIENTED_EDGE ( 'NONE', *, *, #813, .F. ) ;
#12137 = ORIENTED_EDGE ( 'NONE', *, *, #9390, .F. ) ;
#12138 = VECTOR ( 'NONE', #4895, 1000.000000000000000 ) ;
#12139 = ORIENTED_EDGE ( 'NONE', *, *, #2878, .T. ) ;
#12140 = CARTESIAN_POINT ( 'NONE',  ( 3.284999999999998810, 2.865743636076471645, -0.3250000000000474731 ) ) ;
#12141 = ORIENTED_EDGE ( 'NONE', *, *, #1242, .F. ) ;
#12142 = CARTESIAN_POINT ( 'NONE',  ( -5.375000000000000888, 0.2999999999999999889, -1.850000000000001865 ) ) ;
#12143 = CARTESIAN_POINT ( 'NONE',  ( 4.535000000000000142, 0.000000000000000000, -1.125000000000033973 ) ) ;
#12144 = VECTOR ( 'NONE', #9547, 1000.000000000000000 ) ;
#12145 = DIRECTION ( 'NONE',  ( -0.6785983445458505514, -0.2810846377148140118, -0.6785983445458461105 ) ) ;
#12146 = COLOUR_RGB ( '',1.000000000000000000, 1.000000000000000000, 1.000000000000000000 ) ;
#12147 = DIRECTION ( 'NONE',  ( 0.000000000000000000, 0.9848077530122086864, 0.1736481776669268617 ) ) ;
#12148 =( NAMED_UNIT ( * ) PLANE_ANGLE_UNIT ( ) SI_UNIT ( $, .RADIAN. ) );
#12149 = PRESENTATION_LAYER_ASSIGNMENT (  '', '', ( #11292 ) ) ;
#12150 = EDGE_CURVE ( 'NONE', #9866, #12950, #4219, .T. ) ;
#12151 = DIRECTION ( 'NONE',  ( -0.000000000000000000, 0.000000000000000000, 1.000000000000000000 ) ) ;
#12152 = EDGE_LOOP ( 'NONE', ( #580, #12336, #7521, #3117 ) ) ;
#12153 = DIRECTION ( 'NONE',  ( 1.000000000000000000, -3.942553354492748461E-16, 0.000000000000000000 ) ) ;
#12154 = DIRECTION ( 'NONE',  ( 0.000000000000000000, 1.000000000000000000, -4.858652729125647208E-17 ) ) ;
#12155 = VERTEX_POINT ( 'NONE', #8272 ) ;
#12156 = CARTESIAN_POINT ( 'NONE',  ( -6.875000000000006217, 1.400000000000000133, -1.749999999999996003 ) ) ;
#12157 = VECTOR ( 'NONE', #5492, 1000.000000000000000 ) ;
#12158 = SURFACE_STYLE_FILL_AREA ( #9284 ) ;
#12159 = FILL_AREA_STYLE_COLOUR ( '', #10691 ) ;
#12160 = STYLED_ITEM ( 'NONE', ( #2120 ), #8471 ) ;
#12161 = MECHANICAL_DESIGN_GEOMETRIC_PRESENTATION_REPRESENTATION (  '', ( #12991 ), #9613 ) ;
#12162 = DIRECTION ( 'NONE',  ( 0.000000000000000000, -1.355252715606880049E-16, 1.000000000000000000 ) ) ;
#12163 = PLANE ( 'NONE',  #7310 ) ;
#12164 = CARTESIAN_POINT ( 'NONE',  ( -7.125000000000000888, 0.5500000000000022649, 0.8000000000000003775 ) ) ;
#12165 = MECHANICAL_DESIGN_GEOMETRIC_PRESENTATION_REPRESENTATION (  '', ( #10472 ), #6227 ) ;
#12166 = SURFACE_STYLE_FILL_AREA ( #12603 ) ;
#12167 = ORIENTED_EDGE ( 'NONE', *, *, #12506, .T. ) ;
#12168 = SURFACE_STYLE_USAGE ( .BOTH. , #2969 ) ;
#12169 = AXIS2_PLACEMENT_3D ( 'NONE', #12130, #9188, #4262 ) ;
#12170 = ORIENTED_EDGE ( 'NONE', *, *, #6894, .F. ) ;
#12171 = SURFACE_SIDE_STYLE ('',( #2063 ) ) ;
#12172 = LINE ( 'NONE', #3045, #478 ) ;
#12173 = EDGE_CURVE ( 'NONE', #9084, #4011, #8214, .T. ) ;
#12174 = CARTESIAN_POINT ( 'NONE',  ( 6.544999999999994600, 0.4499999999999999001, -1.849999999999996980 ) ) ;
#12175 = EDGE_CURVE ( 'NONE', #3365, #1369, #4607, .T. ) ;
#12176 = VECTOR ( 'NONE', #8412, 1000.000000000000000 ) ;
#12177 =( LENGTH_UNIT ( ) NAMED_UNIT ( * ) SI_UNIT ( .MILLI., .METRE. ) );
#12178 =( NAMED_UNIT ( * ) PLANE_ANGLE_UNIT ( ) SI_UNIT ( $, .RADIAN. ) );
#12179 = CARTESIAN_POINT ( 'NONE',  ( -4.925000000000019362, 1.749999999999999778, 0.9499999999999868550 ) ) ;
#12180 = ADVANCED_FACE ( 'NONE', ( #8679 ), #630, .F. ) ;
#12181 = UNCERTAINTY_MEASURE_WITH_UNIT (LENGTH_MEASURE( 1.000000000000000082E-05 ), #4512, 'distance_accuracy_value', 'NONE');
#12182 = FILL_AREA_STYLE ('',( #2979 ) ) ;
#12183 = DIRECTION ( 'NONE',  ( 0.000000000000000000, -1.000000000000000000, 0.000000000000000000 ) ) ;
#12184 = VECTOR ( 'NONE', #8475, 1000.000000000000000 ) ;
#12185 = CARTESIAN_POINT ( 'NONE',  ( -3.600000000000000533, 4.400000000000002132, -1.450000000000039924 ) ) ;
#12186 = DIRECTION ( 'NONE',  ( -0.000000000000000000, 0.7071067811865549002, 0.7071067811865402453 ) ) ;
#12187 = ORIENTED_EDGE ( 'NONE', *, *, #11918, .T. ) ;
#12188 = PRESENTATION_LAYER_ASSIGNMENT (  '', '', ( #11974 ) ) ;
#12189 = ORIENTED_EDGE ( 'NONE', *, *, #11576, .F. ) ;
#12190 =( NAMED_UNIT ( * ) SI_UNIT ( $, .STERADIAN. ) SOLID_ANGLE_UNIT ( ) );
#12191 = COLOUR_RGB ( '',1.000000000000000000, 0.8117647058823529438, 0.5019607843137254832 ) ;
#12192 = ORIENTED_EDGE ( 'NONE', *, *, #443, .T. ) ;
#12193 = ORIENTED_EDGE ( 'NONE', *, *, #2891, .T. ) ;
#12194 = DIRECTION ( 'NONE',  ( -1.000000000000000000, -1.052623468432528895E-16, 0.000000000000000000 ) ) ;
#12195 = SURFACE_SIDE_STYLE ('',( #1942 ) ) ;
#12197 = EDGE_CURVE ( 'NONE', #2583, #8315, #6548, .T. ) ;
#12196 = MECHANICAL_DESIGN_GEOMETRIC_PRESENTATION_REPRESENTATION (  '', ( #3039 ), #3266 ) ;
#12198 = FILL_AREA_STYLE_COLOUR ( '', #12894 ) ;
#12199 = ADVANCED_FACE ( 'NONE', ( #11671 ), #7474, .T. ) ;
#12200 = CARTESIAN_POINT ( 'NONE',  ( 5.275000000000024336, 1.749999999999999778, 0.9499999999999856337 ) ) ;
#12201 = EDGE_CURVE ( 'NONE', #8758, #201, #8610, .T. ) ;
#12203 = CARTESIAN_POINT ( 'NONE',  ( -6.975000000000008527, 1.299999999999999156, -1.849999999999995204 ) ) ;
#12202 = UNCERTAINTY_MEASURE_WITH_UNIT (LENGTH_MEASURE( 1.000000000000000082E-05 ), #672, 'distance_accuracy_value', 'NONE');
#12204 = CARTESIAN_POINT ( 'NONE',  ( 6.875000000000006217, 1.649999999999999023, -1.849999999999996092 ) ) ;
#12205 = PLANE ( 'NONE',  #4832 ) ;
#12206 =( GEOMETRIC_REPRESENTATION_CONTEXT ( 3 ) GLOBAL_UNCERTAINTY_ASSIGNED_CONTEXT ( ( #9546 ) ) GLOBAL_UNIT_ASSIGNED_CONTEXT ( ( #7369, #10039, #3373 ) ) REPRESENTATION_CONTEXT ( 'NONE', 'WORKASPACE' ) );
#12207 = LINE ( 'NONE', #7134, #2191 ) ;
#12208 = SURFACE_STYLE_USAGE ( .BOTH. , #3132 ) ;
#12209 = VERTEX_POINT ( 'NONE', #4465 ) ;
#12210 =( NAMED_UNIT ( * ) PLANE_ANGLE_UNIT ( ) SI_UNIT ( $, .RADIAN. ) );
#12211 = ADVANCED_FACE ( 'NONE', ( #8543 ), #7547, .F. ) ;
#12212 = ORIENTED_EDGE ( 'NONE', *, *, #11442, .F. ) ;
#12213 = VERTEX_POINT ( 'NONE', #2541 ) ;
#12214 =( GEOMETRIC_REPRESENTATION_CONTEXT ( 3 ) GLOBAL_UNCERTAINTY_ASSIGNED_CONTEXT ( ( #590 ) ) GLOBAL_UNIT_ASSIGNED_CONTEXT ( ( #4984, #12686, #2933 ) ) REPRESENTATION_CONTEXT ( 'NONE', 'WORKASPACE' ) );
#12215 = VECTOR ( 'NONE', #9135, 1000.000000000000000 ) ;
#12216 = ORIENTED_EDGE ( 'NONE', *, *, #4441, .T. ) ;
#12217 = SURFACE_STYLE_FILL_AREA ( #10142 ) ;
#12218 = CARTESIAN_POINT ( 'NONE',  ( -3.285000000000000586, 2.865743636076471645, -0.3250000000000474731 ) ) ;
#12219 = DIRECTION ( 'NONE',  ( 1.000000000000000000, -0.000000000000000000, 0.000000000000000000 ) ) ;
#12220 = VECTOR ( 'NONE', #7983, 1000.000000000000000 ) ;
#12221 = SURFACE_SIDE_STYLE ('',( #10410 ) ) ;
#12222 = LINE ( 'NONE', #11214, #2461 ) ;
#12223 = EDGE_LOOP ( 'NONE', ( #13056, #6082, #11770, #9128 ) ) ;
#12224 = PRESENTATION_LAYER_ASSIGNMENT (  '', '', ( #9223 ) ) ;
#12225 = CARTESIAN_POINT ( 'NONE',  ( 5.875000000000001776, 2.600000000000004974, 0.9500000000000020650 ) ) ;
#12226 = ORIENTED_EDGE ( 'NONE', *, *, #8131, .T. ) ;
#12227 = PRESENTATION_STYLE_ASSIGNMENT (( #5206 ) ) ;
#12228 = EDGE_LOOP ( 'NONE', ( #11060, #408, #9639, #11992 ) ) ;
#12229 =( GEOMETRIC_REPRESENTATION_CONTEXT ( 3 ) GLOBAL_UNCERTAINTY_ASSIGNED_CONTEXT ( ( #9354 ) ) GLOBAL_UNIT_ASSIGNED_CONTEXT ( ( #11448, #7519, #11505 ) ) REPRESENTATION_CONTEXT ( 'NONE', 'WORKASPACE' ) );
#12230 = CARTESIAN_POINT ( 'NONE',  ( 1.714999999999999414, 0.000000000000000000, -1.125000000000033973 ) ) ;
#12231 = CARTESIAN_POINT ( 'NONE',  ( 6.875000000000006217, 1.399999999999998579, 0.3500000000000039746 ) ) ;
#12232 = DIRECTION ( 'NONE',  ( 0.000000000000000000, -1.000000000000000000, 0.000000000000000000 ) ) ;
#12233 = ADVANCED_FACE ( 'NONE', ( #6604 ), #10672, .F. ) ;
#12234 = LINE ( 'NONE', #130, #1111 ) ;
#12235 = DIRECTION ( 'NONE',  ( -1.000000000000000000, 0.000000000000000000, -0.000000000000000000 ) ) ;
#12236 = VECTOR ( 'NONE', #8462, 1000.000000000000000 ) ;
#12237 = DIRECTION ( 'NONE',  ( 0.000000000000000000, 1.000000000000000000, -4.858652729125647208E-17 ) ) ;
#12238 = CARTESIAN_POINT ( 'NONE',  ( 2.034999999999999698, 3.548929149633788693, -0.4454640388693684727 ) ) ;
#12239 = SURFACE_SIDE_STYLE ('',( #12166 ) ) ;
#12240 = ORIENTED_EDGE ( 'NONE', *, *, #7062, .T. ) ;
#12241 = MECHANICAL_DESIGN_GEOMETRIC_PRESENTATION_REPRESENTATION (  '', ( #10540 ), #8632 ) ;
#12242 =( GEOMETRIC_REPRESENTATION_CONTEXT ( 3 ) GLOBAL_UNCERTAINTY_ASSIGNED_CONTEXT ( ( #1677 ) ) GLOBAL_UNIT_ASSIGNED_CONTEXT ( ( #6111, #8902, #3785 ) ) REPRESENTATION_CONTEXT ( 'NONE', 'WORKASPACE' ) );
#12243 = ORIENTED_EDGE ( 'NONE', *, *, #10895, .T. ) ;
#12244 = CARTESIAN_POINT ( 'NONE',  ( 0.000000000000000000, 3.250000000000005329, -1.850000000000001865 ) ) ;
#12245 = PLANE ( 'NONE',  #1330 ) ;
#12246 = STYLED_ITEM ( 'NONE', ( #5005 ), #3940 ) ;
#12247 = DIRECTION ( 'NONE',  ( -0.9762960071199339174, -0.2164396139381006001, -0.000000000000000000 ) ) ;
#12248 = LINE ( 'NONE', #1412, #5469 ) ;
#12249 = CARTESIAN_POINT ( 'NONE',  ( 6.875000000000006217, 1.399999999999998579, 0.3500000000000039746 ) ) ;
#12250 = AXIS2_PLACEMENT_3D ( 'NONE', #1503, #3607, #570 ) ;
#12251 = MECHANICAL_DESIGN_GEOMETRIC_PRESENTATION_REPRESENTATION (  '', ( #569 ), #3533 ) ;
#12252 = FACE_OUTER_BOUND ( 'NONE', #12405, .T. ) ;
#12253 = CARTESIAN_POINT ( 'NONE',  ( -5.375000000000000888, -1.029563014098701546, -0.9500000000000006217 ) ) ;
#12254 = EDGE_CURVE ( 'NONE', #1644, #1687, #3941, .T. ) ;
#12255 = ORIENTED_EDGE ( 'NONE', *, *, #5078, .F. ) ;
#12256 = ORIENTED_EDGE ( 'NONE', *, *, #185, .T. ) ;
#12257 = PLANE ( 'NONE',  #1808 ) ;
#12258 = EDGE_CURVE ( 'NONE', #8386, #2341, #11049, .T. ) ;
#12259 = VERTEX_POINT ( 'NONE', #10803 ) ;
#12260 = ORIENTED_EDGE ( 'NONE', *, *, #1197, .F. ) ;
#12261 = PLANE ( 'NONE',  #13081 ) ;
#12262 = MECHANICAL_DESIGN_GEOMETRIC_PRESENTATION_REPRESENTATION (  '', ( #10778 ), #5219 ) ;
#12263 = DIRECTION ( 'NONE',  ( -0.000000000000000000, -0.000000000000000000, -1.000000000000000000 ) ) ;
#12264 = SURFACE_SIDE_STYLE ('',( #10186 ) ) ;
#12265 = CARTESIAN_POINT ( 'NONE',  ( -1.715000000000000746, 0.3499999999999999223, 2.350000000000004530 ) ) ;
#12266 = DIRECTION ( 'NONE',  ( 1.000000000000000000, 0.000000000000000000, -3.097720492815684271E-16 ) ) ;
#12267 = CARTESIAN_POINT ( 'NONE',  ( 5.275000000000025224, 1.749999999999999778, -0.7249377794898669292 ) ) ;
#12268 = CARTESIAN_POINT ( 'NONE',  ( 3.284999999999998810, 0.000000000000000000, 1.850000000000004530 ) ) ;
#12269 =( LENGTH_UNIT ( ) NAMED_UNIT ( * ) SI_UNIT ( .MILLI., .METRE. ) );
#12270 = FACE_OUTER_BOUND ( 'NONE', #40, .T. ) ;
#12271 = EDGE_CURVE ( 'NONE', #12061, #3297, #12975, .T. ) ;
#12272 = ORIENTED_EDGE ( 'NONE', *, *, #2981, .F. ) ;
#12273 = DIRECTION ( 'NONE',  ( 0.000000000000000000, -0.000000000000000000, -1.000000000000000000 ) ) ;
#12274 = EDGE_CURVE ( 'NONE', #342, #8337, #3680, .T. ) ;
#12275 = PRESENTATION_LAYER_ASSIGNMENT (  '', '', ( #3768 ) ) ;
#12276 = ORIENTED_EDGE ( 'NONE', *, *, #9302, .T. ) ;
#12277 = ORIENTED_EDGE ( 'NONE', *, *, #12108, .F. ) ;
#12278 = MECHANICAL_DESIGN_GEOMETRIC_PRESENTATION_REPRESENTATION (  '', ( #13108 ), #11204 ) ;
#12279 = ORIENTED_EDGE ( 'NONE', *, *, #3896, .T. ) ;
#12280 = FILL_AREA_STYLE ('',( #1101 ) ) ;
#12281 = DIRECTION ( 'NONE',  ( 0.000000000000000000, -1.355252715606860081E-16, 1.000000000000000000 ) ) ;
#12282 = VECTOR ( 'NONE', #3566, 1000.000000000000000 ) ;
#12283 = FACE_OUTER_BOUND ( 'NONE', #2621, .T. ) ;
#12284 = CARTESIAN_POINT ( 'NONE',  ( -6.544999999999994600, 1.399999999999999911, -1.849999999999996092 ) ) ;
#12285 = LINE ( 'NONE', #1046, #3022 ) ;
#12286 = STYLED_ITEM ( 'NONE', ( #11846 ), #5702 ) ;
#12287 = COLOUR_RGB ( '',1.000000000000000000, 1.000000000000000000, 1.000000000000000000 ) ;
#12288 = FILL_AREA_STYLE ('',( #1047 ) ) ;
#12289 = CARTESIAN_POINT ( 'NONE',  ( -4.535000000000001030, 0.3499999999999999223, 2.350000000000004530 ) ) ;
#12290 = VERTEX_POINT ( 'NONE', #11806 ) ;
#12291 = DIRECTION ( 'NONE',  ( 0.000000000000000000, -1.355252715606860081E-16, 1.000000000000000000 ) ) ;
#12292 = ORIENTED_EDGE ( 'NONE', *, *, #7790, .T. ) ;
#12293 = LINE ( 'NONE', #4292, #4329 ) ;
#12294 = ORIENTED_EDGE ( 'NONE', *, *, #12967, .F. ) ;
#12295 = CARTESIAN_POINT ( 'NONE',  ( 3.284999999999998810, 0.000000000000000000, 1.850000000000004530 ) ) ;
#12296 = CARTESIAN_POINT ( 'NONE',  ( -5.875000000000001776, 24.60698852501704437, 0.9500000000000035083 ) ) ;
#12297 = CARTESIAN_POINT ( 'NONE',  ( 2.034999999999999698, 0.000000000000000000, 2.350000000000004530 ) ) ;
#12298 = CARTESIAN_POINT ( 'NONE',  ( 5.275000000000024336, 1.749999999999999778, -1.450000000000041034 ) ) ;
#12299 = EDGE_CURVE ( 'NONE', #12513, #11855, #12854, .T. ) ;
#12300 = FILL_AREA_STYLE ('',( #1911 ) ) ;
#12301 = FILL_AREA_STYLE_COLOUR ( '', #13060 ) ;
#12302 = VERTEX_POINT ( 'NONE', #11996 ) ;
#12303 = VERTEX_POINT ( 'NONE', #2677 ) ;
#12304 = CARTESIAN_POINT ( 'NONE',  ( -6.344999999999994422, 0.4500000000000014544, -1.749999999999996003 ) ) ;
#12305 = FACE_OUTER_BOUND ( 'NONE', #6872, .T. ) ;
#12306 = DIRECTION ( 'NONE',  ( -1.000000000000000000, 0.000000000000000000, 3.097720492815734068E-16 ) ) ;
#12307 =( LENGTH_UNIT ( ) NAMED_UNIT ( * ) SI_UNIT ( .MILLI., .METRE. ) );
#12308 = UNCERTAINTY_MEASURE_WITH_UNIT (LENGTH_MEASURE( 1.000000000000000082E-05 ), #7967, 'distance_accuracy_value', 'NONE');
#12309 = FILL_AREA_STYLE_COLOUR ( '', #3254 ) ;
#12310 = PLANE ( 'NONE',  #7818 ) ;
#12311 = DIRECTION ( 'NONE',  ( 0.000000000000000000, 0.000000000000000000, -1.000000000000000000 ) ) ;
#12312 = VECTOR ( 'NONE', #849, 1000.000000000000000 ) ;
#12313 = LINE ( 'NONE', #9309, #10645 ) ;
#12314 = EDGE_CURVE ( 'NONE', #10214, #3686, #4791, .T. ) ;
#12315 = ORIENTED_EDGE ( 'NONE', *, *, #3131, .T. ) ;
#12316 = CARTESIAN_POINT ( 'NONE',  ( 6.544999999999994600, 1.399999999999998579, -1.849999999999996092 ) ) ;
#12317 = ORIENTED_EDGE ( 'NONE', *, *, #11211, .T. ) ;
#12318 = ORIENTED_EDGE ( 'NONE', *, *, #5976, .T. ) ;
#12319 = DIRECTION ( 'NONE',  ( 0.000000000000000000, 0.000000000000000000, -1.000000000000000000 ) ) ;
#12320 = CARTESIAN_POINT ( 'NONE',  ( 2.964999999999998970, 0.03083447080518480002, 0.1748709736949816407 ) ) ;
#12321 = DIRECTION ( 'NONE',  ( 0.000000000000000000, -0.000000000000000000, -1.000000000000000000 ) ) ;
#12322 = SURFACE_SIDE_STYLE ('',( #2016 ) ) ;
#12323 = EDGE_CURVE ( 'NONE', #7003, #9672, #9985, .T. ) ;
#12324 = PRESENTATION_STYLE_ASSIGNMENT (( #9187 ) ) ;
#12326 = PRESENTATION_STYLE_ASSIGNMENT (( #1088 ) ) ;
#12325 = UNCERTAINTY_MEASURE_WITH_UNIT (LENGTH_MEASURE( 1.000000000000000082E-05 ), #2834, 'distance_accuracy_value', 'NONE');
#12327 = SURFACE_STYLE_USAGE ( .BOTH. , #11256 ) ;
#12328 = FILL_AREA_STYLE ('',( #11460 ) ) ;
#12329 = LINE ( 'NONE', #3195, #509 ) ;
#12330 = EDGE_CURVE ( 'NONE', #7204, #6130, #3747, .T. ) ;
#12331 = VERTEX_POINT ( 'NONE', #8989 ) ;
#12332 = CARTESIAN_POINT ( 'NONE',  ( 5.875000000000001776, 2.900000000000005684, -1.850000000000001865 ) ) ;
#12333 = ORIENTED_EDGE ( 'NONE', *, *, #11304, .T. ) ;
#12334 = VERTEX_POINT ( 'NONE', #1748 ) ;
#12335 = AXIS2_PLACEMENT_3D ( 'NONE', #3150, #11339, #9203 ) ;
#12336 = ORIENTED_EDGE ( 'NONE', *, *, #5734, .F. ) ;
#12337 = DIRECTION ( 'NONE',  ( -1.000000000000000000, 0.000000000000000000, 0.000000000000000000 ) ) ;
#12338 = UNCERTAINTY_MEASURE_WITH_UNIT (LENGTH_MEASURE( 1.000000000000000082E-05 ), #8886, 'distance_accuracy_value', 'NONE');
#12339 = CARTESIAN_POINT ( 'NONE',  ( -2.965000000000000746, 0.3000000000000002665, 4.065758146820583696E-17 ) ) ;
#12340 = VECTOR ( 'NONE', #7401, 1000.000000000000000 ) ;
#12341 = EDGE_CURVE ( 'NONE', #9492, #12719, #9858, .T. ) ;
#12342 = CARTESIAN_POINT ( 'NONE',  ( -0.7850000000000010303, 0.8750000000000022204, 0.8749999999999842348 ) ) ;
#12343 = CARTESIAN_POINT ( 'NONE',  ( -6.875000000000006217, 1.400000000000000133, -1.749999999999996003 ) ) ;
#12344 = EDGE_CURVE ( 'NONE', #4687, #6358, #8919, .T. ) ;
#12345 =( NAMED_UNIT ( * ) SI_UNIT ( $, .STERADIAN. ) SOLID_ANGLE_UNIT ( ) );
#12346 = SURFACE_STYLE_FILL_AREA ( #12412 ) ;
#12347 = DIRECTION ( 'NONE',  ( 8.260587980841917086E-16, -1.000000000000000000, -0.000000000000000000 ) ) ;
#12348 = EDGE_CURVE ( 'NONE', #5280, #10537, #13040, .T. ) ;
#12349 = AXIS2_PLACEMENT_3D ( 'NONE', #7118, #2262, #3255 ) ;
#12350 = CARTESIAN_POINT ( 'NONE',  ( -8.279362044434800217E-16, 2.100000000000007194, -1.850000000000001865 ) ) ;
#12351 = DIRECTION ( 'NONE',  ( -0.000000000000000000, -0.000000000000000000, -1.000000000000000000 ) ) ;
#12352 = ORIENTED_EDGE ( 'NONE', *, *, #3670, .F. ) ;
#12353 =( GEOMETRIC_REPRESENTATION_CONTEXT ( 3 ) GLOBAL_UNCERTAINTY_ASSIGNED_CONTEXT ( ( #12942 ) ) GLOBAL_UNIT_ASSIGNED_CONTEXT ( ( #4587, #6974, #2972 ) ) REPRESENTATION_CONTEXT ( 'NONE', 'WORKASPACE' ) );
#12354 = LINE ( 'NONE', #9209, #4578 ) ;
#12355 = ORIENTED_EDGE ( 'NONE', *, *, #8836, .T. ) ;
#12356 = CARTESIAN_POINT ( 'NONE',  ( 7.375000000000001776, 0.7999999999999936051, -1.850000000000001865 ) ) ;
#12357 = PRESENTATION_LAYER_ASSIGNMENT (  '', '', ( #6612 ) ) ;
#12358 = ORIENTED_EDGE ( 'NONE', *, *, #11605, .F. ) ;
#12359 = DIRECTION ( 'NONE',  ( 0.000000000000000000, 0.000000000000000000, 1.000000000000000000 ) ) ;
#12360 =( GEOMETRIC_REPRESENTATION_CONTEXT ( 3 ) GLOBAL_UNCERTAINTY_ASSIGNED_CONTEXT ( ( #8721 ) ) GLOBAL_UNIT_ASSIGNED_CONTEXT ( ( #8388, #2030, #7327 ) ) REPRESENTATION_CONTEXT ( 'NONE', 'WORKASPACE' ) );
#12361 = DIRECTION ( 'NONE',  ( 0.000000000000000000, 0.000000000000000000, -1.000000000000000000 ) ) ;
#12362 = SURFACE_SIDE_STYLE ('',( #3094 ) ) ;
#12363 =( NAMED_UNIT ( * ) SI_UNIT ( $, .STERADIAN. ) SOLID_ANGLE_UNIT ( ) );
#12364 = ADVANCED_FACE ( 'NONE', ( #4857 ), #2861, .T. ) ;
#12365 = EDGE_CURVE ( 'NONE', #1350, #4388, #6198, .T. ) ;
#12366 = LINE ( 'NONE', #197, #2824 ) ;
#12367 = DIRECTION ( 'NONE',  ( -1.000000000000000000, -0.000000000000000000, -0.000000000000000000 ) ) ;
#12368 = DIRECTION ( 'NONE',  ( 0.000000000000000000, -0.7071067811865482389, 0.7071067811865469066 ) ) ;
#12369 = LINE ( 'NONE', #10426, #6468 ) ;
#12370 =( GEOMETRIC_REPRESENTATION_CONTEXT ( 3 ) GLOBAL_UNCERTAINTY_ASSIGNED_CONTEXT ( ( #9663 ) ) GLOBAL_UNIT_ASSIGNED_CONTEXT ( ( #11808, #1691, #10742 ) ) REPRESENTATION_CONTEXT ( 'NONE', 'WORKASPACE' ) );
#12371 =( LENGTH_UNIT ( ) NAMED_UNIT ( * ) SI_UNIT ( .MILLI., .METRE. ) );
#12372 = VECTOR ( 'NONE', #9772, 1000.000000000000000 ) ;
#12373 = VERTEX_POINT ( 'NONE', #3189 ) ;
#12374 = EDGE_CURVE ( 'NONE', #6570, #5205, #2208, .T. ) ;
#12375 = ORIENTED_EDGE ( 'NONE', *, *, #11039, .F. ) ;
#12376 = PLANE ( 'NONE',  #7479 ) ;
#12377 = VECTOR ( 'NONE', #9706, 1000.000000000000000 ) ;
#12378 = DIRECTION ( 'NONE',  ( -0.7071067811865495711, 0.7071067811865454633, 8.482048688035705761E-17 ) ) ;
#12379 = VECTOR ( 'NONE', #1995, 1000.000000000000000 ) ;
#12380 = DIRECTION ( 'NONE',  ( -1.000000000000000000, -0.000000000000000000, -0.000000000000000000 ) ) ;
#12381 = FACE_OUTER_BOUND ( 'NONE', #2477, .T. ) ;
#12382 =( NAMED_UNIT ( * ) SI_UNIT ( $, .STERADIAN. ) SOLID_ANGLE_UNIT ( ) );
#12383 = VECTOR ( 'NONE', #11272, 1000.000000000000000 ) ;
#12384 = VECTOR ( 'NONE', #6563, 1000.000000000000000 ) ;
#12385 = ORIENTED_EDGE ( 'NONE', *, *, #2744, .T. ) ;
#12386 = CARTESIAN_POINT ( 'NONE',  ( -0.4650000000000010236, 0.3499999999999999223, 2.350000000000004530 ) ) ;
#12387 = ORIENTED_EDGE ( 'NONE', *, *, #9489, .T. ) ;
#12388 = VERTEX_POINT ( 'NONE', #5045 ) ;
#12389 = PRESENTATION_LAYER_ASSIGNMENT (  '', '', ( #4918 ) ) ;
#12390 = DIRECTION ( 'NONE',  ( -1.000000000000000000, -0.000000000000000000, -0.000000000000000000 ) ) ;
#12391 = FILL_AREA_STYLE_COLOUR ( '', #5982 ) ;
#12392 = DIRECTION ( 'NONE',  ( -1.000000000000000000, -0.000000000000000000, -0.000000000000000000 ) ) ;
#12393 = FILL_AREA_STYLE ('',( #7332 ) ) ;
#12394 = DIRECTION ( 'NONE',  ( 0.9659258262890679791, 0.000000000000000000, -0.2588190451025218497 ) ) ;
#12395 = VECTOR ( 'NONE', #7200, 1000.000000000000000 ) ;
#12396 = FILL_AREA_STYLE ('',( #5316 ) ) ;
#12397 = PRESENTATION_LAYER_ASSIGNMENT (  '', '', ( #3247 ) ) ;
#12398 = DIRECTION ( 'NONE',  ( -0.000000000000000000, -0.000000000000000000, 1.000000000000000000 ) ) ;
#12399 = VECTOR ( 'NONE', #10461, 1000.000000000000000 ) ;
#12400 = ORIENTED_EDGE ( 'NONE', *, *, #11119, .F. ) ;
#12401 = FILL_AREA_STYLE ('',( #234 ) ) ;
#12402 = ADVANCED_FACE ( 'NONE', ( #10325 ), #13107, .F. ) ;
#12403 = AXIS2_PLACEMENT_3D ( 'NONE', #1429, #4394, #428 ) ;
#12404 = ORIENTED_EDGE ( 'NONE', *, *, #12348, .F. ) ;
#12405 = EDGE_LOOP ( 'NONE', ( #338, #9176, #8100, #7235, #12318, #7843 ) ) ;
#12406 = ORIENTED_EDGE ( 'NONE', *, *, #8369, .T. ) ;
#12407 = DIRECTION ( 'NONE',  ( -0.000000000000000000, 1.000000000000000000, -0.000000000000000000 ) ) ;
#12408 =( GEOMETRIC_REPRESENTATION_CONTEXT ( 3 ) GLOBAL_UNCERTAINTY_ASSIGNED_CONTEXT ( ( #331 ) ) GLOBAL_UNIT_ASSIGNED_CONTEXT ( ( #5830, #728, #608 ) ) REPRESENTATION_CONTEXT ( 'NONE', 'WORKASPACE' ) );
#12409 = CARTESIAN_POINT ( 'NONE',  ( 2.964999999999998970, 8.425943506694179847E-32, 1.750000000000004663 ) ) ;
#12410 = FACE_OUTER_BOUND ( 'NONE', #8675, .T. ) ;
#12411 = LINE ( 'NONE', #5334, #5570 ) ;
#12412 = FILL_AREA_STYLE ('',( #6484 ) ) ;
#12413 = SURFACE_STYLE_USAGE ( .BOTH. , #2164 ) ;
#12414 = MECHANICAL_DESIGN_GEOMETRIC_PRESENTATION_REPRESENTATION (  '', ( #526 ), #5387 ) ;
#12415 = CARTESIAN_POINT ( 'NONE',  ( 6.544999999999994600, 4.336808689942017736E-16, -1.849999999999996092 ) ) ;
#12416 = COLOUR_RGB ( '',1.000000000000000000, 1.000000000000000000, 1.000000000000000000 ) ;
#12417 = ORIENTED_EDGE ( 'NONE', *, *, #8654, .T. ) ;
#12418 = VERTEX_POINT ( 'NONE', #94 ) ;
#12419 = AXIS2_PLACEMENT_3D ( 'NONE', #6365, #9356, #932 ) ;
#12420 = EDGE_CURVE ( 'NONE', #1644, #1956, #8197, .T. ) ;
#12421 = LINE ( 'NONE', #188, #3522 ) ;
#12422 = VERTEX_POINT ( 'NONE', #4227 ) ;
#12423 = PRESENTATION_LAYER_ASSIGNMENT (  '', '', ( #941 ) ) ;
#12424 = ORIENTED_EDGE ( 'NONE', *, *, #6387, .T. ) ;
#12425 = SURFACE_STYLE_USAGE ( .BOTH. , #7018 ) ;
#12426 = CARTESIAN_POINT ( 'NONE',  ( 3.523657060577910315E-15, 3.250000000000009326, -1.850000000000001865 ) ) ;
#12427 = PLANE ( 'NONE',  #4612 ) ;
#12428 = CARTESIAN_POINT ( 'NONE',  ( 6.959999999999996412, 0.2500000000000000000, 0.7650000000000058975 ) ) ;
#12429 = UNCERTAINTY_MEASURE_WITH_UNIT (LENGTH_MEASURE( 1.000000000000000082E-05 ), #7883, 'distance_accuracy_value', 'NONE');
#12430 = VECTOR ( 'NONE', #4457, 1000.000000000000000 ) ;
#12431 = CARTESIAN_POINT ( 'NONE',  ( -7.374999999999997335, 0.4499999999999973466, -1.849999999999996092 ) ) ;
#12432 = CARTESIAN_POINT ( 'NONE',  ( 8.279362044434800217E-16, 2.100000000000007194, -1.850000000000001865 ) ) ;
#12433 = SURFACE_STYLE_USAGE ( .BOTH. , #7576 ) ;
#12434 =( GEOMETRIC_REPRESENTATION_CONTEXT ( 3 ) GLOBAL_UNCERTAINTY_ASSIGNED_CONTEXT ( ( #6841 ) ) GLOBAL_UNIT_ASSIGNED_CONTEXT ( ( #3477, #9330, #10397 ) ) REPRESENTATION_CONTEXT ( 'NONE', 'WORKASPACE' ) );
#12435 = DIRECTION ( 'NONE',  ( -0.000000000000000000, 0.7071067811865549002, 0.7071067811865402453 ) ) ;
#12436 = AXIS2_PLACEMENT_3D ( 'NONE', #9898, #1666, #12828 ) ;
#12437 = ORIENTED_EDGE ( 'NONE', *, *, #4025, .F. ) ;
#12438 =( LENGTH_UNIT ( ) NAMED_UNIT ( * ) SI_UNIT ( .MILLI., .METRE. ) );
#12439 = EDGE_LOOP ( 'NONE', ( #9605, #9616, #4150, #10783, #723, #4216, #6869, #11821 ) ) ;
#12440 = CARTESIAN_POINT ( 'NONE',  ( -3.285000000000000586, 1.083335593717822357E-31, 2.250000000000004441 ) ) ;
#12441 = CARTESIAN_POINT ( 'NONE',  ( 2.034999999999999698, 1.749999999999999778, -1.125000000000033973 ) ) ;
#12442 = CARTESIAN_POINT ( 'NONE',  ( 0.000000000000000000, 0.2999999999999999889, 0.000000000000000000 ) ) ;
#12443 = AXIS2_PLACEMENT_3D ( 'NONE', #4580, #9716, #8585 ) ;
#12444 = STYLED_ITEM ( 'NONE', ( #596 ), #3846 ) ;
#12445 = DIRECTION ( 'NONE',  ( -1.000000000000000000, 0.000000000000000000, -0.000000000000000000 ) ) ;
#12446 = CARTESIAN_POINT ( 'NONE',  ( -5.875000000000001776, 1.749999999999999778, 1.549999999999990496 ) ) ;
#12447 = FILL_AREA_STYLE_COLOUR ( '', #11058 ) ;
#12448 = PRESENTATION_STYLE_ASSIGNMENT (( #1482 ) ) ;
#12449 = COLOUR_RGB ( '',1.000000000000000000, 1.000000000000000000, 1.000000000000000000 ) ;
#12450 = STYLED_ITEM ( 'NONE', ( #12501 ), #10469 ) ;
#12451 = EDGE_CURVE ( 'NONE', #11880, #4269, #8030, .T. ) ;
#12452 = VERTEX_POINT ( 'NONE', #4032 ) ;
#12453 = EDGE_LOOP ( 'NONE', ( #12260, #3086, #1859, #3280, #2769, #8066, #7724, #7629 ) ) ;
#12454 = VERTEX_POINT ( 'NONE', #13138 ) ;
#12455 = FILL_AREA_STYLE ('',( #222 ) ) ;
#12456 = COLOUR_RGB ( '',1.000000000000000000, 0.8117647058823529438, 0.5019607843137254832 ) ;
#12457 =( LENGTH_UNIT ( ) NAMED_UNIT ( * ) SI_UNIT ( .MILLI., .METRE. ) );
#12458 = LINE ( 'NONE', #2330, #4698 ) ;
#12459 = AXIS2_PLACEMENT_3D ( 'NONE', #12749, #9574, #3641 ) ;
#12460 = SURFACE_STYLE_FILL_AREA ( #12393 ) ;
#12461 = PRESENTATION_LAYER_ASSIGNMENT (  '', '', ( #569 ) ) ;
#12463 = SURFACE_STYLE_FILL_AREA ( #1428 ) ;
#12462 = UNCERTAINTY_MEASURE_WITH_UNIT (LENGTH_MEASURE( 1.000000000000000082E-05 ), #4740, 'distance_accuracy_value', 'NONE');
#12464 = LINE ( 'NONE', #10600, #83 ) ;
#12465 = FILL_AREA_STYLE_COLOUR ( '', #2822 ) ;
#12466 =( GEOMETRIC_REPRESENTATION_CONTEXT ( 3 ) GLOBAL_UNCERTAINTY_ASSIGNED_CONTEXT ( ( #9876 ) ) GLOBAL_UNIT_ASSIGNED_CONTEXT ( ( #5553, #8815, #1520 ) ) REPRESENTATION_CONTEXT ( 'NONE', 'WORKASPACE' ) );
#12467 = DIRECTION ( 'NONE',  ( 0.000000000000000000, 0.000000000000000000, -1.000000000000000000 ) ) ;
#12468 = VERTEX_POINT ( 'NONE', #5958 ) ;
#12469 = DIRECTION ( 'NONE',  ( 0.000000000000000000, -0.000000000000000000, 1.000000000000000000 ) ) ;
#12470 = CIRCLE ( 'NONE', #10963, 0.4499999999999999001 ) ;
#12471 = VERTEX_POINT ( 'NONE', #6962 ) ;
#12472 = EDGE_LOOP ( 'NONE', ( #5561, #9361, #521, #551 ) ) ;
#12473 = ORIENTED_EDGE ( 'NONE', *, *, #10960, .F. ) ;
#12474 = SURFACE_SIDE_STYLE ('',( #6083 ) ) ;
#12475 = STYLED_ITEM ( 'NONE', ( #4261 ), #4663 ) ;
#12476 =( LENGTH_UNIT ( ) NAMED_UNIT ( * ) SI_UNIT ( .MILLI., .METRE. ) );
#12477 = DIRECTION ( 'NONE',  ( 0.000000000000000000, 0.7071067811865482389, 0.7071067811865469066 ) ) ;
#12478 = LINE ( 'NONE', #3486, #12709 ) ;
#12479 = VECTOR ( 'NONE', #689, 1000.000000000000000 ) ;
#12480 = FILL_AREA_STYLE_COLOUR ( '', #6791 ) ;
#12481 = ORIENTED_EDGE ( 'NONE', *, *, #7956, .T. ) ;
#12482 = LINE ( 'NONE', #1061, #2634 ) ;
#12483 = DIRECTION ( 'NONE',  ( -1.000000000000000000, 0.000000000000000000, -0.000000000000000000 ) ) ;
#12484 = MECHANICAL_DESIGN_GEOMETRIC_PRESENTATION_REPRESENTATION (  '', ( #8013 ), #10581 ) ;
#12485 = EDGE_LOOP ( 'NONE', ( #1331, #12417, #4198, #10880, #4992, #6692, #7675, #3801, #12093, #5580, #3543, #8879 ) ) ;
#12486 = CARTESIAN_POINT ( 'NONE',  ( -6.544999999999994600, 0.2500000000000017208, 0.3500000000000039746 ) ) ;
#12487 = VERTEX_POINT ( 'NONE', #13072 ) ;
#12488 = CARTESIAN_POINT ( 'NONE',  ( -4.215000000000000746, 1.350000000000001865, 1.350000000000004086 ) ) ;
#12489 = FILL_AREA_STYLE ('',( #5690 ) ) ;
#12490 = DIRECTION ( 'NONE',  ( 8.316167683706504548E-17, -0.7071067811865416886, 0.7071067811865533459 ) ) ;
#12491 = VECTOR ( 'NONE', #212, 1000.000000000000000 ) ;
#12493 = COLOUR_RGB ( '',1.000000000000000000, 0.8117647058823529438, 0.5019607843137254832 ) ;
#12492 = SURFACE_STYLE_FILL_AREA ( #8432 ) ;
#12494 = CYLINDRICAL_SURFACE ( 'NONE', #12419, 0.4499999999999999001 ) ;
#12495 = DIRECTION ( 'NONE',  ( 0.2133021165724272028, 0.9621436710723735297, 0.1696518885279465483 ) ) ;
#12496 = AXIS2_PLACEMENT_3D ( 'NONE', #1801, #9612, #3793 ) ;
#12497 = LINE ( 'NONE', #7578, #2871 ) ;
#12498 = ORIENTED_EDGE ( 'NONE', *, *, #11012, .F. ) ;
#12499 = AXIS2_PLACEMENT_3D ( 'NONE', #8648, #11500, #2381 ) ;
#12500 = VERTEX_POINT ( 'NONE', #8949 ) ;
#12501 = PRESENTATION_STYLE_ASSIGNMENT (( #4177 ) ) ;
#12502 = VERTEX_POINT ( 'NONE', #13008 ) ;
#12503 = DIRECTION ( 'NONE',  ( 0.000000000000000000, -1.000000000000000000, -1.355252715606880296E-16 ) ) ;
#12504 = SURFACE_STYLE_FILL_AREA ( #6115 ) ;
#12505 = SURFACE_SIDE_STYLE ('',( #7181 ) ) ;
#12506 = EDGE_CURVE ( 'NONE', #9529, #12571, #9024, .T. ) ;
#12507 = FILL_AREA_STYLE_COLOUR ( '', #5251 ) ;
#12508 = PLANE ( 'NONE',  #1160 ) ;
#12509 = ADVANCED_FACE ( 'NONE', ( #11022 ), #10020, .T. ) ;
#12510 = SURFACE_STYLE_USAGE ( .BOTH. , #5450 ) ;
#12511 = VERTEX_POINT ( 'NONE', #4100 ) ;
#12512 = EDGE_LOOP ( 'NONE', ( #8069, #5943, #11731, #1318, #5921, #943, #1334, #834, #10194, #3105, #2920, #1113, #11133, #5129, #4445, #12095, #6345, #7207, #1959, #10524, #13119, #3999, #12315, #8068, #6040, #10050 ) ) ;
#12513 = VERTEX_POINT ( 'NONE', #5826 ) ;
#12514 = DIRECTION ( 'NONE',  ( 0.000000000000000000, 1.355252715606860081E-16, -1.000000000000000000 ) ) ;
#12515 = LINE ( 'NONE', #12320, #11919 ) ;
#12516 = DIRECTION ( 'NONE',  ( 0.2133021165724272028, -0.9621436710723735297, -0.1696518885279465483 ) ) ;
#12517 = LINE ( 'NONE', #4392, #12897 ) ;
#12518 = ADVANCED_FACE ( 'NONE', ( #915 ), #5893, .T. ) ;
#12519 = CARTESIAN_POINT ( 'NONE',  ( -2.965000000000000746, 0.4500000000000002331, 6.098637220230963674E-17 ) ) ;
#12520 = ORIENTED_EDGE ( 'NONE', *, *, #9778, .F. ) ;
#12521 = DIRECTION ( 'NONE',  ( 0.000000000000000000, 0.7071067811865482389, 0.7071067811865469066 ) ) ;
#12522 = COLOUR_RGB ( '',0.7921568627450980005, 0.8196078431372548767, 0.9333333333333333481 ) ;
#12523 = VERTEX_POINT ( 'NONE', #8894 ) ;
#12524 = ORIENTED_EDGE ( 'NONE', *, *, #7256, .T. ) ;
#12526 = EDGE_CURVE ( 'NONE', #2413, #11406, #3835, .T. ) ;
#12525 = VERTEX_POINT ( 'NONE', #7022 ) ;
#12527 =( NAMED_UNIT ( * ) SI_UNIT ( $, .STERADIAN. ) SOLID_ANGLE_UNIT ( ) );
#12528 =( LENGTH_UNIT ( ) NAMED_UNIT ( * ) SI_UNIT ( .MILLI., .METRE. ) );
#12529 = FILL_AREA_STYLE_COLOUR ( '', #999 ) ;
#12530 = UNCERTAINTY_MEASURE_WITH_UNIT (LENGTH_MEASURE( 1.000000000000000082E-05 ), #9304, 'distance_accuracy_value', 'NONE');
#12531 = PRESENTATION_STYLE_ASSIGNMENT (( #8547 ) ) ;
#12532 =( NAMED_UNIT ( * ) SI_UNIT ( $, .STERADIAN. ) SOLID_ANGLE_UNIT ( ) );
#12533 = VECTOR ( 'NONE', #7555, 1000.000000000000000 ) ;
#12534 = VERTEX_POINT ( 'NONE', #12099 ) ;
#12535 = LINE ( 'NONE', #12731, #12035 ) ;
#12536 = ORIENTED_EDGE ( 'NONE', *, *, #11776, .F. ) ;
#12537 = CARTESIAN_POINT ( 'NONE',  ( -5.400881904447568438, 1.749999999999999778, -0.6283451969090764200 ) ) ;
#12538 = ORIENTED_EDGE ( 'NONE', *, *, #5062, .F. ) ;
#12539 = FILL_AREA_STYLE ('',( #10689 ) ) ;
#12540 = CARTESIAN_POINT ( 'NONE',  ( -4.215000000000000746, 1.350000000000001865, 1.350000000000004086 ) ) ;
#12541 =( NAMED_UNIT ( * ) PLANE_ANGLE_UNIT ( ) SI_UNIT ( $, .RADIAN. ) );
#12542 = PRESENTATION_STYLE_ASSIGNMENT (( #8499 ) ) ;
#12543 =( LENGTH_UNIT ( ) NAMED_UNIT ( * ) SI_UNIT ( .MILLI., .METRE. ) );
#12544 = UNCERTAINTY_MEASURE_WITH_UNIT (LENGTH_MEASURE( 1.000000000000000082E-05 ), #12040, 'distance_accuracy_value', 'NONE');
#12545 = COLOUR_RGB ( '',1.000000000000000000, 0.8117647058823529438, 0.5019607843137254832 ) ;
#12546 =( NAMED_UNIT ( * ) SI_UNIT ( $, .STERADIAN. ) SOLID_ANGLE_UNIT ( ) );
#12547 = SURFACE_STYLE_USAGE ( .BOTH. , #12742 ) ;
#12548 = CLOSED_SHELL ( 'NONE', ( #5264, #10445, #12695, #9047, #12019, #9468, #11933, #11799, #6667, #11859 ) ) ;
#12549 = DIRECTION ( 'NONE',  ( 0.000000000000000000, -0.000000000000000000, -1.000000000000000000 ) ) ;
#12550 = ORIENTED_EDGE ( 'NONE', *, *, #7884, .F. ) ;
#12551 = VECTOR ( 'NONE', #835, 1000.000000000000000 ) ;
#12552 = ORIENTED_EDGE ( 'NONE', *, *, #6261, .F. ) ;
#12553 = DIRECTION ( 'NONE',  ( 0.000000000000000000, 0.000000000000000000, 1.000000000000000000 ) ) ;
#12554 = EDGE_CURVE ( 'NONE', #7674, #7941, #7893, .T. ) ;
#12555 = ORIENTED_EDGE ( 'NONE', *, *, #3231, .F. ) ;
#12556 = LINE ( 'NONE', #658, #11383 ) ;
#12557 = AXIS2_PLACEMENT_3D ( 'NONE', #12174, #11168, #806 ) ;
#12558 = SURFACE_STYLE_USAGE ( .BOTH. , #11842 ) ;
#12559 =( NAMED_UNIT ( * ) PLANE_ANGLE_UNIT ( ) SI_UNIT ( $, .RADIAN. ) );
#12560 = VECTOR ( 'NONE', #4309, 1000.000000000000114 ) ;
#12561 = CARTESIAN_POINT ( 'NONE',  ( -5.875000000000001776, 2.100000000000005862, -1.550000000000001821 ) ) ;
#12562 = SURFACE_SIDE_STYLE ('',( #11379 ) ) ;
#12563 = CARTESIAN_POINT ( 'NONE',  ( -2.965000000000000746, 0.2787990747163040517, -1.581148123764847258 ) ) ;
#12564 = PRESENTATION_STYLE_ASSIGNMENT (( #352 ) ) ;
#12565 = AXIS2_PLACEMENT_3D ( 'NONE', #9231, #3384, #9166 ) ;
#12566 = EDGE_LOOP ( 'NONE', ( #5221, #7866, #1388, #6940, #11309 ) ) ;
#12567 = FILL_AREA_STYLE ('',( #12831 ) ) ;
#12568 = ADVANCED_FACE ( 'NONE', ( #6893 ), #3095, .F. ) ;
#12569 = VECTOR ( 'NONE', #11485, 1000.000000000000000 ) ;
#12570 = VERTEX_POINT ( 'NONE', #10364 ) ;
#12571 = VERTEX_POINT ( 'NONE', #1390 ) ;
#12572 = CARTESIAN_POINT ( 'NONE',  ( -5.875000000000001776, 1.749999999999999778, 1.549999999999990496 ) ) ;
#12573 =( GEOMETRIC_REPRESENTATION_CONTEXT ( 3 ) GLOBAL_UNCERTAINTY_ASSIGNED_CONTEXT ( ( #2089 ) ) GLOBAL_UNIT_ASSIGNED_CONTEXT ( ( #6822, #4823, #9283 ) ) REPRESENTATION_CONTEXT ( 'NONE', 'WORKASPACE' ) );
#12574 = CARTESIAN_POINT ( 'NONE',  ( -2.035000000000000586, 0.000000000000000000, 0.000000000000000000 ) ) ;
#12575 = LINE ( 'NONE', #3594, #6815 ) ;
#12576 = EDGE_CURVE ( 'NONE', #10896, #8865, #5287, .T. ) ;
#12577 = DIRECTION ( 'NONE',  ( 0.000000000000000000, -1.000000000000000000, 0.000000000000000000 ) ) ;
#12578 = CARTESIAN_POINT ( 'NONE',  ( -1.715000000000000746, 0.000000000000000000, 0.000000000000000000 ) ) ;
#12579 = AXIS2_PLACEMENT_3D ( 'NONE', #5286, #6163, #2301 ) ;
#12581 = LINE ( 'NONE', #3270, #12399 ) ;
#12580 = UNCERTAINTY_MEASURE_WITH_UNIT (LENGTH_MEASURE( 1.000000000000000082E-05 ), #7850, 'distance_accuracy_value', 'NONE');
#12582 = CARTESIAN_POINT ( 'NONE',  ( 3.184999999999998721, 4.000000000000000000, 0.000000000000000000 ) ) ;
#12583 = PLANE ( 'NONE',  #172 ) ;
#12584 = VECTOR ( 'NONE', #10291, 1000.000000000000000 ) ;
#12585 = STYLED_ITEM ( 'NONE', ( #3889 ), #7703 ) ;
#12586 = LINE ( 'NONE', #3346, #545 ) ;
#12587 = ORIENTED_EDGE ( 'NONE', *, *, #8328, .F. ) ;
#12588 = LINE ( 'NONE', #9541, #10523 ) ;
#12589 = COLOUR_RGB ( '',1.000000000000000000, 1.000000000000000000, 1.000000000000000000 ) ;
#12590 = EDGE_CURVE ( 'NONE', #4458, #11218, #1117, .T. ) ;
#12591 = VERTEX_POINT ( 'NONE', #5139 ) ;
#12592 = ORIENTED_EDGE ( 'NONE', *, *, #5418, .T. ) ;
#12593 = ADVANCED_FACE ( 'NONE', ( #129 ), #1260, .F. ) ;
#12594 = EDGE_LOOP ( 'NONE', ( #5543, #485, #756, #248 ) ) ;
#12595 = FILL_AREA_STYLE_COLOUR ( '', #7179 ) ;
#12596 = CARTESIAN_POINT ( 'NONE',  ( 2.034999999999999698, 0.000000000000000000, -1.125000000000033973 ) ) ;
#12597 = VECTOR ( 'NONE', #4947, 1000.000000000000000 ) ;
#12598 = CARTESIAN_POINT ( 'NONE',  ( 5.875000000000001776, 1.749999999999999778, 1.549999999999988942 ) ) ;
#12599 = CARTESIAN_POINT ( 'NONE',  ( -6.875000000000006217, 1.650000000000000799, 0.3500000000000039746 ) ) ;
#12600 = EDGE_CURVE ( 'NONE', #11406, #12654, #11223, .T. ) ;
#12601 = VECTOR ( 'NONE', #9537, 1000.000000000000000 ) ;
#12602 = VERTEX_POINT ( 'NONE', #3230 ) ;
#12603 = FILL_AREA_STYLE ('',( #3783 ) ) ;
#12604 = EDGE_CURVE ( 'NONE', #8917, #3055, #9351, .T. ) ;
#12605 = VECTOR ( 'NONE', #9602, 1000.000000000000000 ) ;
#12606 = EDGE_CURVE ( 'NONE', #5531, #3816, #9517, .T. ) ;
#12607 = CARTESIAN_POINT ( 'NONE',  ( -4.535000000000001030, 1.083335593717822357E-31, 2.250000000000004441 ) ) ;
#12608 = PRESENTATION_LAYER_ASSIGNMENT (  '', '', ( #4107 ) ) ;
#12609 = ORIENTED_EDGE ( 'NONE', *, *, #2405, .T. ) ;
#12610 = DIRECTION ( 'NONE',  ( -0.000000000000000000, -0.000000000000000000, 1.000000000000000000 ) ) ;
#12611 = VERTEX_POINT ( 'NONE', #4232 ) ;
#12612 = DIRECTION ( 'NONE',  ( -1.000000000000000000, 0.000000000000000000, 0.000000000000000000 ) ) ;
#12613 =( NAMED_UNIT ( * ) SI_UNIT ( $, .STERADIAN. ) SOLID_ANGLE_UNIT ( ) );
#12614 = CARTESIAN_POINT ( 'NONE',  ( -6.875000000000006217, 1.400000000000000133, -1.849999999999996092 ) ) ;
#12615 =( NAMED_UNIT ( * ) PLANE_ANGLE_UNIT ( ) SI_UNIT ( $, .RADIAN. ) );
#12616 = COLOUR_RGB ( '',1.000000000000000000, 1.000000000000000000, 1.000000000000000000 ) ;
#12617 = DIRECTION ( 'NONE',  ( 0.2133021165724272028, -0.9621436710723735297, -0.1696518885279465483 ) ) ;
#12618 = VECTOR ( 'NONE', #10517, 1000.000000000000114 ) ;
#12619 = LINE ( 'NONE', #652, #1075 ) ;
#12620 = PRESENTATION_LAYER_ASSIGNMENT (  '', '', ( #11989 ) ) ;
#12621 = ORIENTED_EDGE ( 'NONE', *, *, #10209, .F. ) ;
#12622 = VECTOR ( 'NONE', #11201, 1000.000000000000000 ) ;
#12623 = ORIENTED_EDGE ( 'NONE', *, *, #1815, .F. ) ;
#12624 = CARTESIAN_POINT ( 'NONE',  ( -0.7850000000000010303, 0.4499999999999999556, 2.250000000000004441 ) ) ;
#12625 = EDGE_CURVE ( 'NONE', #11868, #4631, #8359, .T. ) ;
#12626 = ORIENTED_EDGE ( 'NONE', *, *, #7774, .F. ) ;
#12627 = LINE ( 'NONE', #1659, #10751 ) ;
#12628 = VECTOR ( 'NONE', #9222, 1000.000000000000000 ) ;
#12629 =( NAMED_UNIT ( * ) SI_UNIT ( $, .STERADIAN. ) SOLID_ANGLE_UNIT ( ) );
#12630 = DIRECTION ( 'NONE',  ( -1.000000000000000000, 0.000000000000000000, 0.000000000000000000 ) ) ;
#12631 = CARTESIAN_POINT ( 'NONE',  ( -6.344999999999994422, 1.200000000000000178, 0.3500000000000039746 ) ) ;
#12632 = LINE ( 'NONE', #5510, #1152 ) ;
#12633 = CARTESIAN_POINT ( 'NONE',  ( -2.965000000000000746, 0.3499999999999999223, 2.350000000000004530 ) ) ;
#12634 = CARTESIAN_POINT ( 'NONE',  ( -6.368987041127388338, 0.3385621722338523765, -1.773987041127389475 ) ) ;
#12635 = PRESENTATION_LAYER_ASSIGNMENT (  '', '', ( #8173 ) ) ;
#12636 = SURFACE_SIDE_STYLE ('',( #4442 ) ) ;
#12637 = ORIENTED_EDGE ( 'NONE', *, *, #2656, .F. ) ;
#12638 =( NAMED_UNIT ( * ) SI_UNIT ( $, .STERADIAN. ) SOLID_ANGLE_UNIT ( ) );
#12639 = ADVANCED_FACE ( 'NONE', ( #10290 ), #12427, .F. ) ;
#12640 = COLOUR_RGB ( '',0.7921568627450980005, 0.8196078431372548767, 0.9333333333333333481 ) ;
#12641 = ORIENTED_EDGE ( 'NONE', *, *, #2352, .F. ) ;
#12642 = EDGE_LOOP ( 'NONE', ( #6129, #1416, #5364, #8480 ) ) ;
#12643 = CARTESIAN_POINT ( 'NONE',  ( 3.872150616019548393E-16, 3.700000000000000178, 1.249999999999981570 ) ) ;
#12644 = DIRECTION ( 'NONE',  ( -1.233215741215733931E-16, 0.000000000000000000, -1.000000000000000000 ) ) ;
#12645 = DIRECTION ( 'NONE',  ( -1.000000000000000000, 0.000000000000000000, 0.000000000000000000 ) ) ;
#12646 = DIRECTION ( 'NONE',  ( -8.260587980841922016E-16, 1.000000000000000000, 0.000000000000000000 ) ) ;
#12647 =( NAMED_UNIT ( * ) PLANE_ANGLE_UNIT ( ) SI_UNIT ( $, .RADIAN. ) );
#12648 =( LENGTH_UNIT ( ) NAMED_UNIT ( * ) SI_UNIT ( .MILLI., .METRE. ) );
#12649 = LINE ( 'NONE', #10531, #11120 ) ;
#12650 = DIRECTION ( 'NONE',  ( -0.000000000000000000, 0.000000000000000000, -1.000000000000000000 ) ) ;
#12651 = SURFACE_SIDE_STYLE ('',( #5465 ) ) ;
#12652 = VECTOR ( 'NONE', #4179, 1000.000000000000000 ) ;
#12653 = VECTOR ( 'NONE', #9227, 1000.000000000000000 ) ;
#12654 = VERTEX_POINT ( 'NONE', #9425 ) ;
#12655 = FILL_AREA_STYLE_COLOUR ( '', #336 ) ;
#12656 = ORIENTED_EDGE ( 'NONE', *, *, #10841, .F. ) ;
#12657 = ORIENTED_EDGE ( 'NONE', *, *, #139, .F. ) ;
#12658 = AXIS2_PLACEMENT_3D ( 'NONE', #9558, #10621, #451 ) ;
#12659 = VERTEX_POINT ( 'NONE', #7222 ) ;
#12660 = COLOUR_RGB ( '',1.000000000000000000, 0.8117647058823529438, 0.5019607843137254832 ) ;
#12661 = LINE ( 'NONE', #5406, #4279 ) ;
#12662 = CARTESIAN_POINT ( 'NONE',  ( -3.287499999999996536, -3.287499999999999201, -1.850000000000001865 ) ) ;
#12663 = DIRECTION ( 'NONE',  ( -1.000000000000000000, 6.570922257487672349E-16, -0.000000000000000000 ) ) ;
#12664 = VECTOR ( 'NONE', #2949, 1000.000000000000000 ) ;
#12665 = FILL_AREA_STYLE_COLOUR ( '', #2630 ) ;
#12666 = FILL_AREA_STYLE_COLOUR ( '', #12545 ) ;
#12667 = VECTOR ( 'NONE', #2032, 1000.000000000000000 ) ;
#12668 = MECHANICAL_DESIGN_GEOMETRIC_PRESENTATION_REPRESENTATION (  '', ( #3754 ), #7991 ) ;
#12669 = ORIENTED_EDGE ( 'NONE', *, *, #6855, .F. ) ;
#12670 = AXIS2_PLACEMENT_3D ( 'NONE', #11948, #12803, #1770 ) ;
#12671 = DIRECTION ( 'NONE',  ( 1.000000000000000000, -0.000000000000000000, 0.000000000000000000 ) ) ;
#12672 = ORIENTED_EDGE ( 'NONE', *, *, #2891, .F. ) ;
#12673 = DIRECTION ( 'NONE',  ( -1.000000000000000000, 0.000000000000000000, 1.807003620809178576E-16 ) ) ;
#12674 = ORIENTED_EDGE ( 'NONE', *, *, #10664, .F. ) ;
#12675 = CARTESIAN_POINT ( 'NONE',  ( -5.875000000000001776, 2.900000000000003020, -1.850000000000001865 ) ) ;
#12676 = FACE_OUTER_BOUND ( 'NONE', #8103, .T. ) ;
#12677 =( GEOMETRIC_REPRESENTATION_CONTEXT ( 3 ) GLOBAL_UNCERTAINTY_ASSIGNED_CONTEXT ( ( #8182 ) ) GLOBAL_UNIT_ASSIGNED_CONTEXT ( ( #6927, #12784, #4911 ) ) REPRESENTATION_CONTEXT ( 'NONE', 'WORKASPACE' ) );
#12678 = FACE_OUTER_BOUND ( 'NONE', #11906, .T. ) ;
#12679 = PLANE ( 'NONE',  #6211 ) ;
#12680 = UNCERTAINTY_MEASURE_WITH_UNIT (LENGTH_MEASURE( 1.000000000000000082E-05 ), #11812, 'distance_accuracy_value', 'NONE');
#12681 = FILL_AREA_STYLE_COLOUR ( '', #6250 ) ;
#12682 = AXIS2_PLACEMENT_3D ( 'NONE', #9271, #7897, #1908 ) ;
#12683 = EDGE_CURVE ( 'NONE', #11496, #6228, #6564, .T. ) ;
#12684 = COLOUR_RGB ( '',1.000000000000000000, 1.000000000000000000, 1.000000000000000000 ) ;
#12685 = DIRECTION ( 'NONE',  ( -0.9762960071199339174, 0.2164396139381006001, 0.000000000000000000 ) ) ;
#12686 =( NAMED_UNIT ( * ) PLANE_ANGLE_UNIT ( ) SI_UNIT ( $, .RADIAN. ) );
#12687 = CARTESIAN_POINT ( 'NONE',  ( -0.4650000000000010236, 8.425943506694179847E-32, 1.750000000000004663 ) ) ;
#12688 = ORIENTED_EDGE ( 'NONE', *, *, #11845, .T. ) ;
#12689 = COLOUR_RGB ( '',1.000000000000000000, 1.000000000000000000, 1.000000000000000000 ) ;
#12690 = ORIENTED_EDGE ( 'NONE', *, *, #6679, .F. ) ;
#12691 = EDGE_LOOP ( 'NONE', ( #2444, #3614, #9557, #406, #11940, #3377, #11577, #6514, #3491, #12743, #8443, #11635, #11422, #12609, #5329, #5823, #7120, #1604, #6541, #1268 ) ) ;
#12692 = CARTESIAN_POINT ( 'NONE',  ( -2.035000000000000586, 0.4500000000000000111, 1.850000000000004530 ) ) ;
#12693 = DIRECTION ( 'NONE',  ( 0.000000000000000000, 0.000000000000000000, -1.000000000000000000 ) ) ;
#12694 = DIRECTION ( 'NONE',  ( -1.000000000000000000, -0.000000000000000000, -0.000000000000000000 ) ) ;
#12695 = ADVANCED_FACE ( 'NONE', ( #12678 ), #3694, .F. ) ;
#12696 = VECTOR ( 'NONE', #7273, 1000.000000000000000 ) ;
#12697 = CARTESIAN_POINT ( 'NONE',  ( 3.284999999999998810, 3.999999999999999112, -0.5250000000000403233 ) ) ;
#12698 =( NAMED_UNIT ( * ) SI_UNIT ( $, .STERADIAN. ) SOLID_ANGLE_UNIT ( ) );
#12699 = DIRECTION ( 'NONE',  ( 1.000000000000000000, -0.000000000000000000, 0.000000000000000000 ) ) ;
#12700 = DIRECTION ( 'NONE',  ( -0.000000000000000000, 0.7071067811865477948, 0.7071067811865473507 ) ) ;
#12701 =( GEOMETRIC_REPRESENTATION_CONTEXT ( 3 ) GLOBAL_UNCERTAINTY_ASSIGNED_CONTEXT ( ( #196 ) ) GLOBAL_UNIT_ASSIGNED_CONTEXT ( ( #2069, #1275, #6118 ) ) REPRESENTATION_CONTEXT ( 'NONE', 'WORKASPACE' ) );
#12702 = LINE ( 'NONE', #9586, #957 ) ;
#12703 = ORIENTED_EDGE ( 'NONE', *, *, #11843, .T. ) ;
#12704 = FILL_AREA_STYLE_COLOUR ( '', #9463 ) ;
#12705 = ORIENTED_EDGE ( 'NONE', *, *, #2946, .F. ) ;
#12706 = ORIENTED_EDGE ( 'NONE', *, *, #9343, .T. ) ;
#12707 = DIRECTION ( 'NONE',  ( 0.000000000000000000, -1.355252715606860081E-16, 1.000000000000000000 ) ) ;
#12708 = DIRECTION ( 'NONE',  ( 0.000000000000000000, 0.000000000000000000, -1.000000000000000000 ) ) ;
#12709 = VECTOR ( 'NONE', #4282, 1000.000000000000000 ) ;
#12710 = DIRECTION ( 'NONE',  ( 0.000000000000000000, -0.7071067811865482389, -0.7071067811865469066 ) ) ;
#12711 = CARTESIAN_POINT ( 'NONE',  ( -4.387500000000002842, 4.387500000000002842, -1.850000000000001865 ) ) ;
#12712 =( NAMED_UNIT ( * ) SI_UNIT ( $, .STERADIAN. ) SOLID_ANGLE_UNIT ( ) );
#12713 = UNCERTAINTY_MEASURE_WITH_UNIT (LENGTH_MEASURE( 1.000000000000000082E-05 ), #81, 'distance_accuracy_value', 'NONE');
#12714 = LINE ( 'NONE', #291, #9427 ) ;
#12715 = EDGE_CURVE ( 'NONE', #6918, #2048, #9805, .T. ) ;
#12716 = DIRECTION ( 'NONE',  ( -1.000000000000000000, -0.000000000000000000, -0.000000000000000000 ) ) ;
#12717 = EDGE_LOOP ( 'NONE', ( #9635, #9453, #11348, #9622 ) ) ;
#12718 = DIRECTION ( 'NONE',  ( 0.000000000000000000, 0.000000000000000000, -1.000000000000000000 ) ) ;
#12719 = VERTEX_POINT ( 'NONE', #10562 ) ;
#12720 = EDGE_LOOP ( 'NONE', ( #11838, #9980, #8935, #3074 ) ) ;
#12721 = EDGE_CURVE ( 'NONE', #4990, #11112, #12802, .T. ) ;
#12722 = EDGE_LOOP ( 'NONE', ( #3831, #10870, #12538, #1747 ) ) ;
#12723 = ADVANCED_FACE ( 'NONE', ( #3625 ), #2623, .F. ) ;
#12724 = DIRECTION ( 'NONE',  ( 0.6947465906068683861, 0.6947465906068643893, 0.1861567878973815482 ) ) ;
#12725 = CARTESIAN_POINT ( 'NONE',  ( -4.535000000000001030, 0.000000000000000000, 0.000000000000000000 ) ) ;
#12726 = EDGE_CURVE ( 'NONE', #2939, #12302, #9693, .T. ) ;
#12727 = PLANE ( 'NONE',  #8566 ) ;
#12728 = PLANE ( 'NONE',  #6120 ) ;
#12729 = SURFACE_SIDE_STYLE ('',( #8685 ) ) ;
#12730 = ORIENTED_EDGE ( 'NONE', *, *, #12108, .T. ) ;
#12731 = CARTESIAN_POINT ( 'NONE',  ( -2.035000000000000586, 1.749999999999999778, 0.000000000000000000 ) ) ;
#12732 = ORIENTED_EDGE ( 'NONE', *, *, #1603, .T. ) ;
#12733 = CARTESIAN_POINT ( 'NONE',  ( -7.574999999999994849, 0.07279404685324222801, -1.850000000000001865 ) ) ;
#12734 = EDGE_CURVE ( 'NONE', #464, #9422, #1649, .T. ) ;
#12735 = VERTEX_POINT ( 'NONE', #3499 ) ;
#12736 = PRESENTATION_STYLE_ASSIGNMENT (( #11687 ) ) ;
#12737 = LINE ( 'NONE', #6694, #5020 ) ;
#12738 = SURFACE_SIDE_STYLE ('',( #6878 ) ) ;
#12739 = EDGE_CURVE ( 'NONE', #3726, #842, #8814, .T. ) ;
#12740 = DIRECTION ( 'NONE',  ( 0.000000000000000000, 0.000000000000000000, 1.000000000000000000 ) ) ;
#12741 = CARTESIAN_POINT ( 'NONE',  ( 0.7849999999999992539, 1.749999999999999778, 0.000000000000000000 ) ) ;
#12742 = SURFACE_SIDE_STYLE ('',( #8753 ) ) ;
#12743 = ORIENTED_EDGE ( 'NONE', *, *, #5409, .T. ) ;
#12744 = CLOSED_SHELL ( 'NONE', ( #8051, #10697, #5425, #4155, #413, #5501, #12180, #401, #2008, #548, #5065, #8831, #9428, #5014, #6845, #6101, #1831, #1682, #6706, #2323, #693, #1703, #11444, #810, #4843, #5337, #3204, #10375, #2642, #780, #12518, #8277, #9987, #956, #5189, #5542, #5269, #11699, #6824, #2711, #11394, #10389, #5899, #2581, #7370, #3940, #3610, #3478, #4356, #8503, #2088, #973, #4581, #7793, #2754, #7951, #6561, #11346, #6874, #12402, #7923, #8996, #9431, #1375, #7213, #3387, #11890, #12946, #2905, #856, #11363, #11905, #4275, #7044, #8471, #5516, #11425, #9580, #2273, #10469, #11673, #13002, #10344, #12826, #10799, #2168, #5851, #4300, #3, #2881, #416, #11258, #11293, #2006, #12127, #4196, #8854, #7960, #13118, #9870, #9524, #12723, #9685, #10545, #2109, #7210, #6159, #8759, #1106, #6519, #12891, #8602, #133, #12568, #5162, #7676, #11017, #3383, #12233, #9057, #6727, #1716, #11630, #1107, #382, #8077, #9883, #9610, #579, #11936, #13047 ) ) ;
#12745 = ORIENTED_EDGE ( 'NONE', *, *, #11340, .T. ) ;
#12746 = DIRECTION ( 'NONE',  ( 0.000000000000000000, -0.7071067811865482389, -0.7071067811865469066 ) ) ;
#12747 = EDGE_CURVE ( 'NONE', #201, #9125, #12873, .T. ) ;
#12748 = ORIENTED_EDGE ( 'NONE', *, *, #5831, .T. ) ;
#12749 = CARTESIAN_POINT ( 'NONE',  ( 6.875000000000006217, 1.649999999999999023, -1.749999999999997558 ) ) ;
#12750 = VECTOR ( 'NONE', #6814, 1000.000000000000000 ) ;
#12751 = EDGE_CURVE ( 'NONE', #8211, #11467, #12958, .T. ) ;
#12752 = LINE ( 'NONE', #2640, #4288 ) ;
#12753 = LINE ( 'NONE', #1475, #680 ) ;
#12754 =( GEOMETRIC_REPRESENTATION_CONTEXT ( 3 ) GLOBAL_UNCERTAINTY_ASSIGNED_CONTEXT ( ( #4828 ) ) GLOBAL_UNIT_ASSIGNED_CONTEXT ( ( #12457, #2396, #2206 ) ) REPRESENTATION_CONTEXT ( 'NONE', 'WORKASPACE' ) );
#12755 = DIRECTION ( 'NONE',  ( 0.000000000000000000, 0.000000000000000000, -1.000000000000000000 ) ) ;
#12756 = CARTESIAN_POINT ( 'NONE',  ( 2.964999999999998970, 2.865743636076471201, -1.125000000000033973 ) ) ;
#12757 = DIRECTION ( 'NONE',  ( -0.2133021165724272306, 0.9621436710723736407, -0.1696518885279461319 ) ) ;
#12758 = EDGE_CURVE ( 'NONE', #376, #3955, #7568, .T. ) ;
#12759 = ORIENTED_EDGE ( 'NONE', *, *, #2245, .T. ) ;
#12760 = PRESENTATION_LAYER_ASSIGNMENT (  '', '', ( #5317 ) ) ;
#12761 = VERTEX_POINT ( 'NONE', #5691 ) ;
#12762 = ORIENTED_EDGE ( 'NONE', *, *, #12048, .T. ) ;
#12763 =( NAMED_UNIT ( * ) SI_UNIT ( $, .STERADIAN. ) SOLID_ANGLE_UNIT ( ) );
#12764 =( NAMED_UNIT ( * ) SI_UNIT ( $, .STERADIAN. ) SOLID_ANGLE_UNIT ( ) );
#12765 =( GEOMETRIC_REPRESENTATION_CONTEXT ( 3 ) GLOBAL_UNCERTAINTY_ASSIGNED_CONTEXT ( ( #7257 ) ) GLOBAL_UNIT_ASSIGNED_CONTEXT ( ( #2103, #10201, #10607 ) ) REPRESENTATION_CONTEXT ( 'NONE', 'WORKASPACE' ) );
#12766 = VECTOR ( 'NONE', #583, 1000.000000000000000 ) ;
#12767 =( NAMED_UNIT ( * ) PLANE_ANGLE_UNIT ( ) SI_UNIT ( $, .RADIAN. ) );
#12768 = FILL_AREA_STYLE_COLOUR ( '', #8448 ) ;
#12769 = DIRECTION ( 'NONE',  ( -0.000000000000000000, -0.000000000000000000, 1.000000000000000000 ) ) ;
#12770 = FACE_OUTER_BOUND ( 'NONE', #10688, .T. ) ;
#12771 = VECTOR ( 'NONE', #10089, 1000.000000000000000 ) ;
#12772 = DIRECTION ( 'NONE',  ( -0.000000000000000000, 0.7071067811865549002, 0.7071067811865402453 ) ) ;
#12773 = DIRECTION ( 'NONE',  ( 5.052592648476138302E-15, -1.000000000000000000, -0.000000000000000000 ) ) ;
#12774 = ORIENTED_EDGE ( 'NONE', *, *, #8763, .T. ) ;
#12775 = COLOUR_RGB ( '',1.000000000000000000, 1.000000000000000000, 1.000000000000000000 ) ;
#12776 = VECTOR ( 'NONE', #7973, 1000.000000000000000 ) ;
#12777 = ORIENTED_EDGE ( 'NONE', *, *, #6505, .F. ) ;
#12778 = PRESENTATION_STYLE_ASSIGNMENT (( #6599 ) ) ;
#12779 = ORIENTED_EDGE ( 'NONE', *, *, #1780, .T. ) ;
#12780 = ORIENTED_EDGE ( 'NONE', *, *, #6968, .T. ) ;
#12781 = VECTOR ( 'NONE', #1321, 1000.000000000000000 ) ;
#12782 = ORIENTED_EDGE ( 'NONE', *, *, #6855, .T. ) ;
#12783 = EDGE_CURVE ( 'NONE', #3331, #10117, #11688, .T. ) ;
#12784 =( NAMED_UNIT ( * ) PLANE_ANGLE_UNIT ( ) SI_UNIT ( $, .RADIAN. ) );
#12785 = LINE ( 'NONE', #3682, #4608 ) ;
#12786 = PLANE ( 'NONE',  #3031 ) ;
#12787 = VECTOR ( 'NONE', #9215, 1000.000000000000000 ) ;
#12788 = CARTESIAN_POINT ( 'NONE',  ( 5.275000000000024336, 3.700000000000000178, 0.9499999999999856337 ) ) ;
#12789 = PRESENTATION_STYLE_ASSIGNMENT (( #5802 ) ) ;
#12790 = EDGE_CURVE ( 'NONE', #582, #3135, #12737, .T. ) ;
#12791 = ORIENTED_EDGE ( 'NONE', *, *, #9328, .F. ) ;
#12792 = CARTESIAN_POINT ( 'NONE',  ( -1.815000000000001057, 4.000000000000000000, 0.000000000000000000 ) ) ;
#12793 = VECTOR ( 'NONE', #12145, 1000.000000000000000 ) ;
#12794 = PRESENTATION_LAYER_ASSIGNMENT (  '', '', ( #11095 ) ) ;
#12795 = DIRECTION ( 'NONE',  ( 0.7071067811865474617, -0.7071067811865474617, 1.916616770854222529E-15 ) ) ;
#12796 = VERTEX_POINT ( 'NONE', #6017 ) ;
#12797 =( NAMED_UNIT ( * ) PLANE_ANGLE_UNIT ( ) SI_UNIT ( $, .RADIAN. ) );
#12798 = EDGE_LOOP ( 'NONE', ( #8021, #7142, #3659, #6174, #2716, #12948, #13069, #1725 ) ) ;
#12799 = CARTESIAN_POINT ( 'NONE',  ( -2.965000000000000746, 1.083335593717822357E-31, 2.250000000000004441 ) ) ;
#12800 = LINE ( 'NONE', #11067, #10034 ) ;
#12801 = MECHANICAL_DESIGN_GEOMETRIC_PRESENTATION_REPRESENTATION (  '', ( #4092 ), #10701 ) ;
#12802 = LINE ( 'NONE', #7757, #798 ) ;
#12803 = DIRECTION ( 'NONE',  ( 1.000000000000000000, -0.000000000000000000, 0.000000000000000000 ) ) ;
#12804 = FACE_OUTER_BOUND ( 'NONE', #2689, .T. ) ;
#12805 = UNCERTAINTY_MEASURE_WITH_UNIT (LENGTH_MEASURE( 1.000000000000000082E-05 ), #8313, 'distance_accuracy_value', 'NONE');
#12806 = FILL_AREA_STYLE_COLOUR ( '', #6871 ) ;
#12807 = VECTOR ( 'NONE', #11876, 999.9999999999998863 ) ;
#12808 =( LENGTH_UNIT ( ) NAMED_UNIT ( * ) SI_UNIT ( .MILLI., .METRE. ) );
#12809 = EDGE_CURVE ( 'NONE', #4016, #12761, #3963, .T. ) ;
#12810 = CARTESIAN_POINT ( 'NONE',  ( 2.964999999999998970, 1.083335593717822357E-31, 2.250000000000004441 ) ) ;
#12811 = VECTOR ( 'NONE', #5721, 1000.000000000000000 ) ;
#12812 = ORIENTED_EDGE ( 'NONE', *, *, #12003, .T. ) ;
#12813 = COLOUR_RGB ( '',0.7921568627450980005, 0.8196078431372548767, 0.9333333333333333481 ) ;
#12814 = EDGE_CURVE ( 'NONE', #12834, #8509, #10074, .T. ) ;
#12815 = ORIENTED_EDGE ( 'NONE', *, *, #6617, .F. ) ;
#12816 = SURFACE_STYLE_FILL_AREA ( #1602 ) ;
#12817 = VECTOR ( 'NONE', #6913, 1000.000000000000000 ) ;
#12818 = ORIENTED_EDGE ( 'NONE', *, *, #3306, .F. ) ;
#12819 = LINE ( 'NONE', #2571, #2895 ) ;
#12820 = DIRECTION ( 'NONE',  ( -1.000000000000000000, 0.000000000000000000, 1.176083712526648949E-16 ) ) ;
#12821 = CARTESIAN_POINT ( 'NONE',  ( 3.284999999999998810, 1.749999999999999778, -1.125000000000033973 ) ) ;
#12822 = VECTOR ( 'NONE', #6899, 1000.000000000000000 ) ;
#12823 = STYLED_ITEM ( 'NONE', ( #12114 ), #1483 ) ;
#12824 = CARTESIAN_POINT ( 'NONE',  ( -6.875000000000006217, 1.650000000000000799, -1.849999999999996092 ) ) ;
#12826 = ADVANCED_FACE ( 'NONE', ( #9873 ), #4808, .F. ) ;
#12825 = VECTOR ( 'NONE', #7095, 1000.000000000000000 ) ;
#12827 = CARTESIAN_POINT ( 'NONE',  ( -6.344999999999994422, 0.3916994755741644574, -1.749999999999996003 ) ) ;
#12828 = DIRECTION ( 'NONE',  ( 0.000000000000000000, 0.000000000000000000, -1.000000000000000000 ) ) ;
#12829 = MECHANICAL_DESIGN_GEOMETRIC_PRESENTATION_REPRESENTATION (  '', ( #5392 ), #12214 ) ;
#12830 = ORIENTED_EDGE ( 'NONE', *, *, #2389, .T. ) ;
#12831 = FILL_AREA_STYLE_COLOUR ( '', #549 ) ;
#12832 = VECTOR ( 'NONE', #5867, 1000.000000000000000 ) ;
#12833 = ORIENTED_EDGE ( 'NONE', *, *, #10949, .F. ) ;
#12834 = VERTEX_POINT ( 'NONE', #4996 ) ;
#12835 = LINE ( 'NONE', #9837, #160 ) ;
#12836 = CARTESIAN_POINT ( 'NONE',  ( 5.275000000000024336, 1.749999999999999778, -1.450000000000041034 ) ) ;
#12837 = MECHANICAL_DESIGN_GEOMETRIC_PRESENTATION_REPRESENTATION (  '', ( #941 ), #7102 ) ;
#12838 = FILL_AREA_STYLE ('',( #8783 ) ) ;
#12839 = EDGE_CURVE ( 'NONE', #3816, #4443, #12929, .T. ) ;
#12840 = FILL_AREA_STYLE ('',( #12768 ) ) ;
#12842 = DIRECTION ( 'NONE',  ( 7.486635212538409422E-16, -0.9063077870366521571, -0.4226182617406950004 ) ) ;
#12841 = UNCERTAINTY_MEASURE_WITH_UNIT (LENGTH_MEASURE( 1.000000000000000082E-05 ), #8661, 'distance_accuracy_value', 'NONE');
#12843 = STYLED_ITEM ( 'NONE', ( #3069 ), #2936 ) ;
#12844 = SURFACE_STYLE_USAGE ( .BOTH. , #5661 ) ;
#12845 = SURFACE_STYLE_USAGE ( .BOTH. , #4716 ) ;
#12846 = DIRECTION ( 'NONE',  ( 0.000000000000000000, -0.000000000000000000, 1.000000000000000000 ) ) ;
#12847 = EDGE_CURVE ( 'NONE', #6620, #9399, #10143, .T. ) ;
#12848 = VERTEX_POINT ( 'NONE', #3014 ) ;
#12849 = CARTESIAN_POINT ( 'NONE',  ( -3.900000000000000355, 0.000000000000000000, -1.850000000000001865 ) ) ;
#12850 = VERTEX_POINT ( 'NONE', #7085 ) ;
#12851 = EDGE_LOOP ( 'NONE', ( #614, #10668, #5629, #9746, #12007 ) ) ;
#12852 = VECTOR ( 'NONE', #6056, 1000.000000000000000 ) ;
#12853 = ORIENTED_EDGE ( 'NONE', *, *, #9677, .F. ) ;
#12854 = LINE ( 'NONE', #12069, #7593 ) ;
#12855 = DIRECTION ( 'NONE',  ( -1.000000000000000000, 0.000000000000000000, 1.233215741215733931E-16 ) ) ;
#12856 = SURFACE_SIDE_STYLE ('',( #9989 ) ) ;
#12857 = EDGE_CURVE ( 'NONE', #6228, #7003, #10005, .T. ) ;
#12858 = CARTESIAN_POINT ( 'NONE',  ( -1.715000000000000746, 0.2999999999999997113, 1.449999999999998623 ) ) ;
#12859 =( GEOMETRIC_REPRESENTATION_CONTEXT ( 3 ) GLOBAL_UNCERTAINTY_ASSIGNED_CONTEXT ( ( #4189 ) ) GLOBAL_UNIT_ASSIGNED_CONTEXT ( ( #4056, #12063, #12190 ) ) REPRESENTATION_CONTEXT ( 'NONE', 'WORKASPACE' ) );
#12860 = CARTESIAN_POINT ( 'NONE',  ( -2.965000000000000746, -1.125000000000002442, 1.125000000000004663 ) ) ;
#12861 = DIRECTION ( 'NONE',  ( 1.000000000000000000, -0.000000000000000000, 0.000000000000000000 ) ) ;
#12862 = SURFACE_SIDE_STYLE ('',( #11056 ) ) ;
#12863 = AXIS2_PLACEMENT_3D ( 'NONE', #13012, #731, #11901 ) ;
#12864 = ORIENTED_EDGE ( 'NONE', *, *, #748, .T. ) ;
#12865 = LINE ( 'NONE', #3756, #2215 ) ;
#12866 = B_SPLINE_CURVE_WITH_KNOTS ( 'NONE', 3,
 ( #3717, #10712, #1611, #4640 ),
 .UNSPECIFIED., .F., .F.,
 ( 4, 4 ),
 ( 9.697399036122160616E-19, 0.0001449176096515776698 ),
 .UNSPECIFIED. ) ;
#12867 = VECTOR ( 'NONE', #1605, 1000.000000000000000 ) ;
#12868 = ORIENTED_EDGE ( 'NONE', *, *, #10819, .T. ) ;
#12869 = CARTESIAN_POINT ( 'NONE',  ( 7.375000000000000888, 1.299999999999999156, -1.849999999999996980 ) ) ;
#12870 = ORIENTED_EDGE ( 'NONE', *, *, #2687, .F. ) ;
#12871 = AXIS2_PLACEMENT_3D ( 'NONE', #10355, #9485, #4286 ) ;
#12872 = CARTESIAN_POINT ( 'NONE',  ( 6.344999999999994422, 0.4499999999999999001, 0.3500000000000039746 ) ) ;
#12873 = LINE ( 'NONE', #587, #12282 ) ;
#12874 = FACE_OUTER_BOUND ( 'NONE', #8081, .T. ) ;
#12875 = CARTESIAN_POINT ( 'NONE',  ( -3.285000000000000586, 0.2999999999999999889, 1.850000000000004530 ) ) ;
#12876 = CARTESIAN_POINT ( 'NONE',  ( 2.034999999999999698, 2.865743636076471201, -1.125000000000033973 ) ) ;
#12877 = AXIS2_PLACEMENT_3D ( 'NONE', #9744, #2426, #12483 ) ;
#12878 = DIRECTION ( 'NONE',  ( 0.000000000000000000, -1.000000000000000000, -1.355252715606880296E-16 ) ) ;
#12879 = EDGE_CURVE ( 'NONE', #8241, #6130, #1042, .T. ) ;
#12880 = MECHANICAL_DESIGN_GEOMETRIC_PRESENTATION_REPRESENTATION (  '', ( #5663 ), #8421 ) ;
#12881 = CARTESIAN_POINT ( 'NONE',  ( -6.544999999999994600, 0.4500000000000015099, 0.3500000000000039746 ) ) ;
#12882 = ORIENTED_EDGE ( 'NONE', *, *, #4437, .T. ) ;
#12883 = STYLED_ITEM ( 'NONE', ( #2773 ), #11293 ) ;
#12884 = ORIENTED_EDGE ( 'NONE', *, *, #1229, .F. ) ;
#12885 = CARTESIAN_POINT ( 'NONE',  ( 1.714999999999999414, 3.548929149633788249, 0.000000000000000000 ) ) ;
#12886 = CARTESIAN_POINT ( 'NONE',  ( -0.7850000000000010303, 1.749999999999999778, -0.3250000000000474176 ) ) ;
#12887 = EDGE_CURVE ( 'NONE', #8559, #7656, #9010, .T. ) ;
#12888 =( GEOMETRIC_REPRESENTATION_CONTEXT ( 3 ) GLOBAL_UNCERTAINTY_ASSIGNED_CONTEXT ( ( #3372 ) ) GLOBAL_UNIT_ASSIGNED_CONTEXT ( ( #4408, #1306, #308 ) ) REPRESENTATION_CONTEXT ( 'NONE', 'WORKASPACE' ) );
#12889 =( BOUNDED_CURVE ( )  B_SPLINE_CURVE ( 3, ( #7214, #6092, #10277, #9415 ),
 .UNSPECIFIED., .F., .T. ) 
 B_SPLINE_CURVE_WITH_KNOTS ( ( 4, 4 ),
 ( 3.141592653589793116, 3.989654732571274565 ),
 .UNSPECIFIED. ) 
 CURVE ( )  GEOMETRIC_REPRESENTATION_ITEM ( )  RATIONAL_B_SPLINE_CURVE ( ( 1.000000000000000000, 0.9409585518440982677, 0.9409585518440982677, 1.000000000000000000 ) ) 
 REPRESENTATION_ITEM ( '' )  );
#12890 = CARTESIAN_POINT ( 'NONE',  ( 3.900000000000007017, 4.700000000000004619, -1.750000000000042633 ) ) ;
#12891 = ADVANCED_FACE ( 'NONE', ( #6807 ), #5056, .F. ) ;
#12892 = SURFACE_STYLE_FILL_AREA ( #8834 ) ;
#12893 = CARTESIAN_POINT ( 'NONE',  ( 3.200000000000007727, 0.000000000000000000, -1.850000000000001865 ) ) ;
#12894 = COLOUR_RGB ( '',1.000000000000000000, 1.000000000000000000, 1.000000000000000000 ) ;
#12895 = PRESENTATION_STYLE_ASSIGNMENT (( #7904 ) ) ;
#12896 = MECHANICAL_DESIGN_GEOMETRIC_PRESENTATION_REPRESENTATION (  '', ( #2698 ), #6102 ) ;
#12897 = VECTOR ( 'NONE', #8472, 1000.000000000000000 ) ;
#12898 = ORIENTED_EDGE ( 'NONE', *, *, #3654, .F. ) ;
#12899 = ORIENTED_EDGE ( 'NONE', *, *, #12258, .F. ) ;
#12900 = EDGE_LOOP ( 'NONE', ( #773, #4701, #2424, #1686 ) ) ;
#12901 = AXIS2_PLACEMENT_3D ( 'NONE', #8429, #4296, #8498 ) ;
#12902 = FACE_OUTER_BOUND ( 'NONE', #5401, .T. ) ;
#12903 = EDGE_CURVE ( 'NONE', #12986, #8692, #4348, .T. ) ;
#12904 = DIRECTION ( 'NONE',  ( 0.000000000000000000, 1.000000000000000000, 0.000000000000000000 ) ) ;
#12905 = EDGE_CURVE ( 'NONE', #8423, #5170, #11334, .T. ) ;
#12906 = AXIS2_PLACEMENT_3D ( 'NONE', #6255, #3320, #7387 ) ;
#12907 = LINE ( 'NONE', #3598, #8146 ) ;
#12908 = DIRECTION ( 'NONE',  ( -0.7071067811865454633, 0.7071067811865495711, 0.000000000000000000 ) ) ;
#12909 = CARTESIAN_POINT ( 'NONE',  ( -0.9705428636362137818, 0.1909000140257115508, 0.1466470997434465018 ) ) ;
#12910 = EDGE_LOOP ( 'NONE', ( #6209, #8660, #6453, #12375, #4399 ) ) ;
#12911 = VERTEX_POINT ( 'NONE', #1305 ) ;
#12912 = ORIENTED_EDGE ( 'NONE', *, *, #3058, .F. ) ;
#12913 = VECTOR ( 'NONE', #13046, 1000.000000000000000 ) ;
#12914 = ORIENTED_EDGE ( 'NONE', *, *, #1540, .T. ) ;
#12915 = DIRECTION ( 'NONE',  ( 0.000000000000000000, -1.000000000000000000, -0.000000000000000000 ) ) ;
#12916 = PRESENTATION_STYLE_ASSIGNMENT (( #8869 ) ) ;
#12917 = DIRECTION ( 'NONE',  ( 0.000000000000000000, 0.7071067811865402453, -0.7071067811865547892 ) ) ;
#12918 = FACE_OUTER_BOUND ( 'NONE', #2789, .T. ) ;
#12919 = CARTESIAN_POINT ( 'NONE',  ( -8.279362044434800217E-16, 2.100000000000007194, -1.850000000000001865 ) ) ;
#12920 = CARTESIAN_POINT ( 'NONE',  ( 0.4649999999999992473, 0.2787990747163040517, -1.581148123764847258 ) ) ;
#12921 = VERTEX_POINT ( 'NONE', #3208 ) ;
#12922 = CARTESIAN_POINT ( 'NONE',  ( 18.63420494062717481, 13.34778358438988199, -1.849999999999998312 ) ) ;
#12923 = EDGE_CURVE ( 'NONE', #7632, #5891, #7418, .T. ) ;
#12924 = ORIENTED_EDGE ( 'NONE', *, *, #1188, .F. ) ;
#12925 = ORIENTED_EDGE ( 'NONE', *, *, #2152, .T. ) ;
#12926 = DIRECTION ( 'NONE',  ( -1.000000000000000000, 6.570922257487672349E-16, 1.176083712526648949E-16 ) ) ;
#12927 = EDGE_LOOP ( 'NONE', ( #9868, #12669, #3774, #6562 ) ) ;
#12928 = CARTESIAN_POINT ( 'NONE',  ( 2.034999999999999698, 0.000000000000000000, -1.125000000000033973 ) ) ;
#12929 = LINE ( 'NONE', #901, #4398 ) ;
#12930 = LINE ( 'NONE', #4999, #9177 ) ;
#12931 = UNCERTAINTY_MEASURE_WITH_UNIT (LENGTH_MEASURE( 1.000000000000000082E-05 ), #12018, 'distance_accuracy_value', 'NONE');
#12932 = MECHANICAL_DESIGN_GEOMETRIC_PRESENTATION_REPRESENTATION (  '', ( #2530 ), #10178 ) ;
#12933 = CARTESIAN_POINT ( 'NONE',  ( -4.315000000000001279, 4.000000000000000000, -0.9250000000000404565 ) ) ;
#12934 = LINE ( 'NONE', #3705, #7348 ) ;
#12935 = VERTEX_POINT ( 'NONE', #7147 ) ;
#12936 = FILL_AREA_STYLE_COLOUR ( '', #3312 ) ;
#12937 = VERTEX_POINT ( 'NONE', #11410 ) ;
#12938 = DIRECTION ( 'NONE',  ( -0.000000000000000000, -0.000000000000000000, 1.000000000000000000 ) ) ;
#12939 = FACE_OUTER_BOUND ( 'NONE', #7736, .T. ) ;
#12940 = DIRECTION ( 'NONE',  ( 0.000000000000000000, 0.000000000000000000, -1.000000000000000000 ) ) ;
#12941 = CARTESIAN_POINT ( 'NONE',  ( 3.284999999999998810, 0.000000000000000000, 0.000000000000000000 ) ) ;
#12942 = UNCERTAINTY_MEASURE_WITH_UNIT (LENGTH_MEASURE( 1.000000000000000082E-05 ), #4587, 'distance_accuracy_value', 'NONE');
#12943 = SURFACE_STYLE_FILL_AREA ( #4762 ) ;
#12944 =( LENGTH_UNIT ( ) NAMED_UNIT ( * ) SI_UNIT ( .MILLI., .METRE. ) );
#12945 = SURFACE_SIDE_STYLE ('',( #7965 ) ) ;
#12946 = ADVANCED_FACE ( 'NONE', ( #1244 ), #9409, .T. ) ;
#12947 =( GEOMETRIC_REPRESENTATION_CONTEXT ( 3 ) GLOBAL_UNCERTAINTY_ASSIGNED_CONTEXT ( ( #8201 ) ) GLOBAL_UNIT_ASSIGNED_CONTEXT ( ( #9698, #6019, #9083 ) ) REPRESENTATION_CONTEXT ( 'NONE', 'WORKASPACE' ) );
#12948 = ORIENTED_EDGE ( 'NONE', *, *, #7385, .T. ) ;
#12949 = PLANE ( 'NONE',  #1415 ) ;
#12950 = VERTEX_POINT ( 'NONE', #2347 ) ;
#12951 = VERTEX_POINT ( 'NONE', #4276 ) ;
#12952 = CARTESIAN_POINT ( 'NONE',  ( 6.544999999999994600, 0.4499999999999999001, -1.849999999999996980 ) ) ;
#12953 = SURFACE_STYLE_USAGE ( .BOTH. , #928 ) ;
#12954 =( NAMED_UNIT ( * ) PLANE_ANGLE_UNIT ( ) SI_UNIT ( $, .RADIAN. ) );
#12955 = PLANE ( 'NONE',  #11957 ) ;
#12956 =( NAMED_UNIT ( * ) PLANE_ANGLE_UNIT ( ) SI_UNIT ( $, .RADIAN. ) );
#12957 = LINE ( 'NONE', #7043, #5239 ) ;
#12958 = B_SPLINE_CURVE_WITH_KNOTS ( 'NONE', 3,
 ( #4556, #11554, #4622, #2434 ),
 .UNSPECIFIED., .F., .F.,
 ( 4, 4 ),
 ( 0.000000000000000000, 0.0001449176096515812206 ),
 .UNSPECIFIED. ) ;
#12960 = FACE_OUTER_BOUND ( 'NONE', #6952, .T. ) ;
#12959 = UNCERTAINTY_MEASURE_WITH_UNIT (LENGTH_MEASURE( 1.000000000000000082E-05 ), #11423, 'distance_accuracy_value', 'NONE');
#12961 = CARTESIAN_POINT ( 'NONE',  ( 6.094999999999995310, 0.4499999999999999001, 0.3500000000000039746 ) ) ;
#12962 = COLOUR_RGB ( '',1.000000000000000000, 0.8117647058823529438, 0.5019607843137254832 ) ;
#12963 = CARTESIAN_POINT ( 'NONE',  ( 5.374999999950209606, 4.499999999950183849, -0.6249377795396822144 ) ) ;
#12964 = PLANE ( 'NONE',  #10942 ) ;
#12965 = AXIS2_PLACEMENT_3D ( 'NONE', #12442, #5297, #75 ) ;
#12966 = VERTEX_POINT ( 'NONE', #6215 ) ;
#12967 = EDGE_CURVE ( 'NONE', #11866, #1514, #8342, .T. ) ;
#12968 = VERTEX_POINT ( 'NONE', #43 ) ;
#12969 = SURFACE_STYLE_FILL_AREA ( #6851 ) ;
#12970 = EDGE_CURVE ( 'NONE', #10250, #9507, #4829, .T. ) ;
#12971 = VERTEX_POINT ( 'NONE', #12218 ) ;
#12972 = ORIENTED_EDGE ( 'NONE', *, *, #1378, .F. ) ;
#12973 =( GEOMETRIC_REPRESENTATION_CONTEXT ( 3 ) GLOBAL_UNCERTAINTY_ASSIGNED_CONTEXT ( ( #4067 ) ) GLOBAL_UNIT_ASSIGNED_CONTEXT ( ( #6493, #5488, #10557 ) ) REPRESENTATION_CONTEXT ( 'NONE', 'WORKASPACE' ) );
#12974 = DIRECTION ( 'NONE',  ( 0.000000000000000000, -1.000000000000000000, 0.000000000000000000 ) ) ;
#12975 = LINE ( 'NONE', #7931, #9911 ) ;
#12976 = SURFACE_STYLE_USAGE ( .BOTH. , #8921 ) ;
#12977 =( LENGTH_UNIT ( ) NAMED_UNIT ( * ) SI_UNIT ( .MILLI., .METRE. ) );
#12978 = VECTOR ( 'NONE', #8767, 999.9999999999998863 ) ;
#12979 = DIRECTION ( 'NONE',  ( 5.052592648476138302E-15, -1.000000000000000000, -0.000000000000000000 ) ) ;
#12980 = PLANE ( 'NONE',  #10484 ) ;
#12981 = VECTOR ( 'NONE', #7236, 999.9999999999998863 ) ;
#12982 = SURFACE_STYLE_USAGE ( .BOTH. , #5868 ) ;
#12983 = EDGE_CURVE ( 'NONE', #155, #12984, #6150, .T. ) ;
#12984 = VERTEX_POINT ( 'NONE', #11270 ) ;
#12985 = PRESENTATION_LAYER_ASSIGNMENT (  '', '', ( #8102 ) ) ;
#12986 = VERTEX_POINT ( 'NONE', #5121 ) ;
#12987 = ORIENTED_EDGE ( 'NONE', *, *, #7374, .T. ) ;
#12988 = AXIS2_PLACEMENT_3D ( 'NONE', #5176, #10596, #12646 ) ;
#12989 = ORIENTED_EDGE ( 'NONE', *, *, #1780, .F. ) ;
#12990 = CARTESIAN_POINT ( 'NONE',  ( 1.714999999999999414, 0.000000000000000000, 2.350000000000004530 ) ) ;
#12991 = STYLED_ITEM ( 'NONE', ( #3977 ), #7307 ) ;
#12992 = FILL_AREA_STYLE ('',( #4873 ) ) ;
#12993 = CARTESIAN_POINT ( 'NONE',  ( -3.523657060577910315E-15, 3.250000000000009326, -1.850000000000001865 ) ) ;
#12994 = CARTESIAN_POINT ( 'NONE',  ( -4.215000000000000746, 0.000000000000000000, 0.000000000000000000 ) ) ;
#12995 = CARTESIAN_POINT ( 'NONE',  ( 7.125000000000003553, 2.078323961923569829, 0.8000000000000005995 ) ) ;
#12996 =( GEOMETRIC_REPRESENTATION_CONTEXT ( 3 ) GLOBAL_UNCERTAINTY_ASSIGNED_CONTEXT ( ( #10007 ) ) GLOBAL_UNIT_ASSIGNED_CONTEXT ( ( #12071, #10126, #4062 ) ) REPRESENTATION_CONTEXT ( 'NONE', 'WORKASPACE' ) );
#12997 = EDGE_CURVE ( 'NONE', #7689, #3365, #9199, .T. ) ;
#12998 = LINE ( 'NONE', #7953, #9767 ) ;
#12999 = VECTOR ( 'NONE', #12088, 1000.000000000000000 ) ;
#13000 = FACE_OUTER_BOUND ( 'NONE', #1457, .T. ) ;
#13001 = MECHANICAL_DESIGN_GEOMETRIC_PRESENTATION_REPRESENTATION (  '', ( #7241 ), #3635 ) ;
#13002 = ADVANCED_FACE ( 'NONE', ( #12283 ), #10903, .F. ) ;
#13003 = ORIENTED_EDGE ( 'NONE', *, *, #12715, .T. ) ;
#13004 =( LENGTH_UNIT ( ) NAMED_UNIT ( * ) SI_UNIT ( .MILLI., .METRE. ) );
#13005 = ORIENTED_EDGE ( 'NONE', *, *, #4306, .F. ) ;
#13006 = PLANE ( 'NONE',  #2250 ) ;
#13007 = CARTESIAN_POINT ( 'NONE',  ( -4.215000000000000746, -1.579062136966065191E-17, -0.3250000000000473066 ) ) ;
#13008 = CARTESIAN_POINT ( 'NONE',  ( 5.275000000000025224, 4.400000000000000355, -0.7249377794898669292 ) ) ;
#13009 = DIRECTION ( 'NONE',  ( 0.000000000000000000, 0.000000000000000000, 1.000000000000000000 ) ) ;
#13010 = CARTESIAN_POINT ( 'NONE',  ( 3.284999999999998810, 8.425943506694179847E-32, 1.750000000000004663 ) ) ;
#13011 = VECTOR ( 'NONE', #1681, 1000.000000000000000 ) ;
#13012 = CARTESIAN_POINT ( 'NONE',  ( 4.387500000000007283, 4.387500000000007283, -1.850000000000001865 ) ) ;
#13013 = LINE ( 'NONE', #9034, #10505 ) ;
#13014 = CIRCLE ( 'NONE', #10704, 0.1999999999999996503 ) ;
#13015 = ORIENTED_EDGE ( 'NONE', *, *, #2472, .F. ) ;
#13016 = CARTESIAN_POINT ( 'NONE',  ( 5.875000000000001776, 3.700000000000000178, 0.9499999999999855227 ) ) ;
#13017 = EDGE_LOOP ( 'NONE', ( #7556, #8506, #3441, #10416, #597, #6586, #7397, #5596 ) ) ;
#13018 = ORIENTED_EDGE ( 'NONE', *, *, #5695, .F. ) ;
#13019 = DIRECTION ( 'NONE',  ( 0.000000000000000000, -0.000000000000000000, 1.000000000000000000 ) ) ;
#13020 = VECTOR ( 'NONE', #6979, 999.9999999999998863 ) ;
#13022 = PRESENTATION_LAYER_ASSIGNMENT (  '', '', ( #5146 ) ) ;
#13021 = PLANE ( 'NONE',  #6623 ) ;
#13023 = DIRECTION ( 'NONE',  ( 0.7071067811865479058, -0.7071067811865472397, -3.577684638927880384E-16 ) ) ;
#13024 = APPLICATION_PROTOCOL_DEFINITION ( 'draft international standard', 'automotive_design', 1998, #8801 ) ;
#13025 = DIRECTION ( 'NONE',  ( 1.000000000000000000, -0.000000000000000000, 0.000000000000000000 ) ) ;
#13026 = AXIS2_PLACEMENT_3D ( 'NONE', #9448, #9372, #8452 ) ;
#13027 = DIRECTION ( 'NONE',  ( -0.000000000000000000, -0.000000000000000000, -1.000000000000000000 ) ) ;
#13028 =( LENGTH_UNIT ( ) NAMED_UNIT ( * ) SI_UNIT ( .MILLI., .METRE. ) );
#13029 = CARTESIAN_POINT ( 'NONE',  ( 4.932862964862459449E-17, 3.250000000000005329, -1.450000000000040368 ) ) ;
#13030 = DIRECTION ( 'NONE',  ( -0.2133021165724272306, 0.9621436710723736407, -0.1696518885279461319 ) ) ;
#13031 = VECTOR ( 'NONE', #1467, 1000.000000000000000 ) ;
#13032 = DIRECTION ( 'NONE',  ( 0.000000000000000000, 0.000000000000000000, -1.000000000000000000 ) ) ;
#13033 = VECTOR ( 'NONE', #1396, 1000.000000000000000 ) ;
#13034 = ORIENTED_EDGE ( 'NONE', *, *, #1064, .F. ) ;
#13035 = EDGE_CURVE ( 'NONE', #5051, #1350, #7548, .T. ) ;
#13036 = ORIENTED_EDGE ( 'NONE', *, *, #12031, .F. ) ;
#13037 = ORIENTED_EDGE ( 'NONE', *, *, #6304, .F. ) ;
#13038 = ORIENTED_EDGE ( 'NONE', *, *, #12299, .F. ) ;
#13039 = DIRECTION ( 'NONE',  ( 0.000000000000000000, 1.355252715606860081E-16, -1.000000000000000000 ) ) ;
#13040 = LINE ( 'NONE', #10920, #2475 ) ;
#13041 = AXIS2_PLACEMENT_3D ( 'NONE', #9978, #749, #11988 ) ;
#13042 = SURFACE_STYLE_FILL_AREA ( #1024 ) ;
#13043 = FACE_OUTER_BOUND ( 'NONE', #2747, .T. ) ;
#13044 = FILL_AREA_STYLE ('',( #12072 ) ) ;
#13045 = CARTESIAN_POINT ( 'NONE',  ( 6.544999999999994600, 0.4499999999999999001, -1.849999999999996092 ) ) ;
#13046 = DIRECTION ( 'NONE',  ( 1.000000000000000000, 1.052623468432528895E-16, -0.000000000000000000 ) ) ;
#13047 = ADVANCED_FACE ( 'NONE', ( #8545 ), #1443, .F. ) ;
#13048 = PRESENTATION_LAYER_ASSIGNMENT (  '', '', ( #2645 ) ) ;
#13049 = CARTESIAN_POINT ( 'NONE',  ( -3.600000000000000533, 4.700000000000005507, -1.750000000000038192 ) ) ;
#13050 =( GEOMETRIC_REPRESENTATION_CONTEXT ( 3 ) GLOBAL_UNCERTAINTY_ASSIGNED_CONTEXT ( ( #12805 ) ) GLOBAL_UNIT_ASSIGNED_CONTEXT ( ( #8313, #11179, #12382 ) ) REPRESENTATION_CONTEXT ( 'NONE', 'WORKASPACE' ) );
#13051 = ORIENTED_EDGE ( 'NONE', *, *, #12299, .T. ) ;
#13052 = SURFACE_SIDE_STYLE ('',( #4010 ) ) ;
#13053 = EDGE_LOOP ( 'NONE', ( #10434, #1531, #10669, #10414, #6372, #5399 ) ) ;
#13054 = VERTEX_POINT ( 'NONE', #10673 ) ;
#13055 = ORIENTED_EDGE ( 'NONE', *, *, #244, .F. ) ;
#13056 = ORIENTED_EDGE ( 'NONE', *, *, #4306, .T. ) ;
#13057 = DIRECTION ( 'NONE',  ( 0.000000000000000000, -1.000000000000000000, 0.000000000000000000 ) ) ;
#13058 = CARTESIAN_POINT ( 'NONE',  ( -6.174999999999998934, 2.600000000000005862, -1.850000000000001865 ) ) ;
#13059 = DIRECTION ( 'NONE',  ( 1.000000000000000000, 0.000000000000000000, -0.000000000000000000 ) ) ;
#13060 = COLOUR_RGB ( '',1.000000000000000000, 0.8117647058823529438, 0.5019607843137254832 ) ;
#13061 = PRESENTATION_STYLE_ASSIGNMENT (( #5814 ) ) ;
#13062 = DIRECTION ( 'NONE',  ( 1.000000000000000000, 0.000000000000000000, 0.000000000000000000 ) ) ;
#13063 = MECHANICAL_DESIGN_GEOMETRIC_PRESENTATION_REPRESENTATION (  '', ( #4363 ), #6903 ) ;
#13064 = VECTOR ( 'NONE', #12553, 1000.000000000000000 ) ;
#13065 = LINE ( 'NONE', #12024, #2884 ) ;
#13066 = EDGE_LOOP ( 'NONE', ( #12759, #10083, #6652, #5666 ) ) ;
#13067 = VECTOR ( 'NONE', #3038, 1000.000000000000000 ) ;
#13068 = DIRECTION ( 'NONE',  ( 0.000000000000000000, -0.7071067811865482389, 0.7071067811865469066 ) ) ;
#13069 = ORIENTED_EDGE ( 'NONE', *, *, #8975, .T. ) ;
#13070 = PLANE ( 'NONE',  #9252 ) ;
#13071 = CARTESIAN_POINT ( 'NONE',  ( 7.375000000000001776, 0.7999999999999936051, 0.9499999999999968470 ) ) ;
#13072 = CARTESIAN_POINT ( 'NONE',  ( -5.875000000000001776, 3.700000000000000178, 1.549999999999990496 ) ) ;
#13073 = VECTOR ( 'NONE', #8558, 1000.000000000000000 ) ;
#13074 = FILL_AREA_STYLE_COLOUR ( '', #11510 ) ;
#13075 =( LENGTH_UNIT ( ) NAMED_UNIT ( * ) SI_UNIT ( .MILLI., .METRE. ) );
#13076 = VECTOR ( 'NONE', #99, 1000.000000000000000 ) ;
#13077 = FILL_AREA_STYLE_COLOUR ( '', #11465 ) ;
#13078 = FILL_AREA_STYLE ('',( #1059 ) ) ;
#13079 = CARTESIAN_POINT ( 'NONE',  ( 4.214999999999999858, 0.4500000000000000111, 1.850000000000004530 ) ) ;
#13080 = PRESENTATION_STYLE_ASSIGNMENT (( #5770 ) ) ;
#13081 = AXIS2_PLACEMENT_3D ( 'NONE', #1018, #4137, #13039 ) ;
#13082 = ORIENTED_EDGE ( 'NONE', *, *, #9974, .T. ) ;
#13083 = EDGE_CURVE ( 'NONE', #12654, #6544, #2848, .T. ) ;
#13084 = ORIENTED_EDGE ( 'NONE', *, *, #11499, .F. ) ;
#13085 =( NAMED_UNIT ( * ) SI_UNIT ( $, .STERADIAN. ) SOLID_ANGLE_UNIT ( ) );
#13086 = DIRECTION ( 'NONE',  ( 0.000000000000000000, 0.7071067811865469066, -0.7071067811865482389 ) ) ;
#13087 = DIRECTION ( 'NONE',  ( 0.000000000000000000, -0.000000000000000000, -1.000000000000000000 ) ) ;
#13088 =( GEOMETRIC_REPRESENTATION_CONTEXT ( 3 ) GLOBAL_UNCERTAINTY_ASSIGNED_CONTEXT ( ( #8307 ) ) GLOBAL_UNIT_ASSIGNED_CONTEXT ( ( #11189, #11313, #5102 ) ) REPRESENTATION_CONTEXT ( 'NONE', 'WORKASPACE' ) );
#13089 = FACE_OUTER_BOUND ( 'NONE', #7739, .T. ) ;
#13090 = UNCERTAINTY_MEASURE_WITH_UNIT (LENGTH_MEASURE( 1.000000000000000082E-05 ), #1673, 'distance_accuracy_value', 'NONE');
#13091 =( LENGTH_UNIT ( ) NAMED_UNIT ( * ) SI_UNIT ( .MILLI., .METRE. ) );
#13092 = DIRECTION ( 'NONE',  ( -0.000000000000000000, 0.000000000000000000, 1.000000000000000000 ) ) ;
#13093 = CARTESIAN_POINT ( 'NONE',  ( 3.284999999999998810, 4.000000000000000000, -0.9250000000000404565 ) ) ;
#13094 = COLOUR_RGB ( '',1.000000000000000000, 0.8117647058823529438, 0.5019607843137254832 ) ;
#13095 =( NAMED_UNIT ( * ) SI_UNIT ( $, .STERADIAN. ) SOLID_ANGLE_UNIT ( ) );
#13096 =( GEOMETRIC_REPRESENTATION_CONTEXT ( 3 ) GLOBAL_UNCERTAINTY_ASSIGNED_CONTEXT ( ( #3501 ) ) GLOBAL_UNIT_ASSIGNED_CONTEXT ( ( #6859, #8990, #5863 ) ) REPRESENTATION_CONTEXT ( 'NONE', 'WORKASPACE' ) );
#13097 = DIRECTION ( 'NONE',  ( 0.000000000000000000, -0.000000000000000000, -1.000000000000000000 ) ) ;
#13098 = ORIENTED_EDGE ( 'NONE', *, *, #5646, .F. ) ;
#13099 = ORIENTED_EDGE ( 'NONE', *, *, #3111, .T. ) ;
#13100 =( NAMED_UNIT ( * ) SI_UNIT ( $, .STERADIAN. ) SOLID_ANGLE_UNIT ( ) );
#13101 = VECTOR ( 'NONE', #8014, 1000.000000000000000 ) ;
#13102 = VERTEX_POINT ( 'NONE', #4841 ) ;
#13103 = VERTEX_POINT ( 'NONE', #1578 ) ;
#13104 = DIRECTION ( 'NONE',  ( -1.000000000000000000, -0.000000000000000000, -0.000000000000000000 ) ) ;
#13105 = CARTESIAN_POINT ( 'NONE',  ( 6.344999999999994422, 0.4499999999999999001, -1.849999999999996092 ) ) ;
#13106 =( GEOMETRIC_REPRESENTATION_CONTEXT ( 3 ) GLOBAL_UNCERTAINTY_ASSIGNED_CONTEXT ( ( #6465 ) ) GLOBAL_UNIT_ASSIGNED_CONTEXT ( ( #13028, #6844, #7047 ) ) REPRESENTATION_CONTEXT ( 'NONE', 'WORKASPACE' ) );
#13107 = PLANE ( 'NONE',  #11847 ) ;
#13108 = STYLED_ITEM ( 'NONE', ( #12324 ), #4672 ) ;
#13109 =( LENGTH_UNIT ( ) NAMED_UNIT ( * ) SI_UNIT ( .MILLI., .METRE. ) );
#13110 = DIRECTION ( 'NONE',  ( 0.000000000000000000, -4.814824860968089633E-32, -1.000000000000000000 ) ) ;
#13111 = DIRECTION ( 'NONE',  ( 0.000000000000000000, 0.000000000000000000, -1.000000000000000000 ) ) ;
#13112 = SURFACE_SIDE_STYLE ('',( #9189 ) ) ;
#13113 = MECHANICAL_DESIGN_GEOMETRIC_PRESENTATION_REPRESENTATION (  '', ( #5889 ), #7821 ) ;
#13114 =( NAMED_UNIT ( * ) PLANE_ANGLE_UNIT ( ) SI_UNIT ( $, .RADIAN. ) );
#13115 = SURFACE_SIDE_STYLE ('',( #9567 ) ) ;
#13116 = ORIENTED_EDGE ( 'NONE', *, *, #4260, .T. ) ;
#13117 = FILL_AREA_STYLE ('',( #1885 ) ) ;
#13118 = ADVANCED_FACE ( 'NONE', ( #7916 ), #741, .F. ) ;
#13119 = ORIENTED_EDGE ( 'NONE', *, *, #3858, .T. ) ;
#13120 = EDGE_LOOP ( 'NONE', ( #3156, #6194, #6655, #7543, #12732, #6622, #1861 ) ) ;
#13121 = ORIENTED_EDGE ( 'NONE', *, *, #10809, .T. ) ;
#13122 = DIRECTION ( 'NONE',  ( -1.000000000000000000, -0.000000000000000000, -0.000000000000000000 ) ) ;
#13123 = ADVANCED_FACE ( 'NONE', ( #4123 ), #8245, .F. ) ;
#13124 = EDGE_LOOP ( 'NONE', ( #12972, #2727, #4515, #5724 ) ) ;
#13125 =( LENGTH_UNIT ( ) NAMED_UNIT ( * ) SI_UNIT ( .MILLI., .METRE. ) );
#13126 = CARTESIAN_POINT ( 'NONE',  ( 0.4649999999999992473, -1.579062136966065191E-17, -0.3250000000000473066 ) ) ;
#13127 = DIRECTION ( 'NONE',  ( 0.000000000000000000, 1.355252715606880296E-16, -1.000000000000000000 ) ) ;
#13128 = LINE ( 'NONE', #4931, #12999 ) ;
#13129 = PLANE ( 'NONE',  #8802 ) ;
#13130 = CARTESIAN_POINT ( 'NONE',  ( 0.7849999999999992539, -1.579062136966065191E-17, -0.3250000000000473066 ) ) ;
#13131 = DIRECTION ( 'NONE',  ( 0.000000000000000000, 0.000000000000000000, 1.000000000000000000 ) ) ;
#13132 = ORIENTED_EDGE ( 'NONE', *, *, #8555, .T. ) ;
#13133 = LINE ( 'NONE', #10823, #989 ) ;
#13134 = SURFACE_STYLE_FILL_AREA ( #9086 ) ;
#13135 = ORIENTED_EDGE ( 'NONE', *, *, #6224, .T. ) ;
#13136 = LINE ( 'NONE', #12096, #10762 ) ;
#13137 = SURFACE_SIDE_STYLE ('',( #2707 ) ) ;
#13138 = CARTESIAN_POINT ( 'NONE',  ( -1.715000000000000746, 1.749999999999999778, -0.3250000000000474176 ) ) ;
#13139 = SURFACE_STYLE_USAGE ( .BOTH. , #2898 ) ;
#13140 = SURFACE_STYLE_FILL_AREA ( #990 ) ;
#13141 = CARTESIAN_POINT ( 'NONE',  ( -7.574999999999993960, 3.686287386450715076E-15, 0.3500000000000039746 ) ) ;
#13142 = DIRECTION ( 'NONE',  ( -1.000000000000000000, -0.000000000000000000, -0.000000000000000000 ) ) ;
ENDSEC;
END-ISO-10303-21;
