ISO-10303-21;
HEADER;
FILE_DESCRIPTION (( 'STEP AP214' ),
    '1' );
FILE_NAME ('FKN100JR-73-1R2.STEP',
    '2024-02-02T07:11:09',
    ( '' ),
    ( '' ),
    'SwSTEP 2.0',
    'SolidWorks 2021',
    '' );
FILE_SCHEMA (( 'AUTOMOTIVE_DESIGN' ));
ENDSEC;

DATA;
#1 = CARTESIAN_POINT ( 'NONE',  ( 7.350000000000000533, 1.750000000000000222, 0.000000000000000000 ) ) ;
#2 = ORIENTED_EDGE ( 'NONE', *, *, #122, .F. ) ;
#3 =( LENGTH_UNIT ( ) NAMED_UNIT ( * ) SI_UNIT ( .MILLI., .METRE. ) );
#4 = SURFACE_STYLE_FILL_AREA ( #1226 ) ;
#5 = SURFACE_SIDE_STYLE ('',( #1671 ) ) ;
#6 = STYLED_ITEM ( 'NONE', ( #1277 ), #841 ) ;
#7 = EDGE_LOOP ( 'NONE', ( #546, #1395, #1168, #495 ) ) ;
#8 = CIRCLE ( 'NONE', #234, 0.4499238510792427648 ) ;
#9 = PRESENTATION_LAYER_ASSIGNMENT (  '', '', ( #1202 ) ) ;
#10 = AXIS2_PLACEMENT_3D ( 'NONE', #68, #1580, #1687 ) ;
#11 = AXIS2_PLACEMENT_3D ( 'NONE', #250, #284, #1776 ) ;
#12 = SURFACE_STYLE_USAGE ( .BOTH. , #549 ) ;
#13 = ADVANCED_FACE ( 'NONE', ( #1340 ), #110, .T. ) ;
#14 = AXIS2_PLACEMENT_3D ( 'NONE', #415, #1541, #49 ) ;
#15 = ADVANCED_FACE ( 'NONE', ( #1632 ), #1501, .T. ) ;
#16 = CARTESIAN_POINT ( 'NONE',  ( -4.190600523190882498, 2.550000000000000711, -1.998089524533026129 ) ) ;
#17 = ORIENTED_EDGE ( 'NONE', *, *, #24, .T. ) ;
#18 = DIRECTION ( 'NONE',  ( -0.000000000000000000, 1.000000000000000000, 1.224646799147353207E-16 ) ) ;
#19 = CARTESIAN_POINT ( 'NONE',  ( -3.912896848132776384, 2.550000000000000711, -1.784999999999999254 ) ) ;
#20 = CARTESIAN_POINT ( 'NONE',  ( -5.750000000000000000, 2.550000000000000266, 1.784999999999999698 ) ) ;
#21 = FILL_AREA_STYLE ('',( #909 ) ) ;
#22 = ORIENTED_EDGE ( 'NONE', *, *, #457, .T. ) ;
#23 =( NAMED_UNIT ( * ) PLANE_ANGLE_UNIT ( ) SI_UNIT ( $, .RADIAN. ) );
#24 = EDGE_CURVE ( 'NONE', #142, #943, #693, .T. ) ;
#25 =( NAMED_UNIT ( * ) PLANE_ANGLE_UNIT ( ) SI_UNIT ( $, .RADIAN. ) );
#26 = FILL_AREA_STYLE_COLOUR ( '', #1324 ) ;
#27 = VERTEX_POINT ( 'NONE', #1782 ) ;
#28 = DIRECTION ( 'NONE',  ( 0.000000000000000000, 0.000000000000000000, -1.000000000000000000 ) ) ;
#29 = CYLINDRICAL_SURFACE ( 'NONE', #1144, 1.784999999999999698 ) ;
#30 = DIRECTION ( 'NONE',  ( 0.000000000000000000, 0.000000000000000000, 1.000000000000000000 ) ) ;
#31 = CIRCLE ( 'NONE', #894, 1.784999999999999254 ) ;
#32 = ADVANCED_FACE ( 'NONE', ( #1068 ), #895, .T. ) ;
#33 = ORIENTED_EDGE ( 'NONE', *, *, #1062, .F. ) ;
#34 = STYLED_ITEM ( 'NONE', ( #1462 ), #736 ) ;
#35 = VECTOR ( 'NONE', #1533, 1000.000000000000000 ) ;
#36 = DIRECTION ( 'NONE',  ( 0.000000000000000000, 0.000000000000000000, 1.000000000000000000 ) ) ;
#37 = PRESENTATION_STYLE_ASSIGNMENT (( #1551 ) ) ;
#38 = CONICAL_SURFACE ( 'NONE', #538, 2.336910475466974280, 1.308996938995752091 ) ;
#39 = VERTEX_POINT ( 'NONE', #1497 ) ;
#40 = PRESENTATION_LAYER_ASSIGNMENT (  '', '', ( #839 ) ) ;
#41 = CIRCLE ( 'NONE', #10, 0.3999999999999993006 ) ;
#42 = MECHANICAL_DESIGN_GEOMETRIC_PRESENTATION_REPRESENTATION (  '', ( #839 ), #1563 ) ;
#43 = AXIS2_PLACEMENT_3D ( 'NONE', #1685, #574, #174 ) ;
#44 = CYLINDRICAL_SURFACE ( 'NONE', #368, 2.550000000000000266 ) ;
#45 = MECHANICAL_DESIGN_GEOMETRIC_PRESENTATION_REPRESENTATION (  '', ( #1661 ), #1116 ) ;
#46 = FILL_AREA_STYLE ('',( #52 ) ) ;
#47 = VERTEX_POINT ( 'NONE', #57 ) ;
#48 = FACE_OUTER_BOUND ( 'NONE', #403, .T. ) ;
#49 = DIRECTION ( 'NONE',  ( 0.000000000000000000, 0.000000000000000000, 1.000000000000000000 ) ) ;
#50 = EDGE_CURVE ( 'NONE', #107, #1678, #705, .T. ) ;
#51 = DIRECTION ( 'NONE',  ( 0.000000000000000000, 0.000000000000000000, 1.000000000000000000 ) ) ;
#52 = FILL_AREA_STYLE_COLOUR ( '', #1760 ) ;
#53 = CARTESIAN_POINT ( 'NONE',  ( -7.350000000000000533, 2.550000000000000266, -0.4000000000000002442 ) ) ;
#54 =( LENGTH_UNIT ( ) NAMED_UNIT ( * ) SI_UNIT ( .MILLI., .METRE. ) );
#55 = DIRECTION ( 'NONE',  ( 1.000000000000000000, 0.000000000000000000, 0.000000000000000000 ) ) ;
#56 = VERTEX_POINT ( 'NONE', #810 ) ;
#57 = CARTESIAN_POINT ( 'NONE',  ( -5.745632228991009782, 2.550000000000000266, 0.4499238510792438195 ) ) ;
#58 = DIRECTION ( 'NONE',  ( 1.112002228190260952E-16, -1.000000000000000000, 0.000000000000000000 ) ) ;
#59 = EDGE_CURVE ( 'NONE', #243, #163, #1763, .T. ) ;
#60 =( LENGTH_UNIT ( ) NAMED_UNIT ( * ) SI_UNIT ( .MILLI., .METRE. ) );
#61 = CARTESIAN_POINT ( 'NONE',  ( 5.750000000000000000, 2.550000000000000266, 0.000000000000000000 ) ) ;
#62 =( LENGTH_UNIT ( ) NAMED_UNIT ( * ) SI_UNIT ( .MILLI., .METRE. ) );
#63 = SURFACE_STYLE_USAGE ( .BOTH. , #1585 ) ;
#64 = DIRECTION ( 'NONE',  ( 0.000000000000000000, 0.000000000000000000, 1.000000000000000000 ) ) ;
#65 = TOROIDAL_SURFACE ( 'NONE', #726, 0.7999999999999999334, 0.4000000000000002442 ) ;
#66 = MECHANICAL_DESIGN_GEOMETRIC_PRESENTATION_REPRESENTATION (  '', ( #558 ), #1475 ) ;
#67 = AXIS2_PLACEMENT_3D ( 'NONE', #1150, #1425, #570 ) ;
#68 = CARTESIAN_POINT ( 'NONE',  ( -7.350000000000000533, 1.750000000000000222, -4.898587196589415540E-17 ) ) ;
#69 = AXIS2_PLACEMENT_3D ( 'NONE', #375, #338, #1458 ) ;
#70 = AXIS2_PLACEMENT_3D ( 'NONE', #1400, #592, #51 ) ;
#71 = SURFACE_STYLE_USAGE ( .BOTH. , #1713 ) ;
#72 = EDGE_CURVE ( 'NONE', #102, #643, #335, .T. ) ;
#73 = COLOUR_RGB ( '',0.7529411764705882248, 1.000000000000000000, 1.000000000000000000 ) ;
#74 = DIRECTION ( 'NONE',  ( 0.000000000000000000, 0.000000000000000000, -1.000000000000000000 ) ) ;
#75 = ORIENTED_EDGE ( 'NONE', *, *, #1479, .F. ) ;
#76 = UNCERTAINTY_MEASURE_WITH_UNIT (LENGTH_MEASURE( 1.000000000000000082E-05 ), #1368, 'distance_accuracy_value', 'NONE');
#77 = DIRECTION ( 'NONE',  ( 1.000000000000000000, 0.000000000000000000, 0.000000000000000000 ) ) ;
#78 = CARTESIAN_POINT ( 'NONE',  ( -7.350000000000000533, 1.750000000000000222, 0.000000000000000000 ) ) ;
#79 = EDGE_CURVE ( 'NONE', #964, #1582, #1248, .T. ) ;
#80 = SURFACE_STYLE_FILL_AREA ( #1302 ) ;
#81 = SURFACE_STYLE_USAGE ( .BOTH. , #1307 ) ;
#82 = EDGE_CURVE ( 'NONE', #1753, #512, #1109, .T. ) ;
#83 = ADVANCED_FACE ( 'NONE', ( #443 ), #148, .T. ) ;
#84 = UNCERTAINTY_MEASURE_WITH_UNIT (LENGTH_MEASURE( 1.000000000000000082E-05 ), #301, 'distance_accuracy_value', 'NONE');
#85 = DIRECTION ( 'NONE',  ( 0.000000000000000000, -1.000000000000000000, 0.000000000000000000 ) ) ;
#86 = AXIS2_PLACEMENT_3D ( 'NONE', #61, #1301, #983 ) ;
#87 = AXIS2_PLACEMENT_3D ( 'NONE', #949, #904, #637 ) ;
#88 = AXIS2_PLACEMENT_3D ( 'NONE', #307, #980, #1701 ) ;
#89 = AXIS2_PLACEMENT_3D ( 'NONE', #1, #794, #1643 ) ;
#90 = DIRECTION ( 'NONE',  ( 0.000000000000000000, 0.000000000000000000, -1.000000000000000000 ) ) ;
#91 = COLOUR_RGB ( '',0.7529411764705882248, 1.000000000000000000, 1.000000000000000000 ) ;
#92 =( NAMED_UNIT ( * ) PLANE_ANGLE_UNIT ( ) SI_UNIT ( $, .RADIAN. ) );
#93 = MECHANICAL_DESIGN_GEOMETRIC_PRESENTATION_REPRESENTATION (  '', ( #539 ), #982 ) ;
#94 = STYLED_ITEM ( 'NONE', ( #1431 ), #1474 ) ;
#95 = DIRECTION ( 'NONE',  ( -1.112002228190260952E-16, -1.000000000000000000, 0.000000000000000000 ) ) ;
#96 = COLOUR_RGB ( '',0.7921568627450980005, 0.8196078431372548767, 0.9333333333333333481 ) ;
#97 = FILL_AREA_STYLE_COLOUR ( '', #296 ) ;
#98 = EDGE_CURVE ( 'NONE', #512, #1753, #865, .T. ) ;
#99 =( NAMED_UNIT ( * ) PLANE_ANGLE_UNIT ( ) SI_UNIT ( $, .RADIAN. ) );
#100 = ORIENTED_EDGE ( 'NONE', *, *, #493, .F. ) ;
#101 = DIRECTION ( 'NONE',  ( 0.000000000000000000, 0.000000000000000000, -1.000000000000000000 ) ) ;
#102 = VERTEX_POINT ( 'NONE', #1158 ) ;
#103 = UNCERTAINTY_MEASURE_WITH_UNIT (LENGTH_MEASURE( 1.000000000000000082E-05 ), #60, 'distance_accuracy_value', 'NONE');
#104 = DIRECTION ( 'NONE',  ( 0.000000000000000000, 0.000000000000000000, 1.000000000000000000 ) ) ;
#105 = PRESENTATION_STYLE_ASSIGNMENT (( #1182 ) ) ;
#106 = CARTESIAN_POINT ( 'NONE',  ( -5.745632228991009782, 2.550000000000000266, 0.000000000000000000 ) ) ;
#107 = VERTEX_POINT ( 'NONE', #1609 ) ;
#108 = CARTESIAN_POINT ( 'NONE',  ( -5.134090998430485442, 2.550000000000000266, 0.000000000000000000 ) ) ;
#109 = CARTESIAN_POINT ( 'NONE',  ( -5.750000000000000000, 2.550000000000000266, 0.4000000000000002442 ) ) ;
#110 = PLANE ( 'NONE',  #1346 ) ;
#111 = SURFACE_SIDE_STYLE ('',( #1523 ) ) ;
#112 =( GEOMETRIC_REPRESENTATION_CONTEXT ( 3 ) GLOBAL_UNCERTAINTY_ASSIGNED_CONTEXT ( ( #1456 ) ) GLOBAL_UNIT_ASSIGNED_CONTEXT ( ( #876, #494, #651 ) ) REPRESENTATION_CONTEXT ( 'NONE', 'WORKASPACE' ) );
#113 =( GEOMETRIC_REPRESENTATION_CONTEXT ( 3 ) GLOBAL_UNCERTAINTY_ASSIGNED_CONTEXT ( ( #1736 ) ) GLOBAL_UNIT_ASSIGNED_CONTEXT ( ( #1548, #1721, #997 ) ) REPRESENTATION_CONTEXT ( 'NONE', 'WORKASPACE' ) );
#114 = EDGE_CURVE ( 'NONE', #121, #243, #786, .T. ) ;
#115 = COLOUR_RGB ( '',0.7529411764705882248, 1.000000000000000000, 1.000000000000000000 ) ;
#116 = AXIS2_PLACEMENT_3D ( 'NONE', #1285, #213, #747 ) ;
#117 = VECTOR ( 'NONE', #883, 1000.000000000000000 ) ;
#118 = PLANE ( 'NONE',  #614 ) ;
#119 = DIRECTION ( 'NONE',  ( -1.000000000000000000, -0.000000000000000000, -0.000000000000000000 ) ) ;
#120 = AXIS2_PLACEMENT_3D ( 'NONE', #1358, #280, #1217 ) ;
#121 = VERTEX_POINT ( 'NONE', #53 ) ;
#122 = EDGE_CURVE ( 'NONE', #182, #994, #1265, .T. ) ;
#123 =( LENGTH_UNIT ( ) NAMED_UNIT ( * ) SI_UNIT ( .MILLI., .METRE. ) );
#124 = AXIS2_PLACEMENT_3D ( 'NONE', #896, #85, #870 ) ;
#125 = UNCERTAINTY_MEASURE_WITH_UNIT (LENGTH_MEASURE( 1.000000000000000082E-05 ), #1131, 'distance_accuracy_value', 'NONE');
#126 = FILL_AREA_STYLE_COLOUR ( '', #1142 ) ;
#127 = EDGE_LOOP ( 'NONE', ( #1319, #548, #798, #1195 ) ) ;
#128 =( NAMED_UNIT ( * ) PLANE_ANGLE_UNIT ( ) SI_UNIT ( $, .RADIAN. ) );
#129 = CARTESIAN_POINT ( 'NONE',  ( -4.190600523190882498, 2.550000000000000266, 0.000000000000000000 ) ) ;
#130 = FACE_OUTER_BOUND ( 'NONE', #749, .T. ) ;
#131 = CARTESIAN_POINT ( 'NONE',  ( 5.134090998430485442, 2.550000000000000711, -2.550000000000000266 ) ) ;
#132 = EDGE_CURVE ( 'NONE', #1696, #163, #246, .T. ) ;
#133 = DIRECTION ( 'NONE',  ( 0.000000000000000000, 0.000000000000000000, 1.000000000000000000 ) ) ;
#134 = DIRECTION ( 'NONE',  ( -1.000000000000000000, 0.000000000000000000, -0.000000000000000000 ) ) ;
#135 = PRESENTATION_STYLE_ASSIGNMENT (( #1759 ) ) ;
#136 = ORIENTED_EDGE ( 'NONE', *, *, #1460, .T. ) ;
#137 = FACE_OUTER_BOUND ( 'NONE', #1154, .T. ) ;
#138 = DIRECTION ( 'NONE',  ( 0.000000000000000000, 0.000000000000000000, 1.000000000000000000 ) ) ;
#139 = EDGE_LOOP ( 'NONE', ( #2, #75 ) ) ;
#140 = ADVANCED_FACE ( 'NONE', ( #914 ), #1595, .T. ) ;
#141 = CARTESIAN_POINT ( 'NONE',  ( -5.750000000000000000, 2.950000000000000178, 0.000000000000000000 ) ) ;
#142 = VERTEX_POINT ( 'NONE', #785 ) ;
#143 = FACE_OUTER_BOUND ( 'NONE', #1370, .T. ) ;
#144 = VERTEX_POINT ( 'NONE', #1000 ) ;
#145 = DIRECTION ( 'NONE',  ( 0.000000000000000000, 0.000000000000000000, 1.000000000000000000 ) ) ;
#146 = COLOUR_RGB ( '',0.7529411764705882248, 1.000000000000000000, 1.000000000000000000 ) ;
#147 = PRESENTATION_STYLE_ASSIGNMENT (( #1219 ) ) ;
#148 = TOROIDAL_SURFACE ( 'NONE', #1469, 0.4000000000000001887, 0.2875000000000000333 ) ;
#149 = ORIENTED_EDGE ( 'NONE', *, *, #1670, .T. ) ;
#150 = MECHANICAL_DESIGN_GEOMETRIC_PRESENTATION_REPRESENTATION (  '', ( #1741 ), #473 ) ;
#151 =( GEOMETRIC_REPRESENTATION_CONTEXT ( 3 ) GLOBAL_UNCERTAINTY_ASSIGNED_CONTEXT ( ( #922 ) ) GLOBAL_UNIT_ASSIGNED_CONTEXT ( ( #542, #1199, #1666 ) ) REPRESENTATION_CONTEXT ( 'NONE', 'WORKASPACE' ) );
#152 = AXIS2_PLACEMENT_3D ( 'NONE', #1432, #1111, #581 ) ;
#153 = STYLED_ITEM ( 'NONE', ( #544 ), #1389 ) ;
#154 = ORIENTED_EDGE ( 'NONE', *, *, #601, .F. ) ;
#155 = LINE ( 'NONE', #1223, #1504 ) ;
#156 =( GEOMETRIC_REPRESENTATION_CONTEXT ( 3 ) GLOBAL_UNCERTAINTY_ASSIGNED_CONTEXT ( ( #829 ) ) GLOBAL_UNIT_ASSIGNED_CONTEXT ( ( #427, #1572, #1095 ) ) REPRESENTATION_CONTEXT ( 'NONE', 'WORKASPACE' ) );
#157 = EDGE_CURVE ( 'NONE', #1728, #182, #1726, .T. ) ;
#158 = FILL_AREA_STYLE ('',( #295 ) ) ;
#159 = ADVANCED_FACE ( 'NONE', ( #866 ), #855, .T. ) ;
#160 = CARTESIAN_POINT ( 'NONE',  ( -7.750000000000000888, 1.749999999999999778, 0.000000000000000000 ) ) ;
#161 =( LENGTH_UNIT ( ) NAMED_UNIT ( * ) SI_UNIT ( .MILLI., .METRE. ) );
#162 = EDGE_LOOP ( 'NONE', ( #1690, #1348, #1295, #1484 ) ) ;
#163 = VERTEX_POINT ( 'NONE', #1716 ) ;
#164 = DIRECTION ( 'NONE',  ( 0.000000000000000000, 0.000000000000000000, -1.000000000000000000 ) ) ;
#165 = SURFACE_SIDE_STYLE ('',( #712 ) ) ;
#166 = DIRECTION ( 'NONE',  ( 0.000000000000000000, 0.000000000000000000, 1.000000000000000000 ) ) ;
#167 = SURFACE_SIDE_STYLE ('',( #960 ) ) ;
#168 = UNCERTAINTY_MEASURE_WITH_UNIT (LENGTH_MEASURE( 1.000000000000000082E-05 ), #54, 'distance_accuracy_value', 'NONE');
#169 = ORIENTED_EDGE ( 'NONE', *, *, #358, .T. ) ;
#170 = STYLED_ITEM ( 'NONE', ( #506 ), #247 ) ;
#171 = VECTOR ( 'NONE', #891, 1000.000000000000000 ) ;
#172 = FILL_AREA_STYLE ('',( #1531 ) ) ;
#173 = CIRCLE ( 'NONE', #1172, 0.4000000000000002442 ) ;
#174 = DIRECTION ( 'NONE',  ( 0.000000000000000000, 0.000000000000000000, 1.000000000000000000 ) ) ;
#175 = VECTOR ( 'NONE', #692, 1000.000000000000000 ) ;
#176 = DIRECTION ( 'NONE',  ( 1.000000000000000000, 0.000000000000000000, 0.000000000000000000 ) ) ;
#177 = TOROIDAL_SURFACE ( 'NONE', #1176, 2.262500000000000622, 0.2874999999999995337 ) ;
#178 = CARTESIAN_POINT ( 'NONE',  ( -5.750000000000000000, 2.550000000000000266, 0.000000000000000000 ) ) ;
#179 = SURFACE_SIDE_STYLE ('',( #80 ) ) ;
#181 = ADVANCED_FACE ( 'NONE', ( #1584 ), #993, .T. ) ;
#180 = CARTESIAN_POINT ( 'NONE',  ( 8.550000000000002487, 1.749999999999999778, -4.898587196589415540E-17 ) ) ;
#182 = VERTEX_POINT ( 'NONE', #1467 ) ;
#183 = SURFACE_SIDE_STYLE ('',( #846 ) ) ;
#184 = CARTESIAN_POINT ( 'NONE',  ( -8.550000000000002487, 1.749999999999999778, 4.898587196589415540E-17 ) ) ;
#185 = ORIENTED_EDGE ( 'NONE', *, *, #1139, .T. ) ;
#186 = FILL_AREA_STYLE ('',( #998 ) ) ;
#187 = CARTESIAN_POINT ( 'NONE',  ( -5.462500000000000355, 2.550000000000000266, 0.000000000000000000 ) ) ;
#188 = CARTESIAN_POINT ( 'NONE',  ( -5.417223227421494869, 2.550000000000000266, -2.312423851079242532 ) ) ;
#189 = ORIENTED_EDGE ( 'NONE', *, *, #1259, .T. ) ;
#190 = EDGE_CURVE ( 'NONE', #1013, #1678, #695, .T. ) ;
#191 = DIRECTION ( 'NONE',  ( -1.000000000000000000, -0.000000000000000000, -0.000000000000000000 ) ) ;
#192 = FILL_AREA_STYLE ('',( #225 ) ) ;
#193 = CARTESIAN_POINT ( 'NONE',  ( -5.750000000000000000, 2.550000000000000266, 0.000000000000000000 ) ) ;
#194 =( NAMED_UNIT ( * ) PLANE_ANGLE_UNIT ( ) SI_UNIT ( $, .RADIAN. ) );
#195 =( LENGTH_UNIT ( ) NAMED_UNIT ( * ) SI_UNIT ( .MILLI., .METRE. ) );
#196 = DIRECTION ( 'NONE',  ( 0.000000000000000000, -1.000000000000000000, 0.000000000000000000 ) ) ;
#197 = AXIS2_PLACEMENT_3D ( 'NONE', #461, #1702, #1583 ) ;
#198 = ORIENTED_EDGE ( 'NONE', *, *, #1056, .T. ) ;
#199 = TOROIDAL_SURFACE ( 'NONE', #585, 0.4000000000000001887, 0.2875000000000000333 ) ;
#200 = PRESENTATION_STYLE_ASSIGNMENT (( #617 ) ) ;
#201 = MECHANICAL_DESIGN_GEOMETRIC_PRESENTATION_REPRESENTATION (  '', ( #1235 ), #1471 ) ;
#202 = AXIS2_PLACEMENT_3D ( 'NONE', #959, #1698, #166 ) ;
#203 = COLOUR_RGB ( '',0.7921568627450980005, 0.8196078431372548767, 0.9333333333333333481 ) ;
#204 = CARTESIAN_POINT ( 'NONE',  ( -8.150000000000000355, 1.749999999999999778, 0.000000000000000000 ) ) ;
#205 = CARTESIAN_POINT ( 'NONE',  ( 5.745632228991010670, 2.550000000000000266, 0.000000000000000000 ) ) ;
#206 = COLOUR_RGB ( '',0.7529411764705882248, 1.000000000000000000, 1.000000000000000000 ) ;
#207 = CIRCLE ( 'NONE', #1173, 0.4000000000000002442 ) ;
#208 = DIRECTION ( 'NONE',  ( 0.000000000000000000, 0.000000000000000000, 1.000000000000000000 ) ) ;
#209 = STYLED_ITEM ( 'NONE', ( #1737 ), #1527 ) ;
#210 =( NAMED_UNIT ( * ) SI_UNIT ( $, .STERADIAN. ) SOLID_ANGLE_UNIT ( ) );
#211 = LINE ( 'NONE', #1733, #117 ) ;
#212 = CARTESIAN_POINT ( 'NONE',  ( 4.281387323372376486, 2.550000000000000711, 2.336910475466974280 ) ) ;
#213 = DIRECTION ( 'NONE',  ( -1.112002228190260952E-16, -1.000000000000000000, 0.000000000000000000 ) ) ;
#214 = ORIENTED_EDGE ( 'NONE', *, *, #1588, .T. ) ;
#215 =( NAMED_UNIT ( * ) PLANE_ANGLE_UNIT ( ) SI_UNIT ( $, .RADIAN. ) );
#216 = CARTESIAN_POINT ( 'NONE',  ( 4.559090998430485264, 2.550000000000000711, -2.262500000000000622 ) ) ;
#217 = CARTESIAN_POINT ( 'NONE',  ( -5.417223227421494869, 2.550000000000000266, 0.000000000000000000 ) ) ;
#218 = ORIENTED_EDGE ( 'NONE', *, *, #1410, .T. ) ;
#219 = FILL_AREA_STYLE ('',( #885 ) ) ;
#220 = SURFACE_STYLE_USAGE ( .BOTH. , #320 ) ;
#221 = ORIENTED_EDGE ( 'NONE', *, *, #1450, .F. ) ;
#222 = CYLINDRICAL_SURFACE ( 'NONE', #1447, 0.4000000000000002442 ) ;
#223 = DIRECTION ( 'NONE',  ( 0.000000000000000000, 0.000000000000000000, 1.000000000000000000 ) ) ;
#224 = SURFACE_STYLE_USAGE ( .BOTH. , #778 ) ;
#225 = FILL_AREA_STYLE_COLOUR ( '', #1292 ) ;
#226 = DIRECTION ( 'NONE',  ( 0.000000000000000000, 0.000000000000000000, 1.000000000000000000 ) ) ;
#227 = CARTESIAN_POINT ( 'NONE',  ( 5.750000000000000000, 2.550000000000000266, 0.4000000000000001887 ) ) ;
#228 = SURFACE_STYLE_FILL_AREA ( #1454 ) ;
#229 = ORIENTED_EDGE ( 'NONE', *, *, #445, .T. ) ;
#230 = UNCERTAINTY_MEASURE_WITH_UNIT (LENGTH_MEASURE( 1.000000000000000082E-05 ), #1570, 'distance_accuracy_value', 'NONE');
#231 = CIRCLE ( 'NONE', #1077, 2.312423851079242532 ) ;
#232 = AXIS2_PLACEMENT_3D ( 'NONE', #691, #435, #969 ) ;
#233 = FILL_AREA_STYLE_COLOUR ( '', #206 ) ;
#234 = AXIS2_PLACEMENT_3D ( 'NONE', #1596, #880, #874 ) ;
#235 = SURFACE_STYLE_FILL_AREA ( #1178 ) ;
#236 = VECTOR ( 'NONE', #899, 1000.000000000000000 ) ;
#237 = ORIENTED_EDGE ( 'NONE', *, *, #1783, .T. ) ;
#238 = VERTEX_POINT ( 'NONE', #1639 ) ;
#239 = AXIS2_PLACEMENT_3D ( 'NONE', #1635, #545, #646 ) ;
#240 = PRESENTATION_STYLE_ASSIGNMENT (( #1027 ) ) ;
#241 =( NAMED_UNIT ( * ) SI_UNIT ( $, .STERADIAN. ) SOLID_ANGLE_UNIT ( ) );
#242 = ORIENTED_EDGE ( 'NONE', *, *, #551, .T. ) ;
#243 = VERTEX_POINT ( 'NONE', #1362 ) ;
#244 = UNCERTAINTY_MEASURE_WITH_UNIT (LENGTH_MEASURE( 1.000000000000000082E-05 ), #1209, 'distance_accuracy_value', 'NONE');
#245 = CARTESIAN_POINT ( 'NONE',  ( -5.134090998430485442, 2.550000000000000266, 0.000000000000000000 ) ) ;
#246 = LINE ( 'NONE', #1048, #422 ) ;
#247 = ADVANCED_FACE ( 'NONE', ( #1183 ), #654, .F. ) ;
#248 = EDGE_LOOP ( 'NONE', ( #353, #680, #1519, #1424 ) ) ;
#249 =( LENGTH_UNIT ( ) NAMED_UNIT ( * ) SI_UNIT ( .MILLI., .METRE. ) );
#250 = CARTESIAN_POINT ( 'NONE',  ( -4.190600523190882498, 2.550000000000000266, 0.000000000000000000 ) ) ;
#251 = SURFACE_SIDE_STYLE ('',( #235 ) ) ;
#252 = ORIENTED_EDGE ( 'NONE', *, *, #821, .F. ) ;
#253 = ORIENTED_EDGE ( 'NONE', *, *, #1082, .F. ) ;
#254 = SURFACE_STYLE_USAGE ( .BOTH. , #1058 ) ;
#255 = CARTESIAN_POINT ( 'NONE',  ( -4.281387323372376486, 2.550000000000000711, -2.336910475466974280 ) ) ;
#256 = CARTESIAN_POINT ( 'NONE',  ( 4.281387323372376486, 2.550000000000000266, -2.336910475466974280 ) ) ;
#257 = DIRECTION ( 'NONE',  ( 0.000000000000000000, 0.000000000000000000, 1.000000000000000000 ) ) ;
#258 = TOROIDAL_SURFACE ( 'NONE', #1412, 2.072499999999999787, 0.2874999999999997002 ) ;
#259 = STYLED_ITEM ( 'NONE', ( #147 ), #822 ) ;
#260 =( GEOMETRIC_REPRESENTATION_CONTEXT ( 3 ) GLOBAL_UNCERTAINTY_ASSIGNED_CONTEXT ( ( #230 ) ) GLOBAL_UNIT_ASSIGNED_CONTEXT ( ( #1570, #884, #1171 ) ) REPRESENTATION_CONTEXT ( 'NONE', 'WORKASPACE' ) );
#261 = EDGE_CURVE ( 'NONE', #1645, #765, #1651, .T. ) ;
#262 = CONICAL_SURFACE ( 'NONE', #1108, 2.312423851079242532, 1.396263401595464027 ) ;
#263 = CONICAL_SURFACE ( 'NONE', #67, 0.4499238510792427648, 1.396263401595464027 ) ;
#264 = VECTOR ( 'NONE', #466, 1000.000000000000000 ) ;
#265 = STYLED_ITEM ( 'NONE', ( #1614 ), #633 ) ;
#266 = FILL_AREA_STYLE_COLOUR ( '', #288 ) ;
#267 = COLOUR_RGB ( '',0.7529411764705882248, 1.000000000000000000, 1.000000000000000000 ) ;
#268 = UNCERTAINTY_MEASURE_WITH_UNIT (LENGTH_MEASURE( 1.000000000000000082E-05 ), #1601, 'distance_accuracy_value', 'NONE');
#269 = FACE_OUTER_BOUND ( 'NONE', #127, .T. ) ;
#270 = ORIENTED_EDGE ( 'NONE', *, *, #1259, .F. ) ;
#271 = FILL_AREA_STYLE ('',( #500 ) ) ;
#272 = CARTESIAN_POINT ( 'NONE',  ( 4.559090998430484376, 2.550000000000000266, 2.550000000000000266 ) ) ;
#273 = PRODUCT_CONTEXT ( 'NONE', #429, 'mechanical' ) ;
#274 = DIRECTION ( 'NONE',  ( 0.000000000000000000, 0.000000000000000000, -1.000000000000000000 ) ) ;
#275 = ADVANCED_FACE ( 'NONE', ( #414 ), #836, .T. ) ;
#276 = CARTESIAN_POINT ( 'NONE',  ( 4.559090998430484376, 2.550000000000000266, 0.000000000000000000 ) ) ;
#277 = ORIENTED_EDGE ( 'NONE', *, *, #1637, .T. ) ;
#278 = CYLINDRICAL_SURFACE ( 'NONE', #509, 0.4000000000000002442 ) ;
#279 = ORIENTED_EDGE ( 'NONE', *, *, #79, .T. ) ;
#280 = DIRECTION ( 'NONE',  ( -1.000000000000000000, -0.000000000000000000, -0.000000000000000000 ) ) ;
#281 = LINE ( 'NONE', #16, #757 ) ;
#282 = FILL_AREA_STYLE ('',( #530 ) ) ;
#283 = ADVANCED_FACE ( 'NONE', ( #384 ), #619, .F. ) ;
#284 = DIRECTION ( 'NONE',  ( -1.000000000000000000, -0.000000000000000000, -0.000000000000000000 ) ) ;
#285 = DIRECTION ( 'NONE',  ( 0.000000000000000000, 0.000000000000000000, 1.000000000000000000 ) ) ;
#286 = VECTOR ( 'NONE', #731, 1000.000000000000000 ) ;
#287 =( LENGTH_UNIT ( ) NAMED_UNIT ( * ) SI_UNIT ( .MILLI., .METRE. ) );
#288 = COLOUR_RGB ( '',0.7529411764705882248, 1.000000000000000000, 1.000000000000000000 ) ;
#289 = MECHANICAL_DESIGN_GEOMETRIC_PRESENTATION_REPRESENTATION (  '', ( #1080 ), #503 ) ;
#290 = CARTESIAN_POINT ( 'NONE',  ( 5.134090998430485442, 2.550000000000000266, 0.000000000000000000 ) ) ;
#291 =( GEOMETRIC_REPRESENTATION_CONTEXT ( 3 ) GLOBAL_UNCERTAINTY_ASSIGNED_CONTEXT ( ( #1322 ) ) GLOBAL_UNIT_ASSIGNED_CONTEXT ( ( #1694, #1554, #1186 ) ) REPRESENTATION_CONTEXT ( 'NONE', 'WORKASPACE' ) );
#292 = EDGE_CURVE ( 'NONE', #144, #683, #314, .T. ) ;
#293 = STYLED_ITEM ( 'NONE', ( #200 ), #1518 ) ;
#294 = DIRECTION ( 'NONE',  ( -1.000000000000000000, -0.000000000000000000, -0.000000000000000000 ) ) ;
#295 = FILL_AREA_STYLE_COLOUR ( '', #818 ) ;
#296 = COLOUR_RGB ( '',0.7529411764705882248, 1.000000000000000000, 1.000000000000000000 ) ;
#297 = DIRECTION ( 'NONE',  ( -1.000000000000000000, -0.000000000000000000, -0.000000000000000000 ) ) ;
#298 = SURFACE_SIDE_STYLE ('',( #1401 ) ) ;
#299 = DIRECTION ( 'NONE',  ( 0.000000000000000000, 0.000000000000000000, 1.000000000000000000 ) ) ;
#300 = ORIENTED_EDGE ( 'NONE', *, *, #261, .F. ) ;
#301 =( LENGTH_UNIT ( ) NAMED_UNIT ( * ) SI_UNIT ( .MILLI., .METRE. ) );
#302 = EDGE_CURVE ( 'NONE', #322, #911, #1764, .T. ) ;
#303 = PRESENTATION_STYLE_ASSIGNMENT (( #1267 ) ) ;
#304 = FACE_OUTER_BOUND ( 'NONE', #902, .T. ) ;
#305 =( NAMED_UNIT ( * ) SI_UNIT ( $, .STERADIAN. ) SOLID_ANGLE_UNIT ( ) );
#306 = DIRECTION ( 'NONE',  ( 0.000000000000000000, 0.000000000000000000, 1.000000000000000000 ) ) ;
#307 = CARTESIAN_POINT ( 'NONE',  ( -3.912896848132775052, 2.550000000000000266, 0.000000000000000000 ) ) ;
#308 = STYLED_ITEM ( 'NONE', ( #1010 ), #572 ) ;
#309 = CIRCLE ( 'NONE', #1561, 2.550000000000000266 ) ;
#310 = AXIS2_PLACEMENT_3D ( 'NONE', #1426, #587, #1714 ) ;
#311 =( NAMED_UNIT ( * ) SI_UNIT ( $, .STERADIAN. ) SOLID_ANGLE_UNIT ( ) );
#312 = PRESENTATION_LAYER_ASSIGNMENT (  '', '', ( #1741 ) ) ;
#313 = ORIENTED_EDGE ( 'NONE', *, *, #744, .T. ) ;
#314 = CIRCLE ( 'NONE', #1049, 0.4000000000000001887 ) ;
#315 = AXIS2_PLACEMENT_3D ( 'NONE', #216, #1606, #1051 ) ;
#316 = MECHANICAL_DESIGN_GEOMETRIC_PRESENTATION_REPRESENTATION (  '', ( #94 ), #1712 ) ;
#317 = PRESENTATION_LAYER_ASSIGNMENT (  '', '', ( #1509 ) ) ;
#318 = EDGE_CURVE ( 'NONE', #1083, #540, #697, .T. ) ;
#319 = DIRECTION ( 'NONE',  ( 0.000000000000000000, 0.000000000000000000, -1.000000000000000000 ) ) ;
#320 = SURFACE_SIDE_STYLE ('',( #228 ) ) ;
#321 = CARTESIAN_POINT ( 'NONE',  ( -8.549999999999998934, -29.44999999999999574, 4.898587196589405680E-17 ) ) ;
#322 = VERTEX_POINT ( 'NONE', #255 ) ;
#323 = CARTESIAN_POINT ( 'NONE',  ( 5.134090998430485442, 2.550000000000000266, 2.262500000000000622 ) ) ;
#324 =( NAMED_UNIT ( * ) SI_UNIT ( $, .STERADIAN. ) SOLID_ANGLE_UNIT ( ) );
#325 = DIRECTION ( 'NONE',  ( 1.000000000000000000, 0.000000000000000000, 0.000000000000000000 ) ) ;
#326 = CARTESIAN_POINT ( 'NONE',  ( 5.745632228991010670, 2.550000000000000266, 0.4499238510792427648 ) ) ;
#327 = ADVANCED_FACE ( 'NONE', ( #783 ), #1316, .T. ) ;
#328 = SURFACE_STYLE_FILL_AREA ( #1547 ) ;
#329 = SURFACE_SIDE_STYLE ('',( #575 ) ) ;
#330 = SURFACE_STYLE_USAGE ( .BOTH. , #740 ) ;
#331 = EDGE_LOOP ( 'NONE', ( #1406, #1086, #955, #1374 ) ) ;
#332 = ORIENTED_EDGE ( 'NONE', *, *, #972, .T. ) ;
#333 = AXIS2_PLACEMENT_3D ( 'NONE', #1067, #1317, #101 ) ;
#334 = FILL_AREA_STYLE_COLOUR ( '', #1207 ) ;
#335 = CIRCLE ( 'NONE', #232, 0.4000000000000001887 ) ;
#336 = EDGE_CURVE ( 'NONE', #1083, #1751, #1780, .T. ) ;
#337 = TOROIDAL_SURFACE ( 'NONE', #1355, 2.262500000000000622, 0.2875000000000005329 ) ;
#338 = DIRECTION ( 'NONE',  ( 0.000000000000000000, -1.000000000000000000, 0.000000000000000000 ) ) ;
#339 = AXIS2_PLACEMENT_3D ( 'NONE', #1121, #1253, #64 ) ;
#340 = ORIENTED_EDGE ( 'NONE', *, *, #768, .F. ) ;
#341 = FILL_AREA_STYLE_COLOUR ( '', #115 ) ;
#342 = ORIENTED_EDGE ( 'NONE', *, *, #1056, .F. ) ;
#343 = CARTESIAN_POINT ( 'NONE',  ( 7.350000000000000533, 1.750000000000000222, -4.898587196589415540E-17 ) ) ;
#344 = CARTESIAN_POINT ( 'NONE',  ( -5.750000000000000000, 2.550000000000000266, 0.000000000000000000 ) ) ;
#345 = FILL_AREA_STYLE_COLOUR ( '', #366 ) ;
#346 = DIRECTION ( 'NONE',  ( -1.000000000000000000, 0.000000000000000000, 0.000000000000000000 ) ) ;
#347 =( LENGTH_UNIT ( ) NAMED_UNIT ( * ) SI_UNIT ( .MILLI., .METRE. ) );
#348 = ADVANCED_FACE ( 'NONE', ( #1011 ), #263, .T. ) ;
#349 = CARTESIAN_POINT ( 'NONE',  ( -8.149999999999996803, -29.44999999999999574, 0.000000000000000000 ) ) ;
#350 = ORIENTED_EDGE ( 'NONE', *, *, #806, .T. ) ;
#351 = CYLINDRICAL_SURFACE ( 'NONE', #782, 1.784999999999999698 ) ;
#352 = MANIFOLD_SOLID_BREP ( 'Sweep3', #1044 ) ;
#353 = ORIENTED_EDGE ( 'NONE', *, *, #744, .F. ) ;
#354 = CARTESIAN_POINT ( 'NONE',  ( -5.750000000000000000, 2.550000000000000266, 2.550000000000000266 ) ) ;
#355 = FILL_AREA_STYLE ('',( #233 ) ) ;
#356 = CARTESIAN_POINT ( 'NONE',  ( 7.350000000000000533, 2.950000000000000178, 0.000000000000000000 ) ) ;
#357 = APPLICATION_CONTEXT ( 'automotive_design' ) ;
#358 = EDGE_CURVE ( 'NONE', #47, #629, #1110, .T. ) ;
#359 = EDGE_LOOP ( 'NONE', ( #1143, #1258, #434, #198 ) ) ;
#360 = UNCERTAINTY_MEASURE_WITH_UNIT (LENGTH_MEASURE( 1.000000000000000082E-05 ), #3, 'distance_accuracy_value', 'NONE');
#361 = DIRECTION ( 'NONE',  ( 1.000000000000000000, 0.000000000000000000, 0.000000000000000000 ) ) ;
#362 =( GEOMETRIC_REPRESENTATION_CONTEXT ( 3 ) GLOBAL_UNCERTAINTY_ASSIGNED_CONTEXT ( ( #1059 ) ) GLOBAL_UNIT_ASSIGNED_CONTEXT ( ( #249, #1101, #956 ) ) REPRESENTATION_CONTEXT ( 'NONE', 'WORKASPACE' ) );
#363 = COLOUR_RGB ( '',0.7529411764705882248, 1.000000000000000000, 1.000000000000000000 ) ;
#364 = AXIS2_PLACEMENT_3D ( 'NONE', #344, #635, #1066 ) ;
#365 = CYLINDRICAL_SURFACE ( 'NONE', #1012, 2.550000000000000266 ) ;
#366 = COLOUR_RGB ( '',0.7529411764705882248, 1.000000000000000000, 1.000000000000000000 ) ;
#367 = SURFACE_SIDE_STYLE ('',( #1459 ) ) ;
#368 = AXIS2_PLACEMENT_3D ( 'NONE', #193, #723, #1128 ) ;
#369 = CIRCLE ( 'NONE', #1396, 0.4000000000000002442 ) ;
#370 = DIRECTION ( 'NONE',  ( 0.000000000000000000, 0.000000000000000000, 1.000000000000000000 ) ) ;
#371 = ADVANCED_FACE ( 'NONE', ( #996 ), #1579, .T. ) ;
#372 =( NAMED_UNIT ( * ) PLANE_ANGLE_UNIT ( ) SI_UNIT ( $, .RADIAN. ) );
#373 = DIRECTION ( 'NONE',  ( -0.000000000000000000, 0.000000000000000000, 1.000000000000000000 ) ) ;
#374 = EDGE_CURVE ( 'NONE', #911, #943, #211, .T. ) ;
#375 = CARTESIAN_POINT ( 'NONE',  ( -5.462500000000000355, 2.550000000000000266, 0.4000000000000001887 ) ) ;
#376 = DIRECTION ( 'NONE',  ( 1.112002228190260952E-16, -1.000000000000000000, 0.000000000000000000 ) ) ;
#377 = ORIENTED_EDGE ( 'NONE', *, *, #1429, .F. ) ;
#378 = ORIENTED_EDGE ( 'NONE', *, *, #1369, .F. ) ;
#379 = ADVANCED_FACE ( 'NONE', ( #1452 ), #337, .T. ) ;
#380 = CARTESIAN_POINT ( 'NONE',  ( -5.745632228991009782, 2.550000000000000266, 0.000000000000000000 ) ) ;
#381 = ORIENTED_EDGE ( 'NONE', *, *, #800, .T. ) ;
#382 = DIRECTION ( 'NONE',  ( 0.000000000000000000, 0.000000000000000000, -1.000000000000000000 ) ) ;
#383 = VERTEX_POINT ( 'NONE', #966 ) ;
#384 = FACE_OUTER_BOUND ( 'NONE', #1599, .T. ) ;
#385 = CARTESIAN_POINT ( 'NONE',  ( -5.462500000000000355, 2.550000000000000266, 0.000000000000000000 ) ) ;
#386 = EDGE_LOOP ( 'NONE', ( #481, #214, #277, #342 ) ) ;
#387 = CIRCLE ( 'NONE', #724, 0.2875000000000004219 ) ;
#388 = COLOUR_RGB ( '',0.7529411764705882248, 1.000000000000000000, 1.000000000000000000 ) ;
#389 = EDGE_CURVE ( 'NONE', #383, #1582, #1472, .T. ) ;
#390 = ORIENTED_EDGE ( 'NONE', *, *, #1756, .T. ) ;
#391 = TOROIDAL_SURFACE ( 'NONE', #88, 2.072499999999999787, 0.2875000000000005884 ) ;
#392 = PRESENTATION_STYLE_ASSIGNMENT (( #1742 ) ) ;
#393 = MECHANICAL_DESIGN_GEOMETRIC_PRESENTATION_REPRESENTATION (  '', ( #1196 ), #1349 ) ;
#394 = PRESENTATION_LAYER_ASSIGNMENT (  '', '', ( #898 ) ) ;
#395 = CIRCLE ( 'NONE', #1318, 0.4000000000000001887 ) ;
#396 = EDGE_CURVE ( 'NONE', #1191, #534, #1709, .T. ) ;
#397 = CIRCLE ( 'NONE', #43, 2.336910475466974280 ) ;
#398 = ORIENTED_EDGE ( 'NONE', *, *, #1139, .F. ) ;
#399 = AXIS2_PLACEMENT_3D ( 'NONE', #751, #361, #104 ) ;
#400 = UNCERTAINTY_MEASURE_WITH_UNIT (LENGTH_MEASURE( 1.000000000000000082E-05 ), #287, 'distance_accuracy_value', 'NONE');
#401 = CARTESIAN_POINT ( 'NONE',  ( -4.559090998430485264, 2.550000000000000711, -2.262500000000000622 ) ) ;
#402 = CARTESIAN_POINT ( 'NONE',  ( -4.750000000000000000, 2.550000000000000266, 0.000000000000000000 ) ) ;
#403 = EDGE_LOOP ( 'NONE', ( #926, #453, #1492, #1482 ) ) ;
#404 = FACE_OUTER_BOUND ( 'NONE', #868, .T. ) ;
#405 =( NAMED_UNIT ( * ) PLANE_ANGLE_UNIT ( ) SI_UNIT ( $, .RADIAN. ) );
#406 = CARTESIAN_POINT ( 'NONE',  ( -5.462500000000000355, 2.550000000000000266, -0.4000000000000001887 ) ) ;
#407 = VERTEX_POINT ( 'NONE', #561 ) ;
#408 = DIRECTION ( 'NONE',  ( -1.000000000000000000, -0.000000000000000000, -0.000000000000000000 ) ) ;
#409 = EDGE_LOOP ( 'NONE', ( #1732, #887, #1337, #940 ) ) ;
#410 = CARTESIAN_POINT ( 'NONE',  ( 5.750000000000000000, 2.550000000000000266, 0.000000000000000000 ) ) ;
#411 = ORIENTED_EDGE ( 'NONE', *, *, #491, .F. ) ;
#412 = DIRECTION ( 'NONE',  ( -1.000000000000000000, -0.000000000000000000, -0.000000000000000000 ) ) ;
#413 = VERTEX_POINT ( 'NONE', #1550 ) ;
#414 = FACE_OUTER_BOUND ( 'NONE', #793, .T. ) ;
#415 = CARTESIAN_POINT ( 'NONE',  ( 5.134090998430485442, 2.550000000000000266, 0.000000000000000000 ) ) ;
#416 = CARTESIAN_POINT ( 'NONE',  ( 4.559090998430485264, 2.550000000000000266, 0.000000000000000000 ) ) ;
#417 = AXIS2_PLACEMENT_3D ( 'NONE', #440, #720, #588 ) ;
#418 = CIRCLE ( 'NONE', #1233, 0.2875000000000000333 ) ;
#419 = PRESENTATION_LAYER_ASSIGNMENT (  '', '', ( #1439 ) ) ;
#420 =( NAMED_UNIT ( * ) PLANE_ANGLE_UNIT ( ) SI_UNIT ( $, .RADIAN. ) );
#421 = PRESENTATION_LAYER_ASSIGNMENT (  '', '', ( #1196 ) ) ;
#422 = VECTOR ( 'NONE', #1772, 1000.000000000000000 ) ;
#423 = EDGE_LOOP ( 'NONE', ( #1132, #242, #1310, #825 ) ) ;
#424 = PRESENTATION_LAYER_ASSIGNMENT (  '', '', ( #539 ) ) ;
#425 =( GEOMETRIC_REPRESENTATION_CONTEXT ( 3 ) GLOBAL_UNCERTAINTY_ASSIGNED_CONTEXT ( ( #103 ) ) GLOBAL_UNIT_ASSIGNED_CONTEXT ( ( #60, #128, #305 ) ) REPRESENTATION_CONTEXT ( 'NONE', 'WORKASPACE' ) );
#426 = ADVANCED_FACE ( 'NONE', ( #517 ), #258, .F. ) ;
#427 =( LENGTH_UNIT ( ) NAMED_UNIT ( * ) SI_UNIT ( .MILLI., .METRE. ) );
#428 = PRESENTATION_LAYER_ASSIGNMENT (  '', '', ( #153 ) ) ;
#429 = APPLICATION_CONTEXT ( 'automotive_design' ) ;
#430 = DIRECTION ( 'NONE',  ( 0.000000000000000000, 0.000000000000000000, 1.000000000000000000 ) ) ;
#431 = AXIS2_PLACEMENT_3D ( 'NONE', #562, #832, #1680 ) ;
#432 = ORIENTED_EDGE ( 'NONE', *, *, #1151, .T. ) ;
#433 = CARTESIAN_POINT ( 'NONE',  ( 4.281387323372376486, 2.550000000000000266, 0.000000000000000000 ) ) ;
#434 = ORIENTED_EDGE ( 'NONE', *, *, #547, .T. ) ;
#435 = DIRECTION ( 'NONE',  ( -1.000000000000000000, -0.000000000000000000, -0.000000000000000000 ) ) ;
#436 = DIRECTION ( 'NONE',  ( -1.000000000000000000, -0.000000000000000000, -0.000000000000000000 ) ) ;
#437 = ADVANCED_FACE ( 'NONE', ( #1646 ), #1261, .T. ) ;
#438 = DIRECTION ( 'NONE',  ( 0.000000000000000000, 0.000000000000000000, 1.000000000000000000 ) ) ;
#439 = ORIENTED_EDGE ( 'NONE', *, *, #476, .F. ) ;
#440 = CARTESIAN_POINT ( 'NONE',  ( -4.281387323372376486, 2.550000000000000266, 0.000000000000000000 ) ) ;
#441 = LINE ( 'NONE', #180, #682 ) ;
#442 = ORIENTED_EDGE ( 'NONE', *, *, #1334, .F. ) ;
#443 = FACE_OUTER_BOUND ( 'NONE', #1216, .T. ) ;
#444 = DIRECTION ( 'NONE',  ( 0.000000000000000000, 0.000000000000000000, 1.000000000000000000 ) ) ;
#445 = EDGE_CURVE ( 'NONE', #1083, #964, #1617, .T. ) ;
#446 =( NAMED_UNIT ( * ) PLANE_ANGLE_UNIT ( ) SI_UNIT ( $, .RADIAN. ) );
#447 = CARTESIAN_POINT ( 'NONE',  ( -8.150000000000000355, 1.749999999999999778, 0.000000000000000000 ) ) ;
#448 = CIRCLE ( 'NONE', #1466, 1.199999999999999734 ) ;
#449 = MECHANICAL_DESIGN_GEOMETRIC_PRESENTATION_REPRESENTATION (  '', ( #259 ), #1166 ) ;
#450 = MECHANICAL_DESIGN_GEOMETRIC_PRESENTATION_REPRESENTATION (  '', ( #813 ), #260 ) ;
#451 = CARTESIAN_POINT ( 'NONE',  ( -4.559090998430485264, 2.550000000000000266, 2.262500000000000622 ) ) ;
#452 = FACE_OUTER_BOUND ( 'NONE', #1153, .T. ) ;
#453 = ORIENTED_EDGE ( 'NONE', *, *, #792, .T. ) ;
#454 = AXIS2_PLACEMENT_3D ( 'NONE', #1754, #490, #667 ) ;
#455 = AXIS2_PLACEMENT_3D ( 'NONE', #129, #1065, #257 ) ;
#456 = DIRECTION ( 'NONE',  ( -1.000000000000000000, -0.000000000000000000, -0.000000000000000000 ) ) ;
#457 = EDGE_CURVE ( 'NONE', #1728, #700, #532, .T. ) ;
#458 = DIRECTION ( 'NONE',  ( 0.000000000000000000, 0.000000000000000000, 1.000000000000000000 ) ) ;
#459 = PLANE ( 'NONE',  #595 ) ;
#460 = CARTESIAN_POINT ( 'NONE',  ( -5.417223227421494869, 2.550000000000000266, 0.000000000000000000 ) ) ;
#461 = CARTESIAN_POINT ( 'NONE',  ( 3.912896848132775052, 2.550000000000000266, 0.000000000000000000 ) ) ;
#462 = CARTESIAN_POINT ( 'NONE',  ( 7.750000000000000888, 1.749999999999999778, 0.000000000000000000 ) ) ;
#463 =( NAMED_UNIT ( * ) SI_UNIT ( $, .STERADIAN. ) SOLID_ANGLE_UNIT ( ) );
#464 = ORIENTED_EDGE ( 'NONE', *, *, #563, .T. ) ;
#465 =( LENGTH_UNIT ( ) NAMED_UNIT ( * ) SI_UNIT ( .MILLI., .METRE. ) );
#466 = DIRECTION ( 'NONE',  ( 1.112002228190260952E-16, -1.000000000000000000, 0.000000000000000000 ) ) ;
#467 = FACE_OUTER_BOUND ( 'NONE', #626, .T. ) ;
#468 = ORIENTED_EDGE ( 'NONE', *, *, #1091, .T. ) ;
#469 = FILL_AREA_STYLE ('',( #992 ) ) ;
#470 = CIRCLE ( 'NONE', #1648, 0.4000000000000002442 ) ;
#471 = CIRCLE ( 'NONE', #1314, 1.785000000000000142 ) ;
#472 = MECHANICAL_DESIGN_GEOMETRIC_PRESENTATION_REPRESENTATION (  '', ( #677 ), #1046 ) ;
#473 =( GEOMETRIC_REPRESENTATION_CONTEXT ( 3 ) GLOBAL_UNCERTAINTY_ASSIGNED_CONTEXT ( ( #664 ) ) GLOBAL_UNIT_ASSIGNED_CONTEXT ( ( #634, #92, #1031 ) ) REPRESENTATION_CONTEXT ( 'NONE', 'WORKASPACE' ) );
#474 = EDGE_CURVE ( 'NONE', #1696, #827, #470, .T. ) ;
#475 = STYLED_ITEM ( 'NONE', ( #1409 ), #1148 ) ;
#476 = EDGE_CURVE ( 'NONE', #413, #107, #636, .T. ) ;
#477 = AXIS2_PLACEMENT_3D ( 'NONE', #1380, #987, #430 ) ;
#478 = TOROIDAL_SURFACE ( 'NONE', #791, 0.4000000000000001887, 0.2875000000000000333 ) ;
#479 = CYLINDRICAL_SURFACE ( 'NONE', #644, 0.4000000000000001887 ) ;
#480 = CARTESIAN_POINT ( 'NONE',  ( 7.350000000000000533, 2.550000000000000266, 0.000000000000000000 ) ) ;
#481 = ORIENTED_EDGE ( 'NONE', *, *, #1403, .F. ) ;
#482 = DIRECTION ( 'NONE',  ( -1.000000000000000000, -0.000000000000000000, -0.000000000000000000 ) ) ;
#483 = SURFACE_STYLE_USAGE ( .BOTH. , #179 ) ;
#484 = ORIENTED_EDGE ( 'NONE', *, *, #1320, .F. ) ;
#485 = DIRECTION ( 'NONE',  ( -1.000000000000000000, -0.000000000000000000, -0.000000000000000000 ) ) ;
#486 = CARTESIAN_POINT ( 'NONE',  ( -5.750000000000000000, 2.950000000000000178, 0.000000000000000000 ) ) ;
#487 = DIRECTION ( 'NONE',  ( -1.000000000000000000, -0.000000000000000000, -0.000000000000000000 ) ) ;
#488 = CARTESIAN_POINT ( 'NONE',  ( -5.417223227421494869, 2.550000000000000711, 2.312423851079242532 ) ) ;
#489 = EDGE_LOOP ( 'NONE', ( #1496, #1407, #1038, #1522, #961 ) ) ;
#490 = DIRECTION ( 'NONE',  ( -0.000000000000000000, 1.000000000000000000, -0.000000000000000000 ) ) ;
#491 = EDGE_CURVE ( 'NONE', #1728, #1013, #977, .T. ) ;
#492 = DIRECTION ( 'NONE',  ( -1.000000000000000000, -0.000000000000000000, -0.000000000000000000 ) ) ;
#493 = EDGE_CURVE ( 'NONE', #1768, #27, #1574, .T. ) ;
#494 =( NAMED_UNIT ( * ) PLANE_ANGLE_UNIT ( ) SI_UNIT ( $, .RADIAN. ) );
#495 = ORIENTED_EDGE ( 'NONE', *, *, #601, .T. ) ;
#496 = UNCERTAINTY_MEASURE_WITH_UNIT (LENGTH_MEASURE( 1.000000000000000082E-05 ), #1119, 'distance_accuracy_value', 'NONE');
#497 = DIRECTION ( 'NONE',  ( 0.000000000000000000, -1.000000000000000000, 0.000000000000000000 ) ) ;
#498 = PRESENTATION_LAYER_ASSIGNMENT (  '', '', ( #6 ) ) ;
#499 =( GEOMETRIC_REPRESENTATION_CONTEXT ( 3 ) GLOBAL_UNCERTAINTY_ASSIGNED_CONTEXT ( ( #606 ) ) GLOBAL_UNIT_ASSIGNED_CONTEXT ( ( #161, #420, #1115 ) ) REPRESENTATION_CONTEXT ( 'NONE', 'WORKASPACE' ) );
#500 = FILL_AREA_STYLE_COLOUR ( '', #1312 ) ;
#501 = DIRECTION ( 'NONE',  ( -1.000000000000000000, -0.000000000000000000, -0.000000000000000000 ) ) ;
#502 = APPLICATION_PROTOCOL_DEFINITION ( 'draft international standard', 'automotive_design', 1998, #357 ) ;
#503 =( GEOMETRIC_REPRESENTATION_CONTEXT ( 3 ) GLOBAL_UNCERTAINTY_ASSIGNED_CONTEXT ( ( #1367 ) ) GLOBAL_UNIT_ASSIGNED_CONTEXT ( ( #1433, #194, #725 ) ) REPRESENTATION_CONTEXT ( 'NONE', 'WORKASPACE' ) );
#504 = AXIS2_PLACEMENT_3D ( 'NONE', #204, #1297, #77 ) ;
#505 = PRESENTATION_LAYER_ASSIGNMENT (  '', '', ( #475 ) ) ;
#506 = PRESENTATION_STYLE_ASSIGNMENT (( #224 ) ) ;
#507 = MECHANICAL_DESIGN_GEOMETRIC_PRESENTATION_REPRESENTATION (  '', ( #293 ), #957 ) ;
#508 = DIRECTION ( 'NONE',  ( 0.000000000000000000, 0.000000000000000000, 1.000000000000000000 ) ) ;
#509 = AXIS2_PLACEMENT_3D ( 'NONE', #402, #1667, #1656 ) ;
#510 = EDGE_CURVE ( 'NONE', #1678, #945, #1163, .T. ) ;
#511 = EDGE_CURVE ( 'NONE', #27, #238, #1738, .T. ) ;
#512 = VERTEX_POINT ( 'NONE', #1435 ) ;
#513 = SURFACE_STYLE_FILL_AREA ( #1769 ) ;
#514 = PRESENTATION_STYLE_ASSIGNMENT (( #1246 ) ) ;
#515 = DIRECTION ( 'NONE',  ( 0.000000000000000000, 0.000000000000000000, 1.000000000000000000 ) ) ;
#516 = CARTESIAN_POINT ( 'NONE',  ( 5.134090998430485442, 2.550000000000000266, 0.000000000000000000 ) ) ;
#517 = FACE_OUTER_BOUND ( 'NONE', #7, .T. ) ;
#518 = DIRECTION ( 'NONE',  ( 0.000000000000000000, 0.000000000000000000, 1.000000000000000000 ) ) ;
#519 = DIRECTION ( 'NONE',  ( 1.000000000000000000, 0.000000000000000000, 0.000000000000000000 ) ) ;
#520 = ORIENTED_EDGE ( 'NONE', *, *, #1430, .T. ) ;
#521 = CARTESIAN_POINT ( 'NONE',  ( 4.559090998430484376, 2.550000000000000711, -2.550000000000000266 ) ) ;
#522 = CARTESIAN_POINT ( 'NONE',  ( -5.750000000000000000, 2.550000000000000711, -1.784999999999999698 ) ) ;
#523 = ORIENTED_EDGE ( 'NONE', *, *, #1160, .T. ) ;
#524 = ORIENTED_EDGE ( 'NONE', *, *, #82, .T. ) ;
#525 =( LENGTH_UNIT ( ) NAMED_UNIT ( * ) SI_UNIT ( .MILLI., .METRE. ) );
#526 = DIRECTION ( 'NONE',  ( -1.000000000000000000, -0.000000000000000000, -0.000000000000000000 ) ) ;
#527 = DIRECTION ( 'NONE',  ( -1.000000000000000000, -0.000000000000000000, -0.000000000000000000 ) ) ;
#528 = DIRECTION ( 'NONE',  ( -1.000000000000000000, -0.000000000000000000, -0.000000000000000000 ) ) ;
#529 = ORIENTED_EDGE ( 'NONE', *, *, #374, .T. ) ;
#530 = FILL_AREA_STYLE_COLOUR ( '', #1078 ) ;
#531 = CARTESIAN_POINT ( 'NONE',  ( 7.350000000000000533, 2.550000000000000266, 0.4000000000000002442 ) ) ;
#532 = CIRCLE ( 'NONE', #1526, 0.4000000000000002442 ) ;
#533 = EDGE_CURVE ( 'NONE', #56, #407, #387, .T. ) ;
#534 = VERTEX_POINT ( 'NONE', #1284 ) ;
#535 = TOROIDAL_SURFACE ( 'NONE', #1591, 2.262500000000000622, 0.2874999999999995337 ) ;
#536 = MECHANICAL_DESIGN_GEOMETRIC_PRESENTATION_REPRESENTATION (  '', ( #1388 ), #151 ) ;
#537 = FACE_OUTER_BOUND ( 'NONE', #1723, .T. ) ;
#538 = AXIS2_PLACEMENT_3D ( 'NONE', #770, #1188, #1762 ) ;
#539 = STYLED_ITEM ( 'NONE', ( #1616 ), #1256 ) ;
#540 = VERTEX_POINT ( 'NONE', #1124 ) ;
#541 = AXIS2_PLACEMENT_3D ( 'NONE', #843, #55, #947 ) ;
#542 =( LENGTH_UNIT ( ) NAMED_UNIT ( * ) SI_UNIT ( .MILLI., .METRE. ) );
#543 = CARTESIAN_POINT ( 'NONE',  ( 5.750000000000000000, 2.950000000000000178, 0.000000000000000000 ) ) ;
#544 = PRESENTATION_STYLE_ASSIGNMENT (( #12 ) ) ;
#545 = DIRECTION ( 'NONE',  ( 0.000000000000000000, 0.000000000000000000, 1.000000000000000000 ) ) ;
#546 = ORIENTED_EDGE ( 'NONE', *, *, #318, .F. ) ;
#547 = EDGE_CURVE ( 'NONE', #745, #1487, #1427, .T. ) ;
#548 = ORIENTED_EDGE ( 'NONE', *, *, #698, .T. ) ;
#549 = SURFACE_SIDE_STYLE ('',( #1236 ) ) ;
#550 = SURFACE_STYLE_USAGE ( .BOTH. , #917 ) ;
#551 = EDGE_CURVE ( 'NONE', #322, #56, #1590, .T. ) ;
#552 = DIRECTION ( 'NONE',  ( 0.000000000000000000, 0.000000000000000000, 1.000000000000000000 ) ) ;
#553 = PRESENTATION_STYLE_ASSIGNMENT (( #1281 ) ) ;
#554 = ORIENTED_EDGE ( 'NONE', *, *, #72, .T. ) ;
#555 = FACE_OUTER_BOUND ( 'NONE', #409, .T. ) ;
#556 = FACE_OUTER_BOUND ( 'NONE', #1225, .T. ) ;
#557 =( NAMED_UNIT ( * ) SI_UNIT ( $, .STERADIAN. ) SOLID_ANGLE_UNIT ( ) );
#558 = STYLED_ITEM ( 'NONE', ( #1251 ), #1032 ) ;
#559 = AXIS2_PLACEMENT_3D ( 'NONE', #1354, #767, #1332 ) ;
#560 = AXIS2_PLACEMENT_3D ( 'NONE', #661, #1255, #962 ) ;
#561 = CARTESIAN_POINT ( 'NONE',  ( -4.559090998430485264, 2.550000000000000266, 2.550000000000000266 ) ) ;
#563 = EDGE_CURVE ( 'NONE', #1615, #1191, #1293, .T. ) ;
#562 = CARTESIAN_POINT ( 'NONE',  ( -4.559090998430485264, 2.550000000000000266, 0.000000000000000000 ) ) ;
#564 = CIRCLE ( 'NONE', #844, 0.2874999999999995337 ) ;
#565 = ORIENTED_EDGE ( 'NONE', *, *, #879, .F. ) ;
#566 = LINE ( 'NONE', #1699, #175 ) ;
#567 = MECHANICAL_DESIGN_GEOMETRIC_PRESENTATION_REPRESENTATION (  '', ( #1662 ), #1361 ) ;
#568 = DIRECTION ( 'NONE',  ( -1.000000000000000000, -0.000000000000000000, -0.000000000000000000 ) ) ;
#569 = PRODUCT_DEFINITION_SHAPE ( 'NONE', 'NONE',  #1405 ) ;
#570 = DIRECTION ( 'NONE',  ( 0.000000000000000000, 0.000000000000000000, 1.000000000000000000 ) ) ;
#571 = DIRECTION ( 'NONE',  ( -0.1736481776669299981, 0.000000000000000000, 0.9848077530122081313 ) ) ;
#572 = ADVANCED_FACE ( 'NONE', ( #48 ), #1697, .T. ) ;
#573 = DIRECTION ( 'NONE',  ( 1.112002228190260952E-16, -1.000000000000000000, 0.000000000000000000 ) ) ;
#574 = DIRECTION ( 'NONE',  ( -1.000000000000000000, -0.000000000000000000, -0.000000000000000000 ) ) ;
#575 = SURFACE_STYLE_FILL_AREA ( #46 ) ;
#576 = DIRECTION ( 'NONE',  ( 0.000000000000000000, 0.000000000000000000, 1.000000000000000000 ) ) ;
#577 = DIRECTION ( 'NONE',  ( 0.000000000000000000, 0.000000000000000000, 1.000000000000000000 ) ) ;
#578 = ORIENTED_EDGE ( 'NONE', *, *, #616, .T. ) ;
#579 = CARTESIAN_POINT ( 'NONE',  ( 4.750000000000000000, 2.550000000000000266, 0.4000000000000002442 ) ) ;
#580 = CARTESIAN_POINT ( 'NONE',  ( -5.750000000000000000, 2.550000000000000711, -2.550000000000000266 ) ) ;
#581 = DIRECTION ( 'NONE',  ( 0.000000000000000000, 0.000000000000000000, 1.000000000000000000 ) ) ;
#582 = AXIS2_PLACEMENT_3D ( 'NONE', #1715, #1725, #458 ) ;
#583 = CLOSED_SHELL ( 'NONE', ( #140, #159, #1378, #1553, #699, #275, #656, #13 ) ) ;
#584 = SURFACE_STYLE_USAGE ( .BOTH. , #719 ) ;
#585 = AXIS2_PLACEMENT_3D ( 'NONE', #1140, #456, #1555 ) ;
#586 = AXIS2_PLACEMENT_3D ( 'NONE', #516, #927, #657 ) ;
#587 = DIRECTION ( 'NONE',  ( 1.112002228190260952E-16, 1.000000000000000000, -0.000000000000000000 ) ) ;
#588 = DIRECTION ( 'NONE',  ( 0.000000000000000000, 0.000000000000000000, 1.000000000000000000 ) ) ;
#589 = AXIS2_PLACEMENT_3D ( 'NONE', #1524, #145, #519 ) ;
#590 =( GEOMETRIC_REPRESENTATION_CONTEXT ( 3 ) GLOBAL_UNCERTAINTY_ASSIGNED_CONTEXT ( ( #168 ) ) GLOBAL_UNIT_ASSIGNED_CONTEXT ( ( #54, #856, #210 ) ) REPRESENTATION_CONTEXT ( 'NONE', 'WORKASPACE' ) );
#591 = AXIS2_PLACEMENT_3D ( 'NONE', #205, #1612, #737 ) ;
#592 = DIRECTION ( 'NONE',  ( -1.000000000000000000, -0.000000000000000000, -0.000000000000000000 ) ) ;
#593 = VECTOR ( 'NONE', #58, 1000.000000000000000 ) ;
#594 = FACE_OUTER_BOUND ( 'NONE', #1451, .T. ) ;
#595 = AXIS2_PLACEMENT_3D ( 'NONE', #543, #134, #373 ) ;
#596 = EDGE_LOOP ( 'NONE', ( #252, #136, #882, #1330 ) ) ;
#597 = CARTESIAN_POINT ( 'NONE',  ( 8.150000000000000355, 1.749999999999999778, 0.000000000000000000 ) ) ;
#598 =( NAMED_UNIT ( * ) PLANE_ANGLE_UNIT ( ) SI_UNIT ( $, .RADIAN. ) );
#599 = ORIENTED_EDGE ( 'NONE', *, *, #1569, .F. ) ;
#600 = DIRECTION ( 'NONE',  ( 0.000000000000000000, 0.000000000000000000, 1.000000000000000000 ) ) ;
#601 = EDGE_CURVE ( 'NONE', #1615, #540, #1229, .T. ) ;
#602 = ORIENTED_EDGE ( 'NONE', *, *, #491, .T. ) ;
#603 = SURFACE_STYLE_FILL_AREA ( #186 ) ;
#604 = DIRECTION ( 'NONE',  ( 1.112002228190260952E-16, -1.000000000000000000, 0.000000000000000000 ) ) ;
#605 = PRESENTATION_STYLE_ASSIGNMENT (( #483 ) ) ;
#606 = UNCERTAINTY_MEASURE_WITH_UNIT (LENGTH_MEASURE( 1.000000000000000082E-05 ), #161, 'distance_accuracy_value', 'NONE');
#607 = SURFACE_STYLE_USAGE ( .BOTH. , #1464 ) ;
#608 = SURFACE_STYLE_USAGE ( .BOTH. , #1305 ) ;
#609 = SURFACE_STYLE_FILL_AREA ( #1306 ) ;
#610 = ORIENTED_EDGE ( 'NONE', *, *, #59, .T. ) ;
#611 = FACE_OUTER_BOUND ( 'NONE', #1022, .T. ) ;
#612 = PRESENTATION_LAYER_ASSIGNMENT (  '', '', ( #1413 ) ) ;
#613 = ORIENTED_EDGE ( 'NONE', *, *, #1637, .F. ) ;
#614 = AXIS2_PLACEMENT_3D ( 'NONE', #1211, #1610, #764 ) ;
#615 =( GEOMETRIC_REPRESENTATION_CONTEXT ( 3 ) GLOBAL_UNCERTAINTY_ASSIGNED_CONTEXT ( ( #244 ) ) GLOBAL_UNIT_ASSIGNED_CONTEXT ( ( #1209, #1516, #1231 ) ) REPRESENTATION_CONTEXT ( 'NONE', 'WORKASPACE' ) );
#616 = EDGE_CURVE ( 'NONE', #1577, #39, #448, .T. ) ;
#617 = SURFACE_STYLE_USAGE ( .BOTH. , #735 ) ;
#618 = STYLED_ITEM ( 'NONE', ( #1053 ), #958 ) ;
#619 = TOROIDAL_SURFACE ( 'NONE', #1503, 2.072499999999999787, 0.2875000000000005884 ) ;
#620 = CIRCLE ( 'NONE', #1353, 0.2874999999999995337 ) ;
#621 = CARTESIAN_POINT ( 'NONE',  ( 4.750000000000000000, 2.550000000000000266, -0.4000000000000002442 ) ) ;
#622 = CIRCLE ( 'NONE', #455, 1.998089524533026129 ) ;
#623 = EDGE_LOOP ( 'NONE', ( #1250, #578, #907, #398, #610 ) ) ;
#624 = PLANE ( 'NONE',  #1681 ) ;
#625 = DIRECTION ( 'NONE',  ( -1.000000000000000000, -0.000000000000000000, -0.000000000000000000 ) ) ;
#626 = EDGE_LOOP ( 'NONE', ( #1744, #524 ) ) ;
#627 = FILL_AREA_STYLE ('',( #97 ) ) ;
#628 = DIRECTION ( 'NONE',  ( 0.000000000000000000, 0.000000000000000000, 1.000000000000000000 ) ) ;
#629 = VERTEX_POINT ( 'NONE', #488 ) ;
#630 = CARTESIAN_POINT ( 'NONE',  ( -5.750000000000000000, 2.550000000000000266, 0.4000000000000001887 ) ) ;
#631 = LINE ( 'NONE', #354, #1397 ) ;
#632 = DIRECTION ( 'NONE',  ( 0.000000000000000000, 0.000000000000000000, 1.000000000000000000 ) ) ;
#633 = ADVANCED_FACE ( 'NONE', ( #1779 ), #351, .T. ) ;
#634 =( LENGTH_UNIT ( ) NAMED_UNIT ( * ) SI_UNIT ( .MILLI., .METRE. ) );
#635 = DIRECTION ( 'NONE',  ( -1.000000000000000000, -0.000000000000000000, -0.000000000000000000 ) ) ;
#636 = CIRCLE ( 'NONE', #86, 0.4000000000000002442 ) ;
#637 = DIRECTION ( 'NONE',  ( 0.000000000000000000, 0.000000000000000000, 1.000000000000000000 ) ) ;
#638 = UNCERTAINTY_MEASURE_WITH_UNIT (LENGTH_MEASURE( 1.000000000000000082E-05 ), #1377, 'distance_accuracy_value', 'NONE');
#639 = DIRECTION ( 'NONE',  ( 0.000000000000000000, 0.000000000000000000, 1.000000000000000000 ) ) ;
#640 = FILL_AREA_STYLE ('',( #1339 ) ) ;
#641 = CIRCLE ( 'NONE', #835, 2.550000000000000266 ) ;
#642 = MECHANICAL_DESIGN_GEOMETRIC_PRESENTATION_REPRESENTATION (  '', ( #1439 ), #1262 ) ;
#643 = VERTEX_POINT ( 'NONE', #630 ) ;
#644 = AXIS2_PLACEMENT_3D ( 'NONE', #1157, #1731, #1005 ) ;
#645 = VECTOR ( 'NONE', #1602, 1000.000000000000000 ) ;
#646 = DIRECTION ( 'NONE',  ( 1.000000000000000000, 0.000000000000000000, 0.000000000000000000 ) ) ;
#647 = PRESENTATION_LAYER_ASSIGNMENT (  '', '', ( #1684 ) ) ;
#648 = CARTESIAN_POINT ( 'NONE',  ( 7.350000000000000533, 2.550000000000000266, -0.4000000000000002442 ) ) ;
#649 = MECHANICAL_DESIGN_GEOMETRIC_PRESENTATION_REPRESENTATION (  '', ( #153 ), #1626 ) ;
#650 = VECTOR ( 'NONE', #1521, 999.9999999999998863 ) ;
#651 =( NAMED_UNIT ( * ) SI_UNIT ( $, .STERADIAN. ) SOLID_ANGLE_UNIT ( ) );
#652 = ORIENTED_EDGE ( 'NONE', *, *, #1309, .F. ) ;
#653 = DIRECTION ( 'NONE',  ( 0.000000000000000000, 0.000000000000000000, 1.000000000000000000 ) ) ;
#654 = PLANE ( 'NONE',  #979 ) ;
#655 =( NAMED_UNIT ( * ) SI_UNIT ( $, .STERADIAN. ) SOLID_ANGLE_UNIT ( ) );
#656 = ADVANCED_FACE ( 'NONE', ( #611 ), #1483, .T. ) ;
#657 = DIRECTION ( 'NONE',  ( 0.000000000000000000, 0.000000000000000000, 1.000000000000000000 ) ) ;
#658 = DIRECTION ( 'NONE',  ( 0.000000000000000000, 0.000000000000000000, 1.000000000000000000 ) ) ;
#659 =( LENGTH_UNIT ( ) NAMED_UNIT ( * ) SI_UNIT ( .MILLI., .METRE. ) );
#660 = ORIENTED_EDGE ( 'NONE', *, *, #739, .F. ) ;
#661 = CARTESIAN_POINT ( 'NONE',  ( 5.745632228991010670, 2.550000000000000266, 0.000000000000000000 ) ) ;
#662 = DIRECTION ( 'NONE',  ( -0.000000000000000000, 1.000000000000000000, 1.224646799147353207E-16 ) ) ;
#663 = ORIENTED_EDGE ( 'NONE', *, *, #685, .F. ) ;
#664 = UNCERTAINTY_MEASURE_WITH_UNIT (LENGTH_MEASURE( 1.000000000000000082E-05 ), #634, 'distance_accuracy_value', 'NONE');
#665 = ORIENTED_EDGE ( 'NONE', *, *, #616, .F. ) ;
#666 = CARTESIAN_POINT ( 'NONE',  ( -4.559090998430485264, 2.550000000000000266, 0.000000000000000000 ) ) ;
#667 = DIRECTION ( 'NONE',  ( 0.000000000000000000, 0.000000000000000000, 1.000000000000000000 ) ) ;
#668 = EDGE_LOOP ( 'NONE', ( #965, #1278, #1381, #1228 ) ) ;
#669 = FILL_AREA_STYLE_COLOUR ( '', #1141 ) ;
#670 = DIRECTION ( 'NONE',  ( -1.000000000000000000, -0.000000000000000000, -0.000000000000000000 ) ) ;
#671 = ORIENTED_EDGE ( 'NONE', *, *, #1151, .F. ) ;
#672 = EDGE_LOOP ( 'NONE', ( #1245, #1254, #1335, #1455 ) ) ;
#673 = DIRECTION ( 'NONE',  ( 0.000000000000000000, 0.000000000000000000, 1.000000000000000000 ) ) ;
#674 = PRESENTATION_LAYER_ASSIGNMENT (  '', '', ( #308 ) ) ;
#675 = ORIENTED_EDGE ( 'NONE', *, *, #547, .F. ) ;
#676 = CIRCLE ( 'NONE', #925, 0.2875000000000000333 ) ;
#677 = STYLED_ITEM ( 'NONE', ( #605 ), #181 ) ;
#678 = CIRCLE ( 'NONE', #120, 2.550000000000000266 ) ;
#679 = COLOUR_RGB ( '',0.7529411764705882248, 1.000000000000000000, 1.000000000000000000 ) ;
#680 = ORIENTED_EDGE ( 'NONE', *, *, #292, .T. ) ;
#681 = MECHANICAL_DESIGN_GEOMETRIC_PRESENTATION_REPRESENTATION (  '', ( #1509 ), #156 ) ;
#682 = VECTOR ( 'NONE', #703, 1000.000000000000000 ) ;
#683 = VERTEX_POINT ( 'NONE', #227 ) ;
#684 = DIRECTION ( 'NONE',  ( -1.000000000000000000, 0.000000000000000000, 0.000000000000000000 ) ) ;
#685 = EDGE_CURVE ( 'NONE', #1751, #1582, #31, .T. ) ;
#686 = SURFACE_STYLE_USAGE ( .BOTH. , #859 ) ;
#687 = EDGE_CURVE ( 'NONE', #964, #1083, #471, .T. ) ;
#688 = EDGE_LOOP ( 'NONE', ( #1586, #938, #149, #728 ) ) ;
#689 = DIRECTION ( 'NONE',  ( -1.000000000000000000, -0.000000000000000000, -0.000000000000000000 ) ) ;
#690 = ORIENTED_EDGE ( 'NONE', *, *, #292, .F. ) ;
#691 = CARTESIAN_POINT ( 'NONE',  ( -5.750000000000000000, 2.550000000000000266, 0.000000000000000000 ) ) ;
#692 = DIRECTION ( 'NONE',  ( -1.000000000000000000, -0.000000000000000000, -0.000000000000000000 ) ) ;
#693 = CIRCLE ( 'NONE', #1164, 2.550000000000000266 ) ;
#694 = CIRCLE ( 'NONE', #1006, 0.2875000000000006439 ) ;
#695 = CIRCLE ( 'NONE', #1740, 0.4000000000000002442 ) ;
#696 =( GEOMETRIC_REPRESENTATION_CONTEXT ( 3 ) GLOBAL_UNCERTAINTY_ASSIGNED_CONTEXT ( ( #801 ) ) GLOBAL_UNIT_ASSIGNED_CONTEXT ( ( #762, #1326, #1618 ) ) REPRESENTATION_CONTEXT ( 'NONE', 'WORKASPACE' ) );
#697 = CIRCLE ( 'NONE', #1443, 0.2874999999999997558 ) ;
#698 = EDGE_CURVE ( 'NONE', #745, #47, #1739, .T. ) ;
#699 = ADVANCED_FACE ( 'NONE', ( #1024 ), #118, .T. ) ;
#700 = VERTEX_POINT ( 'NONE', #1329 ) ;
#701 = STYLED_ITEM ( 'NONE', ( #303 ), #1090 ) ;
#702 = CARTESIAN_POINT ( 'NONE',  ( 7.350000000000000533, 2.550000000000000266, 0.000000000000000000 ) ) ;
#703 = DIRECTION ( 'NONE',  ( -1.112002228190260952E-16, -1.000000000000000000, 0.000000000000000000 ) ) ;
#704 = VECTOR ( 'NONE', #191, 1000.000000000000000 ) ;
#705 = LINE ( 'NONE', #579, #35 ) ;
#706 = DIRECTION ( 'NONE',  ( 0.000000000000000000, 0.000000000000000000, 1.000000000000000000 ) ) ;
#707 = CARTESIAN_POINT ( 'NONE',  ( 5.134090998430485442, 2.550000000000000711, -2.262500000000000622 ) ) ;
#708 = CARTESIAN_POINT ( 'NONE',  ( -5.134090998430485442, 2.550000000000000711, -2.550000000000000266 ) ) ;
#709 = VERTEX_POINT ( 'NONE', #521 ) ;
#710 = DIRECTION ( 'NONE',  ( -1.000000000000000000, -0.000000000000000000, -0.000000000000000000 ) ) ;
#711 =( NAMED_UNIT ( * ) PLANE_ANGLE_UNIT ( ) SI_UNIT ( $, .RADIAN. ) );
#712 = SURFACE_STYLE_FILL_AREA ( #1420 ) ;
#713 = ORIENTED_EDGE ( 'NONE', *, *, #1213, .F. ) ;
#714 = SURFACE_STYLE_USAGE ( .BOTH. , #183 ) ;
#715 = EDGE_CURVE ( 'NONE', #107, #413, #1264, .T. ) ;
#716 = LINE ( 'NONE', #580, #704 ) ;
#717 = FILL_AREA_STYLE ('',( #1147 ) ) ;
#718 = FACE_OUTER_BOUND ( 'NONE', #248, .T. ) ;
#719 = SURFACE_SIDE_STYLE ('',( #603 ) ) ;
#720 = DIRECTION ( 'NONE',  ( -1.000000000000000000, -0.000000000000000000, -0.000000000000000000 ) ) ;
#721 = FILL_AREA_STYLE_COLOUR ( '', #96 ) ;
#722 = ORIENTED_EDGE ( 'NONE', *, *, #1670, .F. ) ;
#723 = DIRECTION ( 'NONE',  ( -1.000000000000000000, -0.000000000000000000, -0.000000000000000000 ) ) ;
#724 = AXIS2_PLACEMENT_3D ( 'NONE', #451, #196, #319 ) ;
#725 =( NAMED_UNIT ( * ) SI_UNIT ( $, .STERADIAN. ) SOLID_ANGLE_UNIT ( ) );
#726 = AXIS2_PLACEMENT_3D ( 'NONE', #78, #1566, #325 ) ;
#727 = CLOSED_SHELL ( 'NONE', ( #1003, #1032, #1518, #1256, #327, #958, #1474, #633, #283, #15, #1755, #181, #932, #1749, #83, #247, #1727, #991, #736, #572, #379, #1308, #822, #1148, #426, #437, #1389, #1090, #32, #348, #841, #1576 ) ) ;
#728 = ORIENTED_EDGE ( 'NONE', *, *, #780, .T. ) ;
#729 =( NAMED_UNIT ( * ) SI_UNIT ( $, .STERADIAN. ) SOLID_ANGLE_UNIT ( ) );
#730 =( GEOMETRIC_REPRESENTATION_CONTEXT ( 3 ) GLOBAL_UNCERTAINTY_ASSIGNED_CONTEXT ( ( #1338 ) ) GLOBAL_UNIT_ASSIGNED_CONTEXT ( ( #525, #1506, #1488 ) ) REPRESENTATION_CONTEXT ( 'NONE', 'WORKASPACE' ) );
#731 = DIRECTION ( 'NONE',  ( 0.1736481776669299981, 0.000000000000000000, -0.9848077530122081313 ) ) ;
#732 = PRESENTATION_LAYER_ASSIGNMENT (  '', '', ( #618 ) ) ;
#733 = EDGE_LOOP ( 'NONE', ( #1034, #520, #1747, #599 ) ) ;
#734 = UNCERTAINTY_MEASURE_WITH_UNIT (LENGTH_MEASURE( 1.000000000000000082E-05 ), #877, 'distance_accuracy_value', 'NONE');
#735 = SURFACE_SIDE_STYLE ('',( #1457 ) ) ;
#736 = ADVANCED_FACE ( 'NONE', ( #1640 ), #535, .T. ) ;
#737 = DIRECTION ( 'NONE',  ( 0.000000000000000000, 0.000000000000000000, 1.000000000000000000 ) ) ;
#738 =( GEOMETRIC_REPRESENTATION_CONTEXT ( 3 ) GLOBAL_UNCERTAINTY_ASSIGNED_CONTEXT ( ( #1215 ) ) GLOBAL_UNIT_ASSIGNED_CONTEXT ( ( #465, #1162, #1036 ) ) REPRESENTATION_CONTEXT ( 'NONE', 'WORKASPACE' ) );
#739 = EDGE_CURVE ( 'NONE', #629, #1487, #231, .T. ) ;
#740 = SURFACE_SIDE_STYLE ('',( #1152 ) ) ;
#741 = ORIENTED_EDGE ( 'NONE', *, *, #396, .T. ) ;
#742 = PLANE ( 'NONE',  #842 ) ;
#743 = FILL_AREA_STYLE_COLOUR ( '', #952 ) ;
#744 = EDGE_CURVE ( 'NONE', #144, #858, #418, .T. ) ;
#745 = VERTEX_POINT ( 'NONE', #799 ) ;
#746 = SURFACE_STYLE_FILL_AREA ( #219 ) ;
#747 = DIRECTION ( 'NONE',  ( -1.000000000000000000, 0.000000000000000000, 0.000000000000000000 ) ) ;
#748 = PRESENTATION_STYLE_ASSIGNMENT (( #220 ) ) ;
#749 = EDGE_LOOP ( 'NONE', ( #665, #763, #1625, #185, #565 ) ) ;
#750 = UNCERTAINTY_MEASURE_WITH_UNIT (LENGTH_MEASURE( 1.000000000000000082E-05 ), #195, 'distance_accuracy_value', 'NONE');
#751 = CARTESIAN_POINT ( 'NONE',  ( 4.750000000000000000, 2.550000000000000266, 0.000000000000000000 ) ) ;
#752 = DIRECTION ( 'NONE',  ( -1.000000000000000000, -0.000000000000000000, -0.000000000000000000 ) ) ;
#753 = ORIENTED_EDGE ( 'NONE', *, *, #396, .F. ) ;
#754 = CARTESIAN_POINT ( 'NONE',  ( 3.912896848132775052, 2.550000000000000266, 0.000000000000000000 ) ) ;
#755 = EDGE_CURVE ( 'NONE', #709, #1376, #309, .T. ) ;
#756 = ORIENTED_EDGE ( 'NONE', *, *, #1363, .T. ) ;
#757 = VECTOR ( 'NONE', #1252, 999.9999999999998863 ) ;
#758 = VECTOR ( 'NONE', #294, 1000.000000000000000 ) ;
#759 = CARTESIAN_POINT ( 'NONE',  ( 5.134090998430485442, 2.550000000000000266, 0.000000000000000000 ) ) ;
#760 = VECTOR ( 'NONE', #989, 1000.000000000000000 ) ;
#761 = PRESENTATION_LAYER_ASSIGNMENT (  '', '', ( #1661 ) ) ;
#762 =( LENGTH_UNIT ( ) NAMED_UNIT ( * ) SI_UNIT ( .MILLI., .METRE. ) );
#763 = ORIENTED_EDGE ( 'NONE', *, *, #828, .T. ) ;
#764 = DIRECTION ( 'NONE',  ( 0.000000000000000000, 0.000000000000000000, 1.000000000000000000 ) ) ;
#765 = VERTEX_POINT ( 'NONE', #131 ) ;
#766 = UNCERTAINTY_MEASURE_WITH_UNIT (LENGTH_MEASURE( 1.000000000000000082E-05 ), #1638, 'distance_accuracy_value', 'NONE');
#767 = DIRECTION ( 'NONE',  ( 0.000000000000000000, 0.000000000000000000, 1.000000000000000000 ) ) ;
#768 = EDGE_CURVE ( 'NONE', #1781, #1751, #694, .T. ) ;
#769 = DIRECTION ( 'NONE',  ( -1.000000000000000000, -0.000000000000000000, -0.000000000000000000 ) ) ;
#770 = CARTESIAN_POINT ( 'NONE',  ( 4.281387323372376486, 2.550000000000000266, 0.000000000000000000 ) ) ;
#771 = DIRECTION ( 'NONE',  ( -1.000000000000000000, 0.000000000000000000, 0.000000000000000000 ) ) ;
#772 =( LENGTH_UNIT ( ) NAMED_UNIT ( * ) SI_UNIT ( .MILLI., .METRE. ) );
#773 = ORIENTED_EDGE ( 'NONE', *, *, #50, .T. ) ;
#774 = LINE ( 'NONE', #1232, #650 ) ;
#775 = ORIENTED_EDGE ( 'NONE', *, *, #510, .F. ) ;
#776 = DIRECTION ( 'NONE',  ( -1.000000000000000000, -0.000000000000000000, -0.000000000000000000 ) ) ;
#777 = CARTESIAN_POINT ( 'NONE',  ( 3.912896848132775052, 2.550000000000000266, 1.785000000000000142 ) ) ;
#778 = SURFACE_SIDE_STYLE ('',( #1021 ) ) ;
#779 = DIRECTION ( 'NONE',  ( -1.000000000000000000, -0.000000000000000000, -0.000000000000000000 ) ) ;
#780 = EDGE_CURVE ( 'NONE', #534, #1191, #951, .T. ) ;
#781 = ORIENTED_EDGE ( 'NONE', *, *, #511, .T. ) ;
#782 = AXIS2_PLACEMENT_3D ( 'NONE', #1473, #1042, #370 ) ;
#783 = FACE_OUTER_BOUND ( 'NONE', #1260, .T. ) ;
#784 = CARTESIAN_POINT ( 'NONE',  ( 7.750000000000000888, 1.749999999999999778, 0.000000000000000000 ) ) ;
#785 = CARTESIAN_POINT ( 'NONE',  ( -5.134090998430485442, 2.550000000000000266, 2.550000000000000266 ) ) ;
#786 = CIRCLE ( 'NONE', #1350, 0.4000000000000002442 ) ;
#787 = SURFACE_STYLE_USAGE ( .BOTH. , #915 ) ;
#788 = FILL_AREA_STYLE ('',( #1513 ) ) ;
#789 = AXIS2_PLACEMENT_3D ( 'NONE', #460, #568, #306 ) ;
#790 = AXIS2_PLACEMENT_3D ( 'NONE', #380, #776, #518 ) ;
#791 = AXIS2_PLACEMENT_3D ( 'NONE', #385, #795, #577 ) ;
#792 = EDGE_CURVE ( 'NONE', #911, #407, #641, .T. ) ;
#793 = EDGE_LOOP ( 'NONE', ( #33, #1008, #602, #1786, #671 ) ) ;
#794 = DIRECTION ( 'NONE',  ( 0.000000000000000000, 0.000000000000000000, 1.000000000000000000 ) ) ;
#795 = DIRECTION ( 'NONE',  ( -1.000000000000000000, -0.000000000000000000, -0.000000000000000000 ) ) ;
#796 = DIRECTION ( 'NONE',  ( 0.000000000000000000, -1.000000000000000000, 0.000000000000000000 ) ) ;
#797 = DIRECTION ( 'NONE',  ( 0.000000000000000000, -1.000000000000000000, 0.000000000000000000 ) ) ;
#798 = ORIENTED_EDGE ( 'NONE', *, *, #1177, .T. ) ;
#799 = CARTESIAN_POINT ( 'NONE',  ( -5.745632228991009782, 2.550000000000000266, -0.4499238510792438195 ) ) ;
#800 = EDGE_CURVE ( 'NONE', #1002, #1013, #1414, .T. ) ;
#801 = UNCERTAINTY_MEASURE_WITH_UNIT (LENGTH_MEASURE( 1.000000000000000082E-05 ), #762, 'distance_accuracy_value', 'NONE');
#802 = CARTESIAN_POINT ( 'NONE',  ( -3.912896848132776384, 2.550000000000000266, 1.784999999999999254 ) ) ;
#803 = DIRECTION ( 'NONE',  ( 1.000000000000000000, 0.000000000000000000, 0.000000000000000000 ) ) ;
#804 = CARTESIAN_POINT ( 'NONE',  ( -5.750000000000000000, 2.550000000000000266, -0.4000000000000002442 ) ) ;
#805 = EDGE_LOOP ( 'NONE', ( #1099, #756, #1512, #1611, #1366 ) ) ;
#806 = EDGE_CURVE ( 'NONE', #407, #911, #1045, .T. ) ;
#807 = CARTESIAN_POINT ( 'NONE',  ( 3.912896848132775052, 2.550000000000000711, -2.072499999999999787 ) ) ;
#808 = DIRECTION ( 'NONE',  ( 0.000000000000000000, 0.000000000000000000, -1.000000000000000000 ) ) ;
#809 = EDGE_CURVE ( 'NONE', #745, #102, #676, .T. ) ;
#810 = CARTESIAN_POINT ( 'NONE',  ( -4.281387323372376486, 2.550000000000000266, 2.336910475466974280 ) ) ;
#811 = ORIENTED_EDGE ( 'NONE', *, *, #157, .F. ) ;
#812 = AXIS2_PLACEMENT_3D ( 'NONE', #447, #1581, #208 ) ;
#813 = STYLED_ITEM ( 'NONE', ( #1676 ), #83 ) ;
#814 =( LENGTH_UNIT ( ) NAMED_UNIT ( * ) SI_UNIT ( .MILLI., .METRE. ) );
#815 = TOROIDAL_SURFACE ( 'NONE', #1391, 0.4000000000000001887, 0.2875000000000000333 ) ;
#816 = AXIS2_PLACEMENT_3D ( 'NONE', #1720, #830, #176 ) ;
#817 = CARTESIAN_POINT ( 'NONE',  ( -4.559090998430485264, 2.550000000000000266, 0.000000000000000000 ) ) ;
#818 = COLOUR_RGB ( '',0.7529411764705882248, 1.000000000000000000, 1.000000000000000000 ) ;
#819 = VECTOR ( 'NONE', #1758, 999.9999999999998863 ) ;
#820 = FILL_AREA_STYLE_COLOUR ( '', #1592 ) ;
#821 = EDGE_CURVE ( 'NONE', #1781, #322, #281, .T. ) ;
#822 = ADVANCED_FACE ( 'NONE', ( #1100 ), #391, .F. ) ;
#823 = PRESENTATION_STYLE_ASSIGNMENT (( #1677 ) ) ;
#824 = CARTESIAN_POINT ( 'NONE',  ( -4.559090998430485264, 2.550000000000000266, 0.000000000000000000 ) ) ;
#825 = ORIENTED_EDGE ( 'NONE', *, *, #792, .F. ) ;
#826 = FILL_AREA_STYLE ('',( #1529 ) ) ;
#827 = VERTEX_POINT ( 'NONE', #804 ) ;
#828 = EDGE_CURVE ( 'NONE', #1577, #121, #1345, .T. ) ;
#829 = UNCERTAINTY_MEASURE_WITH_UNIT (LENGTH_MEASURE( 1.000000000000000082E-05 ), #427, 'distance_accuracy_value', 'NONE');
#830 = DIRECTION ( 'NONE',  ( 0.000000000000000000, 0.000000000000000000, 1.000000000000000000 ) ) ;
#831 = SURFACE_STYLE_USAGE ( .BOTH. , #329 ) ;
#832 = DIRECTION ( 'NONE',  ( -1.000000000000000000, -0.000000000000000000, -0.000000000000000000 ) ) ;
#833 = PRESENTATION_LAYER_ASSIGNMENT (  '', '', ( #1343 ) ) ;
#834 =( NAMED_UNIT ( * ) SI_UNIT ( $, .STERADIAN. ) SOLID_ANGLE_UNIT ( ) );
#835 = AXIS2_PLACEMENT_3D ( 'NONE', #817, #1502, #1244 ) ;
#836 = TOROIDAL_SURFACE ( 'NONE', #89, 0.7999999999999999334, 0.4000000000000002442 ) ;
#837 = DIRECTION ( 'NONE',  ( -1.000000000000000000, 0.000000000000000000, 0.000000000000000000 ) ) ;
#838 = CIRCLE ( 'NONE', #1653, 0.2874999999999997558 ) ;
#839 = STYLED_ITEM ( 'NONE', ( #240 ), #327 ) ;
#840 = EDGE_LOOP ( 'NONE', ( #253, #1187, #218, #1613 ) ) ;
#841 = ADVANCED_FACE ( 'NONE', ( #718 ), #199, .T. ) ;
#842 = AXIS2_PLACEMENT_3D ( 'NONE', #486, #1325, #90 ) ;
#843 = CARTESIAN_POINT ( 'NONE',  ( -5.417223227421494869, 2.550000000000000266, 0.000000000000000000 ) ) ;
#844 = AXIS2_PLACEMENT_3D ( 'NONE', #323, #1127, #28 ) ;
#845 = MECHANICAL_DESIGN_GEOMETRIC_PRESENTATION_REPRESENTATION (  '', ( #209 ), #738 ) ;
#846 = SURFACE_STYLE_FILL_AREA ( #172 ) ;
#847 = SURFACE_SIDE_STYLE ('',( #1122 ) ) ;
#848 = ORIENTED_EDGE ( 'NONE', *, *, #190, .T. ) ;
#849 = DIRECTION ( 'NONE',  ( -1.000000000000000000, -0.000000000000000000, -0.000000000000000000 ) ) ;
#850 = CARTESIAN_POINT ( 'NONE',  ( 8.149999999999996803, -29.44999999999999574, 0.000000000000000000 ) ) ;
#851 =( LENGTH_UNIT ( ) NAMED_UNIT ( * ) SI_UNIT ( .MILLI., .METRE. ) );
#852 = ORIENTED_EDGE ( 'NONE', *, *, #685, .T. ) ;
#853 = PRESENTATION_STYLE_ASSIGNMENT (( #584 ) ) ;
#854 = CARTESIAN_POINT ( 'NONE',  ( -5.750000000000000000, 2.550000000000000266, 0.000000000000000000 ) ) ;
#855 = CYLINDRICAL_SURFACE ( 'NONE', #116, 0.4000000000000001887 ) ;
#856 =( NAMED_UNIT ( * ) PLANE_ANGLE_UNIT ( ) SI_UNIT ( $, .RADIAN. ) );
#857 = FILL_AREA_STYLE ('',( #721 ) ) ;
#858 = VERTEX_POINT ( 'NONE', #1418 ) ;
#859 = SURFACE_SIDE_STYLE ('',( #328 ) ) ;
#860 =( GEOMETRIC_REPRESENTATION_CONTEXT ( 3 ) GLOBAL_UNCERTAINTY_ASSIGNED_CONTEXT ( ( #1642 ) ) GLOBAL_UNIT_ASSIGNED_CONTEXT ( ( #1628, #1357, #908 ) ) REPRESENTATION_CONTEXT ( 'NONE', 'WORKASPACE' ) );
#861 = CARTESIAN_POINT ( 'NONE',  ( -7.350000000000000533, 2.550000000000000266, 0.000000000000000000 ) ) ;
#862 = SURFACE_STYLE_FILL_AREA ( #1069 ) ;
#863 = AXIS2_PLACEMENT_3D ( 'NONE', #935, #1404, #138 ) ;
#864 = ORIENTED_EDGE ( 'NONE', *, *, #457, .F. ) ;
#865 = CIRCLE ( 'NONE', #1562, 0.4000000000000002442 ) ;
#866 = FACE_OUTER_BOUND ( 'NONE', #875, .T. ) ;
#867 = CIRCLE ( 'NONE', #152, 1.784999999999999254 ) ;
#868 = EDGE_LOOP ( 'NONE', ( #439, #189, #381, #848, #1463 ) ) ;
#869 = MECHANICAL_DESIGN_GEOMETRIC_PRESENTATION_REPRESENTATION (  '', ( #1684 ), #1622 ) ;
#870 = DIRECTION ( 'NONE',  ( 0.000000000000000000, 0.000000000000000000, 1.000000000000000000 ) ) ;
#871 = STYLED_ITEM ( 'NONE', ( #1352 ), #1727 ) ;
#872 = DIRECTION ( 'NONE',  ( 0.000000000000000000, 0.000000000000000000, 1.000000000000000000 ) ) ;
#873 =( GEOMETRIC_REPRESENTATION_CONTEXT ( 3 ) GLOBAL_UNCERTAINTY_ASSIGNED_CONTEXT ( ( #496 ) ) GLOBAL_UNIT_ASSIGNED_CONTEXT ( ( #1119, #1125, #463 ) ) REPRESENTATION_CONTEXT ( 'NONE', 'WORKASPACE' ) );
#874 = DIRECTION ( 'NONE',  ( 0.000000000000000000, 0.000000000000000000, 1.000000000000000000 ) ) ;
#875 = EDGE_LOOP ( 'NONE', ( #1505, #390, #1328, #811 ) ) ;
#876 =( LENGTH_UNIT ( ) NAMED_UNIT ( * ) SI_UNIT ( .MILLI., .METRE. ) );
#877 =( LENGTH_UNIT ( ) NAMED_UNIT ( * ) SI_UNIT ( .MILLI., .METRE. ) );
#878 = DIRECTION ( 'NONE',  ( -1.000000000000000000, -0.000000000000000000, -0.000000000000000000 ) ) ;
#879 = EDGE_CURVE ( 'NONE', #39, #1107, #1619, .T. ) ;
#880 = DIRECTION ( 'NONE',  ( -1.000000000000000000, -0.000000000000000000, -0.000000000000000000 ) ) ;
#881 = DIRECTION ( 'NONE',  ( 0.000000000000000000, 0.000000000000000000, 1.000000000000000000 ) ) ;
#882 = ORIENTED_EDGE ( 'NONE', *, *, #1700, .T. ) ;
#883 = DIRECTION ( 'NONE',  ( -1.000000000000000000, -0.000000000000000000, -0.000000000000000000 ) ) ;
#884 =( NAMED_UNIT ( * ) PLANE_ANGLE_UNIT ( ) SI_UNIT ( $, .RADIAN. ) );
#885 = FILL_AREA_STYLE_COLOUR ( '', #363 ) ;
#886 = FILL_AREA_STYLE_COLOUR ( '', #1683 ) ;
#887 = ORIENTED_EDGE ( 'NONE', *, *, #318, .T. ) ;
#888 = DIRECTION ( 'NONE',  ( 0.000000000000000000, 0.000000000000000000, 1.000000000000000000 ) ) ;
#889 = CARTESIAN_POINT ( 'NONE',  ( -3.912896848132776384, 2.550000000000000266, 0.000000000000000000 ) ) ;
#890 = MECHANICAL_DESIGN_GEOMETRIC_PRESENTATION_REPRESENTATION (  '', ( #1343 ), #362 ) ;
#891 = DIRECTION ( 'NONE',  ( -1.000000000000000000, -0.000000000000000000, -0.000000000000000000 ) ) ;
#892 = ADVANCED_FACE ( 'NONE', ( #990 ), #65, .T. ) ;
#893 = ORIENTED_EDGE ( 'NONE', *, *, #511, .F. ) ;
#894 = AXIS2_PLACEMENT_3D ( 'NONE', #889, #625, #508 ) ;
#895 = TOROIDAL_SURFACE ( 'NONE', #586, 2.262500000000000622, 0.2874999999999995337 ) ;
#896 = CARTESIAN_POINT ( 'NONE',  ( -8.150000000000000355, 1.749999999999999778, 0.000000000000000000 ) ) ;
#897 = PRESENTATION_LAYER_ASSIGNMENT (  '', '', ( #1235 ) ) ;
#898 = STYLED_ITEM ( 'NONE', ( #1064 ), #426 ) ;
#899 = DIRECTION ( 'NONE',  ( 1.000000000000000000, 0.000000000000000000, 0.000000000000000000 ) ) ;
#900 = MANIFOLD_SOLID_BREP ( 'Mirror1', #583 ) ;
#901 = TOROIDAL_SURFACE ( 'NONE', #70, 2.072499999999999787, 0.2874999999999997002 ) ;
#902 = EDGE_LOOP ( 'NONE', ( #17, #1149, #660, #613 ) ) ;
#903 = DIRECTION ( 'NONE',  ( 0.000000000000000000, 0.000000000000000000, 1.000000000000000000 ) ) ;
#904 = DIRECTION ( 'NONE',  ( -1.000000000000000000, -0.000000000000000000, -0.000000000000000000 ) ) ;
#905 = DIRECTION ( 'NONE',  ( 0.1736481776669299981, 1.206041662501897868E-16, 0.9848077530122081313 ) ) ;
#906 = CARTESIAN_POINT ( 'NONE',  ( 5.134090998430485442, 2.550000000000000266, 2.550000000000000266 ) ) ;
#907 = ORIENTED_EDGE ( 'NONE', *, *, #1568, .F. ) ;
#908 =( NAMED_UNIT ( * ) SI_UNIT ( $, .STERADIAN. ) SOLID_ANGLE_UNIT ( ) );
#909 = FILL_AREA_STYLE_COLOUR ( '', #1565 ) ;
#910 = SURFACE_STYLE_USAGE ( .BOTH. , #1336 ) ;
#911 = VERTEX_POINT ( 'NONE', #1271 ) ;
#912 = CARTESIAN_POINT ( 'NONE',  ( -3.912896848132775052, 2.550000000000000266, 0.000000000000000000 ) ) ;
#913 =( NAMED_UNIT ( * ) PLANE_ANGLE_UNIT ( ) SI_UNIT ( $, .RADIAN. ) );
#914 = FACE_OUTER_BOUND ( 'NONE', #1703, .T. ) ;
#915 = SURFACE_SIDE_STYLE ('',( #1117 ) ) ;
#916 = CYLINDRICAL_SURFACE ( 'NONE', #933, 0.4000000000000002442 ) ;
#917 = SURFACE_SIDE_STYLE ('',( #4 ) ) ;
#918 = PRODUCT_RELATED_PRODUCT_CATEGORY ( 'part', '', ( #1719 ) ) ;
#919 = DIRECTION ( 'NONE',  ( -0.000000000000000000, 1.000000000000000000, 1.224646799147353207E-16 ) ) ;
#920 = ORIENTED_EDGE ( 'NONE', *, *, #972, .F. ) ;
#921 = VECTOR ( 'NONE', #571, 1000.000000000000000 ) ;
#922 = UNCERTAINTY_MEASURE_WITH_UNIT (LENGTH_MEASURE( 1.000000000000000082E-05 ), #542, 'distance_accuracy_value', 'NONE');
#923 = DIRECTION ( 'NONE',  ( 0.000000000000000000, 0.000000000000000000, -1.000000000000000000 ) ) ;
#924 = CARTESIAN_POINT ( 'NONE',  ( -5.134090998430485442, 2.550000000000000266, 2.262500000000000622 ) ) ;
#925 = AXIS2_PLACEMENT_3D ( 'NONE', #406, #662, #1525 ) ;
#926 = ORIENTED_EDGE ( 'NONE', *, *, #374, .F. ) ;
#927 = DIRECTION ( 'NONE',  ( -1.000000000000000000, -0.000000000000000000, -0.000000000000000000 ) ) ;
#928 = AXIS2_PLACEMENT_3D ( 'NONE', #433, #689, #658 ) ;
#929 = DIRECTION ( 'NONE',  ( 0.000000000000000000, 0.000000000000000000, -1.000000000000000000 ) ) ;
#930 = MECHANICAL_DESIGN_GEOMETRIC_PRESENTATION_REPRESENTATION (  '', ( #475 ), #291 ) ;
#931 = EDGE_LOOP ( 'NONE', ( #652, #169, #1103, #675 ) ) ;
#932 = ADVANCED_FACE ( 'NONE', ( #304 ), #1534, .T. ) ;
#933 = AXIS2_PLACEMENT_3D ( 'NONE', #939, #803, #1372 ) ;
#934 = AXIS2_PLACEMENT_3D ( 'NONE', #1076, #497, #808 ) ;
#935 = CARTESIAN_POINT ( 'NONE',  ( 4.281387323372376486, 2.550000000000000266, 0.000000000000000000 ) ) ;
#936 = ORIENTED_EDGE ( 'NONE', *, *, #1569, .T. ) ;
#937 = SURFACE_SIDE_STYLE ('',( #1200 ) ) ;
#938 = ORIENTED_EDGE ( 'NONE', *, *, #1532, .F. ) ;
#939 = CARTESIAN_POINT ( 'NONE',  ( 4.750000000000000000, 2.550000000000000266, 0.000000000000000000 ) ) ;
#940 = ORIENTED_EDGE ( 'NONE', *, *, #1030, .F. ) ;
#941 =( NAMED_UNIT ( * ) SI_UNIT ( $, .STERADIAN. ) SOLID_ANGLE_UNIT ( ) );
#942 = DIRECTION ( 'NONE',  ( -1.000000000000000000, -0.000000000000000000, -0.000000000000000000 ) ) ;
#943 = VERTEX_POINT ( 'NONE', #708 ) ;
#944 = DIRECTION ( 'NONE',  ( -0.000000000000000000, 1.000000000000000000, 1.224646799147353207E-16 ) ) ;
#945 = VERTEX_POINT ( 'NONE', #356 ) ;
#946 = SURFACE_STYLE_FILL_AREA ( #282 ) ;
#948 = ADVANCED_FACE ( 'NONE', ( #467 ), #624, .T. ) ;
#947 = DIRECTION ( 'NONE',  ( 0.000000000000000000, 0.000000000000000000, -1.000000000000000000 ) ) ;
#949 = CARTESIAN_POINT ( 'NONE',  ( -4.190600523190882498, 2.550000000000000266, 0.000000000000000000 ) ) ;
#950 = CARTESIAN_POINT ( 'NONE',  ( 4.190600523190882498, 2.550000000000000266, 0.000000000000000000 ) ) ;
#951 = CIRCLE ( 'NONE', #863, 2.336910475466974280 ) ;
#952 = COLOUR_RGB ( '',0.7529411764705882248, 1.000000000000000000, 1.000000000000000000 ) ;
#953 = AXIS2_PLACEMENT_3D ( 'NONE', #1593, #878, #872 ) ;
#954 = DIRECTION ( 'NONE',  ( 0.000000000000000000, 0.000000000000000000, 1.000000000000000000 ) ) ;
#955 = ORIENTED_EDGE ( 'NONE', *, *, #1221, .T. ) ;
#956 =( NAMED_UNIT ( * ) SI_UNIT ( $, .STERADIAN. ) SOLID_ANGLE_UNIT ( ) );
#957 =( GEOMETRIC_REPRESENTATION_CONTEXT ( 3 ) GLOBAL_UNCERTAINTY_ASSIGNED_CONTEXT ( ( #734 ) ) GLOBAL_UNIT_ASSIGNED_CONTEXT ( ( #877, #215, #1175 ) ) REPRESENTATION_CONTEXT ( 'NONE', 'WORKASPACE' ) );
#958 = ADVANCED_FACE ( 'NONE', ( #1020 ), #38, .T. ) ;
#959 = CARTESIAN_POINT ( 'NONE',  ( -7.350000000000000533, 2.550000000000000266, 0.000000000000000000 ) ) ;
#960 = SURFACE_STYLE_FILL_AREA ( #1693 ) ;
#961 = ORIENTED_EDGE ( 'NONE', *, *, #132, .F. ) ;
#962 = DIRECTION ( 'NONE',  ( 0.000000000000000000, 0.000000000000000000, 1.000000000000000000 ) ) ;
#963 = SURFACE_STYLE_FILL_AREA ( #1423 ) ;
#964 = VERTEX_POINT ( 'NONE', #777 ) ;
#965 = ORIENTED_EDGE ( 'NONE', *, *, #687, .T. ) ;
#966 = CARTESIAN_POINT ( 'NONE',  ( -4.190600523190882498, 2.550000000000000266, 1.998089524533026129 ) ) ;
#967 = SURFACE_STYLE_FILL_AREA ( #826 ) ;
#968 = EDGE_LOOP ( 'NONE', ( #1096, #554 ) ) ;
#969 = DIRECTION ( 'NONE',  ( 0.000000000000000000, 0.000000000000000000, 1.000000000000000000 ) ) ;
#970 = DIRECTION ( 'NONE',  ( -1.000000000000000000, -0.000000000000000000, -0.000000000000000000 ) ) ;
#971 = ADVANCED_FACE ( 'NONE', ( #1342 ), #479, .T. ) ;
#972 = EDGE_CURVE ( 'NONE', #1768, #858, #8, .T. ) ;
#973 = ORIENTED_EDGE ( 'NONE', *, *, #1410, .F. ) ;
#974 = DIRECTION ( 'NONE',  ( 0.2588190451025160765, 1.182917971378671321E-16, 0.9659258262890696445 ) ) ;
#975 = CARTESIAN_POINT ( 'NONE',  ( -8.149999999999996803, -29.44999999999999574, 0.000000000000000000 ) ) ;
#976 = SURFACE_STYLE_USAGE ( .BOTH. , #167 ) ;
#977 = CIRCLE ( 'NONE', #1500, 0.3999999999999993006 ) ;
#978 = FILL_AREA_STYLE_COLOUR ( '', #1112 ) ;
#979 = AXIS2_PLACEMENT_3D ( 'NONE', #141, #1386, #923 ) ;
#980 = DIRECTION ( 'NONE',  ( -1.000000000000000000, -0.000000000000000000, -0.000000000000000000 ) ) ;
#981 = AXIS2_PLACEMENT_3D ( 'NONE', #401, #944, #1520 ) ;
#982 =( GEOMETRIC_REPRESENTATION_CONTEXT ( 3 ) GLOBAL_UNCERTAINTY_ASSIGNED_CONTEXT ( ( #1074 ) ) GLOBAL_UNIT_ASSIGNED_CONTEXT ( ( #347, #99, #241 ) ) REPRESENTATION_CONTEXT ( 'NONE', 'WORKASPACE' ) );
#983 = DIRECTION ( 'NONE',  ( 0.000000000000000000, 0.000000000000000000, -1.000000000000000000 ) ) ;
#984 = AXIS2_PLACEMENT_3D ( 'NONE', #1660, #797, #1393 ) ;
#985 = EDGE_LOOP ( 'NONE', ( #1549, #1542 ) ) ;
#986 = CIRCLE ( 'NONE', #1272, 0.2874999999999995337 ) ;
#987 = DIRECTION ( 'NONE',  ( -1.000000000000000000, 0.000000000000000000, 0.000000000000000000 ) ) ;
#988 =( GEOMETRIC_REPRESENTATION_CONTEXT ( 3 ) GLOBAL_UNCERTAINTY_ASSIGNED_CONTEXT ( ( #1174 ) ) GLOBAL_UNIT_ASSIGNED_CONTEXT ( ( #1446, #598, #1575 ) ) REPRESENTATION_CONTEXT ( 'NONE', 'WORKASPACE' ) );
#989 = DIRECTION ( 'NONE',  ( -0.1736481776669299981, 1.206041662501897868E-16, -0.9848077530122081313 ) ) ;
#990 = FACE_OUTER_BOUND ( 'NONE', #623, .T. ) ;
#991 = ADVANCED_FACE ( 'NONE', ( #1313 ), #262, .T. ) ;
#992 = FILL_AREA_STYLE_COLOUR ( '', #146 ) ;
#993 = CYLINDRICAL_SURFACE ( 'NONE', #364, 2.550000000000000266 ) ;
#994 = VERTEX_POINT ( 'NONE', #1515 ) ;
#995 = SURFACE_STYLE_FILL_AREA ( #627 ) ;
#996 = FACE_OUTER_BOUND ( 'NONE', #162, .T. ) ;
#997 =( NAMED_UNIT ( * ) SI_UNIT ( $, .STERADIAN. ) SOLID_ANGLE_UNIT ( ) );
#998 = FILL_AREA_STYLE_COLOUR ( '', #203 ) ;
#999 = DIRECTION ( 'NONE',  ( 0.000000000000000000, 0.000000000000000000, -1.000000000000000000 ) ) ;
#1000 = CARTESIAN_POINT ( 'NONE',  ( 5.750000000000000000, 2.550000000000000266, -0.4000000000000001887 ) ) ;
#1001 = PRESENTATION_STYLE_ASSIGNMENT (( #63 ) ) ;
#1002 = VERTEX_POINT ( 'NONE', #648 ) ;
#1003 = ADVANCED_FACE ( 'NONE', ( #137 ), #815, .T. ) ;
#1004 = AXIS2_PLACEMENT_3D ( 'NONE', #1765, #95, #771 ) ;
#1005 = DIRECTION ( 'NONE',  ( 1.000000000000000000, 0.000000000000000000, 0.000000000000000000 ) ) ;
#1006 = AXIS2_PLACEMENT_3D ( 'NONE', #1257, #919, #1085 ) ;
#1007 = PRESENTATION_LAYER_ASSIGNMENT (  '', '', ( #813 ) ) ;
#1008 = ORIENTED_EDGE ( 'NONE', *, *, #1283, .T. ) ;
#1009 = COLOUR_RGB ( '',0.7529411764705882248, 1.000000000000000000, 1.000000000000000000 ) ;
#1010 = PRESENTATION_STYLE_ASSIGNMENT (( #330 ) ) ;
#1011 = FACE_OUTER_BOUND ( 'NONE', #672, .T. ) ;
#1012 = AXIS2_PLACEMENT_3D ( 'NONE', #1750, #752, #1029 ) ;
#1013 = VERTEX_POINT ( 'NONE', #1777 ) ;
#1014 = AXIS2_PLACEMENT_3D ( 'NONE', #1347, #119, #1212 ) ;
#1015 = MECHANICAL_DESIGN_GEOMETRIC_PRESENTATION_REPRESENTATION (  '', ( #1206 ), #1203 ) ;
#1016 = DIRECTION ( 'NONE',  ( -1.000000000000000000, -0.000000000000000000, -0.000000000000000000 ) ) ;
#1017 = ADVANCED_FACE ( 'NONE', ( #130 ), #1169, .T. ) ;
#1018 = PRESENTATION_LAYER_ASSIGNMENT (  '', '', ( #871 ) ) ;
#1019 = CARTESIAN_POINT ( 'NONE',  ( -5.750000000000000000, 2.550000000000000266, 0.000000000000000000 ) ) ;
#1020 = FACE_OUTER_BOUND ( 'NONE', #1672, .T. ) ;
#1021 = SURFACE_STYLE_FILL_AREA ( #1189 ) ;
#1022 = EDGE_LOOP ( 'NONE', ( #1636, #864, #1434, #1161 ) ) ;
#1023 = DIRECTION ( 'NONE',  ( 0.000000000000000000, 0.000000000000000000, 1.000000000000000000 ) ) ;
#1024 = FACE_OUTER_BOUND ( 'NONE', #139, .T. ) ;
#1025 =( NAMED_UNIT ( * ) SI_UNIT ( $, .STERADIAN. ) SOLID_ANGLE_UNIT ( ) );
#1026 = ORIENTED_EDGE ( 'NONE', *, *, #768, .T. ) ;
#1027 = SURFACE_STYLE_USAGE ( .BOTH. , #1679 ) ;
#1028 = SURFACE_STYLE_FILL_AREA ( #1296 ) ;
#1029 = DIRECTION ( 'NONE',  ( 0.000000000000000000, 0.000000000000000000, 1.000000000000000000 ) ) ;
#1030 = EDGE_CURVE ( 'NONE', #964, #1615, #838, .T. ) ;
#1031 =( NAMED_UNIT ( * ) SI_UNIT ( $, .STERADIAN. ) SOLID_ANGLE_UNIT ( ) );
#1032 = ADVANCED_FACE ( 'NONE', ( #537 ), #1201, .T. ) ;
#1033 = FILL_AREA_STYLE_COLOUR ( '', #1704 ) ;
#1034 = ORIENTED_EDGE ( 'NONE', *, *, #261, .T. ) ;
#1035 = UNCERTAINTY_MEASURE_WITH_UNIT (LENGTH_MEASURE( 1.000000000000000082E-05 ), #814, 'distance_accuracy_value', 'NONE');
#1036 =( NAMED_UNIT ( * ) SI_UNIT ( $, .STERADIAN. ) SOLID_ANGLE_UNIT ( ) );
#1037 = CARTESIAN_POINT ( 'NONE',  ( 7.350000000000000533, 2.550000000000000266, 0.000000000000000000 ) ) ;
#1038 = ORIENTED_EDGE ( 'NONE', *, *, #828, .F. ) ;
#1039 = SURFACE_STYLE_USAGE ( .BOTH. , #251 ) ;
#1040 = EDGE_CURVE ( 'NONE', #858, #238, #1416, .T. ) ;
#1041 = EDGE_LOOP ( 'NONE', ( #1218, #1300, #377, #1514 ) ) ;
#1042 = DIRECTION ( 'NONE',  ( -1.000000000000000000, -0.000000000000000000, -0.000000000000000000 ) ) ;
#1043 = AXIS2_PLACEMENT_3D ( 'NONE', #178, #710, #576 ) ;
#1044 = CLOSED_SHELL ( 'NONE', ( #892, #371, #1544, #1722, #971, #1017, #948, #1239 ) ) ;
#1045 = CIRCLE ( 'NONE', #1650, 2.550000000000000266 ) ;
#1046 =( GEOMETRIC_REPRESENTATION_CONTEXT ( 3 ) GLOBAL_UNCERTAINTY_ASSIGNED_CONTEXT ( ( #1304 ) ) GLOBAL_UNIT_ASSIGNED_CONTEXT ( ( #62, #711, #1025 ) ) REPRESENTATION_CONTEXT ( 'NONE', 'WORKASPACE' ) );
#1047 = FACE_OUTER_BOUND ( 'NONE', #805, .T. ) ;
#1048 = CARTESIAN_POINT ( 'NONE',  ( -4.750000000000000000, 2.550000000000000266, 0.4000000000000002442 ) ) ;
#1049 = AXIS2_PLACEMENT_3D ( 'NONE', #1673, #1060, #133 ) ;
#1050 = CIRCLE ( 'NONE', #816, 1.199999999999999734 ) ;
#1051 = DIRECTION ( 'NONE',  ( 0.000000000000000000, 0.000000000000000000, 1.000000000000000000 ) ) ;
#1052 = CONICAL_SURFACE ( 'NONE', #541, 2.312423851079242532, 1.396263401595464027 ) ;
#1053 = PRESENTATION_STYLE_ASSIGNMENT (( #1039 ) ) ;
#1054 = DIRECTION ( 'NONE',  ( 1.000000000000000000, 0.000000000000000000, 0.000000000000000000 ) ) ;
#1055 =( NAMED_UNIT ( * ) SI_UNIT ( $, .STERADIAN. ) SOLID_ANGLE_UNIT ( ) );
#1056 = EDGE_CURVE ( 'NONE', #1487, #629, #1743, .T. ) ;
#1057 = ORIENTED_EDGE ( 'NONE', *, *, #1160, .F. ) ;
#1058 = SURFACE_SIDE_STYLE ('',( #513 ) ) ;
#1059 = UNCERTAINTY_MEASURE_WITH_UNIT (LENGTH_MEASURE( 1.000000000000000082E-05 ), #249, 'distance_accuracy_value', 'NONE');
#1060 = DIRECTION ( 'NONE',  ( -1.000000000000000000, -0.000000000000000000, -0.000000000000000000 ) ) ;
#1062 = EDGE_CURVE ( 'NONE', #700, #945, #1050, .T. ) ;
#1061 = SURFACE_STYLE_USAGE ( .BOTH. , #937 ) ;
#1063 = DIRECTION ( 'NONE',  ( 0.000000000000000000, 0.000000000000000000, -1.000000000000000000 ) ) ;
#1064 = PRESENTATION_STYLE_ASSIGNMENT (( #787 ) ) ;
#1065 = DIRECTION ( 'NONE',  ( -1.000000000000000000, -0.000000000000000000, -0.000000000000000000 ) ) ;
#1066 = DIRECTION ( 'NONE',  ( 0.000000000000000000, 0.000000000000000000, 1.000000000000000000 ) ) ;
#1067 = CARTESIAN_POINT ( 'NONE',  ( 5.750000000000000000, 2.550000000000000266, 0.000000000000000000 ) ) ;
#1068 = FACE_OUTER_BOUND ( 'NONE', #840, .T. ) ;
#1069 = FILL_AREA_STYLE ('',( #126 ) ) ;
#1070 = DIRECTION ( 'NONE',  ( 0.000000000000000000, 0.000000000000000000, 1.000000000000000000 ) ) ;
#1071 = CARTESIAN_POINT ( 'NONE',  ( 3.912896848132775052, 2.550000000000000266, 2.072499999999999787 ) ) ;
#1072 = ORIENTED_EDGE ( 'NONE', *, *, #474, .F. ) ;
#1073 = VECTOR ( 'NONE', #974, 999.9999999999998863 ) ;
#1074 = UNCERTAINTY_MEASURE_WITH_UNIT (LENGTH_MEASURE( 1.000000000000000082E-05 ), #347, 'distance_accuracy_value', 'NONE');
#1075 = DIRECTION ( 'NONE',  ( -1.000000000000000000, -0.000000000000000000, -0.000000000000000000 ) ) ;
#1076 = CARTESIAN_POINT ( 'NONE',  ( 4.559090998430485264, 2.550000000000000266, 2.262500000000000622 ) ) ;
#1077 = AXIS2_PLACEMENT_3D ( 'NONE', #1453, #412, #552 ) ;
#1078 = COLOUR_RGB ( '',0.7529411764705882248, 1.000000000000000000, 1.000000000000000000 ) ;
#1079 = ORIENTED_EDGE ( 'NONE', *, *, #1309, .T. ) ;
#1080 = STYLED_ITEM ( 'NONE', ( #1129 ), #900 ) ;
#1081 =( NAMED_UNIT ( * ) SI_UNIT ( $, .STERADIAN. ) SOLID_ANGLE_UNIT ( ) );
#1082 = EDGE_CURVE ( 'NONE', #238, #765, #620, .T. ) ;
#1083 = VERTEX_POINT ( 'NONE', #1276 ) ;
#1084 = PRESENTATION_LAYER_ASSIGNMENT (  '', '', ( #94 ) ) ;
#1085 = DIRECTION ( 'NONE',  ( 0.000000000000000000, 0.000000000000000000, 1.000000000000000000 ) ) ;
#1086 = ORIENTED_EDGE ( 'NONE', *, *, #879, .T. ) ;
#1087 =( NAMED_UNIT ( * ) SI_UNIT ( $, .STERADIAN. ) SOLID_ANGLE_UNIT ( ) );
#1088 = PRESENTATION_STYLE_ASSIGNMENT (( #254 ) ) ;
#1089 =( LENGTH_UNIT ( ) NAMED_UNIT ( * ) SI_UNIT ( .MILLI., .METRE. ) );
#1090 = ADVANCED_FACE ( 'NONE', ( #556 ), #44, .T. ) ;
#1091 = EDGE_CURVE ( 'NONE', #1582, #1751, #867, .T. ) ;
#1092 = CARTESIAN_POINT ( 'NONE',  ( -5.134090998430485442, 2.550000000000000266, 0.000000000000000000 ) ) ;
#1093 = EDGE_LOOP ( 'NONE', ( #781, #1364, #300, #973 ) ) ;
#1094 = DIRECTION ( 'NONE',  ( 0.000000000000000000, 0.000000000000000000, 1.000000000000000000 ) ) ;
#1095 =( NAMED_UNIT ( * ) SI_UNIT ( $, .STERADIAN. ) SOLID_ANGLE_UNIT ( ) );
#1096 = ORIENTED_EDGE ( 'NONE', *, *, #1213, .T. ) ;
#1097 = FILL_AREA_STYLE ('',( #820 ) ) ;
#1098 = FACE_OUTER_BOUND ( 'NONE', #596, .T. ) ;
#1099 = ORIENTED_EDGE ( 'NONE', *, *, #1299, .F. ) ;
#1100 = FACE_OUTER_BOUND ( 'NONE', #1587, .T. ) ;
#1101 =( NAMED_UNIT ( * ) PLANE_ANGLE_UNIT ( ) SI_UNIT ( $, .RADIAN. ) );
#1102 = SURFACE_SIDE_STYLE ('',( #967 ) ) ;
#1103 = ORIENTED_EDGE ( 'NONE', *, *, #739, .T. ) ;
#1104 = PRESENTATION_LAYER_ASSIGNMENT (  '', '', ( #265 ) ) ;
#1105 = CARTESIAN_POINT ( 'NONE',  ( -4.190600523190882498, 2.550000000000000266, 0.000000000000000000 ) ) ;
#1106 = MECHANICAL_DESIGN_GEOMETRIC_PRESENTATION_REPRESENTATION (  '', ( #34 ), #499 ) ;
#1107 = VERTEX_POINT ( 'NONE', #160 ) ;
#1108 = AXIS2_PLACEMENT_3D ( 'NONE', #217, #1375, #274 ) ;
#1109 = CIRCLE ( 'NONE', #1234, 0.4000000000000002442 ) ;
#1110 = LINE ( 'NONE', #1287, #1654 ) ;
#1111 = DIRECTION ( 'NONE',  ( -1.000000000000000000, -0.000000000000000000, -0.000000000000000000 ) ) ;
#1112 = COLOUR_RGB ( '',0.7529411764705882248, 1.000000000000000000, 1.000000000000000000 ) ;
#1113 = STYLED_ITEM ( 'NONE', ( #1641 ), #379 ) ;
#1114 = CIRCLE ( 'NONE', #339, 0.2874999999999995337 ) ;
#1115 =( NAMED_UNIT ( * ) SI_UNIT ( $, .STERADIAN. ) SOLID_ANGLE_UNIT ( ) );
#1116 =( GEOMETRIC_REPRESENTATION_CONTEXT ( 3 ) GLOBAL_UNCERTAINTY_ASSIGNED_CONTEXT ( ( #76 ) ) GLOBAL_UNIT_ASSIGNED_CONTEXT ( ( #1368, #1387, #1087 ) ) REPRESENTATION_CONTEXT ( 'NONE', 'WORKASPACE' ) );
#1117 = SURFACE_STYLE_FILL_AREA ( #1633 ) ;
#1118 = STYLED_ITEM ( 'NONE', ( #1001 ), #1559 ) ;
#1119 =( LENGTH_UNIT ( ) NAMED_UNIT ( * ) SI_UNIT ( .MILLI., .METRE. ) );
#1120 = ORIENTED_EDGE ( 'NONE', *, *, #1363, .F. ) ;
#1121 = CARTESIAN_POINT ( 'NONE',  ( -5.134090998430485442, 2.550000000000000711, -2.262500000000000622 ) ) ;
#1122 = SURFACE_STYLE_FILL_AREA ( #717 ) ;
#1123 = FILL_AREA_STYLE_COLOUR ( '', #1009 ) ;
#1124 = CARTESIAN_POINT ( 'NONE',  ( 4.190600523190882498, 2.550000000000000711, -1.998089524533026129 ) ) ;
#1125 =( NAMED_UNIT ( * ) PLANE_ANGLE_UNIT ( ) SI_UNIT ( $, .RADIAN. ) );
#1126 = DIRECTION ( 'NONE',  ( 0.000000000000000000, 0.000000000000000000, 1.000000000000000000 ) ) ;
#1127 = DIRECTION ( 'NONE',  ( 0.000000000000000000, -1.000000000000000000, 0.000000000000000000 ) ) ;
#1128 = DIRECTION ( 'NONE',  ( 0.000000000000000000, 0.000000000000000000, 1.000000000000000000 ) ) ;
#1129 = PRESENTATION_STYLE_ASSIGNMENT (( #831 ) ) ;
#1130 = CARTESIAN_POINT ( 'NONE',  ( 4.190600523190882498, 2.550000000000000266, 0.000000000000000000 ) ) ;
#1131 =( LENGTH_UNIT ( ) NAMED_UNIT ( * ) SI_UNIT ( .MILLI., .METRE. ) );
#1132 = ORIENTED_EDGE ( 'NONE', *, *, #302, .F. ) ;
#1133 = PRESENTATION_STYLE_ASSIGNMENT (( #714 ) ) ;
#1134 = SURFACE_STYLE_USAGE ( .BOTH. , #1421 ) ;
#1135 = DIRECTION ( 'NONE',  ( 0.000000000000000000, 0.000000000000000000, 1.000000000000000000 ) ) ;
#1136 =( GEOMETRIC_REPRESENTATION_CONTEXT ( 3 ) GLOBAL_UNCERTAINTY_ASSIGNED_CONTEXT ( ( #268 ) ) GLOBAL_UNIT_ASSIGNED_CONTEXT ( ( #1601, #1556, #311 ) ) REPRESENTATION_CONTEXT ( 'NONE', 'WORKASPACE' ) );
#1137 = AXIS2_PLACEMENT_3D ( 'NONE', #106, #1752, #1746 ) ;
#1138 = AXIS2_PLACEMENT_3D ( 'NONE', #290, #1075, #1094 ) ;
#1139 = EDGE_CURVE ( 'NONE', #243, #1107, #41, .T. ) ;
#1140 = CARTESIAN_POINT ( 'NONE',  ( 5.462500000000000355, 2.550000000000000266, 0.000000000000000000 ) ) ;
#1141 = COLOUR_RGB ( '',0.7529411764705882248, 1.000000000000000000, 1.000000000000000000 ) ;
#1142 = COLOUR_RGB ( '',0.7529411764705882248, 1.000000000000000000, 1.000000000000000000 ) ;
#1143 = ORIENTED_EDGE ( 'NONE', *, *, #358, .F. ) ;
#1144 = AXIS2_PLACEMENT_3D ( 'NONE', #1019, #501, #632 ) ;
#1145 = DIRECTION ( 'NONE',  ( 0.000000000000000000, 0.000000000000000000, 1.000000000000000000 ) ) ;
#1146 = LINE ( 'NONE', #184, #593 ) ;
#1147 = FILL_AREA_STYLE_COLOUR ( '', #1597 ) ;
#1148 = ADVANCED_FACE ( 'NONE', ( #594 ), #29, .T. ) ;
#1149 = ORIENTED_EDGE ( 'NONE', *, *, #1403, .T. ) ;
#1150 = CARTESIAN_POINT ( 'NONE',  ( 5.745632228991010670, 2.550000000000000266, 0.000000000000000000 ) ) ;
#1151 = EDGE_CURVE ( 'NONE', #945, #1002, #173, .T. ) ;
#1152 = SURFACE_STYLE_FILL_AREA ( #469 ) ;
#1153 = EDGE_LOOP ( 'NONE', ( #1545, #1303, #1608, #1220 ) ) ;
#1154 = EDGE_LOOP ( 'NONE', ( #1630, #313, #920, #442 ) ) ;
#1155 = DIRECTION ( 'NONE',  ( 0.000000000000000000, 0.000000000000000000, 1.000000000000000000 ) ) ;
#1156 = LINE ( 'NONE', #1730, #264 ) ;
#1157 = CARTESIAN_POINT ( 'NONE',  ( -8.150000000000000355, 1.749999999999999778, 0.000000000000000000 ) ) ;
#1158 = CARTESIAN_POINT ( 'NONE',  ( -5.750000000000000000, 2.550000000000000266, -0.4000000000000001887 ) ) ;
#1159 = DIRECTION ( 'NONE',  ( 1.000000000000000000, 0.000000000000000000, 0.000000000000000000 ) ) ;
#1160 = EDGE_CURVE ( 'NONE', #709, #534, #1657, .T. ) ;
#1161 = ORIENTED_EDGE ( 'NONE', *, *, #122, .T. ) ;
#1162 =( NAMED_UNIT ( * ) PLANE_ANGLE_UNIT ( ) SI_UNIT ( $, .RADIAN. ) );
#1163 = CIRCLE ( 'NONE', #1190, 0.4000000000000002442 ) ;
#1164 = AXIS2_PLACEMENT_3D ( 'NONE', #108, #1351, #653 ) ;
#1165 = SURFACE_SIDE_STYLE ('',( #609 ) ) ;
#1166 =( GEOMETRIC_REPRESENTATION_CONTEXT ( 3 ) GLOBAL_UNCERTAINTY_ASSIGNED_CONTEXT ( ( #400 ) ) GLOBAL_UNIT_ASSIGNED_CONTEXT ( ( #287, #25, #557 ) ) REPRESENTATION_CONTEXT ( 'NONE', 'WORKASPACE' ) );
#1167 = MECHANICAL_DESIGN_GEOMETRIC_PRESENTATION_REPRESENTATION (  '', ( #170 ), #615 ) ;
#1168 = ORIENTED_EDGE ( 'NONE', *, *, #1030, .T. ) ;
#1169 = TOROIDAL_SURFACE ( 'NONE', #589, 0.7999999999999999334, 0.4000000000000002442 ) ;
#1170 = COLOUR_RGB ( '',0.7529411764705882248, 1.000000000000000000, 1.000000000000000000 ) ;
#1171 =( NAMED_UNIT ( * ) SI_UNIT ( $, .STERADIAN. ) SOLID_ANGLE_UNIT ( ) );
#1172 = AXIS2_PLACEMENT_3D ( 'NONE', #1037, #1333, #628 ) ;
#1173 = AXIS2_PLACEMENT_3D ( 'NONE', #1341, #1249, #929 ) ;
#1174 = UNCERTAINTY_MEASURE_WITH_UNIT (LENGTH_MEASURE( 1.000000000000000082E-05 ), #1446, 'distance_accuracy_value', 'NONE');
#1175 =( NAMED_UNIT ( * ) SI_UNIT ( $, .STERADIAN. ) SOLID_ANGLE_UNIT ( ) );
#1176 = AXIS2_PLACEMENT_3D ( 'NONE', #759, #485, #888 ) ;
#1177 = EDGE_CURVE ( 'NONE', #47, #643, #1767, .T. ) ;
#1178 = FILL_AREA_STYLE ('',( #341 ) ) ;
#1179 = DIRECTION ( 'NONE',  ( -1.000000000000000000, -0.000000000000000000, -0.000000000000000000 ) ) ;
#1180 = SURFACE_SIDE_STYLE ('',( #995 ) ) ;
#1181 = SURFACE_STYLE_FILL_AREA ( #355 ) ;
#1182 = SURFACE_STYLE_USAGE ( .BOTH. , #367 ) ;
#1183 = FACE_OUTER_BOUND ( 'NONE', #968, .T. ) ;
#1184 = LINE ( 'NONE', #256, #819 ) ;
#1185 = SURFACE_SIDE_STYLE ('',( #1371 ) ) ;
#1186 =( NAMED_UNIT ( * ) SI_UNIT ( $, .STERADIAN. ) SOLID_ANGLE_UNIT ( ) );
#1187 = ORIENTED_EDGE ( 'NONE', *, *, #1237, .T. ) ;
#1188 = DIRECTION ( 'NONE',  ( 1.000000000000000000, 0.000000000000000000, 0.000000000000000000 ) ) ;
#1189 = FILL_AREA_STYLE ('',( #1327 ) ) ;
#1190 = AXIS2_PLACEMENT_3D ( 'NONE', #702, #1571, #1445 ) ;
#1191 = VERTEX_POINT ( 'NONE', #1440 ) ;
#1192 = EDGE_CURVE ( 'NONE', #858, #1768, #1394, .T. ) ;
#1193 = FILL_AREA_STYLE ('',( #1033 ) ) ;
#1194 = AXIS2_PLACEMENT_3D ( 'NONE', #1664, #670, #30 ) ;
#1195 = ORIENTED_EDGE ( 'NONE', *, *, #72, .F. ) ;
#1196 = STYLED_ITEM ( 'NONE', ( #823 ), #1003 ) ;
#1197 = PRESENTATION_LAYER_ASSIGNMENT (  '', '', ( #677 ) ) ;
#1198 = FILL_AREA_STYLE_COLOUR ( '', #388 ) ;
#1199 =( NAMED_UNIT ( * ) PLANE_ANGLE_UNIT ( ) SI_UNIT ( $, .RADIAN. ) );
#1200 = SURFACE_STYLE_FILL_AREA ( #640 ) ;
#1201 = CONICAL_SURFACE ( 'NONE', #560, 0.4499238510792427648, 1.396263401595464027 ) ;
#1202 = STYLED_ITEM ( 'NONE', ( #748 ), #348 ) ;
#1203 =( GEOMETRIC_REPRESENTATION_CONTEXT ( 3 ) GLOBAL_UNCERTAINTY_ASSIGNED_CONTEXT ( ( #360 ) ) GLOBAL_UNIT_ASSIGNED_CONTEXT ( ( #3, #1508, #1081 ) ) REPRESENTATION_CONTEXT ( 'NONE', 'WORKASPACE' ) );
#1204 = CARTESIAN_POINT ( 'NONE',  ( 5.750000000000000000, 2.950000000000000178, 0.000000000000000000 ) ) ;
#1205 = CARTESIAN_POINT ( 'NONE',  ( -3.912896848132775052, 2.550000000000000266, 2.072499999999999787 ) ) ;
#1206 = STYLED_ITEM ( 'NONE', ( #1498 ), #1308 ) ;
#1207 = COLOUR_RGB ( '',0.7921568627450980005, 0.8196078431372548767, 0.9333333333333333481 ) ;
#1208 =( NAMED_UNIT ( * ) PLANE_ANGLE_UNIT ( ) SI_UNIT ( $, .RADIAN. ) );
#1209 =( LENGTH_UNIT ( ) NAMED_UNIT ( * ) SI_UNIT ( .MILLI., .METRE. ) );
#1210 = CIRCLE ( 'NONE', #14, 2.550000000000000266 ) ;
#1211 = CARTESIAN_POINT ( 'NONE',  ( 8.149999999999996803, -29.44999999999999574, 0.000000000000000000 ) ) ;
#1212 = DIRECTION ( 'NONE',  ( 0.000000000000000000, 0.000000000000000000, 1.000000000000000000 ) ) ;
#1213 = EDGE_CURVE ( 'NONE', #643, #102, #395, .T. ) ;
#1214 = ORIENTED_EDGE ( 'NONE', *, *, #780, .F. ) ;
#1215 = UNCERTAINTY_MEASURE_WITH_UNIT (LENGTH_MEASURE( 1.000000000000000082E-05 ), #465, 'distance_accuracy_value', 'NONE');
#1216 = EDGE_LOOP ( 'NONE', ( #1079, #1384, #713, #1390 ) ) ;
#1217 = DIRECTION ( 'NONE',  ( 0.000000000000000000, 0.000000000000000000, 1.000000000000000000 ) ) ;
#1218 = ORIENTED_EDGE ( 'NONE', *, *, #1369, .T. ) ;
#1219 = SURFACE_STYLE_USAGE ( .BOTH. , #5 ) ;
#1220 = ORIENTED_EDGE ( 'NONE', *, *, #533, .F. ) ;
#1221 = EDGE_CURVE ( 'NONE', #1107, #512, #1156, .T. ) ;
#1222 = CARTESIAN_POINT ( 'NONE',  ( -7.350000000000000533, 2.950000000000000178, 0.000000000000000000 ) ) ;
#1223 = CARTESIAN_POINT ( 'NONE',  ( -4.750000000000000000, 2.550000000000000266, -0.4000000000000002442 ) ) ;
#1224 = APPLICATION_PROTOCOL_DEFINITION ( 'draft international standard', 'automotive_design', 1998, #429 ) ;
#1225 = EDGE_LOOP ( 'NONE', ( #1778, #237, #936, #1659 ) ) ;
#1226 = FILL_AREA_STYLE ('',( #1669 ) ) ;
#1227 = DIRECTION ( 'NONE',  ( 0.000000000000000000, 0.000000000000000000, 1.000000000000000000 ) ) ;
#1228 = ORIENTED_EDGE ( 'NONE', *, *, #79, .F. ) ;
#1229 = CIRCLE ( 'NONE', #1288, 1.998089524533026129 ) ;
#1230 = UNCERTAINTY_MEASURE_WITH_UNIT (LENGTH_MEASURE( 1.000000000000000082E-05 ), #1089, 'distance_accuracy_value', 'NONE');
#1231 =( NAMED_UNIT ( * ) SI_UNIT ( $, .STERADIAN. ) SOLID_ANGLE_UNIT ( ) );
#1232 = CARTESIAN_POINT ( 'NONE',  ( -4.190600523190882498, 2.550000000000000266, 1.998089524533026129 ) ) ;
#1233 = AXIS2_PLACEMENT_3D ( 'NONE', #1511, #1540, #299 ) ;
#1234 = AXIS2_PLACEMENT_3D ( 'NONE', #1705, #573, #1126 ) ;
#1235 = STYLED_ITEM ( 'NONE', ( #392 ), #991 ) ;
#1236 = SURFACE_STYLE_FILL_AREA ( #21 ) ;
#1237 = EDGE_CURVE ( 'NONE', #238, #27, #1442, .T. ) ;
#1238 = CIRCLE ( 'NONE', #454, 0.4000000000000002442 ) ;
#1239 = ADVANCED_FACE ( 'NONE', ( #1449 ), #742, .T. ) ;
#1240 = ORIENTED_EDGE ( 'NONE', *, *, #389, .T. ) ;
#1241 = SURFACE_SIDE_STYLE ('',( #1647 ) ) ;
#1242 = CIRCLE ( 'NONE', #477, 0.4000000000000002442 ) ;
#1243 = MECHANICAL_DESIGN_GEOMETRIC_PRESENTATION_REPRESENTATION (  '', ( #871 ), #1480 ) ;
#1244 = DIRECTION ( 'NONE',  ( 0.000000000000000000, 0.000000000000000000, 1.000000000000000000 ) ) ;
#1245 = ORIENTED_EDGE ( 'NONE', *, *, #1040, .F. ) ;
#1246 = SURFACE_STYLE_USAGE ( .BOTH. , #1655 ) ;
#1247 = ORIENTED_EDGE ( 'NONE', *, *, #1040, .T. ) ;
#1248 = LINE ( 'NONE', #20, #758 ) ;
#1249 = DIRECTION ( 'NONE',  ( -1.000000000000000000, -0.000000000000000000, -0.000000000000000000 ) ) ;
#1250 = ORIENTED_EDGE ( 'NONE', *, *, #1402, .T. ) ;
#1251 = PRESENTATION_STYLE_ASSIGNMENT (( #550 ) ) ;
#1252 = DIRECTION ( 'NONE',  ( -0.2588190451025160765, 1.182917971378671321E-16, -0.9659258262890696445 ) ) ;
#1253 = DIRECTION ( 'NONE',  ( -0.000000000000000000, 1.000000000000000000, 1.224646799147353207E-16 ) ) ;
#1254 = ORIENTED_EDGE ( 'NONE', *, *, #1192, .T. ) ;
#1255 = DIRECTION ( 'NONE',  ( -1.000000000000000000, -0.000000000000000000, -0.000000000000000000 ) ) ;
#1256 = ADVANCED_FACE ( 'NONE', ( #1465 ), #365, .T. ) ;
#1257 = CARTESIAN_POINT ( 'NONE',  ( -3.912896848132775052, 2.550000000000000711, -2.072499999999999787 ) ) ;
#1258 = ORIENTED_EDGE ( 'NONE', *, *, #698, .F. ) ;
#1259 = EDGE_CURVE ( 'NONE', #413, #1002, #1311, .T. ) ;
#1260 = EDGE_LOOP ( 'NONE', ( #1448, #523, #753, #1675 ) ) ;
#1261 = CONICAL_SURFACE ( 'NONE', #1385, 2.336910475466974280, 1.308996938995752091 ) ;
#1262 =( GEOMETRIC_REPRESENTATION_CONTEXT ( 3 ) GLOBAL_UNCERTAINTY_ASSIGNED_CONTEXT ( ( #1494 ) ) GLOBAL_UNIT_ASSIGNED_CONTEXT ( ( #123, #372, #1493 ) ) REPRESENTATION_CONTEXT ( 'NONE', 'WORKASPACE' ) );
#1263 =( NAMED_UNIT ( * ) PLANE_ANGLE_UNIT ( ) SI_UNIT ( $, .RADIAN. ) );
#1264 = CIRCLE ( 'NONE', #333, 0.4000000000000002442 ) ;
#1265 = CIRCLE ( 'NONE', #310, 0.4000000000000002442 ) ;
#1266 = AXIS2_PLACEMENT_3D ( 'NONE', #1205, #796, #164 ) ;
#1267 = SURFACE_STYLE_USAGE ( .BOTH. , #847 ) ;
#1268 =( GEOMETRIC_REPRESENTATION_CONTEXT ( 3 ) GLOBAL_UNCERTAINTY_ASSIGNED_CONTEXT ( ( #1627 ) ) GLOBAL_UNIT_ASSIGNED_CONTEXT ( ( #851, #446, #324 ) ) REPRESENTATION_CONTEXT ( 'NONE', 'WORKASPACE' ) );
#1269 = MECHANICAL_DESIGN_GEOMETRIC_PRESENTATION_REPRESENTATION (  '', ( #265 ), #112 ) ;
#1270 = CIRCLE ( 'NONE', #984, 0.2875000000000000333 ) ;
#1271 = CARTESIAN_POINT ( 'NONE',  ( -4.559090998430485264, 2.550000000000000711, -2.550000000000000266 ) ) ;
#1272 = AXIS2_PLACEMENT_3D ( 'NONE', #924, #1771, #1644 ) ;
#1273 = TOROIDAL_SURFACE ( 'NONE', #431, 2.262500000000000622, 0.2875000000000005329 ) ;
#1274 = CARTESIAN_POINT ( 'NONE',  ( 5.745632228991010670, 2.550000000000000266, 0.4499238510792427648 ) ) ;
#1275 = DIRECTION ( 'NONE',  ( 1.112002228190260952E-16, 1.000000000000000000, -0.000000000000000000 ) ) ;
#1276 = CARTESIAN_POINT ( 'NONE',  ( 3.912896848132775052, 2.550000000000000711, -1.785000000000000142 ) ) ;
#1277 = PRESENTATION_STYLE_ASSIGNMENT (( #71 ) ) ;
#1278 = ORIENTED_EDGE ( 'NONE', *, *, #336, .T. ) ;
#1279 = DIRECTION ( 'NONE',  ( 0.000000000000000000, 0.000000000000000000, 1.000000000000000000 ) ) ;
#1280 = DIRECTION ( 'NONE',  ( 0.000000000000000000, 0.000000000000000000, 1.000000000000000000 ) ) ;
#1281 = SURFACE_STYLE_USAGE ( .BOTH. , #165 ) ;
#1282 = ORIENTED_EDGE ( 'NONE', *, *, #389, .F. ) ;
#1283 = EDGE_CURVE ( 'NONE', #700, #1728, #1238, .T. ) ;
#1284 = CARTESIAN_POINT ( 'NONE',  ( 4.281387323372376486, 2.550000000000000266, -2.336910475466974280 ) ) ;
#1285 = CARTESIAN_POINT ( 'NONE',  ( 8.150000000000000355, 1.749999999999999778, 0.000000000000000000 ) ) ;
#1286 = FILL_AREA_STYLE_COLOUR ( '', #679 ) ;
#1287 = CARTESIAN_POINT ( 'NONE',  ( -5.417223227421494869, 2.550000000000000711, 2.312423851079242532 ) ) ;
#1288 = AXIS2_PLACEMENT_3D ( 'NONE', #1130, #779, #1623 ) ;
#1289 = EDGE_CURVE ( 'NONE', #1376, #709, #678, .T. ) ;
#1290 = FILL_AREA_STYLE_COLOUR ( '', #1707 ) ;
#1291 = PRESENTATION_LAYER_ASSIGNMENT (  '', '', ( #1080 ) ) ;
#1292 = COLOUR_RGB ( '',0.7529411764705882248, 1.000000000000000000, 1.000000000000000000 ) ;
#1293 = LINE ( 'NONE', #212, #1073 ) ;
#1294 = PRESENTATION_LAYER_ASSIGNMENT (  '', '', ( #293 ) ) ;
#1295 = ORIENTED_EDGE ( 'NONE', *, *, #98, .F. ) ;
#1296 = FILL_AREA_STYLE ('',( #334 ) ) ;
#1297 = DIRECTION ( 'NONE',  ( 1.112002228190260952E-16, -1.000000000000000000, 0.000000000000000000 ) ) ;
#1298 = CARTESIAN_POINT ( 'NONE',  ( -5.750000000000000000, 2.550000000000000266, 0.000000000000000000 ) ) ;
#1299 = EDGE_CURVE ( 'NONE', #827, #121, #155, .T. ) ;
#1300 = ORIENTED_EDGE ( 'NONE', *, *, #821, .T. ) ;
#1301 = DIRECTION ( 'NONE',  ( -1.000000000000000000, 0.000000000000000000, 0.000000000000000000 ) ) ;
#1302 = FILL_AREA_STYLE ('',( #886 ) ) ;
#1303 = ORIENTED_EDGE ( 'NONE', *, *, #302, .T. ) ;
#1304 = UNCERTAINTY_MEASURE_WITH_UNIT (LENGTH_MEASURE( 1.000000000000000082E-05 ), #62, 'distance_accuracy_value', 'NONE');
#1305 = SURFACE_SIDE_STYLE ('',( #1181 ) ) ;
#1306 = FILL_AREA_STYLE ('',( #743 ) ) ;
#1307 = SURFACE_SIDE_STYLE ('',( #746 ) ) ;
#1308 = ADVANCED_FACE ( 'NONE', ( #1098 ), #1600, .T. ) ;
#1309 = EDGE_CURVE ( 'NONE', #47, #745, #1444, .T. ) ;
#1310 = ORIENTED_EDGE ( 'NONE', *, *, #533, .T. ) ;
#1311 = LINE ( 'NONE', #621, #236 ) ;
#1312 = COLOUR_RGB ( '',0.7529411764705882248, 1.000000000000000000, 1.000000000000000000 ) ;
#1313 = FACE_OUTER_BOUND ( 'NONE', #359, .T. ) ;
#1314 = AXIS2_PLACEMENT_3D ( 'NONE', #754, #1179, #1491 ) ;
#1315 = COLOUR_RGB ( '',0.7529411764705882248, 1.000000000000000000, 1.000000000000000000 ) ;
#1316 = TOROIDAL_SURFACE ( 'NONE', #1014, 2.262500000000000622, 0.2874999999999997002 ) ;
#1317 = DIRECTION ( 'NONE',  ( -1.000000000000000000, 0.000000000000000000, 0.000000000000000000 ) ) ;
#1318 = AXIS2_PLACEMENT_3D ( 'NONE', #1298, #769, #600 ) ;
#1319 = ORIENTED_EDGE ( 'NONE', *, *, #809, .F. ) ;
#1320 = EDGE_CURVE ( 'NONE', #683, #144, #1745, .T. ) ;
#1321 = AXIS2_PLACEMENT_3D ( 'NONE', #416, #970, #1135 ) ;
#1322 = UNCERTAINTY_MEASURE_WITH_UNIT (LENGTH_MEASURE( 1.000000000000000082E-05 ), #1694, 'distance_accuracy_value', 'NONE');
#1323 = CYLINDRICAL_SURFACE ( 'NONE', #399, 0.4000000000000002442 ) ;
#1324 = COLOUR_RGB ( '',0.7529411764705882248, 1.000000000000000000, 1.000000000000000000 ) ;
#1325 = DIRECTION ( 'NONE',  ( 1.000000000000000000, 0.000000000000000000, 0.000000000000000000 ) ) ;
#1326 =( NAMED_UNIT ( * ) PLANE_ANGLE_UNIT ( ) SI_UNIT ( $, .RADIAN. ) );
#1327 = FILL_AREA_STYLE_COLOUR ( '', #1315 ) ;
#1328 = ORIENTED_EDGE ( 'NONE', *, *, #1479, .T. ) ;
#1329 = CARTESIAN_POINT ( 'NONE',  ( 8.550000000000002487, 1.749999999999999778, -4.898587196589426017E-17 ) ) ;
#1330 = ORIENTED_EDGE ( 'NONE', *, *, #551, .F. ) ;
#1331 = DIRECTION ( 'NONE',  ( 0.000000000000000000, 0.000000000000000000, 1.000000000000000000 ) ) ;
#1332 = DIRECTION ( 'NONE',  ( -1.000000000000000000, 0.000000000000000000, 0.000000000000000000 ) ) ;
#1333 = DIRECTION ( 'NONE',  ( -1.000000000000000000, -0.000000000000000000, -0.000000000000000000 ) ) ;
#1334 = EDGE_CURVE ( 'NONE', #683, #1768, #1270, .T. ) ;
#1335 = ORIENTED_EDGE ( 'NONE', *, *, #493, .T. ) ;
#1336 = SURFACE_SIDE_STYLE ('',( #1757 ) ) ;
#1337 = ORIENTED_EDGE ( 'NONE', *, *, #1532, .T. ) ;
#1338 = UNCERTAINTY_MEASURE_WITH_UNIT (LENGTH_MEASURE( 1.000000000000000082E-05 ), #525, 'distance_accuracy_value', 'NONE');
#1339 = FILL_AREA_STYLE_COLOUR ( '', #73 ) ;
#1340 = FACE_OUTER_BOUND ( 'NONE', #985, .T. ) ;
#1341 = CARTESIAN_POINT ( 'NONE',  ( -5.750000000000000000, 2.550000000000000266, 0.000000000000000000 ) ) ;
#1342 = FACE_OUTER_BOUND ( 'NONE', #331, .T. ) ;
#1343 = STYLED_ITEM ( 'NONE', ( #135 ), #437 ) ;
#1344 = CARTESIAN_POINT ( 'NONE',  ( -7.350000000000000533, 1.750000000000000222, 0.000000000000000000 ) ) ;
#1345 = CIRCLE ( 'NONE', #1530, 0.4000000000000002442 ) ;
#1346 = AXIS2_PLACEMENT_3D ( 'NONE', #1204, #1774, #1063 ) ;
#1347 = CARTESIAN_POINT ( 'NONE',  ( 4.559090998430485264, 2.550000000000000266, 0.000000000000000000 ) ) ;
#1348 = ORIENTED_EDGE ( 'NONE', *, *, #1486, .T. ) ;
#1349 =( GEOMETRIC_REPRESENTATION_CONTEXT ( 3 ) GLOBAL_UNCERTAINTY_ASSIGNED_CONTEXT ( ( #766 ) ) GLOBAL_UNIT_ASSIGNED_CONTEXT ( ( #1638, #1208, #1510 ) ) REPRESENTATION_CONTEXT ( 'NONE', 'WORKASPACE' ) );
#1350 = AXIS2_PLACEMENT_3D ( 'NONE', #1734, #1461, #1279 ) ;
#1351 = DIRECTION ( 'NONE',  ( -1.000000000000000000, -0.000000000000000000, -0.000000000000000000 ) ) ;
#1352 = PRESENTATION_STYLE_ASSIGNMENT (( #1061 ) ) ;
#1353 = AXIS2_PLACEMENT_3D ( 'NONE', #707, #1710, #1422 ) ;
#1354 = CARTESIAN_POINT ( 'NONE',  ( 7.350000000000000533, 1.750000000000000222, 0.000000000000000000 ) ) ;
#1355 = AXIS2_PLACEMENT_3D ( 'NONE', #666, #1691, #36 ) ;
#1356 = COLOUR_RGB ( '',0.7529411764705882248, 1.000000000000000000, 1.000000000000000000 ) ;
#1357 =( NAMED_UNIT ( * ) PLANE_ANGLE_UNIT ( ) SI_UNIT ( $, .RADIAN. ) );
#1358 = CARTESIAN_POINT ( 'NONE',  ( 4.559090998430484376, 2.550000000000000266, 0.000000000000000000 ) ) ;
#1359 = CIRCLE ( 'NONE', #1773, 1.998089524533026129 ) ;
#1360 = ORIENTED_EDGE ( 'NONE', *, *, #510, .T. ) ;
#1361 =( GEOMETRIC_REPRESENTATION_CONTEXT ( 3 ) GLOBAL_UNCERTAINTY_ASSIGNED_CONTEXT ( ( #125 ) ) GLOBAL_UNIT_ASSIGNED_CONTEXT ( ( #1131, #1411, #1557 ) ) REPRESENTATION_CONTEXT ( 'NONE', 'WORKASPACE' ) );
#1362 = CARTESIAN_POINT ( 'NONE',  ( -7.350000000000000533, 2.149999999999999911, -4.898587196589416773E-17 ) ) ;
#1363 = EDGE_CURVE ( 'NONE', #827, #1696, #207, .T. ) ;
#1364 = ORIENTED_EDGE ( 'NONE', *, *, #1082, .T. ) ;
#1365 = DIRECTION ( 'NONE',  ( -1.000000000000000000, -0.000000000000000000, -0.000000000000000000 ) ) ;
#1366 = ORIENTED_EDGE ( 'NONE', *, *, #114, .F. ) ;
#1367 = UNCERTAINTY_MEASURE_WITH_UNIT (LENGTH_MEASURE( 1.000000000000000082E-05 ), #1433, 'distance_accuracy_value', 'NONE');
#1368 =( LENGTH_UNIT ( ) NAMED_UNIT ( * ) SI_UNIT ( .MILLI., .METRE. ) );
#1369 = EDGE_CURVE ( 'NONE', #383, #1781, #622, .T. ) ;
#1370 = EDGE_LOOP ( 'NONE', ( #1057, #1682, #1785, #1214 ) ) ;
#1371 = SURFACE_STYLE_FILL_AREA ( #271 ) ;
#1372 = DIRECTION ( 'NONE',  ( 0.000000000000000000, 0.000000000000000000, 1.000000000000000000 ) ) ;
#1373 = SHAPE_DEFINITION_REPRESENTATION ( #569, #1559 ) ;
#1374 = ORIENTED_EDGE ( 'NONE', *, *, #82, .F. ) ;
#1375 = DIRECTION ( 'NONE',  ( 1.000000000000000000, 0.000000000000000000, 0.000000000000000000 ) ) ;
#1376 = VERTEX_POINT ( 'NONE', #272 ) ;
#1378 = ADVANCED_FACE ( 'NONE', ( #404 ), #916, .T. ) ;
#1377 =( LENGTH_UNIT ( ) NAMED_UNIT ( * ) SI_UNIT ( .MILLI., .METRE. ) );
#1379 = ORIENTED_EDGE ( 'NONE', *, *, #1062, .T. ) ;
#1380 = CARTESIAN_POINT ( 'NONE',  ( -7.350000000000000533, 2.550000000000000266, 0.000000000000000000 ) ) ;
#1381 = ORIENTED_EDGE ( 'NONE', *, *, #1091, .F. ) ;
#1382 = CARTESIAN_POINT ( 'NONE',  ( 5.462500000000000355, 2.550000000000000266, 0.000000000000000000 ) ) ;
#1383 = FILL_AREA_STYLE ('',( #266 ) ) ;
#1384 = ORIENTED_EDGE ( 'NONE', *, *, #809, .T. ) ;
#1385 = AXIS2_PLACEMENT_3D ( 'NONE', #1507, #1408, #74 ) ;
#1386 = DIRECTION ( 'NONE',  ( 1.000000000000000000, 0.000000000000000000, 0.000000000000000000 ) ) ;
#1387 =( NAMED_UNIT ( * ) PLANE_ANGLE_UNIT ( ) SI_UNIT ( $, .RADIAN. ) );
#1388 = STYLED_ITEM ( 'NONE', ( #514 ), #283 ) ;
#1389 = ADVANCED_FACE ( 'NONE', ( #143 ), #1477, .T. ) ;
#1390 = ORIENTED_EDGE ( 'NONE', *, *, #1177, .F. ) ;
#1391 = AXIS2_PLACEMENT_3D ( 'NONE', #1382, #297, #285 ) ;
#1392 = MECHANICAL_DESIGN_GEOMETRIC_PRESENTATION_REPRESENTATION (  '', ( #1202 ), #590 ) ;
#1393 = DIRECTION ( 'NONE',  ( 0.000000000000000000, 0.000000000000000000, -1.000000000000000000 ) ) ;
#1394 = CIRCLE ( 'NONE', #591, 0.4499238510792427648 ) ;
#1395 = ORIENTED_EDGE ( 'NONE', *, *, #687, .F. ) ;
#1396 = AXIS2_PLACEMENT_3D ( 'NONE', #850, #1275, #444 ) ;
#1397 = VECTOR ( 'NONE', #1729, 1000.000000000000000 ) ;
#1398 = PRESENTATION_LAYER_ASSIGNMENT (  '', '', ( #1118 ) ) ;
#1399 = ORIENTED_EDGE ( 'NONE', *, *, #715, .F. ) ;
#1400 = CARTESIAN_POINT ( 'NONE',  ( 3.912896848132775052, 2.550000000000000266, 0.000000000000000000 ) ) ;
#1401 = SURFACE_STYLE_FILL_AREA ( #192 ) ;
#1402 = EDGE_CURVE ( 'NONE', #163, #1577, #1242, .T. ) ;
#1403 = EDGE_CURVE ( 'NONE', #943, #1487, #1114, .T. ) ;
#1404 = DIRECTION ( 'NONE',  ( -1.000000000000000000, -0.000000000000000000, -0.000000000000000000 ) ) ;
#1405 = PRODUCT_DEFINITION ( 'UNKNOWN', '', #1629, #1717 ) ;
#1406 = ORIENTED_EDGE ( 'NONE', *, *, #1486, .F. ) ;
#1407 = ORIENTED_EDGE ( 'NONE', *, *, #1299, .T. ) ;
#1408 = DIRECTION ( 'NONE',  ( 1.000000000000000000, 0.000000000000000000, 0.000000000000000000 ) ) ;
#1409 = PRESENTATION_STYLE_ASSIGNMENT (( #686 ) ) ;
#1410 = EDGE_CURVE ( 'NONE', #27, #1645, #564, .T. ) ;
#1411 =( NAMED_UNIT ( * ) PLANE_ANGLE_UNIT ( ) SI_UNIT ( $, .RADIAN. ) );
#1412 = AXIS2_PLACEMENT_3D ( 'NONE', #1784, #526, #1070 ) ;
#1413 = STYLED_ITEM ( 'NONE', ( #1088 ), #32 ) ;
#1414 = CIRCLE ( 'NONE', #1194, 0.4000000000000002442 ) ;
#1415 = MECHANICAL_DESIGN_GEOMETRIC_PRESENTATION_REPRESENTATION (  '', ( #898 ), #860 ) ;
#1416 = LINE ( 'NONE', #1564, #760 ) ;
#1417 = CIRCLE ( 'NONE', #1658, 1.998089524533026129 ) ;
#1418 = CARTESIAN_POINT ( 'NONE',  ( 5.745632228991010670, 2.550000000000000266, -0.4499238510792427648 ) ) ;
#1419 = CIRCLE ( 'NONE', #124, 0.4000000000000002442 ) ;
#1420 = FILL_AREA_STYLE ('',( #26 ) ) ;
#1421 = SURFACE_SIDE_STYLE ('',( #1560 ) ) ;
#1422 = DIRECTION ( 'NONE',  ( 0.000000000000000000, 0.000000000000000000, 1.000000000000000000 ) ) ;
#1423 = FILL_AREA_STYLE ('',( #1290 ) ) ;
#1424 = ORIENTED_EDGE ( 'NONE', *, *, #1192, .F. ) ;
#1425 = DIRECTION ( 'NONE',  ( -1.000000000000000000, -0.000000000000000000, -0.000000000000000000 ) ) ;
#1426 = CARTESIAN_POINT ( 'NONE',  ( 8.149999999999996803, -29.44999999999999574, 0.000000000000000000 ) ) ;
#1427 = LINE ( 'NONE', #188, #286 ) ;
#1428 = EDGE_LOOP ( 'NONE', ( #350, #529, #1470, #221 ) ) ;
#1429 = EDGE_CURVE ( 'NONE', #56, #322, #397, .T. ) ;
#1430 = EDGE_CURVE ( 'NONE', #765, #709, #716, .T. ) ;
#1431 = PRESENTATION_STYLE_ASSIGNMENT (( #976 ) ) ;
#1432 = CARTESIAN_POINT ( 'NONE',  ( -3.912896848132776384, 2.550000000000000266, 0.000000000000000000 ) ) ;
#1433 =( LENGTH_UNIT ( ) NAMED_UNIT ( * ) SI_UNIT ( .MILLI., .METRE. ) );
#1434 = ORIENTED_EDGE ( 'NONE', *, *, #157, .T. ) ;
#1435 = CARTESIAN_POINT ( 'NONE',  ( -7.749999999999997335, -29.44999999999999574, 0.000000000000000000 ) ) ;
#1436 = SURFACE_STYLE_FILL_AREA ( #857 ) ;
#1437 = PRESENTATION_STYLE_ASSIGNMENT (( #1578 ) ) ;
#1438 = PRESENTATION_LAYER_ASSIGNMENT (  '', '', ( #34 ) ) ;
#1439 = STYLED_ITEM ( 'NONE', ( #1133 ), #15 ) ;
#1440 = CARTESIAN_POINT ( 'NONE',  ( 4.281387323372376486, 2.550000000000000711, 2.336910475466974280 ) ) ;
#1441 = AXIS2_PLACEMENT_3D ( 'NONE', #1607, #492, #223 ) ;
#1442 = CIRCLE ( 'NONE', #953, 2.312423851079242532 ) ;
#1443 = AXIS2_PLACEMENT_3D ( 'NONE', #807, #18, #1631 ) ;
#1444 = CIRCLE ( 'NONE', #790, 0.4499238510792427648 ) ;
#1445 = DIRECTION ( 'NONE',  ( 0.000000000000000000, 0.000000000000000000, 1.000000000000000000 ) ) ;
#1446 =( LENGTH_UNIT ( ) NAMED_UNIT ( * ) SI_UNIT ( .MILLI., .METRE. ) );
#1447 = AXIS2_PLACEMENT_3D ( 'NONE', #1478, #346, #1331 ) ;
#1448 = ORIENTED_EDGE ( 'NONE', *, *, #1289, .T. ) ;
#1449 = FACE_OUTER_BOUND ( 'NONE', #1476, .T. ) ;
#1450 = EDGE_CURVE ( 'NONE', #407, #142, #566, .T. ) ;
#1451 = EDGE_LOOP ( 'NONE', ( #1668, #229, #279, #663 ) ) ;
#1452 = FACE_OUTER_BOUND ( 'NONE', #423, .T. ) ;
#1453 = CARTESIAN_POINT ( 'NONE',  ( -5.417223227421494869, 2.550000000000000266, 0.000000000000000000 ) ) ;
#1454 = FILL_AREA_STYLE ('',( #345 ) ) ;
#1455 = ORIENTED_EDGE ( 'NONE', *, *, #1237, .F. ) ;
#1456 = UNCERTAINTY_MEASURE_WITH_UNIT (LENGTH_MEASURE( 1.000000000000000082E-05 ), #876, 'distance_accuracy_value', 'NONE');
#1457 = SURFACE_STYLE_FILL_AREA ( #158 ) ;
#1458 = DIRECTION ( 'NONE',  ( 0.000000000000000000, 0.000000000000000000, -1.000000000000000000 ) ) ;
#1459 = SURFACE_STYLE_FILL_AREA ( #1695 ) ;
#1460 = EDGE_CURVE ( 'NONE', #1781, #383, #1417, .T. ) ;
#1461 = DIRECTION ( 'NONE',  ( -1.000000000000000000, 0.000000000000000000, 0.000000000000000000 ) ) ;
#1462 = PRESENTATION_STYLE_ASSIGNMENT (( #81 ) ) ;
#1463 = ORIENTED_EDGE ( 'NONE', *, *, #50, .F. ) ;
#1464 = SURFACE_SIDE_STYLE ('',( #1028 ) ) ;
#1465 = FACE_OUTER_BOUND ( 'NONE', #733, .T. ) ;
#1466 = AXIS2_PLACEMENT_3D ( 'NONE', #1344, #903, #1054 ) ;
#1467 = CARTESIAN_POINT ( 'NONE',  ( 7.749999999999997335, -29.44999999999999574, 0.000000000000000000 ) ) ;
#1468 = PRESENTATION_LAYER_ASSIGNMENT (  '', '', ( #259 ) ) ;
#1469 = AXIS2_PLACEMENT_3D ( 'NONE', #187, #482, #226 ) ;
#1470 = ORIENTED_EDGE ( 'NONE', *, *, #24, .F. ) ;
#1471 =( GEOMETRIC_REPRESENTATION_CONTEXT ( 3 ) GLOBAL_UNCERTAINTY_ASSIGNED_CONTEXT ( ( #1035 ) ) GLOBAL_UNIT_ASSIGNED_CONTEXT ( ( #814, #405, #941 ) ) REPRESENTATION_CONTEXT ( 'NONE', 'WORKASPACE' ) );
#1472 = CIRCLE ( 'NONE', #1266, 0.2875000000000006439 ) ;
#1473 = CARTESIAN_POINT ( 'NONE',  ( -5.750000000000000000, 2.550000000000000266, 0.000000000000000000 ) ) ;
#1474 = ADVANCED_FACE ( 'NONE', ( #555 ), #901, .F. ) ;
#1475 =( GEOMETRIC_REPRESENTATION_CONTEXT ( 3 ) GLOBAL_UNCERTAINTY_ASSIGNED_CONTEXT ( ( #1230 ) ) GLOBAL_UNIT_ASSIGNED_CONTEXT ( ( #1089, #23, #834 ) ) REPRESENTATION_CONTEXT ( 'NONE', 'WORKASPACE' ) );
#1476 = EDGE_LOOP ( 'NONE', ( #1072, #1120 ) ) ;
#1477 = TOROIDAL_SURFACE ( 'NONE', #1321, 2.262500000000000622, 0.2874999999999997002 ) ;
#1479 = EDGE_CURVE ( 'NONE', #994, #182, #369, .T. ) ;
#1478 = CARTESIAN_POINT ( 'NONE',  ( -4.750000000000000000, 2.550000000000000266, 0.000000000000000000 ) ) ;
#1480 =( GEOMETRIC_REPRESENTATION_CONTEXT ( 3 ) GLOBAL_UNCERTAINTY_ASSIGNED_CONTEXT ( ( #638 ) ) GLOBAL_UNIT_ASSIGNED_CONTEXT ( ( #1377, #913, #655 ) ) REPRESENTATION_CONTEXT ( 'NONE', 'WORKASPACE' ) );
#1481 = PRESENTATION_LAYER_ASSIGNMENT (  '', '', ( #1662 ) ) ;
#1482 = ORIENTED_EDGE ( 'NONE', *, *, #1588, .F. ) ;
#1483 = CYLINDRICAL_SURFACE ( 'NONE', #1004, 0.4000000000000001887 ) ;
#1484 = ORIENTED_EDGE ( 'NONE', *, *, #1221, .F. ) ;
#1485 = DIRECTION ( 'NONE',  ( -1.000000000000000000, -0.000000000000000000, -0.000000000000000000 ) ) ;
#1486 = EDGE_CURVE ( 'NONE', #39, #1753, #1146, .T. ) ;
#1487 = VERTEX_POINT ( 'NONE', #1706 ) ;
#1488 =( NAMED_UNIT ( * ) SI_UNIT ( $, .STERADIAN. ) SOLID_ANGLE_UNIT ( ) );
#1489 =( NAMED_UNIT ( * ) PLANE_ANGLE_UNIT ( ) SI_UNIT ( $, .RADIAN. ) );
#1490 = DIRECTION ( 'NONE',  ( 0.000000000000000000, 0.000000000000000000, 1.000000000000000000 ) ) ;
#1491 = DIRECTION ( 'NONE',  ( 0.000000000000000000, 0.000000000000000000, 1.000000000000000000 ) ) ;
#1492 = ORIENTED_EDGE ( 'NONE', *, *, #1450, .T. ) ;
#1493 =( NAMED_UNIT ( * ) SI_UNIT ( $, .STERADIAN. ) SOLID_ANGLE_UNIT ( ) );
#1494 = UNCERTAINTY_MEASURE_WITH_UNIT (LENGTH_MEASURE( 1.000000000000000082E-05 ), #123, 'distance_accuracy_value', 'NONE');
#1495 = CARTESIAN_POINT ( 'NONE',  ( 4.190600523190882498, 2.550000000000000266, 1.998089524533026129 ) ) ;
#1496 = ORIENTED_EDGE ( 'NONE', *, *, #474, .T. ) ;
#1497 = CARTESIAN_POINT ( 'NONE',  ( -8.550000000000002487, 1.749999999999999778, 4.898587196589426017E-17 ) ) ;
#1498 = PRESENTATION_STYLE_ASSIGNMENT (( #1634 ) ) ;
#1499 = FILL_AREA_STYLE ('',( #669 ) ) ;
#1500 = AXIS2_PLACEMENT_3D ( 'NONE', #343, #1145, #1159 ) ;
#1501 = CONICAL_SURFACE ( 'NONE', #87, 1.998089524533026129, 1.308996938995752091 ) ;
#1502 = DIRECTION ( 'NONE',  ( -1.000000000000000000, -0.000000000000000000, -0.000000000000000000 ) ) ;
#1503 = AXIS2_PLACEMENT_3D ( 'NONE', #912, #408, #639 ) ;
#1504 = VECTOR ( 'NONE', #684, 1000.000000000000000 ) ;
#1505 = ORIENTED_EDGE ( 'NONE', *, *, #1283, .F. ) ;
#1506 =( NAMED_UNIT ( * ) PLANE_ANGLE_UNIT ( ) SI_UNIT ( $, .RADIAN. ) );
#1507 = CARTESIAN_POINT ( 'NONE',  ( 4.281387323372376486, 2.550000000000000266, 0.000000000000000000 ) ) ;
#1508 =( NAMED_UNIT ( * ) PLANE_ANGLE_UNIT ( ) SI_UNIT ( $, .RADIAN. ) );
#1509 = STYLED_ITEM ( 'NONE', ( #37 ), #1749 ) ;
#1510 =( NAMED_UNIT ( * ) SI_UNIT ( $, .STERADIAN. ) SOLID_ANGLE_UNIT ( ) );
#1511 = CARTESIAN_POINT ( 'NONE',  ( 5.462500000000000355, 2.550000000000000266, -0.4000000000000001887 ) ) ;
#1512 = ORIENTED_EDGE ( 'NONE', *, *, #132, .T. ) ;
#1513 = FILL_AREA_STYLE_COLOUR ( '', #1356 ) ;
#1514 = ORIENTED_EDGE ( 'NONE', *, *, #1700, .F. ) ;
#1515 = CARTESIAN_POINT ( 'NONE',  ( 8.549999999999998934, -29.44999999999999574, -4.898587196589405680E-17 ) ) ;
#1516 =( NAMED_UNIT ( * ) PLANE_ANGLE_UNIT ( ) SI_UNIT ( $, .RADIAN. ) );
#1517 = DIRECTION ( 'NONE',  ( 0.000000000000000000, 0.000000000000000000, 1.000000000000000000 ) ) ;
#1518 = ADVANCED_FACE ( 'NONE', ( #1536 ), #177, .T. ) ;
#1519 = ORIENTED_EDGE ( 'NONE', *, *, #1334, .T. ) ;
#1520 = DIRECTION ( 'NONE',  ( 0.000000000000000000, 0.000000000000000000, 1.000000000000000000 ) ) ;
#1521 = DIRECTION ( 'NONE',  ( -0.2588190451025160765, 0.000000000000000000, 0.9659258262890696445 ) ) ;
#1522 = ORIENTED_EDGE ( 'NONE', *, *, #1402, .F. ) ;
#1523 = SURFACE_STYLE_FILL_AREA ( #788 ) ;
#1524 = CARTESIAN_POINT ( 'NONE',  ( -7.350000000000000533, 1.750000000000000222, 0.000000000000000000 ) ) ;
#1525 = DIRECTION ( 'NONE',  ( 0.000000000000000000, 0.000000000000000000, 1.000000000000000000 ) ) ;
#1526 = AXIS2_PLACEMENT_3D ( 'NONE', #597, #1735, #1280 ) ;
#1527 = MANIFOLD_SOLID_BREP ( 'Revolve1', #727 ) ;
#1528 = MECHANICAL_DESIGN_GEOMETRIC_PRESENTATION_REPRESENTATION (  '', ( #6 ), #113 ) ;
#1529 = FILL_AREA_STYLE_COLOUR ( '', #267 ) ;
#1530 = AXIS2_PLACEMENT_3D ( 'NONE', #861, #837, #438 ) ;
#1531 = FILL_AREA_STYLE_COLOUR ( '', #1761 ) ;
#1532 = EDGE_CURVE ( 'NONE', #540, #1615, #1359, .T. ) ;
#1533 = DIRECTION ( 'NONE',  ( 1.000000000000000000, 0.000000000000000000, 0.000000000000000000 ) ) ;
#1534 = TOROIDAL_SURFACE ( 'NONE', #1441, 2.262500000000000622, 0.2874999999999995337 ) ;
#1535 = MECHANICAL_DESIGN_GEOMETRIC_PRESENTATION_REPRESENTATION (  '', ( #1113 ), #425 ) ;
#1536 = FACE_OUTER_BOUND ( 'NONE', #1093, .T. ) ;
#1537 = MECHANICAL_DESIGN_GEOMETRIC_PRESENTATION_REPRESENTATION (  '', ( #701 ), #1268 ) ;
#1538 = PRESENTATION_LAYER_ASSIGNMENT (  '', '', ( #1206 ) ) ;
#1539 = PRESENTATION_LAYER_ASSIGNMENT (  '', '', ( #209 ) ) ;
#1540 = DIRECTION ( 'NONE',  ( -0.000000000000000000, 1.000000000000000000, 1.224646799147353207E-16 ) ) ;
#1541 = DIRECTION ( 'NONE',  ( -1.000000000000000000, -0.000000000000000000, -0.000000000000000000 ) ) ;
#1542 = ORIENTED_EDGE ( 'NONE', *, *, #476, .T. ) ;
#1543 =( NAMED_UNIT ( * ) SI_UNIT ( $, .STERADIAN. ) SOLID_ANGLE_UNIT ( ) );
#1544 = ADVANCED_FACE ( 'NONE', ( #1605 ), #222, .T. ) ;
#1545 = ORIENTED_EDGE ( 'NONE', *, *, #1429, .T. ) ;
#1546 = UNCERTAINTY_MEASURE_WITH_UNIT (LENGTH_MEASURE( 1.000000000000000082E-05 ), #659, 'distance_accuracy_value', 'NONE');
#1547 = FILL_AREA_STYLE ('',( #978 ) ) ;
#1548 =( LENGTH_UNIT ( ) NAMED_UNIT ( * ) SI_UNIT ( .MILLI., .METRE. ) );
#1549 = ORIENTED_EDGE ( 'NONE', *, *, #715, .T. ) ;
#1550 = CARTESIAN_POINT ( 'NONE',  ( 5.750000000000000000, 2.550000000000000266, -0.4000000000000002442 ) ) ;
#1551 = SURFACE_STYLE_USAGE ( .BOTH. , #1102 ) ;
#1552 =( NAMED_UNIT ( * ) SI_UNIT ( $, .STERADIAN. ) SOLID_ANGLE_UNIT ( ) );
#1553 = ADVANCED_FACE ( 'NONE', ( #1589 ), #1323, .T. ) ;
#1554 =( NAMED_UNIT ( * ) PLANE_ANGLE_UNIT ( ) SI_UNIT ( $, .RADIAN. ) );
#1555 = DIRECTION ( 'NONE',  ( 0.000000000000000000, 0.000000000000000000, 1.000000000000000000 ) ) ;
#1556 =( NAMED_UNIT ( * ) PLANE_ANGLE_UNIT ( ) SI_UNIT ( $, .RADIAN. ) );
#1557 =( NAMED_UNIT ( * ) SI_UNIT ( $, .STERADIAN. ) SOLID_ANGLE_UNIT ( ) );
#1558 = MECHANICAL_DESIGN_GEOMETRIC_PRESENTATION_REPRESENTATION (  '', ( #308 ), #1136 ) ;
#1559 = ADVANCED_BREP_SHAPE_REPRESENTATION ( 'FKN100JR-73-1R2', ( #1527, #352, #900, #239 ), #873 ) ;
#1560 = SURFACE_STYLE_FILL_AREA ( #1097 ) ;
#1561 = AXIS2_PLACEMENT_3D ( 'NONE', #276, #1365, #1517 ) ;
#1562 = AXIS2_PLACEMENT_3D ( 'NONE', #975, #604, #1023 ) ;
#1563 =( GEOMETRIC_REPRESENTATION_CONTEXT ( 3 ) GLOBAL_UNCERTAINTY_ASSIGNED_CONTEXT ( ( #1770 ) ) GLOBAL_UNIT_ASSIGNED_CONTEXT ( ( #772, #1766, #1055 ) ) REPRESENTATION_CONTEXT ( 'NONE', 'WORKASPACE' ) );
#1564 = CARTESIAN_POINT ( 'NONE',  ( 5.745632228991010670, 2.550000000000000266, -0.4499238510792427648 ) ) ;
#1565 = COLOUR_RGB ( '',0.7529411764705882248, 1.000000000000000000, 1.000000000000000000 ) ;
#1566 = DIRECTION ( 'NONE',  ( 0.000000000000000000, 0.000000000000000000, 1.000000000000000000 ) ) ;
#1567 = AXIS2_PLACEMENT_3D ( 'NONE', #245, #1485, #515 ) ;
#1568 = EDGE_CURVE ( 'NONE', #1107, #39, #1419, .T. ) ;
#1569 = EDGE_CURVE ( 'NONE', #1645, #1376, #631, .T. ) ;
#1570 =( LENGTH_UNIT ( ) NAMED_UNIT ( * ) SI_UNIT ( .MILLI., .METRE. ) );
#1571 = DIRECTION ( 'NONE',  ( -1.000000000000000000, -0.000000000000000000, -0.000000000000000000 ) ) ;
#1572 =( NAMED_UNIT ( * ) PLANE_ANGLE_UNIT ( ) SI_UNIT ( $, .RADIAN. ) );
#1573 = EDGE_LOOP ( 'NONE', ( #484, #690 ) ) ;
#1574 = LINE ( 'NONE', #326, #921 ) ;
#1576 = ADVANCED_FACE ( 'NONE', ( #1718 ), #459, .F. ) ;
#1575 =( NAMED_UNIT ( * ) SI_UNIT ( $, .STERADIAN. ) SOLID_ANGLE_UNIT ( ) );
#1577 = VERTEX_POINT ( 'NONE', #1222 ) ;
#1578 = SURFACE_STYLE_USAGE ( .BOTH. , #1180 ) ;
#1579 = CYLINDRICAL_SURFACE ( 'NONE', #504, 0.4000000000000001887 ) ;
#1580 = DIRECTION ( 'NONE',  ( 0.000000000000000000, 0.000000000000000000, 1.000000000000000000 ) ) ;
#1581 = DIRECTION ( 'NONE',  ( 0.000000000000000000, -1.000000000000000000, 0.000000000000000000 ) ) ;
#1582 = VERTEX_POINT ( 'NONE', #802 ) ;
#1583 = DIRECTION ( 'NONE',  ( 0.000000000000000000, 0.000000000000000000, 1.000000000000000000 ) ) ;
#1584 = FACE_OUTER_BOUND ( 'NONE', #1428, .T. ) ;
#1585 = SURFACE_SIDE_STYLE ('',( #1436 ) ) ;
#1586 = ORIENTED_EDGE ( 'NONE', *, *, #563, .F. ) ;
#1587 = EDGE_LOOP ( 'NONE', ( #340, #378, #1240, #468 ) ) ;
#1588 = EDGE_CURVE ( 'NONE', #943, #142, #1688, .T. ) ;
#1589 = FACE_OUTER_BOUND ( 'NONE', #1604, .T. ) ;
#1590 = CIRCLE ( 'NONE', #417, 2.336910475466974280 ) ;
#1591 = AXIS2_PLACEMENT_3D ( 'NONE', #1092, #528, #954 ) ;
#1592 = COLOUR_RGB ( '',0.7529411764705882248, 1.000000000000000000, 1.000000000000000000 ) ;
#1593 = CARTESIAN_POINT ( 'NONE',  ( 5.417223227421495757, 2.550000000000000266, 0.000000000000000000 ) ) ;
#1594 = MECHANICAL_DESIGN_GEOMETRIC_PRESENTATION_REPRESENTATION (  '', ( #618 ), #696 ) ;
#1595 = TOROIDAL_SURFACE ( 'NONE', #559, 0.7999999999999999334, 0.4000000000000002442 ) ;
#1596 = CARTESIAN_POINT ( 'NONE',  ( 5.745632228991010670, 2.550000000000000266, 0.000000000000000000 ) ) ;
#1597 = COLOUR_RGB ( '',0.7529411764705882248, 1.000000000000000000, 1.000000000000000000 ) ;
#1598 = PRESENTATION_LAYER_ASSIGNMENT (  '', '', ( #1113 ) ) ;
#1599 = EDGE_LOOP ( 'NONE', ( #1665, #1026, #852, #1282 ) ) ;
#1600 = CONICAL_SURFACE ( 'NONE', #11, 1.998089524533026129, 1.308996938995752091 ) ;
#1601 =( LENGTH_UNIT ( ) NAMED_UNIT ( * ) SI_UNIT ( .MILLI., .METRE. ) );
#1602 = DIRECTION ( 'NONE',  ( -1.112002228190260952E-16, -1.000000000000000000, 0.000000000000000000 ) ) ;
#1603 = CIRCLE ( 'NONE', #934, 0.2874999999999995337 ) ;
#1604 = EDGE_LOOP ( 'NONE', ( #270, #1399, #773, #1360, #432 ) ) ;
#1605 = FACE_OUTER_BOUND ( 'NONE', #489, .T. ) ;
#1606 = DIRECTION ( 'NONE',  ( -0.000000000000000000, 1.000000000000000000, 1.224646799147353207E-16 ) ) ;
#1607 = CARTESIAN_POINT ( 'NONE',  ( -5.134090998430485442, 2.550000000000000266, 0.000000000000000000 ) ) ;
#1608 = ORIENTED_EDGE ( 'NONE', *, *, #806, .F. ) ;
#1609 = CARTESIAN_POINT ( 'NONE',  ( 5.750000000000000000, 2.550000000000000266, 0.4000000000000002442 ) ) ;
#1610 = DIRECTION ( 'NONE',  ( -1.112002228190260952E-16, -1.000000000000000000, 0.000000000000000000 ) ) ;
#1611 = ORIENTED_EDGE ( 'NONE', *, *, #59, .F. ) ;
#1612 = DIRECTION ( 'NONE',  ( -1.000000000000000000, -0.000000000000000000, -0.000000000000000000 ) ) ;
#1613 = ORIENTED_EDGE ( 'NONE', *, *, #1783, .F. ) ;
#1614 = PRESENTATION_STYLE_ASSIGNMENT (( #910 ) ) ;
#1615 = VERTEX_POINT ( 'NONE', #1495 ) ;
#1616 = PRESENTATION_STYLE_ASSIGNMENT (( #608 ) ) ;
#1617 = CIRCLE ( 'NONE', #197, 1.785000000000000142 ) ;
#1618 =( NAMED_UNIT ( * ) SI_UNIT ( $, .STERADIAN. ) SOLID_ANGLE_UNIT ( ) );
#1619 = CIRCLE ( 'NONE', #812, 0.4000000000000002442 ) ;
#1620 = PRESENTATION_LAYER_ASSIGNMENT (  '', '', ( #1388 ) ) ;
#1621 = PRESENTATION_LAYER_ASSIGNMENT (  '', '', ( #558 ) ) ;
#1622 =( GEOMETRIC_REPRESENTATION_CONTEXT ( 3 ) GLOBAL_UNCERTAINTY_ASSIGNED_CONTEXT ( ( #750 ) ) GLOBAL_UNIT_ASSIGNED_CONTEXT ( ( #195, #1724, #729 ) ) REPRESENTATION_CONTEXT ( 'NONE', 'WORKASPACE' ) );
#1623 = DIRECTION ( 'NONE',  ( 0.000000000000000000, 0.000000000000000000, 1.000000000000000000 ) ) ;
#1624 = PRESENTATION_LAYER_ASSIGNMENT (  '', '', ( #701 ) ) ;
#1625 = ORIENTED_EDGE ( 'NONE', *, *, #114, .T. ) ;
#1626 =( GEOMETRIC_REPRESENTATION_CONTEXT ( 3 ) GLOBAL_UNCERTAINTY_ASSIGNED_CONTEXT ( ( #1546 ) ) GLOBAL_UNIT_ASSIGNED_CONTEXT ( ( #659, #1489, #1543 ) ) REPRESENTATION_CONTEXT ( 'NONE', 'WORKASPACE' ) );
#1627 = UNCERTAINTY_MEASURE_WITH_UNIT (LENGTH_MEASURE( 1.000000000000000082E-05 ), #851, 'distance_accuracy_value', 'NONE');
#1628 =( LENGTH_UNIT ( ) NAMED_UNIT ( * ) SI_UNIT ( .MILLI., .METRE. ) );
#1629 = PRODUCT_DEFINITION_FORMATION_WITH_SPECIFIED_SOURCE ( 'ANY', '', #1719, .NOT_KNOWN. ) ;
#1630 = ORIENTED_EDGE ( 'NONE', *, *, #1320, .T. ) ;
#1631 = DIRECTION ( 'NONE',  ( 0.000000000000000000, 0.000000000000000000, 1.000000000000000000 ) ) ;
#1632 = FACE_OUTER_BOUND ( 'NONE', #1041, .T. ) ;
#1633 = FILL_AREA_STYLE ('',( #1775 ) ) ;
#1634 = SURFACE_STYLE_USAGE ( .BOTH. , #111 ) ;
#1635 = CARTESIAN_POINT ( 'NONE',  ( 0.000000000000000000, 0.000000000000000000, 0.000000000000000000 ) ) ;
#1636 = ORIENTED_EDGE ( 'NONE', *, *, #1756, .F. ) ;
#1637 = EDGE_CURVE ( 'NONE', #142, #629, #986, .T. ) ;
#1638 =( LENGTH_UNIT ( ) NAMED_UNIT ( * ) SI_UNIT ( .MILLI., .METRE. ) );
#1639 = CARTESIAN_POINT ( 'NONE',  ( 5.417223227421495757, 2.550000000000000711, -2.312423851079242532 ) ) ;
#1640 = FACE_OUTER_BOUND ( 'NONE', #386, .T. ) ;
#1641 = PRESENTATION_STYLE_ASSIGNMENT (( #1689 ) ) ;
#1642 = UNCERTAINTY_MEASURE_WITH_UNIT (LENGTH_MEASURE( 1.000000000000000082E-05 ), #1628, 'distance_accuracy_value', 'NONE');
#1643 = DIRECTION ( 'NONE',  ( -1.000000000000000000, 0.000000000000000000, 0.000000000000000000 ) ) ;
#1644 = DIRECTION ( 'NONE',  ( 0.000000000000000000, 0.000000000000000000, -1.000000000000000000 ) ) ;
#1645 = VERTEX_POINT ( 'NONE', #906 ) ;
#1646 = FACE_OUTER_BOUND ( 'NONE', #688, .T. ) ;
#1647 = SURFACE_STYLE_FILL_AREA ( #1499 ) ;
#1648 = AXIS2_PLACEMENT_3D ( 'NONE', #854, #849, #999 ) ;
#1649 = MECHANICAL_DESIGN_GEOMETRIC_PRESENTATION_REPRESENTATION (  '', ( #1413 ), #730 ) ;
#1650 = AXIS2_PLACEMENT_3D ( 'NONE', #824, #942, #1227 ) ;
#1651 = CIRCLE ( 'NONE', #1138, 2.550000000000000266 ) ;
#1652 = ORIENTED_EDGE ( 'NONE', *, *, #190, .F. ) ;
#1653 = AXIS2_PLACEMENT_3D ( 'NONE', #1071, #1663, #382 ) ;
#1654 = VECTOR ( 'NONE', #905, 1000.000000000000000 ) ;
#1655 = SURFACE_SIDE_STYLE ('',( #946 ) ) ;
#1656 = DIRECTION ( 'NONE',  ( 0.000000000000000000, 0.000000000000000000, 1.000000000000000000 ) ) ;
#1657 = CIRCLE ( 'NONE', #315, 0.2874999999999995337 ) ;
#1658 = AXIS2_PLACEMENT_3D ( 'NONE', #1105, #436, #706 ) ;
#1659 = ORIENTED_EDGE ( 'NONE', *, *, #755, .F. ) ;
#1660 = CARTESIAN_POINT ( 'NONE',  ( 5.462500000000000355, 2.550000000000000266, 0.4000000000000001887 ) ) ;
#1661 = STYLED_ITEM ( 'NONE', ( #1437 ), #1576 ) ;
#1662 = STYLED_ITEM ( 'NONE', ( #553 ), #1755 ) ;
#1663 = DIRECTION ( 'NONE',  ( 0.000000000000000000, -1.000000000000000000, 0.000000000000000000 ) ) ;
#1664 = CARTESIAN_POINT ( 'NONE',  ( 7.350000000000000533, 2.550000000000000266, 0.000000000000000000 ) ) ;
#1665 = ORIENTED_EDGE ( 'NONE', *, *, #1460, .F. ) ;
#1666 =( NAMED_UNIT ( * ) SI_UNIT ( $, .STERADIAN. ) SOLID_ANGLE_UNIT ( ) );
#1667 = DIRECTION ( 'NONE',  ( -1.000000000000000000, 0.000000000000000000, 0.000000000000000000 ) ) ;
#1668 = ORIENTED_EDGE ( 'NONE', *, *, #336, .F. ) ;
#1669 = FILL_AREA_STYLE_COLOUR ( '', #91 ) ;
#1670 = EDGE_CURVE ( 'NONE', #540, #534, #1184, .T. ) ;
#1671 = SURFACE_STYLE_FILL_AREA ( #1383 ) ;
#1672 = EDGE_LOOP ( 'NONE', ( #154, #464, #741, #722 ) ) ;
#1673 = CARTESIAN_POINT ( 'NONE',  ( 5.750000000000000000, 2.550000000000000266, 0.000000000000000000 ) ) ;
#1674 = CARTESIAN_POINT ( 'NONE',  ( -4.190600523190882498, 2.550000000000000711, -1.998089524533026129 ) ) ;
#1675 = ORIENTED_EDGE ( 'NONE', *, *, #1711, .F. ) ;
#1676 = PRESENTATION_STYLE_ASSIGNMENT (( #1134 ) ) ;
#1677 = SURFACE_STYLE_USAGE ( .BOTH. , #1241 ) ;
#1678 = VERTEX_POINT ( 'NONE', #531 ) ;
#1679 = SURFACE_SIDE_STYLE ('',( #862 ) ) ;
#1680 = DIRECTION ( 'NONE',  ( 0.000000000000000000, 0.000000000000000000, 1.000000000000000000 ) ) ;
#1681 = AXIS2_PLACEMENT_3D ( 'NONE', #349, #376, #1490 ) ;
#1682 = ORIENTED_EDGE ( 'NONE', *, *, #755, .T. ) ;
#1683 = COLOUR_RGB ( '',0.7529411764705882248, 1.000000000000000000, 1.000000000000000000 ) ;
#1684 = STYLED_ITEM ( 'NONE', ( #853 ), #352 ) ;
#1685 = CARTESIAN_POINT ( 'NONE',  ( -4.281387323372376486, 2.550000000000000266, 0.000000000000000000 ) ) ;
#1686 = AXIS2_PLACEMENT_3D ( 'NONE', #410, #527, #673 ) ;
#1687 = DIRECTION ( 'NONE',  ( 1.000000000000000000, 0.000000000000000000, 0.000000000000000000 ) ) ;
#1688 = CIRCLE ( 'NONE', #1567, 2.550000000000000266 ) ;
#1689 = SURFACE_STYLE_USAGE ( .BOTH. , #298 ) ;
#1690 = ORIENTED_EDGE ( 'NONE', *, *, #1568, .T. ) ;
#1691 = DIRECTION ( 'NONE',  ( -1.000000000000000000, -0.000000000000000000, -0.000000000000000000 ) ) ;
#1692 = FACE_OUTER_BOUND ( 'NONE', #931, .T. ) ;
#1693 = FILL_AREA_STYLE ('',( #1286 ) ) ;
#1694 =( LENGTH_UNIT ( ) NAMED_UNIT ( * ) SI_UNIT ( .MILLI., .METRE. ) );
#1695 = FILL_AREA_STYLE ('',( #1123 ) ) ;
#1696 = VERTEX_POINT ( 'NONE', #109 ) ;
#1697 = CYLINDRICAL_SURFACE ( 'NONE', #1043, 2.550000000000000266 ) ;
#1698 = DIRECTION ( 'NONE',  ( -1.000000000000000000, 0.000000000000000000, 0.000000000000000000 ) ) ;
#1699 = CARTESIAN_POINT ( 'NONE',  ( -5.750000000000000000, 2.550000000000000266, 2.550000000000000266 ) ) ;
#1700 = EDGE_CURVE ( 'NONE', #383, #56, #774, .T. ) ;
#1701 = DIRECTION ( 'NONE',  ( 0.000000000000000000, 0.000000000000000000, 1.000000000000000000 ) ) ;
#1702 = DIRECTION ( 'NONE',  ( -1.000000000000000000, -0.000000000000000000, -0.000000000000000000 ) ) ;
#1703 = EDGE_LOOP ( 'NONE', ( #22, #1379, #775, #1652, #411 ) ) ;
#1704 = COLOUR_RGB ( '',0.7529411764705882248, 1.000000000000000000, 1.000000000000000000 ) ;
#1705 = CARTESIAN_POINT ( 'NONE',  ( -8.149999999999996803, -29.44999999999999574, 0.000000000000000000 ) ) ;
#1706 = CARTESIAN_POINT ( 'NONE',  ( -5.417223227421494869, 2.550000000000000266, -2.312423851079242532 ) ) ;
#1707 = COLOUR_RGB ( '',0.7529411764705882248, 1.000000000000000000, 1.000000000000000000 ) ;
#1708 = PRESENTATION_LAYER_ASSIGNMENT (  '', '', ( #170 ) ) ;
#1709 = CIRCLE ( 'NONE', #928, 2.336910475466974280 ) ;
#1710 = DIRECTION ( 'NONE',  ( -0.000000000000000000, 1.000000000000000000, 1.224646799147353207E-16 ) ) ;
#1711 = EDGE_CURVE ( 'NONE', #1376, #1191, #1603, .T. ) ;
#1712 =( GEOMETRIC_REPRESENTATION_CONTEXT ( 3 ) GLOBAL_UNCERTAINTY_ASSIGNED_CONTEXT ( ( #84 ) ) GLOBAL_UNIT_ASSIGNED_CONTEXT ( ( #301, #1263, #1552 ) ) REPRESENTATION_CONTEXT ( 'NONE', 'WORKASPACE' ) );
#1713 = SURFACE_SIDE_STYLE ('',( #963 ) ) ;
#1714 = DIRECTION ( 'NONE',  ( 0.000000000000000000, 0.000000000000000000, 1.000000000000000000 ) ) ;
#1715 = CARTESIAN_POINT ( 'NONE',  ( 5.417223227421495757, 2.550000000000000266, 0.000000000000000000 ) ) ;
#1716 = CARTESIAN_POINT ( 'NONE',  ( -7.350000000000000533, 2.550000000000000266, 0.4000000000000002442 ) ) ;
#1717 = PRODUCT_DEFINITION_CONTEXT ( 'detailed design', #357, 'design' ) ;
#1718 = FACE_OUTER_BOUND ( 'NONE', #1573, .T. ) ;
#1719 = PRODUCT ( 'FKN100JR-73-1R2', 'FKN100JR-73-1R2', '', ( #273 ) ) ;
#1720 = CARTESIAN_POINT ( 'NONE',  ( 7.350000000000000533, 1.750000000000000222, 0.000000000000000000 ) ) ;
#1721 =( NAMED_UNIT ( * ) PLANE_ANGLE_UNIT ( ) SI_UNIT ( $, .RADIAN. ) );
#1722 = ADVANCED_FACE ( 'NONE', ( #1047 ), #278, .T. ) ;
#1723 = EDGE_LOOP ( 'NONE', ( #332, #1247, #893, #100 ) ) ;
#1724 =( NAMED_UNIT ( * ) PLANE_ANGLE_UNIT ( ) SI_UNIT ( $, .RADIAN. ) );
#1725 = DIRECTION ( 'NONE',  ( -1.000000000000000000, -0.000000000000000000, -0.000000000000000000 ) ) ;
#1726 = LINE ( 'NONE', #462, #645 ) ;
#1727 = ADVANCED_FACE ( 'NONE', ( #269 ), #478, .T. ) ;
#1728 = VERTEX_POINT ( 'NONE', #784 ) ;
#1729 = DIRECTION ( 'NONE',  ( -1.000000000000000000, -0.000000000000000000, -0.000000000000000000 ) ) ;
#1730 = CARTESIAN_POINT ( 'NONE',  ( -7.750000000000000888, 1.749999999999999778, 0.000000000000000000 ) ) ;
#1731 = DIRECTION ( 'NONE',  ( 1.112002228190260952E-16, -1.000000000000000000, 0.000000000000000000 ) ) ;
#1732 = ORIENTED_EDGE ( 'NONE', *, *, #445, .F. ) ;
#1733 = CARTESIAN_POINT ( 'NONE',  ( -5.750000000000000000, 2.550000000000000711, -2.550000000000000266 ) ) ;
#1734 = CARTESIAN_POINT ( 'NONE',  ( -7.350000000000000533, 2.550000000000000266, 0.000000000000000000 ) ) ;
#1735 = DIRECTION ( 'NONE',  ( -0.000000000000000000, 1.000000000000000000, -0.000000000000000000 ) ) ;
#1736 = UNCERTAINTY_MEASURE_WITH_UNIT (LENGTH_MEASURE( 1.000000000000000082E-05 ), #1548, 'distance_accuracy_value', 'NONE');
#1737 = PRESENTATION_STYLE_ASSIGNMENT (( #607 ) ) ;
#1738 = CIRCLE ( 'NONE', #582, 2.312423851079242532 ) ;
#1739 = CIRCLE ( 'NONE', #1137, 0.4499238510792427648 ) ;
#1740 = AXIS2_PLACEMENT_3D ( 'NONE', #480, #487, #881 ) ;
#1741 = STYLED_ITEM ( 'NONE', ( #105 ), #932 ) ;
#1742 = SURFACE_STYLE_USAGE ( .BOTH. , #1165 ) ;
#1743 = CIRCLE ( 'NONE', #789, 2.312423851079242532 ) ;
#1744 = ORIENTED_EDGE ( 'NONE', *, *, #98, .T. ) ;
#1745 = CIRCLE ( 'NONE', #1686, 0.4000000000000001887 ) ;
#1746 = DIRECTION ( 'NONE',  ( 0.000000000000000000, 0.000000000000000000, 1.000000000000000000 ) ) ;
#1747 = ORIENTED_EDGE ( 'NONE', *, *, #1289, .F. ) ;
#1748 = MECHANICAL_DESIGN_GEOMETRIC_PRESENTATION_REPRESENTATION (  '', ( #1118 ), #988 ) ;
#1749 = ADVANCED_FACE ( 'NONE', ( #1692 ), #1052, .T. ) ;
#1750 = CARTESIAN_POINT ( 'NONE',  ( -5.750000000000000000, 2.550000000000000266, 0.000000000000000000 ) ) ;
#1751 = VERTEX_POINT ( 'NONE', #19 ) ;
#1752 = DIRECTION ( 'NONE',  ( -1.000000000000000000, -0.000000000000000000, -0.000000000000000000 ) ) ;
#1753 = VERTEX_POINT ( 'NONE', #321 ) ;
#1754 = CARTESIAN_POINT ( 'NONE',  ( 8.150000000000000355, 1.749999999999999778, 0.000000000000000000 ) ) ;
#1755 = ADVANCED_FACE ( 'NONE', ( #452 ), #1273, .T. ) ;
#1756 = EDGE_CURVE ( 'NONE', #700, #994, #441, .T. ) ;
#1757 = SURFACE_STYLE_FILL_AREA ( #1193 ) ;
#1758 = DIRECTION ( 'NONE',  ( 0.2588190451025160765, 0.000000000000000000, -0.9659258262890696445 ) ) ;
#1759 = SURFACE_STYLE_USAGE ( .BOTH. , #1185 ) ;
#1760 = COLOUR_RGB ( '',0.7921568627450980005, 0.8196078431372548767, 0.9333333333333333481 ) ;
#1761 = COLOUR_RGB ( '',0.7529411764705882248, 1.000000000000000000, 1.000000000000000000 ) ;
#1762 = DIRECTION ( 'NONE',  ( 0.000000000000000000, 0.000000000000000000, -1.000000000000000000 ) ) ;
#1763 = CIRCLE ( 'NONE', #202, 0.4000000000000002442 ) ;
#1764 = CIRCLE ( 'NONE', #981, 0.2875000000000004219 ) ;
#1765 = CARTESIAN_POINT ( 'NONE',  ( 8.150000000000000355, 1.749999999999999778, 0.000000000000000000 ) ) ;
#1766 =( NAMED_UNIT ( * ) PLANE_ANGLE_UNIT ( ) SI_UNIT ( $, .RADIAN. ) );
#1767 = CIRCLE ( 'NONE', #69, 0.2875000000000000333 ) ;
#1768 = VERTEX_POINT ( 'NONE', #1274 ) ;
#1769 = FILL_AREA_STYLE ('',( #1198 ) ) ;
#1770 = UNCERTAINTY_MEASURE_WITH_UNIT (LENGTH_MEASURE( 1.000000000000000082E-05 ), #772, 'distance_accuracy_value', 'NONE');
#1771 = DIRECTION ( 'NONE',  ( 0.000000000000000000, -1.000000000000000000, 0.000000000000000000 ) ) ;
#1772 = DIRECTION ( 'NONE',  ( -1.000000000000000000, 0.000000000000000000, 0.000000000000000000 ) ) ;
#1773 = AXIS2_PLACEMENT_3D ( 'NONE', #950, #1016, #1155 ) ;
#1774 = DIRECTION ( 'NONE',  ( -1.000000000000000000, 0.000000000000000000, 0.000000000000000000 ) ) ;
#1775 = FILL_AREA_STYLE_COLOUR ( '', #1170 ) ;
#1776 = DIRECTION ( 'NONE',  ( 0.000000000000000000, 0.000000000000000000, 1.000000000000000000 ) ) ;
#1777 = CARTESIAN_POINT ( 'NONE',  ( 7.350000000000000533, 2.149999999999999911, -4.898587196589416773E-17 ) ) ;
#1778 = ORIENTED_EDGE ( 'NONE', *, *, #1430, .F. ) ;
#1779 = FACE_OUTER_BOUND ( 'NONE', #668, .T. ) ;
#1780 = LINE ( 'NONE', #522, #171 ) ;
#1781 = VERTEX_POINT ( 'NONE', #1674 ) ;
#1782 = CARTESIAN_POINT ( 'NONE',  ( 5.417223227421495757, 2.550000000000000266, 2.312423851079242532 ) ) ;
#1783 = EDGE_CURVE ( 'NONE', #765, #1645, #1210, .T. ) ;
#1784 = CARTESIAN_POINT ( 'NONE',  ( 3.912896848132775052, 2.550000000000000266, 0.000000000000000000 ) ) ;
#1785 = ORIENTED_EDGE ( 'NONE', *, *, #1711, .T. ) ;
#1786 = ORIENTED_EDGE ( 'NONE', *, *, #800, .F. ) ;
ENDSEC;
END-ISO-10303-21;
